pixel: 0 0
world: 1.75 0.99 0.99
pixel: 0 1
world: 1.75 0.97 0.99
pixel: 0 2
world: 1.75 0.95 0.99
pixel: 0 3
world: 1.75 0.93 0.99
pixel: 0 4
world: 1.75 0.91 0.99
pixel: 0 5
world: 1.75 0.89 0.99
pixel: 0 6
world: 1.75 0.87 0.99
pixel: 0 7
world: 1.75 0.85 0.99
pixel: 0 8
world: 1.75 0.83 0.99
pixel: 0 9
world: 1.75 0.81 0.99
pixel: 0 10
world: 1.75 0.79 0.99
pixel: 0 11
world: 1.75 0.77 0.99
pixel: 0 12
world: 1.75 0.75 0.99
pixel: 0 13
world: 1.75 0.73 0.99
pixel: 0 14
world: 1.75 0.71 0.99
pixel: 0 15
world: 1.75 0.69 0.99
pixel: 0 16
world: 1.75 0.67 0.99
pixel: 0 17
world: 1.75 0.65 0.99
pixel: 0 18
world: 1.75 0.63 0.99
pixel: 0 19
world: 1.75 0.61 0.99
pixel: 0 20
world: 1.75 0.59 0.99
pixel: 0 21
world: 1.75 0.57 0.99
pixel: 0 22
world: 1.75 0.55 0.99
pixel: 0 23
world: 1.75 0.53 0.99
pixel: 0 24
world: 1.75 0.51 0.99
pixel: 0 25
world: 1.75 0.49 0.99
pixel: 0 26
world: 1.75 0.47 0.99
pixel: 0 27
world: 1.75 0.45 0.99
pixel: 0 28
world: 1.75 0.43 0.99
pixel: 0 29
world: 1.75 0.41 0.99
pixel: 0 30
world: 1.75 0.39 0.99
pixel: 0 31
world: 1.75 0.37 0.99
pixel: 0 32
world: 1.75 0.35 0.99
pixel: 0 33
world: 1.75 0.33 0.99
pixel: 0 34
world: 1.75 0.31 0.99
pixel: 0 35
world: 1.75 0.29 0.99
pixel: 0 36
world: 1.75 0.27 0.99
pixel: 0 37
world: 1.75 0.25 0.99
pixel: 0 38
world: 1.75 0.23 0.99
pixel: 0 39
world: 1.75 0.21 0.99
pixel: 0 40
world: 1.75 0.19 0.99
pixel: 0 41
world: 1.75 0.17 0.99
pixel: 0 42
world: 1.75 0.15 0.99
pixel: 0 43
world: 1.75 0.13 0.99
pixel: 0 44
world: 1.75 0.11 0.99
pixel: 0 45
world: 1.75 0.0899999 0.99
pixel: 0 46
world: 1.75 0.0699999 0.99
pixel: 0 47
world: 1.75 0.0499999 0.99
pixel: 0 48
world: 1.75 0.03 0.99
pixel: 0 49
world: 1.75 0.00999999 0.99
pixel: 0 50
world: 1.75 -0.00999999 0.99
pixel: 0 51
world: 1.75 -0.03 0.99
pixel: 0 52
world: 1.75 -0.0499999 0.99
pixel: 0 53
world: 1.75 -0.07 0.99
pixel: 0 54
world: 1.75 -0.09 0.99
pixel: 0 55
world: 1.75 -0.11 0.99
pixel: 0 56
world: 1.75 -0.13 0.99
pixel: 0 57
world: 1.75 -0.15 0.99
pixel: 0 58
world: 1.75 -0.17 0.99
pixel: 0 59
world: 1.75 -0.19 0.99
pixel: 0 60
world: 1.75 -0.21 0.99
pixel: 0 61
world: 1.75 -0.23 0.99
pixel: 0 62
world: 1.75 -0.25 0.99
pixel: 0 63
world: 1.75 -0.27 0.99
pixel: 0 64
world: 1.75 -0.29 0.99
pixel: 0 65
world: 1.75 -0.31 0.99
pixel: 0 66
world: 1.75 -0.33 0.99
pixel: 0 67
world: 1.75 -0.35 0.99
pixel: 0 68
world: 1.75 -0.37 0.99
pixel: 0 69
world: 1.75 -0.39 0.99
pixel: 0 70
world: 1.75 -0.41 0.99
pixel: 0 71
world: 1.75 -0.43 0.99
pixel: 0 72
world: 1.75 -0.45 0.99
pixel: 0 73
world: 1.75 -0.47 0.99
pixel: 0 74
world: 1.75 -0.49 0.99
pixel: 0 75
world: 1.75 -0.51 0.99
pixel: 0 76
world: 1.75 -0.53 0.99
pixel: 0 77
world: 1.75 -0.55 0.99
pixel: 0 78
world: 1.75 -0.57 0.99
pixel: 0 79
world: 1.75 -0.59 0.99
pixel: 0 80
world: 1.75 -0.61 0.99
pixel: 0 81
world: 1.75 -0.63 0.99
pixel: 0 82
world: 1.75 -0.65 0.99
pixel: 0 83
world: 1.75 -0.67 0.99
pixel: 0 84
world: 1.75 -0.69 0.99
pixel: 0 85
world: 1.75 -0.71 0.99
pixel: 0 86
world: 1.75 -0.73 0.99
pixel: 0 87
world: 1.75 -0.75 0.99
pixel: 0 88
world: 1.75 -0.77 0.99
pixel: 0 89
world: 1.75 -0.79 0.99
pixel: 0 90
world: 1.75 -0.81 0.99
pixel: 0 91
world: 1.75 -0.83 0.99
pixel: 0 92
world: 1.75 -0.85 0.99
pixel: 0 93
world: 1.75 -0.87 0.99
pixel: 0 94
world: 1.75 -0.89 0.99
pixel: 0 95
world: 1.75 -0.91 0.99
pixel: 0 96
world: 1.75 -0.93 0.99
pixel: 0 97
world: 1.75 -0.95 0.99
pixel: 0 98
world: 1.75 -0.97 0.99
pixel: 0 99
world: 1.75 -0.99 0.99
pixel: 1 0
world: 1.75 0.99 0.97
pixel: 1 1
world: 1.75 0.97 0.97
pixel: 1 2
world: 1.75 0.95 0.97
pixel: 1 3
world: 1.75 0.93 0.97
pixel: 1 4
world: 1.75 0.91 0.97
pixel: 1 5
world: 1.75 0.89 0.97
pixel: 1 6
world: 1.75 0.87 0.97
pixel: 1 7
world: 1.75 0.85 0.97
pixel: 1 8
world: 1.75 0.83 0.97
pixel: 1 9
world: 1.75 0.81 0.97
pixel: 1 10
world: 1.75 0.79 0.97
pixel: 1 11
world: 1.75 0.77 0.97
pixel: 1 12
world: 1.75 0.75 0.97
pixel: 1 13
world: 1.75 0.73 0.97
pixel: 1 14
world: 1.75 0.71 0.97
pixel: 1 15
world: 1.75 0.69 0.97
pixel: 1 16
world: 1.75 0.67 0.97
pixel: 1 17
world: 1.75 0.65 0.97
pixel: 1 18
world: 1.75 0.63 0.97
pixel: 1 19
world: 1.75 0.61 0.97
pixel: 1 20
world: 1.75 0.59 0.97
pixel: 1 21
world: 1.75 0.57 0.97
pixel: 1 22
world: 1.75 0.55 0.97
pixel: 1 23
world: 1.75 0.53 0.97
pixel: 1 24
world: 1.75 0.51 0.97
pixel: 1 25
world: 1.75 0.49 0.97
pixel: 1 26
world: 1.75 0.47 0.97
pixel: 1 27
world: 1.75 0.45 0.97
pixel: 1 28
world: 1.75 0.43 0.97
pixel: 1 29
world: 1.75 0.41 0.97
pixel: 1 30
world: 1.75 0.39 0.97
pixel: 1 31
world: 1.75 0.37 0.97
pixel: 1 32
world: 1.75 0.35 0.97
pixel: 1 33
world: 1.75 0.33 0.97
pixel: 1 34
world: 1.75 0.31 0.97
pixel: 1 35
world: 1.75 0.29 0.97
pixel: 1 36
world: 1.75 0.27 0.97
pixel: 1 37
world: 1.75 0.25 0.97
pixel: 1 38
world: 1.75 0.23 0.97
pixel: 1 39
world: 1.75 0.21 0.97
pixel: 1 40
world: 1.75 0.19 0.97
pixel: 1 41
world: 1.75 0.17 0.97
pixel: 1 42
world: 1.75 0.15 0.97
pixel: 1 43
world: 1.75 0.13 0.97
pixel: 1 44
world: 1.75 0.11 0.97
pixel: 1 45
world: 1.75 0.0899999 0.97
pixel: 1 46
world: 1.75 0.0699999 0.97
pixel: 1 47
world: 1.75 0.0499999 0.97
pixel: 1 48
world: 1.75 0.03 0.97
pixel: 1 49
world: 1.75 0.00999999 0.97
pixel: 1 50
world: 1.75 -0.00999999 0.97
pixel: 1 51
world: 1.75 -0.03 0.97
pixel: 1 52
world: 1.75 -0.0499999 0.97
pixel: 1 53
world: 1.75 -0.07 0.97
pixel: 1 54
world: 1.75 -0.09 0.97
pixel: 1 55
world: 1.75 -0.11 0.97
pixel: 1 56
world: 1.75 -0.13 0.97
pixel: 1 57
world: 1.75 -0.15 0.97
pixel: 1 58
world: 1.75 -0.17 0.97
pixel: 1 59
world: 1.75 -0.19 0.97
pixel: 1 60
world: 1.75 -0.21 0.97
pixel: 1 61
world: 1.75 -0.23 0.97
pixel: 1 62
world: 1.75 -0.25 0.97
pixel: 1 63
world: 1.75 -0.27 0.97
pixel: 1 64
world: 1.75 -0.29 0.97
pixel: 1 65
world: 1.75 -0.31 0.97
pixel: 1 66
world: 1.75 -0.33 0.97
pixel: 1 67
world: 1.75 -0.35 0.97
pixel: 1 68
world: 1.75 -0.37 0.97
pixel: 1 69
world: 1.75 -0.39 0.97
pixel: 1 70
world: 1.75 -0.41 0.97
pixel: 1 71
world: 1.75 -0.43 0.97
pixel: 1 72
world: 1.75 -0.45 0.97
pixel: 1 73
world: 1.75 -0.47 0.97
pixel: 1 74
world: 1.75 -0.49 0.97
pixel: 1 75
world: 1.75 -0.51 0.97
pixel: 1 76
world: 1.75 -0.53 0.97
pixel: 1 77
world: 1.75 -0.55 0.97
pixel: 1 78
world: 1.75 -0.57 0.97
pixel: 1 79
world: 1.75 -0.59 0.97
pixel: 1 80
world: 1.75 -0.61 0.97
pixel: 1 81
world: 1.75 -0.63 0.97
pixel: 1 82
world: 1.75 -0.65 0.97
pixel: 1 83
world: 1.75 -0.67 0.97
pixel: 1 84
world: 1.75 -0.69 0.97
pixel: 1 85
world: 1.75 -0.71 0.97
pixel: 1 86
world: 1.75 -0.73 0.97
pixel: 1 87
world: 1.75 -0.75 0.97
pixel: 1 88
world: 1.75 -0.77 0.97
pixel: 1 89
world: 1.75 -0.79 0.97
pixel: 1 90
world: 1.75 -0.81 0.97
pixel: 1 91
world: 1.75 -0.83 0.97
pixel: 1 92
world: 1.75 -0.85 0.97
pixel: 1 93
world: 1.75 -0.87 0.97
pixel: 1 94
world: 1.75 -0.89 0.97
pixel: 1 95
world: 1.75 -0.91 0.97
pixel: 1 96
world: 1.75 -0.93 0.97
pixel: 1 97
world: 1.75 -0.95 0.97
pixel: 1 98
world: 1.75 -0.97 0.97
pixel: 1 99
world: 1.75 -0.99 0.97
pixel: 2 0
world: 1.75 0.99 0.95
pixel: 2 1
world: 1.75 0.97 0.95
pixel: 2 2
world: 1.75 0.95 0.95
pixel: 2 3
world: 1.75 0.93 0.95
pixel: 2 4
world: 1.75 0.91 0.95
pixel: 2 5
world: 1.75 0.89 0.95
pixel: 2 6
world: 1.75 0.87 0.95
pixel: 2 7
world: 1.75 0.85 0.95
pixel: 2 8
world: 1.75 0.83 0.95
pixel: 2 9
world: 1.75 0.81 0.95
pixel: 2 10
world: 1.75 0.79 0.95
pixel: 2 11
world: 1.75 0.77 0.95
pixel: 2 12
world: 1.75 0.75 0.95
pixel: 2 13
world: 1.75 0.73 0.95
pixel: 2 14
world: 1.75 0.71 0.95
pixel: 2 15
world: 1.75 0.69 0.95
pixel: 2 16
world: 1.75 0.67 0.95
pixel: 2 17
world: 1.75 0.65 0.95
pixel: 2 18
world: 1.75 0.63 0.95
pixel: 2 19
world: 1.75 0.61 0.95
pixel: 2 20
world: 1.75 0.59 0.95
pixel: 2 21
world: 1.75 0.57 0.95
pixel: 2 22
world: 1.75 0.55 0.95
pixel: 2 23
world: 1.75 0.53 0.95
pixel: 2 24
world: 1.75 0.51 0.95
pixel: 2 25
world: 1.75 0.49 0.95
pixel: 2 26
world: 1.75 0.47 0.95
pixel: 2 27
world: 1.75 0.45 0.95
pixel: 2 28
world: 1.75 0.43 0.95
pixel: 2 29
world: 1.75 0.41 0.95
pixel: 2 30
world: 1.75 0.39 0.95
pixel: 2 31
world: 1.75 0.37 0.95
pixel: 2 32
world: 1.75 0.35 0.95
pixel: 2 33
world: 1.75 0.33 0.95
pixel: 2 34
world: 1.75 0.31 0.95
pixel: 2 35
world: 1.75 0.29 0.95
pixel: 2 36
world: 1.75 0.27 0.95
pixel: 2 37
world: 1.75 0.25 0.95
pixel: 2 38
world: 1.75 0.23 0.95
pixel: 2 39
world: 1.75 0.21 0.95
pixel: 2 40
world: 1.75 0.19 0.95
pixel: 2 41
world: 1.75 0.17 0.95
pixel: 2 42
world: 1.75 0.15 0.95
pixel: 2 43
world: 1.75 0.13 0.95
pixel: 2 44
world: 1.75 0.11 0.95
pixel: 2 45
world: 1.75 0.0899999 0.95
pixel: 2 46
world: 1.75 0.0699999 0.95
pixel: 2 47
world: 1.75 0.0499999 0.95
pixel: 2 48
world: 1.75 0.03 0.95
pixel: 2 49
world: 1.75 0.00999999 0.95
pixel: 2 50
world: 1.75 -0.00999999 0.95
pixel: 2 51
world: 1.75 -0.03 0.95
pixel: 2 52
world: 1.75 -0.0499999 0.95
pixel: 2 53
world: 1.75 -0.07 0.95
pixel: 2 54
world: 1.75 -0.09 0.95
pixel: 2 55
world: 1.75 -0.11 0.95
pixel: 2 56
world: 1.75 -0.13 0.95
pixel: 2 57
world: 1.75 -0.15 0.95
pixel: 2 58
world: 1.75 -0.17 0.95
pixel: 2 59
world: 1.75 -0.19 0.95
pixel: 2 60
world: 1.75 -0.21 0.95
pixel: 2 61
world: 1.75 -0.23 0.95
pixel: 2 62
world: 1.75 -0.25 0.95
pixel: 2 63
world: 1.75 -0.27 0.95
pixel: 2 64
world: 1.75 -0.29 0.95
pixel: 2 65
world: 1.75 -0.31 0.95
pixel: 2 66
world: 1.75 -0.33 0.95
pixel: 2 67
world: 1.75 -0.35 0.95
pixel: 2 68
world: 1.75 -0.37 0.95
pixel: 2 69
world: 1.75 -0.39 0.95
pixel: 2 70
world: 1.75 -0.41 0.95
pixel: 2 71
world: 1.75 -0.43 0.95
pixel: 2 72
world: 1.75 -0.45 0.95
pixel: 2 73
world: 1.75 -0.47 0.95
pixel: 2 74
world: 1.75 -0.49 0.95
pixel: 2 75
world: 1.75 -0.51 0.95
pixel: 2 76
world: 1.75 -0.53 0.95
pixel: 2 77
world: 1.75 -0.55 0.95
pixel: 2 78
world: 1.75 -0.57 0.95
pixel: 2 79
world: 1.75 -0.59 0.95
pixel: 2 80
world: 1.75 -0.61 0.95
pixel: 2 81
world: 1.75 -0.63 0.95
pixel: 2 82
world: 1.75 -0.65 0.95
pixel: 2 83
world: 1.75 -0.67 0.95
pixel: 2 84
world: 1.75 -0.69 0.95
pixel: 2 85
world: 1.75 -0.71 0.95
pixel: 2 86
world: 1.75 -0.73 0.95
pixel: 2 87
world: 1.75 -0.75 0.95
pixel: 2 88
world: 1.75 -0.77 0.95
pixel: 2 89
world: 1.75 -0.79 0.95
pixel: 2 90
world: 1.75 -0.81 0.95
pixel: 2 91
world: 1.75 -0.83 0.95
pixel: 2 92
world: 1.75 -0.85 0.95
pixel: 2 93
world: 1.75 -0.87 0.95
pixel: 2 94
world: 1.75 -0.89 0.95
pixel: 2 95
world: 1.75 -0.91 0.95
pixel: 2 96
world: 1.75 -0.93 0.95
pixel: 2 97
world: 1.75 -0.95 0.95
pixel: 2 98
world: 1.75 -0.97 0.95
pixel: 2 99
world: 1.75 -0.99 0.95
pixel: 3 0
world: 1.75 0.99 0.93
pixel: 3 1
world: 1.75 0.97 0.93
pixel: 3 2
world: 1.75 0.95 0.93
pixel: 3 3
world: 1.75 0.93 0.93
pixel: 3 4
world: 1.75 0.91 0.93
pixel: 3 5
world: 1.75 0.89 0.93
pixel: 3 6
world: 1.75 0.87 0.93
pixel: 3 7
world: 1.75 0.85 0.93
pixel: 3 8
world: 1.75 0.83 0.93
pixel: 3 9
world: 1.75 0.81 0.93
pixel: 3 10
world: 1.75 0.79 0.93
pixel: 3 11
world: 1.75 0.77 0.93
pixel: 3 12
world: 1.75 0.75 0.93
pixel: 3 13
world: 1.75 0.73 0.93
pixel: 3 14
world: 1.75 0.71 0.93
pixel: 3 15
world: 1.75 0.69 0.93
pixel: 3 16
world: 1.75 0.67 0.93
pixel: 3 17
world: 1.75 0.65 0.93
pixel: 3 18
world: 1.75 0.63 0.93
pixel: 3 19
world: 1.75 0.61 0.93
pixel: 3 20
world: 1.75 0.59 0.93
pixel: 3 21
world: 1.75 0.57 0.93
pixel: 3 22
world: 1.75 0.55 0.93
pixel: 3 23
world: 1.75 0.53 0.93
pixel: 3 24
world: 1.75 0.51 0.93
pixel: 3 25
world: 1.75 0.49 0.93
pixel: 3 26
world: 1.75 0.47 0.93
pixel: 3 27
world: 1.75 0.45 0.93
pixel: 3 28
world: 1.75 0.43 0.93
pixel: 3 29
world: 1.75 0.41 0.93
pixel: 3 30
world: 1.75 0.39 0.93
pixel: 3 31
world: 1.75 0.37 0.93
pixel: 3 32
world: 1.75 0.35 0.93
pixel: 3 33
world: 1.75 0.33 0.93
pixel: 3 34
world: 1.75 0.31 0.93
pixel: 3 35
world: 1.75 0.29 0.93
pixel: 3 36
world: 1.75 0.27 0.93
pixel: 3 37
world: 1.75 0.25 0.93
pixel: 3 38
world: 1.75 0.23 0.93
pixel: 3 39
world: 1.75 0.21 0.93
pixel: 3 40
world: 1.75 0.19 0.93
pixel: 3 41
world: 1.75 0.17 0.93
pixel: 3 42
world: 1.75 0.15 0.93
pixel: 3 43
world: 1.75 0.13 0.93
pixel: 3 44
world: 1.75 0.11 0.93
pixel: 3 45
world: 1.75 0.0899999 0.93
pixel: 3 46
world: 1.75 0.0699999 0.93
pixel: 3 47
world: 1.75 0.0499999 0.93
pixel: 3 48
world: 1.75 0.03 0.93
pixel: 3 49
world: 1.75 0.00999999 0.93
pixel: 3 50
world: 1.75 -0.00999999 0.93
pixel: 3 51
world: 1.75 -0.03 0.93
pixel: 3 52
world: 1.75 -0.0499999 0.93
pixel: 3 53
world: 1.75 -0.07 0.93
pixel: 3 54
world: 1.75 -0.09 0.93
pixel: 3 55
world: 1.75 -0.11 0.93
pixel: 3 56
world: 1.75 -0.13 0.93
pixel: 3 57
world: 1.75 -0.15 0.93
pixel: 3 58
world: 1.75 -0.17 0.93
pixel: 3 59
world: 1.75 -0.19 0.93
pixel: 3 60
world: 1.75 -0.21 0.93
pixel: 3 61
world: 1.75 -0.23 0.93
pixel: 3 62
world: 1.75 -0.25 0.93
pixel: 3 63
world: 1.75 -0.27 0.93
pixel: 3 64
world: 1.75 -0.29 0.93
pixel: 3 65
world: 1.75 -0.31 0.93
pixel: 3 66
world: 1.75 -0.33 0.93
pixel: 3 67
world: 1.75 -0.35 0.93
pixel: 3 68
world: 1.75 -0.37 0.93
pixel: 3 69
world: 1.75 -0.39 0.93
pixel: 3 70
world: 1.75 -0.41 0.93
pixel: 3 71
world: 1.75 -0.43 0.93
pixel: 3 72
world: 1.75 -0.45 0.93
pixel: 3 73
world: 1.75 -0.47 0.93
pixel: 3 74
world: 1.75 -0.49 0.93
pixel: 3 75
world: 1.75 -0.51 0.93
pixel: 3 76
world: 1.75 -0.53 0.93
pixel: 3 77
world: 1.75 -0.55 0.93
pixel: 3 78
world: 1.75 -0.57 0.93
pixel: 3 79
world: 1.75 -0.59 0.93
pixel: 3 80
world: 1.75 -0.61 0.93
pixel: 3 81
world: 1.75 -0.63 0.93
pixel: 3 82
world: 1.75 -0.65 0.93
pixel: 3 83
world: 1.75 -0.67 0.93
pixel: 3 84
world: 1.75 -0.69 0.93
pixel: 3 85
world: 1.75 -0.71 0.93
pixel: 3 86
world: 1.75 -0.73 0.93
pixel: 3 87
world: 1.75 -0.75 0.93
pixel: 3 88
world: 1.75 -0.77 0.93
pixel: 3 89
world: 1.75 -0.79 0.93
pixel: 3 90
world: 1.75 -0.81 0.93
pixel: 3 91
world: 1.75 -0.83 0.93
pixel: 3 92
world: 1.75 -0.85 0.93
pixel: 3 93
world: 1.75 -0.87 0.93
pixel: 3 94
world: 1.75 -0.89 0.93
pixel: 3 95
world: 1.75 -0.91 0.93
pixel: 3 96
world: 1.75 -0.93 0.93
pixel: 3 97
world: 1.75 -0.95 0.93
pixel: 3 98
world: 1.75 -0.97 0.93
pixel: 3 99
world: 1.75 -0.99 0.93
pixel: 4 0
world: 1.75 0.99 0.91
pixel: 4 1
world: 1.75 0.97 0.91
pixel: 4 2
world: 1.75 0.95 0.91
pixel: 4 3
world: 1.75 0.93 0.91
pixel: 4 4
world: 1.75 0.91 0.91
pixel: 4 5
world: 1.75 0.89 0.91
pixel: 4 6
world: 1.75 0.87 0.91
pixel: 4 7
world: 1.75 0.85 0.91
pixel: 4 8
world: 1.75 0.83 0.91
pixel: 4 9
world: 1.75 0.81 0.91
pixel: 4 10
world: 1.75 0.79 0.91
pixel: 4 11
world: 1.75 0.77 0.91
pixel: 4 12
world: 1.75 0.75 0.91
pixel: 4 13
world: 1.75 0.73 0.91
pixel: 4 14
world: 1.75 0.71 0.91
pixel: 4 15
world: 1.75 0.69 0.91
pixel: 4 16
world: 1.75 0.67 0.91
pixel: 4 17
world: 1.75 0.65 0.91
pixel: 4 18
world: 1.75 0.63 0.91
pixel: 4 19
world: 1.75 0.61 0.91
pixel: 4 20
world: 1.75 0.59 0.91
pixel: 4 21
world: 1.75 0.57 0.91
pixel: 4 22
world: 1.75 0.55 0.91
pixel: 4 23
world: 1.75 0.53 0.91
pixel: 4 24
world: 1.75 0.51 0.91
pixel: 4 25
world: 1.75 0.49 0.91
pixel: 4 26
world: 1.75 0.47 0.91
pixel: 4 27
world: 1.75 0.45 0.91
pixel: 4 28
world: 1.75 0.43 0.91
pixel: 4 29
world: 1.75 0.41 0.91
pixel: 4 30
world: 1.75 0.39 0.91
pixel: 4 31
world: 1.75 0.37 0.91
pixel: 4 32
world: 1.75 0.35 0.91
pixel: 4 33
world: 1.75 0.33 0.91
pixel: 4 34
world: 1.75 0.31 0.91
pixel: 4 35
world: 1.75 0.29 0.91
pixel: 4 36
world: 1.75 0.27 0.91
pixel: 4 37
world: 1.75 0.25 0.91
pixel: 4 38
world: 1.75 0.23 0.91
pixel: 4 39
world: 1.75 0.21 0.91
pixel: 4 40
world: 1.75 0.19 0.91
pixel: 4 41
world: 1.75 0.17 0.91
pixel: 4 42
world: 1.75 0.15 0.91
pixel: 4 43
world: 1.75 0.13 0.91
pixel: 4 44
world: 1.75 0.11 0.91
pixel: 4 45
world: 1.75 0.0899999 0.91
pixel: 4 46
world: 1.75 0.0699999 0.91
pixel: 4 47
world: 1.75 0.0499999 0.91
pixel: 4 48
world: 1.75 0.03 0.91
pixel: 4 49
world: 1.75 0.00999999 0.91
pixel: 4 50
world: 1.75 -0.00999999 0.91
pixel: 4 51
world: 1.75 -0.03 0.91
pixel: 4 52
world: 1.75 -0.0499999 0.91
pixel: 4 53
world: 1.75 -0.07 0.91
pixel: 4 54
world: 1.75 -0.09 0.91
pixel: 4 55
world: 1.75 -0.11 0.91
pixel: 4 56
world: 1.75 -0.13 0.91
pixel: 4 57
world: 1.75 -0.15 0.91
pixel: 4 58
world: 1.75 -0.17 0.91
pixel: 4 59
world: 1.75 -0.19 0.91
pixel: 4 60
world: 1.75 -0.21 0.91
pixel: 4 61
world: 1.75 -0.23 0.91
pixel: 4 62
world: 1.75 -0.25 0.91
pixel: 4 63
world: 1.75 -0.27 0.91
pixel: 4 64
world: 1.75 -0.29 0.91
pixel: 4 65
world: 1.75 -0.31 0.91
pixel: 4 66
world: 1.75 -0.33 0.91
pixel: 4 67
world: 1.75 -0.35 0.91
pixel: 4 68
world: 1.75 -0.37 0.91
pixel: 4 69
world: 1.75 -0.39 0.91
pixel: 4 70
world: 1.75 -0.41 0.91
pixel: 4 71
world: 1.75 -0.43 0.91
pixel: 4 72
world: 1.75 -0.45 0.91
pixel: 4 73
world: 1.75 -0.47 0.91
pixel: 4 74
world: 1.75 -0.49 0.91
pixel: 4 75
world: 1.75 -0.51 0.91
pixel: 4 76
world: 1.75 -0.53 0.91
pixel: 4 77
world: 1.75 -0.55 0.91
pixel: 4 78
world: 1.75 -0.57 0.91
pixel: 4 79
world: 1.75 -0.59 0.91
pixel: 4 80
world: 1.75 -0.61 0.91
pixel: 4 81
world: 1.75 -0.63 0.91
pixel: 4 82
world: 1.75 -0.65 0.91
pixel: 4 83
world: 1.75 -0.67 0.91
pixel: 4 84
world: 1.75 -0.69 0.91
pixel: 4 85
world: 1.75 -0.71 0.91
pixel: 4 86
world: 1.75 -0.73 0.91
pixel: 4 87
world: 1.75 -0.75 0.91
pixel: 4 88
world: 1.75 -0.77 0.91
pixel: 4 89
world: 1.75 -0.79 0.91
pixel: 4 90
world: 1.75 -0.81 0.91
pixel: 4 91
world: 1.75 -0.83 0.91
pixel: 4 92
world: 1.75 -0.85 0.91
pixel: 4 93
world: 1.75 -0.87 0.91
pixel: 4 94
world: 1.75 -0.89 0.91
pixel: 4 95
world: 1.75 -0.91 0.91
pixel: 4 96
world: 1.75 -0.93 0.91
pixel: 4 97
world: 1.75 -0.95 0.91
pixel: 4 98
world: 1.75 -0.97 0.91
pixel: 4 99
world: 1.75 -0.99 0.91
pixel: 5 0
world: 1.75 0.99 0.89
pixel: 5 1
world: 1.75 0.97 0.89
pixel: 5 2
world: 1.75 0.95 0.89
pixel: 5 3
world: 1.75 0.93 0.89
pixel: 5 4
world: 1.75 0.91 0.89
pixel: 5 5
world: 1.75 0.89 0.89
pixel: 5 6
world: 1.75 0.87 0.89
pixel: 5 7
world: 1.75 0.85 0.89
pixel: 5 8
world: 1.75 0.83 0.89
pixel: 5 9
world: 1.75 0.81 0.89
pixel: 5 10
world: 1.75 0.79 0.89
pixel: 5 11
world: 1.75 0.77 0.89
pixel: 5 12
world: 1.75 0.75 0.89
pixel: 5 13
world: 1.75 0.73 0.89
pixel: 5 14
world: 1.75 0.71 0.89
pixel: 5 15
world: 1.75 0.69 0.89
pixel: 5 16
world: 1.75 0.67 0.89
pixel: 5 17
world: 1.75 0.65 0.89
pixel: 5 18
world: 1.75 0.63 0.89
pixel: 5 19
world: 1.75 0.61 0.89
pixel: 5 20
world: 1.75 0.59 0.89
pixel: 5 21
world: 1.75 0.57 0.89
pixel: 5 22
world: 1.75 0.55 0.89
pixel: 5 23
world: 1.75 0.53 0.89
pixel: 5 24
world: 1.75 0.51 0.89
pixel: 5 25
world: 1.75 0.49 0.89
pixel: 5 26
world: 1.75 0.47 0.89
pixel: 5 27
world: 1.75 0.45 0.89
pixel: 5 28
world: 1.75 0.43 0.89
pixel: 5 29
world: 1.75 0.41 0.89
pixel: 5 30
world: 1.75 0.39 0.89
pixel: 5 31
world: 1.75 0.37 0.89
pixel: 5 32
world: 1.75 0.35 0.89
pixel: 5 33
world: 1.75 0.33 0.89
pixel: 5 34
world: 1.75 0.31 0.89
pixel: 5 35
world: 1.75 0.29 0.89
pixel: 5 36
world: 1.75 0.27 0.89
pixel: 5 37
world: 1.75 0.25 0.89
pixel: 5 38
world: 1.75 0.23 0.89
pixel: 5 39
world: 1.75 0.21 0.89
pixel: 5 40
world: 1.75 0.19 0.89
pixel: 5 41
world: 1.75 0.17 0.89
pixel: 5 42
world: 1.75 0.15 0.89
pixel: 5 43
world: 1.75 0.13 0.89
pixel: 5 44
world: 1.75 0.11 0.89
pixel: 5 45
world: 1.75 0.0899999 0.89
pixel: 5 46
world: 1.75 0.0699999 0.89
pixel: 5 47
world: 1.75 0.0499999 0.89
pixel: 5 48
world: 1.75 0.03 0.89
pixel: 5 49
world: 1.75 0.00999999 0.89
pixel: 5 50
world: 1.75 -0.00999999 0.89
pixel: 5 51
world: 1.75 -0.03 0.89
pixel: 5 52
world: 1.75 -0.0499999 0.89
pixel: 5 53
world: 1.75 -0.07 0.89
pixel: 5 54
world: 1.75 -0.09 0.89
pixel: 5 55
world: 1.75 -0.11 0.89
pixel: 5 56
world: 1.75 -0.13 0.89
pixel: 5 57
world: 1.75 -0.15 0.89
pixel: 5 58
world: 1.75 -0.17 0.89
pixel: 5 59
world: 1.75 -0.19 0.89
pixel: 5 60
world: 1.75 -0.21 0.89
pixel: 5 61
world: 1.75 -0.23 0.89
pixel: 5 62
world: 1.75 -0.25 0.89
pixel: 5 63
world: 1.75 -0.27 0.89
pixel: 5 64
world: 1.75 -0.29 0.89
pixel: 5 65
world: 1.75 -0.31 0.89
pixel: 5 66
world: 1.75 -0.33 0.89
pixel: 5 67
world: 1.75 -0.35 0.89
pixel: 5 68
world: 1.75 -0.37 0.89
pixel: 5 69
world: 1.75 -0.39 0.89
pixel: 5 70
world: 1.75 -0.41 0.89
pixel: 5 71
world: 1.75 -0.43 0.89
pixel: 5 72
world: 1.75 -0.45 0.89
pixel: 5 73
world: 1.75 -0.47 0.89
pixel: 5 74
world: 1.75 -0.49 0.89
pixel: 5 75
world: 1.75 -0.51 0.89
pixel: 5 76
world: 1.75 -0.53 0.89
pixel: 5 77
world: 1.75 -0.55 0.89
pixel: 5 78
world: 1.75 -0.57 0.89
pixel: 5 79
world: 1.75 -0.59 0.89
pixel: 5 80
world: 1.75 -0.61 0.89
pixel: 5 81
world: 1.75 -0.63 0.89
pixel: 5 82
world: 1.75 -0.65 0.89
pixel: 5 83
world: 1.75 -0.67 0.89
pixel: 5 84
world: 1.75 -0.69 0.89
pixel: 5 85
world: 1.75 -0.71 0.89
pixel: 5 86
world: 1.75 -0.73 0.89
pixel: 5 87
world: 1.75 -0.75 0.89
pixel: 5 88
world: 1.75 -0.77 0.89
pixel: 5 89
world: 1.75 -0.79 0.89
pixel: 5 90
world: 1.75 -0.81 0.89
pixel: 5 91
world: 1.75 -0.83 0.89
pixel: 5 92
world: 1.75 -0.85 0.89
pixel: 5 93
world: 1.75 -0.87 0.89
pixel: 5 94
world: 1.75 -0.89 0.89
pixel: 5 95
world: 1.75 -0.91 0.89
pixel: 5 96
world: 1.75 -0.93 0.89
pixel: 5 97
world: 1.75 -0.95 0.89
pixel: 5 98
world: 1.75 -0.97 0.89
pixel: 5 99
world: 1.75 -0.99 0.89
pixel: 6 0
world: 1.75 0.99 0.87
pixel: 6 1
world: 1.75 0.97 0.87
pixel: 6 2
world: 1.75 0.95 0.87
pixel: 6 3
world: 1.75 0.93 0.87
pixel: 6 4
world: 1.75 0.91 0.87
pixel: 6 5
world: 1.75 0.89 0.87
pixel: 6 6
world: 1.75 0.87 0.87
pixel: 6 7
world: 1.75 0.85 0.87
pixel: 6 8
world: 1.75 0.83 0.87
pixel: 6 9
world: 1.75 0.81 0.87
pixel: 6 10
world: 1.75 0.79 0.87
pixel: 6 11
world: 1.75 0.77 0.87
pixel: 6 12
world: 1.75 0.75 0.87
pixel: 6 13
world: 1.75 0.73 0.87
pixel: 6 14
world: 1.75 0.71 0.87
pixel: 6 15
world: 1.75 0.69 0.87
pixel: 6 16
world: 1.75 0.67 0.87
pixel: 6 17
world: 1.75 0.65 0.87
pixel: 6 18
world: 1.75 0.63 0.87
pixel: 6 19
world: 1.75 0.61 0.87
pixel: 6 20
world: 1.75 0.59 0.87
pixel: 6 21
world: 1.75 0.57 0.87
pixel: 6 22
world: 1.75 0.55 0.87
pixel: 6 23
world: 1.75 0.53 0.87
pixel: 6 24
world: 1.75 0.51 0.87
pixel: 6 25
world: 1.75 0.49 0.87
pixel: 6 26
world: 1.75 0.47 0.87
pixel: 6 27
world: 1.75 0.45 0.87
pixel: 6 28
world: 1.75 0.43 0.87
pixel: 6 29
world: 1.75 0.41 0.87
pixel: 6 30
world: 1.75 0.39 0.87
pixel: 6 31
world: 1.75 0.37 0.87
pixel: 6 32
world: 1.75 0.35 0.87
pixel: 6 33
world: 1.75 0.33 0.87
pixel: 6 34
world: 1.75 0.31 0.87
pixel: 6 35
world: 1.75 0.29 0.87
pixel: 6 36
world: 1.75 0.27 0.87
pixel: 6 37
world: 1.75 0.25 0.87
pixel: 6 38
world: 1.75 0.23 0.87
pixel: 6 39
world: 1.75 0.21 0.87
pixel: 6 40
world: 1.75 0.19 0.87
pixel: 6 41
world: 1.75 0.17 0.87
pixel: 6 42
world: 1.75 0.15 0.87
pixel: 6 43
world: 1.75 0.13 0.87
pixel: 6 44
world: 1.75 0.11 0.87
pixel: 6 45
world: 1.75 0.0899999 0.87
pixel: 6 46
world: 1.75 0.0699999 0.87
pixel: 6 47
world: 1.75 0.0499999 0.87
pixel: 6 48
world: 1.75 0.03 0.87
pixel: 6 49
world: 1.75 0.00999999 0.87
pixel: 6 50
world: 1.75 -0.00999999 0.87
pixel: 6 51
world: 1.75 -0.03 0.87
pixel: 6 52
world: 1.75 -0.0499999 0.87
pixel: 6 53
world: 1.75 -0.07 0.87
pixel: 6 54
world: 1.75 -0.09 0.87
pixel: 6 55
world: 1.75 -0.11 0.87
pixel: 6 56
world: 1.75 -0.13 0.87
pixel: 6 57
world: 1.75 -0.15 0.87
pixel: 6 58
world: 1.75 -0.17 0.87
pixel: 6 59
world: 1.75 -0.19 0.87
pixel: 6 60
world: 1.75 -0.21 0.87
pixel: 6 61
world: 1.75 -0.23 0.87
pixel: 6 62
world: 1.75 -0.25 0.87
pixel: 6 63
world: 1.75 -0.27 0.87
pixel: 6 64
world: 1.75 -0.29 0.87
pixel: 6 65
world: 1.75 -0.31 0.87
pixel: 6 66
world: 1.75 -0.33 0.87
pixel: 6 67
world: 1.75 -0.35 0.87
pixel: 6 68
world: 1.75 -0.37 0.87
pixel: 6 69
world: 1.75 -0.39 0.87
pixel: 6 70
world: 1.75 -0.41 0.87
pixel: 6 71
world: 1.75 -0.43 0.87
pixel: 6 72
world: 1.75 -0.45 0.87
pixel: 6 73
world: 1.75 -0.47 0.87
pixel: 6 74
world: 1.75 -0.49 0.87
pixel: 6 75
world: 1.75 -0.51 0.87
pixel: 6 76
world: 1.75 -0.53 0.87
pixel: 6 77
world: 1.75 -0.55 0.87
pixel: 6 78
world: 1.75 -0.57 0.87
pixel: 6 79
world: 1.75 -0.59 0.87
pixel: 6 80
world: 1.75 -0.61 0.87
pixel: 6 81
world: 1.75 -0.63 0.87
pixel: 6 82
world: 1.75 -0.65 0.87
pixel: 6 83
world: 1.75 -0.67 0.87
pixel: 6 84
world: 1.75 -0.69 0.87
pixel: 6 85
world: 1.75 -0.71 0.87
pixel: 6 86
world: 1.75 -0.73 0.87
pixel: 6 87
world: 1.75 -0.75 0.87
pixel: 6 88
world: 1.75 -0.77 0.87
pixel: 6 89
world: 1.75 -0.79 0.87
pixel: 6 90
world: 1.75 -0.81 0.87
pixel: 6 91
world: 1.75 -0.83 0.87
pixel: 6 92
world: 1.75 -0.85 0.87
pixel: 6 93
world: 1.75 -0.87 0.87
pixel: 6 94
world: 1.75 -0.89 0.87
pixel: 6 95
world: 1.75 -0.91 0.87
pixel: 6 96
world: 1.75 -0.93 0.87
pixel: 6 97
world: 1.75 -0.95 0.87
pixel: 6 98
world: 1.75 -0.97 0.87
pixel: 6 99
world: 1.75 -0.99 0.87
pixel: 7 0
world: 1.75 0.99 0.85
pixel: 7 1
world: 1.75 0.97 0.85
pixel: 7 2
world: 1.75 0.95 0.85
pixel: 7 3
world: 1.75 0.93 0.85
pixel: 7 4
world: 1.75 0.91 0.85
pixel: 7 5
world: 1.75 0.89 0.85
pixel: 7 6
world: 1.75 0.87 0.85
pixel: 7 7
world: 1.75 0.85 0.85
pixel: 7 8
world: 1.75 0.83 0.85
pixel: 7 9
world: 1.75 0.81 0.85
pixel: 7 10
world: 1.75 0.79 0.85
pixel: 7 11
world: 1.75 0.77 0.85
pixel: 7 12
world: 1.75 0.75 0.85
pixel: 7 13
world: 1.75 0.73 0.85
pixel: 7 14
world: 1.75 0.71 0.85
pixel: 7 15
world: 1.75 0.69 0.85
pixel: 7 16
world: 1.75 0.67 0.85
pixel: 7 17
world: 1.75 0.65 0.85
pixel: 7 18
world: 1.75 0.63 0.85
pixel: 7 19
world: 1.75 0.61 0.85
pixel: 7 20
world: 1.75 0.59 0.85
pixel: 7 21
world: 1.75 0.57 0.85
pixel: 7 22
world: 1.75 0.55 0.85
pixel: 7 23
world: 1.75 0.53 0.85
pixel: 7 24
world: 1.75 0.51 0.85
pixel: 7 25
world: 1.75 0.49 0.85
pixel: 7 26
world: 1.75 0.47 0.85
pixel: 7 27
world: 1.75 0.45 0.85
pixel: 7 28
world: 1.75 0.43 0.85
pixel: 7 29
world: 1.75 0.41 0.85
pixel: 7 30
world: 1.75 0.39 0.85
pixel: 7 31
world: 1.75 0.37 0.85
pixel: 7 32
world: 1.75 0.35 0.85
pixel: 7 33
world: 1.75 0.33 0.85
pixel: 7 34
world: 1.75 0.31 0.85
pixel: 7 35
world: 1.75 0.29 0.85
pixel: 7 36
world: 1.75 0.27 0.85
pixel: 7 37
world: 1.75 0.25 0.85
pixel: 7 38
world: 1.75 0.23 0.85
pixel: 7 39
world: 1.75 0.21 0.85
pixel: 7 40
world: 1.75 0.19 0.85
pixel: 7 41
world: 1.75 0.17 0.85
pixel: 7 42
world: 1.75 0.15 0.85
pixel: 7 43
world: 1.75 0.13 0.85
pixel: 7 44
world: 1.75 0.11 0.85
pixel: 7 45
world: 1.75 0.0899999 0.85
pixel: 7 46
world: 1.75 0.0699999 0.85
pixel: 7 47
world: 1.75 0.0499999 0.85
pixel: 7 48
world: 1.75 0.03 0.85
pixel: 7 49
world: 1.75 0.00999999 0.85
pixel: 7 50
world: 1.75 -0.00999999 0.85
pixel: 7 51
world: 1.75 -0.03 0.85
pixel: 7 52
world: 1.75 -0.0499999 0.85
pixel: 7 53
world: 1.75 -0.07 0.85
pixel: 7 54
world: 1.75 -0.09 0.85
pixel: 7 55
world: 1.75 -0.11 0.85
pixel: 7 56
world: 1.75 -0.13 0.85
pixel: 7 57
world: 1.75 -0.15 0.85
pixel: 7 58
world: 1.75 -0.17 0.85
pixel: 7 59
world: 1.75 -0.19 0.85
pixel: 7 60
world: 1.75 -0.21 0.85
pixel: 7 61
world: 1.75 -0.23 0.85
pixel: 7 62
world: 1.75 -0.25 0.85
pixel: 7 63
world: 1.75 -0.27 0.85
pixel: 7 64
world: 1.75 -0.29 0.85
pixel: 7 65
world: 1.75 -0.31 0.85
pixel: 7 66
world: 1.75 -0.33 0.85
pixel: 7 67
world: 1.75 -0.35 0.85
pixel: 7 68
world: 1.75 -0.37 0.85
pixel: 7 69
world: 1.75 -0.39 0.85
pixel: 7 70
world: 1.75 -0.41 0.85
pixel: 7 71
world: 1.75 -0.43 0.85
pixel: 7 72
world: 1.75 -0.45 0.85
pixel: 7 73
world: 1.75 -0.47 0.85
pixel: 7 74
world: 1.75 -0.49 0.85
pixel: 7 75
world: 1.75 -0.51 0.85
pixel: 7 76
world: 1.75 -0.53 0.85
pixel: 7 77
world: 1.75 -0.55 0.85
pixel: 7 78
world: 1.75 -0.57 0.85
pixel: 7 79
world: 1.75 -0.59 0.85
pixel: 7 80
world: 1.75 -0.61 0.85
pixel: 7 81
world: 1.75 -0.63 0.85
pixel: 7 82
world: 1.75 -0.65 0.85
pixel: 7 83
world: 1.75 -0.67 0.85
pixel: 7 84
world: 1.75 -0.69 0.85
pixel: 7 85
world: 1.75 -0.71 0.85
pixel: 7 86
world: 1.75 -0.73 0.85
pixel: 7 87
world: 1.75 -0.75 0.85
pixel: 7 88
world: 1.75 -0.77 0.85
pixel: 7 89
world: 1.75 -0.79 0.85
pixel: 7 90
world: 1.75 -0.81 0.85
pixel: 7 91
world: 1.75 -0.83 0.85
pixel: 7 92
world: 1.75 -0.85 0.85
pixel: 7 93
world: 1.75 -0.87 0.85
pixel: 7 94
world: 1.75 -0.89 0.85
pixel: 7 95
world: 1.75 -0.91 0.85
pixel: 7 96
world: 1.75 -0.93 0.85
pixel: 7 97
world: 1.75 -0.95 0.85
pixel: 7 98
world: 1.75 -0.97 0.85
pixel: 7 99
world: 1.75 -0.99 0.85
pixel: 8 0
world: 1.75 0.99 0.83
pixel: 8 1
world: 1.75 0.97 0.83
pixel: 8 2
world: 1.75 0.95 0.83
pixel: 8 3
world: 1.75 0.93 0.83
pixel: 8 4
world: 1.75 0.91 0.83
pixel: 8 5
world: 1.75 0.89 0.83
pixel: 8 6
world: 1.75 0.87 0.83
pixel: 8 7
world: 1.75 0.85 0.83
pixel: 8 8
world: 1.75 0.83 0.83
pixel: 8 9
world: 1.75 0.81 0.83
pixel: 8 10
world: 1.75 0.79 0.83
pixel: 8 11
world: 1.75 0.77 0.83
pixel: 8 12
world: 1.75 0.75 0.83
pixel: 8 13
world: 1.75 0.73 0.83
pixel: 8 14
world: 1.75 0.71 0.83
pixel: 8 15
world: 1.75 0.69 0.83
pixel: 8 16
world: 1.75 0.67 0.83
pixel: 8 17
world: 1.75 0.65 0.83
pixel: 8 18
world: 1.75 0.63 0.83
pixel: 8 19
world: 1.75 0.61 0.83
pixel: 8 20
world: 1.75 0.59 0.83
pixel: 8 21
world: 1.75 0.57 0.83
pixel: 8 22
world: 1.75 0.55 0.83
pixel: 8 23
world: 1.75 0.53 0.83
pixel: 8 24
world: 1.75 0.51 0.83
pixel: 8 25
world: 1.75 0.49 0.83
pixel: 8 26
world: 1.75 0.47 0.83
pixel: 8 27
world: 1.75 0.45 0.83
pixel: 8 28
world: 1.75 0.43 0.83
pixel: 8 29
world: 1.75 0.41 0.83
pixel: 8 30
world: 1.75 0.39 0.83
pixel: 8 31
world: 1.75 0.37 0.83
pixel: 8 32
world: 1.75 0.35 0.83
pixel: 8 33
world: 1.75 0.33 0.83
pixel: 8 34
world: 1.75 0.31 0.83
pixel: 8 35
world: 1.75 0.29 0.83
pixel: 8 36
world: 1.75 0.27 0.83
pixel: 8 37
world: 1.75 0.25 0.83
pixel: 8 38
world: 1.75 0.23 0.83
pixel: 8 39
world: 1.75 0.21 0.83
pixel: 8 40
world: 1.75 0.19 0.83
pixel: 8 41
world: 1.75 0.17 0.83
pixel: 8 42
world: 1.75 0.15 0.83
pixel: 8 43
world: 1.75 0.13 0.83
pixel: 8 44
world: 1.75 0.11 0.83
pixel: 8 45
world: 1.75 0.0899999 0.83
pixel: 8 46
world: 1.75 0.0699999 0.83
pixel: 8 47
world: 1.75 0.0499999 0.83
pixel: 8 48
world: 1.75 0.03 0.83
pixel: 8 49
world: 1.75 0.00999999 0.83
pixel: 8 50
world: 1.75 -0.00999999 0.83
pixel: 8 51
world: 1.75 -0.03 0.83
pixel: 8 52
world: 1.75 -0.0499999 0.83
pixel: 8 53
world: 1.75 -0.07 0.83
pixel: 8 54
world: 1.75 -0.09 0.83
pixel: 8 55
world: 1.75 -0.11 0.83
pixel: 8 56
world: 1.75 -0.13 0.83
pixel: 8 57
world: 1.75 -0.15 0.83
pixel: 8 58
world: 1.75 -0.17 0.83
pixel: 8 59
world: 1.75 -0.19 0.83
pixel: 8 60
world: 1.75 -0.21 0.83
pixel: 8 61
world: 1.75 -0.23 0.83
pixel: 8 62
world: 1.75 -0.25 0.83
pixel: 8 63
world: 1.75 -0.27 0.83
pixel: 8 64
world: 1.75 -0.29 0.83
pixel: 8 65
world: 1.75 -0.31 0.83
pixel: 8 66
world: 1.75 -0.33 0.83
pixel: 8 67
world: 1.75 -0.35 0.83
pixel: 8 68
world: 1.75 -0.37 0.83
pixel: 8 69
world: 1.75 -0.39 0.83
pixel: 8 70
world: 1.75 -0.41 0.83
pixel: 8 71
world: 1.75 -0.43 0.83
pixel: 8 72
world: 1.75 -0.45 0.83
pixel: 8 73
world: 1.75 -0.47 0.83
pixel: 8 74
world: 1.75 -0.49 0.83
pixel: 8 75
world: 1.75 -0.51 0.83
pixel: 8 76
world: 1.75 -0.53 0.83
pixel: 8 77
world: 1.75 -0.55 0.83
pixel: 8 78
world: 1.75 -0.57 0.83
pixel: 8 79
world: 1.75 -0.59 0.83
pixel: 8 80
world: 1.75 -0.61 0.83
pixel: 8 81
world: 1.75 -0.63 0.83
pixel: 8 82
world: 1.75 -0.65 0.83
pixel: 8 83
world: 1.75 -0.67 0.83
pixel: 8 84
world: 1.75 -0.69 0.83
pixel: 8 85
world: 1.75 -0.71 0.83
pixel: 8 86
world: 1.75 -0.73 0.83
pixel: 8 87
world: 1.75 -0.75 0.83
pixel: 8 88
world: 1.75 -0.77 0.83
pixel: 8 89
world: 1.75 -0.79 0.83
pixel: 8 90
world: 1.75 -0.81 0.83
pixel: 8 91
world: 1.75 -0.83 0.83
pixel: 8 92
world: 1.75 -0.85 0.83
pixel: 8 93
world: 1.75 -0.87 0.83
pixel: 8 94
world: 1.75 -0.89 0.83
pixel: 8 95
world: 1.75 -0.91 0.83
pixel: 8 96
world: 1.75 -0.93 0.83
pixel: 8 97
world: 1.75 -0.95 0.83
pixel: 8 98
world: 1.75 -0.97 0.83
pixel: 8 99
world: 1.75 -0.99 0.83
pixel: 9 0
world: 1.75 0.99 0.81
pixel: 9 1
world: 1.75 0.97 0.81
pixel: 9 2
world: 1.75 0.95 0.81
pixel: 9 3
world: 1.75 0.93 0.81
pixel: 9 4
world: 1.75 0.91 0.81
pixel: 9 5
world: 1.75 0.89 0.81
pixel: 9 6
world: 1.75 0.87 0.81
pixel: 9 7
world: 1.75 0.85 0.81
pixel: 9 8
world: 1.75 0.83 0.81
pixel: 9 9
world: 1.75 0.81 0.81
pixel: 9 10
world: 1.75 0.79 0.81
pixel: 9 11
world: 1.75 0.77 0.81
pixel: 9 12
world: 1.75 0.75 0.81
pixel: 9 13
world: 1.75 0.73 0.81
pixel: 9 14
world: 1.75 0.71 0.81
pixel: 9 15
world: 1.75 0.69 0.81
pixel: 9 16
world: 1.75 0.67 0.81
pixel: 9 17
world: 1.75 0.65 0.81
pixel: 9 18
world: 1.75 0.63 0.81
pixel: 9 19
world: 1.75 0.61 0.81
pixel: 9 20
world: 1.75 0.59 0.81
pixel: 9 21
world: 1.75 0.57 0.81
pixel: 9 22
world: 1.75 0.55 0.81
pixel: 9 23
world: 1.75 0.53 0.81
pixel: 9 24
world: 1.75 0.51 0.81
pixel: 9 25
world: 1.75 0.49 0.81
pixel: 9 26
world: 1.75 0.47 0.81
pixel: 9 27
world: 1.75 0.45 0.81
pixel: 9 28
world: 1.75 0.43 0.81
pixel: 9 29
world: 1.75 0.41 0.81
pixel: 9 30
world: 1.75 0.39 0.81
pixel: 9 31
world: 1.75 0.37 0.81
pixel: 9 32
world: 1.75 0.35 0.81
pixel: 9 33
world: 1.75 0.33 0.81
pixel: 9 34
world: 1.75 0.31 0.81
pixel: 9 35
world: 1.75 0.29 0.81
pixel: 9 36
world: 1.75 0.27 0.81
pixel: 9 37
world: 1.75 0.25 0.81
pixel: 9 38
world: 1.75 0.23 0.81
pixel: 9 39
world: 1.75 0.21 0.81
pixel: 9 40
world: 1.75 0.19 0.81
pixel: 9 41
world: 1.75 0.17 0.81
pixel: 9 42
world: 1.75 0.15 0.81
pixel: 9 43
world: 1.75 0.13 0.81
pixel: 9 44
world: 1.75 0.11 0.81
pixel: 9 45
world: 1.75 0.0899999 0.81
pixel: 9 46
world: 1.75 0.0699999 0.81
pixel: 9 47
world: 1.75 0.0499999 0.81
pixel: 9 48
world: 1.75 0.03 0.81
pixel: 9 49
world: 1.75 0.00999999 0.81
pixel: 9 50
world: 1.75 -0.00999999 0.81
pixel: 9 51
world: 1.75 -0.03 0.81
pixel: 9 52
world: 1.75 -0.0499999 0.81
pixel: 9 53
world: 1.75 -0.07 0.81
pixel: 9 54
world: 1.75 -0.09 0.81
pixel: 9 55
world: 1.75 -0.11 0.81
pixel: 9 56
world: 1.75 -0.13 0.81
pixel: 9 57
world: 1.75 -0.15 0.81
pixel: 9 58
world: 1.75 -0.17 0.81
pixel: 9 59
world: 1.75 -0.19 0.81
pixel: 9 60
world: 1.75 -0.21 0.81
pixel: 9 61
world: 1.75 -0.23 0.81
pixel: 9 62
world: 1.75 -0.25 0.81
pixel: 9 63
world: 1.75 -0.27 0.81
pixel: 9 64
world: 1.75 -0.29 0.81
pixel: 9 65
world: 1.75 -0.31 0.81
pixel: 9 66
world: 1.75 -0.33 0.81
pixel: 9 67
world: 1.75 -0.35 0.81
pixel: 9 68
world: 1.75 -0.37 0.81
pixel: 9 69
world: 1.75 -0.39 0.81
pixel: 9 70
world: 1.75 -0.41 0.81
pixel: 9 71
world: 1.75 -0.43 0.81
pixel: 9 72
world: 1.75 -0.45 0.81
pixel: 9 73
world: 1.75 -0.47 0.81
pixel: 9 74
world: 1.75 -0.49 0.81
pixel: 9 75
world: 1.75 -0.51 0.81
pixel: 9 76
world: 1.75 -0.53 0.81
pixel: 9 77
world: 1.75 -0.55 0.81
pixel: 9 78
world: 1.75 -0.57 0.81
pixel: 9 79
world: 1.75 -0.59 0.81
pixel: 9 80
world: 1.75 -0.61 0.81
pixel: 9 81
world: 1.75 -0.63 0.81
pixel: 9 82
world: 1.75 -0.65 0.81
pixel: 9 83
world: 1.75 -0.67 0.81
pixel: 9 84
world: 1.75 -0.69 0.81
pixel: 9 85
world: 1.75 -0.71 0.81
pixel: 9 86
world: 1.75 -0.73 0.81
pixel: 9 87
world: 1.75 -0.75 0.81
pixel: 9 88
world: 1.75 -0.77 0.81
pixel: 9 89
world: 1.75 -0.79 0.81
pixel: 9 90
world: 1.75 -0.81 0.81
pixel: 9 91
world: 1.75 -0.83 0.81
pixel: 9 92
world: 1.75 -0.85 0.81
pixel: 9 93
world: 1.75 -0.87 0.81
pixel: 9 94
world: 1.75 -0.89 0.81
pixel: 9 95
world: 1.75 -0.91 0.81
pixel: 9 96
world: 1.75 -0.93 0.81
pixel: 9 97
world: 1.75 -0.95 0.81
pixel: 9 98
world: 1.75 -0.97 0.81
pixel: 9 99
world: 1.75 -0.99 0.81
pixel: 10 0
world: 1.75 0.99 0.79
pixel: 10 1
world: 1.75 0.97 0.79
pixel: 10 2
world: 1.75 0.95 0.79
pixel: 10 3
world: 1.75 0.93 0.79
pixel: 10 4
world: 1.75 0.91 0.79
pixel: 10 5
world: 1.75 0.89 0.79
pixel: 10 6
world: 1.75 0.87 0.79
pixel: 10 7
world: 1.75 0.85 0.79
pixel: 10 8
world: 1.75 0.83 0.79
pixel: 10 9
world: 1.75 0.81 0.79
pixel: 10 10
world: 1.75 0.79 0.79
pixel: 10 11
world: 1.75 0.77 0.79
pixel: 10 12
world: 1.75 0.75 0.79
pixel: 10 13
world: 1.75 0.73 0.79
pixel: 10 14
world: 1.75 0.71 0.79
pixel: 10 15
world: 1.75 0.69 0.79
pixel: 10 16
world: 1.75 0.67 0.79
pixel: 10 17
world: 1.75 0.65 0.79
pixel: 10 18
world: 1.75 0.63 0.79
pixel: 10 19
world: 1.75 0.61 0.79
pixel: 10 20
world: 1.75 0.59 0.79
pixel: 10 21
world: 1.75 0.57 0.79
pixel: 10 22
world: 1.75 0.55 0.79
pixel: 10 23
world: 1.75 0.53 0.79
pixel: 10 24
world: 1.75 0.51 0.79
pixel: 10 25
world: 1.75 0.49 0.79
pixel: 10 26
world: 1.75 0.47 0.79
pixel: 10 27
world: 1.75 0.45 0.79
pixel: 10 28
world: 1.75 0.43 0.79
pixel: 10 29
world: 1.75 0.41 0.79
pixel: 10 30
world: 1.75 0.39 0.79
pixel: 10 31
world: 1.75 0.37 0.79
pixel: 10 32
world: 1.75 0.35 0.79
pixel: 10 33
world: 1.75 0.33 0.79
pixel: 10 34
world: 1.75 0.31 0.79
pixel: 10 35
world: 1.75 0.29 0.79
pixel: 10 36
world: 1.75 0.27 0.79
pixel: 10 37
world: 1.75 0.25 0.79
pixel: 10 38
world: 1.75 0.23 0.79
pixel: 10 39
world: 1.75 0.21 0.79
pixel: 10 40
world: 1.75 0.19 0.79
pixel: 10 41
world: 1.75 0.17 0.79
pixel: 10 42
world: 1.75 0.15 0.79
pixel: 10 43
world: 1.75 0.13 0.79
pixel: 10 44
world: 1.75 0.11 0.79
pixel: 10 45
world: 1.75 0.0899999 0.79
pixel: 10 46
world: 1.75 0.0699999 0.79
pixel: 10 47
world: 1.75 0.0499999 0.79
pixel: 10 48
world: 1.75 0.03 0.79
pixel: 10 49
world: 1.75 0.00999999 0.79
pixel: 10 50
world: 1.75 -0.00999999 0.79
pixel: 10 51
world: 1.75 -0.03 0.79
pixel: 10 52
world: 1.75 -0.0499999 0.79
pixel: 10 53
world: 1.75 -0.07 0.79
pixel: 10 54
world: 1.75 -0.09 0.79
pixel: 10 55
world: 1.75 -0.11 0.79
pixel: 10 56
world: 1.75 -0.13 0.79
pixel: 10 57
world: 1.75 -0.15 0.79
pixel: 10 58
world: 1.75 -0.17 0.79
pixel: 10 59
world: 1.75 -0.19 0.79
pixel: 10 60
world: 1.75 -0.21 0.79
pixel: 10 61
world: 1.75 -0.23 0.79
pixel: 10 62
world: 1.75 -0.25 0.79
pixel: 10 63
world: 1.75 -0.27 0.79
pixel: 10 64
world: 1.75 -0.29 0.79
pixel: 10 65
world: 1.75 -0.31 0.79
pixel: 10 66
world: 1.75 -0.33 0.79
pixel: 10 67
world: 1.75 -0.35 0.79
pixel: 10 68
world: 1.75 -0.37 0.79
pixel: 10 69
world: 1.75 -0.39 0.79
pixel: 10 70
world: 1.75 -0.41 0.79
pixel: 10 71
world: 1.75 -0.43 0.79
pixel: 10 72
world: 1.75 -0.45 0.79
pixel: 10 73
world: 1.75 -0.47 0.79
pixel: 10 74
world: 1.75 -0.49 0.79
pixel: 10 75
world: 1.75 -0.51 0.79
pixel: 10 76
world: 1.75 -0.53 0.79
pixel: 10 77
world: 1.75 -0.55 0.79
pixel: 10 78
world: 1.75 -0.57 0.79
pixel: 10 79
world: 1.75 -0.59 0.79
pixel: 10 80
world: 1.75 -0.61 0.79
pixel: 10 81
world: 1.75 -0.63 0.79
pixel: 10 82
world: 1.75 -0.65 0.79
pixel: 10 83
world: 1.75 -0.67 0.79
pixel: 10 84
world: 1.75 -0.69 0.79
pixel: 10 85
world: 1.75 -0.71 0.79
pixel: 10 86
world: 1.75 -0.73 0.79
pixel: 10 87
world: 1.75 -0.75 0.79
pixel: 10 88
world: 1.75 -0.77 0.79
pixel: 10 89
world: 1.75 -0.79 0.79
pixel: 10 90
world: 1.75 -0.81 0.79
pixel: 10 91
world: 1.75 -0.83 0.79
pixel: 10 92
world: 1.75 -0.85 0.79
pixel: 10 93
world: 1.75 -0.87 0.79
pixel: 10 94
world: 1.75 -0.89 0.79
pixel: 10 95
world: 1.75 -0.91 0.79
pixel: 10 96
world: 1.75 -0.93 0.79
pixel: 10 97
world: 1.75 -0.95 0.79
pixel: 10 98
world: 1.75 -0.97 0.79
pixel: 10 99
world: 1.75 -0.99 0.79
pixel: 11 0
world: 1.75 0.99 0.77
pixel: 11 1
world: 1.75 0.97 0.77
pixel: 11 2
world: 1.75 0.95 0.77
pixel: 11 3
world: 1.75 0.93 0.77
pixel: 11 4
world: 1.75 0.91 0.77
pixel: 11 5
world: 1.75 0.89 0.77
pixel: 11 6
world: 1.75 0.87 0.77
pixel: 11 7
world: 1.75 0.85 0.77
pixel: 11 8
world: 1.75 0.83 0.77
pixel: 11 9
world: 1.75 0.81 0.77
pixel: 11 10
world: 1.75 0.79 0.77
pixel: 11 11
world: 1.75 0.77 0.77
pixel: 11 12
world: 1.75 0.75 0.77
pixel: 11 13
world: 1.75 0.73 0.77
pixel: 11 14
world: 1.75 0.71 0.77
pixel: 11 15
world: 1.75 0.69 0.77
pixel: 11 16
world: 1.75 0.67 0.77
pixel: 11 17
world: 1.75 0.65 0.77
pixel: 11 18
world: 1.75 0.63 0.77
pixel: 11 19
world: 1.75 0.61 0.77
pixel: 11 20
world: 1.75 0.59 0.77
pixel: 11 21
world: 1.75 0.57 0.77
pixel: 11 22
world: 1.75 0.55 0.77
pixel: 11 23
world: 1.75 0.53 0.77
pixel: 11 24
world: 1.75 0.51 0.77
pixel: 11 25
world: 1.75 0.49 0.77
pixel: 11 26
world: 1.75 0.47 0.77
pixel: 11 27
world: 1.75 0.45 0.77
pixel: 11 28
world: 1.75 0.43 0.77
pixel: 11 29
world: 1.75 0.41 0.77
pixel: 11 30
world: 1.75 0.39 0.77
pixel: 11 31
world: 1.75 0.37 0.77
pixel: 11 32
world: 1.75 0.35 0.77
pixel: 11 33
world: 1.75 0.33 0.77
pixel: 11 34
world: 1.75 0.31 0.77
pixel: 11 35
world: 1.75 0.29 0.77
pixel: 11 36
world: 1.75 0.27 0.77
pixel: 11 37
world: 1.75 0.25 0.77
pixel: 11 38
world: 1.75 0.23 0.77
pixel: 11 39
world: 1.75 0.21 0.77
pixel: 11 40
world: 1.75 0.19 0.77
pixel: 11 41
world: 1.75 0.17 0.77
pixel: 11 42
world: 1.75 0.15 0.77
pixel: 11 43
world: 1.75 0.13 0.77
pixel: 11 44
world: 1.75 0.11 0.77
pixel: 11 45
world: 1.75 0.0899999 0.77
pixel: 11 46
world: 1.75 0.0699999 0.77
pixel: 11 47
world: 1.75 0.0499999 0.77
pixel: 11 48
world: 1.75 0.03 0.77
pixel: 11 49
world: 1.75 0.00999999 0.77
pixel: 11 50
world: 1.75 -0.00999999 0.77
pixel: 11 51
world: 1.75 -0.03 0.77
pixel: 11 52
world: 1.75 -0.0499999 0.77
pixel: 11 53
world: 1.75 -0.07 0.77
pixel: 11 54
world: 1.75 -0.09 0.77
pixel: 11 55
world: 1.75 -0.11 0.77
pixel: 11 56
world: 1.75 -0.13 0.77
pixel: 11 57
world: 1.75 -0.15 0.77
pixel: 11 58
world: 1.75 -0.17 0.77
pixel: 11 59
world: 1.75 -0.19 0.77
pixel: 11 60
world: 1.75 -0.21 0.77
pixel: 11 61
world: 1.75 -0.23 0.77
pixel: 11 62
world: 1.75 -0.25 0.77
pixel: 11 63
world: 1.75 -0.27 0.77
pixel: 11 64
world: 1.75 -0.29 0.77
pixel: 11 65
world: 1.75 -0.31 0.77
pixel: 11 66
world: 1.75 -0.33 0.77
pixel: 11 67
world: 1.75 -0.35 0.77
pixel: 11 68
world: 1.75 -0.37 0.77
pixel: 11 69
world: 1.75 -0.39 0.77
pixel: 11 70
world: 1.75 -0.41 0.77
pixel: 11 71
world: 1.75 -0.43 0.77
pixel: 11 72
world: 1.75 -0.45 0.77
pixel: 11 73
world: 1.75 -0.47 0.77
pixel: 11 74
world: 1.75 -0.49 0.77
pixel: 11 75
world: 1.75 -0.51 0.77
pixel: 11 76
world: 1.75 -0.53 0.77
pixel: 11 77
world: 1.75 -0.55 0.77
pixel: 11 78
world: 1.75 -0.57 0.77
pixel: 11 79
world: 1.75 -0.59 0.77
pixel: 11 80
world: 1.75 -0.61 0.77
pixel: 11 81
world: 1.75 -0.63 0.77
pixel: 11 82
world: 1.75 -0.65 0.77
pixel: 11 83
world: 1.75 -0.67 0.77
pixel: 11 84
world: 1.75 -0.69 0.77
pixel: 11 85
world: 1.75 -0.71 0.77
pixel: 11 86
world: 1.75 -0.73 0.77
pixel: 11 87
world: 1.75 -0.75 0.77
pixel: 11 88
world: 1.75 -0.77 0.77
pixel: 11 89
world: 1.75 -0.79 0.77
pixel: 11 90
world: 1.75 -0.81 0.77
pixel: 11 91
world: 1.75 -0.83 0.77
pixel: 11 92
world: 1.75 -0.85 0.77
pixel: 11 93
world: 1.75 -0.87 0.77
pixel: 11 94
world: 1.75 -0.89 0.77
pixel: 11 95
world: 1.75 -0.91 0.77
pixel: 11 96
world: 1.75 -0.93 0.77
pixel: 11 97
world: 1.75 -0.95 0.77
pixel: 11 98
world: 1.75 -0.97 0.77
pixel: 11 99
world: 1.75 -0.99 0.77
pixel: 12 0
world: 1.75 0.99 0.75
pixel: 12 1
world: 1.75 0.97 0.75
pixel: 12 2
world: 1.75 0.95 0.75
pixel: 12 3
world: 1.75 0.93 0.75
pixel: 12 4
world: 1.75 0.91 0.75
pixel: 12 5
world: 1.75 0.89 0.75
pixel: 12 6
world: 1.75 0.87 0.75
pixel: 12 7
world: 1.75 0.85 0.75
pixel: 12 8
world: 1.75 0.83 0.75
pixel: 12 9
world: 1.75 0.81 0.75
pixel: 12 10
world: 1.75 0.79 0.75
pixel: 12 11
world: 1.75 0.77 0.75
pixel: 12 12
world: 1.75 0.75 0.75
pixel: 12 13
world: 1.75 0.73 0.75
pixel: 12 14
world: 1.75 0.71 0.75
pixel: 12 15
world: 1.75 0.69 0.75
pixel: 12 16
world: 1.75 0.67 0.75
pixel: 12 17
world: 1.75 0.65 0.75
pixel: 12 18
world: 1.75 0.63 0.75
pixel: 12 19
world: 1.75 0.61 0.75
pixel: 12 20
world: 1.75 0.59 0.75
pixel: 12 21
world: 1.75 0.57 0.75
pixel: 12 22
world: 1.75 0.55 0.75
pixel: 12 23
world: 1.75 0.53 0.75
pixel: 12 24
world: 1.75 0.51 0.75
pixel: 12 25
world: 1.75 0.49 0.75
pixel: 12 26
world: 1.75 0.47 0.75
pixel: 12 27
world: 1.75 0.45 0.75
pixel: 12 28
world: 1.75 0.43 0.75
pixel: 12 29
world: 1.75 0.41 0.75
pixel: 12 30
world: 1.75 0.39 0.75
pixel: 12 31
world: 1.75 0.37 0.75
pixel: 12 32
world: 1.75 0.35 0.75
pixel: 12 33
world: 1.75 0.33 0.75
pixel: 12 34
world: 1.75 0.31 0.75
pixel: 12 35
world: 1.75 0.29 0.75
pixel: 12 36
world: 1.75 0.27 0.75
pixel: 12 37
world: 1.75 0.25 0.75
pixel: 12 38
world: 1.75 0.23 0.75
pixel: 12 39
world: 1.75 0.21 0.75
pixel: 12 40
world: 1.75 0.19 0.75
pixel: 12 41
world: 1.75 0.17 0.75
pixel: 12 42
world: 1.75 0.15 0.75
pixel: 12 43
world: 1.75 0.13 0.75
pixel: 12 44
world: 1.75 0.11 0.75
pixel: 12 45
world: 1.75 0.0899999 0.75
pixel: 12 46
world: 1.75 0.0699999 0.75
pixel: 12 47
world: 1.75 0.0499999 0.75
pixel: 12 48
world: 1.75 0.03 0.75
pixel: 12 49
world: 1.75 0.00999999 0.75
pixel: 12 50
world: 1.75 -0.00999999 0.75
pixel: 12 51
world: 1.75 -0.03 0.75
pixel: 12 52
world: 1.75 -0.0499999 0.75
pixel: 12 53
world: 1.75 -0.07 0.75
pixel: 12 54
world: 1.75 -0.09 0.75
pixel: 12 55
world: 1.75 -0.11 0.75
pixel: 12 56
world: 1.75 -0.13 0.75
pixel: 12 57
world: 1.75 -0.15 0.75
pixel: 12 58
world: 1.75 -0.17 0.75
pixel: 12 59
world: 1.75 -0.19 0.75
pixel: 12 60
world: 1.75 -0.21 0.75
pixel: 12 61
world: 1.75 -0.23 0.75
pixel: 12 62
world: 1.75 -0.25 0.75
pixel: 12 63
world: 1.75 -0.27 0.75
pixel: 12 64
world: 1.75 -0.29 0.75
pixel: 12 65
world: 1.75 -0.31 0.75
pixel: 12 66
world: 1.75 -0.33 0.75
pixel: 12 67
world: 1.75 -0.35 0.75
pixel: 12 68
world: 1.75 -0.37 0.75
pixel: 12 69
world: 1.75 -0.39 0.75
pixel: 12 70
world: 1.75 -0.41 0.75
pixel: 12 71
world: 1.75 -0.43 0.75
pixel: 12 72
world: 1.75 -0.45 0.75
pixel: 12 73
world: 1.75 -0.47 0.75
pixel: 12 74
world: 1.75 -0.49 0.75
pixel: 12 75
world: 1.75 -0.51 0.75
pixel: 12 76
world: 1.75 -0.53 0.75
pixel: 12 77
world: 1.75 -0.55 0.75
pixel: 12 78
world: 1.75 -0.57 0.75
pixel: 12 79
world: 1.75 -0.59 0.75
pixel: 12 80
world: 1.75 -0.61 0.75
pixel: 12 81
world: 1.75 -0.63 0.75
pixel: 12 82
world: 1.75 -0.65 0.75
pixel: 12 83
world: 1.75 -0.67 0.75
pixel: 12 84
world: 1.75 -0.69 0.75
pixel: 12 85
world: 1.75 -0.71 0.75
pixel: 12 86
world: 1.75 -0.73 0.75
pixel: 12 87
world: 1.75 -0.75 0.75
pixel: 12 88
world: 1.75 -0.77 0.75
pixel: 12 89
world: 1.75 -0.79 0.75
pixel: 12 90
world: 1.75 -0.81 0.75
pixel: 12 91
world: 1.75 -0.83 0.75
pixel: 12 92
world: 1.75 -0.85 0.75
pixel: 12 93
world: 1.75 -0.87 0.75
pixel: 12 94
world: 1.75 -0.89 0.75
pixel: 12 95
world: 1.75 -0.91 0.75
pixel: 12 96
world: 1.75 -0.93 0.75
pixel: 12 97
world: 1.75 -0.95 0.75
pixel: 12 98
world: 1.75 -0.97 0.75
pixel: 12 99
world: 1.75 -0.99 0.75
pixel: 13 0
world: 1.75 0.99 0.73
pixel: 13 1
world: 1.75 0.97 0.73
pixel: 13 2
world: 1.75 0.95 0.73
pixel: 13 3
world: 1.75 0.93 0.73
pixel: 13 4
world: 1.75 0.91 0.73
pixel: 13 5
world: 1.75 0.89 0.73
pixel: 13 6
world: 1.75 0.87 0.73
pixel: 13 7
world: 1.75 0.85 0.73
pixel: 13 8
world: 1.75 0.83 0.73
pixel: 13 9
world: 1.75 0.81 0.73
pixel: 13 10
world: 1.75 0.79 0.73
pixel: 13 11
world: 1.75 0.77 0.73
pixel: 13 12
world: 1.75 0.75 0.73
pixel: 13 13
world: 1.75 0.73 0.73
pixel: 13 14
world: 1.75 0.71 0.73
pixel: 13 15
world: 1.75 0.69 0.73
pixel: 13 16
world: 1.75 0.67 0.73
pixel: 13 17
world: 1.75 0.65 0.73
pixel: 13 18
world: 1.75 0.63 0.73
pixel: 13 19
world: 1.75 0.61 0.73
pixel: 13 20
world: 1.75 0.59 0.73
pixel: 13 21
world: 1.75 0.57 0.73
pixel: 13 22
world: 1.75 0.55 0.73
pixel: 13 23
world: 1.75 0.53 0.73
pixel: 13 24
world: 1.75 0.51 0.73
pixel: 13 25
world: 1.75 0.49 0.73
pixel: 13 26
world: 1.75 0.47 0.73
pixel: 13 27
world: 1.75 0.45 0.73
pixel: 13 28
world: 1.75 0.43 0.73
pixel: 13 29
world: 1.75 0.41 0.73
pixel: 13 30
world: 1.75 0.39 0.73
pixel: 13 31
world: 1.75 0.37 0.73
pixel: 13 32
world: 1.75 0.35 0.73
pixel: 13 33
world: 1.75 0.33 0.73
pixel: 13 34
world: 1.75 0.31 0.73
pixel: 13 35
world: 1.75 0.29 0.73
pixel: 13 36
world: 1.75 0.27 0.73
pixel: 13 37
world: 1.75 0.25 0.73
pixel: 13 38
world: 1.75 0.23 0.73
pixel: 13 39
world: 1.75 0.21 0.73
pixel: 13 40
world: 1.75 0.19 0.73
pixel: 13 41
world: 1.75 0.17 0.73
pixel: 13 42
world: 1.75 0.15 0.73
pixel: 13 43
world: 1.75 0.13 0.73
pixel: 13 44
world: 1.75 0.11 0.73
pixel: 13 45
world: 1.75 0.0899999 0.73
pixel: 13 46
world: 1.75 0.0699999 0.73
pixel: 13 47
world: 1.75 0.0499999 0.73
pixel: 13 48
world: 1.75 0.03 0.73
pixel: 13 49
world: 1.75 0.00999999 0.73
pixel: 13 50
world: 1.75 -0.00999999 0.73
pixel: 13 51
world: 1.75 -0.03 0.73
pixel: 13 52
world: 1.75 -0.0499999 0.73
pixel: 13 53
world: 1.75 -0.07 0.73
pixel: 13 54
world: 1.75 -0.09 0.73
pixel: 13 55
world: 1.75 -0.11 0.73
pixel: 13 56
world: 1.75 -0.13 0.73
pixel: 13 57
world: 1.75 -0.15 0.73
pixel: 13 58
world: 1.75 -0.17 0.73
pixel: 13 59
world: 1.75 -0.19 0.73
pixel: 13 60
world: 1.75 -0.21 0.73
pixel: 13 61
world: 1.75 -0.23 0.73
pixel: 13 62
world: 1.75 -0.25 0.73
pixel: 13 63
world: 1.75 -0.27 0.73
pixel: 13 64
world: 1.75 -0.29 0.73
pixel: 13 65
world: 1.75 -0.31 0.73
pixel: 13 66
world: 1.75 -0.33 0.73
pixel: 13 67
world: 1.75 -0.35 0.73
pixel: 13 68
world: 1.75 -0.37 0.73
pixel: 13 69
world: 1.75 -0.39 0.73
pixel: 13 70
world: 1.75 -0.41 0.73
pixel: 13 71
world: 1.75 -0.43 0.73
pixel: 13 72
world: 1.75 -0.45 0.73
pixel: 13 73
world: 1.75 -0.47 0.73
pixel: 13 74
world: 1.75 -0.49 0.73
pixel: 13 75
world: 1.75 -0.51 0.73
pixel: 13 76
world: 1.75 -0.53 0.73
pixel: 13 77
world: 1.75 -0.55 0.73
pixel: 13 78
world: 1.75 -0.57 0.73
pixel: 13 79
world: 1.75 -0.59 0.73
pixel: 13 80
world: 1.75 -0.61 0.73
pixel: 13 81
world: 1.75 -0.63 0.73
pixel: 13 82
world: 1.75 -0.65 0.73
pixel: 13 83
world: 1.75 -0.67 0.73
pixel: 13 84
world: 1.75 -0.69 0.73
pixel: 13 85
world: 1.75 -0.71 0.73
pixel: 13 86
world: 1.75 -0.73 0.73
pixel: 13 87
world: 1.75 -0.75 0.73
pixel: 13 88
world: 1.75 -0.77 0.73
pixel: 13 89
world: 1.75 -0.79 0.73
pixel: 13 90
world: 1.75 -0.81 0.73
pixel: 13 91
world: 1.75 -0.83 0.73
pixel: 13 92
world: 1.75 -0.85 0.73
pixel: 13 93
world: 1.75 -0.87 0.73
pixel: 13 94
world: 1.75 -0.89 0.73
pixel: 13 95
world: 1.75 -0.91 0.73
pixel: 13 96
world: 1.75 -0.93 0.73
pixel: 13 97
world: 1.75 -0.95 0.73
pixel: 13 98
world: 1.75 -0.97 0.73
pixel: 13 99
world: 1.75 -0.99 0.73
pixel: 14 0
world: 1.75 0.99 0.71
pixel: 14 1
world: 1.75 0.97 0.71
pixel: 14 2
world: 1.75 0.95 0.71
pixel: 14 3
world: 1.75 0.93 0.71
pixel: 14 4
world: 1.75 0.91 0.71
pixel: 14 5
world: 1.75 0.89 0.71
pixel: 14 6
world: 1.75 0.87 0.71
pixel: 14 7
world: 1.75 0.85 0.71
pixel: 14 8
world: 1.75 0.83 0.71
pixel: 14 9
world: 1.75 0.81 0.71
pixel: 14 10
world: 1.75 0.79 0.71
pixel: 14 11
world: 1.75 0.77 0.71
pixel: 14 12
world: 1.75 0.75 0.71
pixel: 14 13
world: 1.75 0.73 0.71
pixel: 14 14
world: 1.75 0.71 0.71
pixel: 14 15
world: 1.75 0.69 0.71
pixel: 14 16
world: 1.75 0.67 0.71
pixel: 14 17
world: 1.75 0.65 0.71
pixel: 14 18
world: 1.75 0.63 0.71
pixel: 14 19
world: 1.75 0.61 0.71
pixel: 14 20
world: 1.75 0.59 0.71
pixel: 14 21
world: 1.75 0.57 0.71
pixel: 14 22
world: 1.75 0.55 0.71
pixel: 14 23
world: 1.75 0.53 0.71
pixel: 14 24
world: 1.75 0.51 0.71
pixel: 14 25
world: 1.75 0.49 0.71
pixel: 14 26
world: 1.75 0.47 0.71
pixel: 14 27
world: 1.75 0.45 0.71
pixel: 14 28
world: 1.75 0.43 0.71
pixel: 14 29
world: 1.75 0.41 0.71
pixel: 14 30
world: 1.75 0.39 0.71
pixel: 14 31
world: 1.75 0.37 0.71
pixel: 14 32
world: 1.75 0.35 0.71
pixel: 14 33
world: 1.75 0.33 0.71
pixel: 14 34
world: 1.75 0.31 0.71
pixel: 14 35
world: 1.75 0.29 0.71
pixel: 14 36
world: 1.75 0.27 0.71
pixel: 14 37
world: 1.75 0.25 0.71
pixel: 14 38
world: 1.75 0.23 0.71
pixel: 14 39
world: 1.75 0.21 0.71
pixel: 14 40
world: 1.75 0.19 0.71
pixel: 14 41
world: 1.75 0.17 0.71
pixel: 14 42
world: 1.75 0.15 0.71
pixel: 14 43
world: 1.75 0.13 0.71
pixel: 14 44
world: 1.75 0.11 0.71
pixel: 14 45
world: 1.75 0.0899999 0.71
pixel: 14 46
world: 1.75 0.0699999 0.71
pixel: 14 47
world: 1.75 0.0499999 0.71
pixel: 14 48
world: 1.75 0.03 0.71
pixel: 14 49
world: 1.75 0.00999999 0.71
pixel: 14 50
world: 1.75 -0.00999999 0.71
pixel: 14 51
world: 1.75 -0.03 0.71
pixel: 14 52
world: 1.75 -0.0499999 0.71
pixel: 14 53
world: 1.75 -0.07 0.71
pixel: 14 54
world: 1.75 -0.09 0.71
pixel: 14 55
world: 1.75 -0.11 0.71
pixel: 14 56
world: 1.75 -0.13 0.71
pixel: 14 57
world: 1.75 -0.15 0.71
pixel: 14 58
world: 1.75 -0.17 0.71
pixel: 14 59
world: 1.75 -0.19 0.71
pixel: 14 60
world: 1.75 -0.21 0.71
pixel: 14 61
world: 1.75 -0.23 0.71
pixel: 14 62
world: 1.75 -0.25 0.71
pixel: 14 63
world: 1.75 -0.27 0.71
pixel: 14 64
world: 1.75 -0.29 0.71
pixel: 14 65
world: 1.75 -0.31 0.71
pixel: 14 66
world: 1.75 -0.33 0.71
pixel: 14 67
world: 1.75 -0.35 0.71
pixel: 14 68
world: 1.75 -0.37 0.71
pixel: 14 69
world: 1.75 -0.39 0.71
pixel: 14 70
world: 1.75 -0.41 0.71
pixel: 14 71
world: 1.75 -0.43 0.71
pixel: 14 72
world: 1.75 -0.45 0.71
pixel: 14 73
world: 1.75 -0.47 0.71
pixel: 14 74
world: 1.75 -0.49 0.71
pixel: 14 75
world: 1.75 -0.51 0.71
pixel: 14 76
world: 1.75 -0.53 0.71
pixel: 14 77
world: 1.75 -0.55 0.71
pixel: 14 78
world: 1.75 -0.57 0.71
pixel: 14 79
world: 1.75 -0.59 0.71
pixel: 14 80
world: 1.75 -0.61 0.71
pixel: 14 81
world: 1.75 -0.63 0.71
pixel: 14 82
world: 1.75 -0.65 0.71
pixel: 14 83
world: 1.75 -0.67 0.71
pixel: 14 84
world: 1.75 -0.69 0.71
pixel: 14 85
world: 1.75 -0.71 0.71
pixel: 14 86
world: 1.75 -0.73 0.71
pixel: 14 87
world: 1.75 -0.75 0.71
pixel: 14 88
world: 1.75 -0.77 0.71
pixel: 14 89
world: 1.75 -0.79 0.71
pixel: 14 90
world: 1.75 -0.81 0.71
pixel: 14 91
world: 1.75 -0.83 0.71
pixel: 14 92
world: 1.75 -0.85 0.71
pixel: 14 93
world: 1.75 -0.87 0.71
pixel: 14 94
world: 1.75 -0.89 0.71
pixel: 14 95
world: 1.75 -0.91 0.71
pixel: 14 96
world: 1.75 -0.93 0.71
pixel: 14 97
world: 1.75 -0.95 0.71
pixel: 14 98
world: 1.75 -0.97 0.71
pixel: 14 99
world: 1.75 -0.99 0.71
pixel: 15 0
world: 1.75 0.99 0.69
pixel: 15 1
world: 1.75 0.97 0.69
pixel: 15 2
world: 1.75 0.95 0.69
pixel: 15 3
world: 1.75 0.93 0.69
pixel: 15 4
world: 1.75 0.91 0.69
pixel: 15 5
world: 1.75 0.89 0.69
pixel: 15 6
world: 1.75 0.87 0.69
pixel: 15 7
world: 1.75 0.85 0.69
pixel: 15 8
world: 1.75 0.83 0.69
pixel: 15 9
world: 1.75 0.81 0.69
pixel: 15 10
world: 1.75 0.79 0.69
pixel: 15 11
world: 1.75 0.77 0.69
pixel: 15 12
world: 1.75 0.75 0.69
pixel: 15 13
world: 1.75 0.73 0.69
pixel: 15 14
world: 1.75 0.71 0.69
pixel: 15 15
world: 1.75 0.69 0.69
pixel: 15 16
world: 1.75 0.67 0.69
pixel: 15 17
world: 1.75 0.65 0.69
pixel: 15 18
world: 1.75 0.63 0.69
pixel: 15 19
world: 1.75 0.61 0.69
pixel: 15 20
world: 1.75 0.59 0.69
pixel: 15 21
world: 1.75 0.57 0.69
pixel: 15 22
world: 1.75 0.55 0.69
pixel: 15 23
world: 1.75 0.53 0.69
pixel: 15 24
world: 1.75 0.51 0.69
pixel: 15 25
world: 1.75 0.49 0.69
pixel: 15 26
world: 1.75 0.47 0.69
pixel: 15 27
world: 1.75 0.45 0.69
pixel: 15 28
world: 1.75 0.43 0.69
pixel: 15 29
world: 1.75 0.41 0.69
pixel: 15 30
world: 1.75 0.39 0.69
pixel: 15 31
world: 1.75 0.37 0.69
pixel: 15 32
world: 1.75 0.35 0.69
pixel: 15 33
world: 1.75 0.33 0.69
pixel: 15 34
world: 1.75 0.31 0.69
pixel: 15 35
world: 1.75 0.29 0.69
pixel: 15 36
world: 1.75 0.27 0.69
pixel: 15 37
world: 1.75 0.25 0.69
pixel: 15 38
world: 1.75 0.23 0.69
pixel: 15 39
world: 1.75 0.21 0.69
pixel: 15 40
world: 1.75 0.19 0.69
pixel: 15 41
world: 1.75 0.17 0.69
pixel: 15 42
world: 1.75 0.15 0.69
pixel: 15 43
world: 1.75 0.13 0.69
pixel: 15 44
world: 1.75 0.11 0.69
pixel: 15 45
world: 1.75 0.0899999 0.69
pixel: 15 46
world: 1.75 0.0699999 0.69
pixel: 15 47
world: 1.75 0.0499999 0.69
pixel: 15 48
world: 1.75 0.03 0.69
pixel: 15 49
world: 1.75 0.00999999 0.69
pixel: 15 50
world: 1.75 -0.00999999 0.69
pixel: 15 51
world: 1.75 -0.03 0.69
pixel: 15 52
world: 1.75 -0.0499999 0.69
pixel: 15 53
world: 1.75 -0.07 0.69
pixel: 15 54
world: 1.75 -0.09 0.69
pixel: 15 55
world: 1.75 -0.11 0.69
pixel: 15 56
world: 1.75 -0.13 0.69
pixel: 15 57
world: 1.75 -0.15 0.69
pixel: 15 58
world: 1.75 -0.17 0.69
pixel: 15 59
world: 1.75 -0.19 0.69
pixel: 15 60
world: 1.75 -0.21 0.69
pixel: 15 61
world: 1.75 -0.23 0.69
pixel: 15 62
world: 1.75 -0.25 0.69
pixel: 15 63
world: 1.75 -0.27 0.69
pixel: 15 64
world: 1.75 -0.29 0.69
pixel: 15 65
world: 1.75 -0.31 0.69
pixel: 15 66
world: 1.75 -0.33 0.69
pixel: 15 67
world: 1.75 -0.35 0.69
pixel: 15 68
world: 1.75 -0.37 0.69
pixel: 15 69
world: 1.75 -0.39 0.69
pixel: 15 70
world: 1.75 -0.41 0.69
pixel: 15 71
world: 1.75 -0.43 0.69
pixel: 15 72
world: 1.75 -0.45 0.69
pixel: 15 73
world: 1.75 -0.47 0.69
pixel: 15 74
world: 1.75 -0.49 0.69
pixel: 15 75
world: 1.75 -0.51 0.69
pixel: 15 76
world: 1.75 -0.53 0.69
pixel: 15 77
world: 1.75 -0.55 0.69
pixel: 15 78
world: 1.75 -0.57 0.69
pixel: 15 79
world: 1.75 -0.59 0.69
pixel: 15 80
world: 1.75 -0.61 0.69
pixel: 15 81
world: 1.75 -0.63 0.69
pixel: 15 82
world: 1.75 -0.65 0.69
pixel: 15 83
world: 1.75 -0.67 0.69
pixel: 15 84
world: 1.75 -0.69 0.69
pixel: 15 85
world: 1.75 -0.71 0.69
pixel: 15 86
world: 1.75 -0.73 0.69
pixel: 15 87
world: 1.75 -0.75 0.69
pixel: 15 88
world: 1.75 -0.77 0.69
pixel: 15 89
world: 1.75 -0.79 0.69
pixel: 15 90
world: 1.75 -0.81 0.69
pixel: 15 91
world: 1.75 -0.83 0.69
pixel: 15 92
world: 1.75 -0.85 0.69
pixel: 15 93
world: 1.75 -0.87 0.69
pixel: 15 94
world: 1.75 -0.89 0.69
pixel: 15 95
world: 1.75 -0.91 0.69
pixel: 15 96
world: 1.75 -0.93 0.69
pixel: 15 97
world: 1.75 -0.95 0.69
pixel: 15 98
world: 1.75 -0.97 0.69
pixel: 15 99
world: 1.75 -0.99 0.69
pixel: 16 0
world: 1.75 0.99 0.67
pixel: 16 1
world: 1.75 0.97 0.67
pixel: 16 2
world: 1.75 0.95 0.67
pixel: 16 3
world: 1.75 0.93 0.67
pixel: 16 4
world: 1.75 0.91 0.67
pixel: 16 5
world: 1.75 0.89 0.67
pixel: 16 6
world: 1.75 0.87 0.67
pixel: 16 7
world: 1.75 0.85 0.67
pixel: 16 8
world: 1.75 0.83 0.67
pixel: 16 9
world: 1.75 0.81 0.67
pixel: 16 10
world: 1.75 0.79 0.67
pixel: 16 11
world: 1.75 0.77 0.67
pixel: 16 12
world: 1.75 0.75 0.67
pixel: 16 13
world: 1.75 0.73 0.67
pixel: 16 14
world: 1.75 0.71 0.67
pixel: 16 15
world: 1.75 0.69 0.67
pixel: 16 16
world: 1.75 0.67 0.67
pixel: 16 17
world: 1.75 0.65 0.67
pixel: 16 18
world: 1.75 0.63 0.67
pixel: 16 19
world: 1.75 0.61 0.67
pixel: 16 20
world: 1.75 0.59 0.67
pixel: 16 21
world: 1.75 0.57 0.67
pixel: 16 22
world: 1.75 0.55 0.67
pixel: 16 23
world: 1.75 0.53 0.67
pixel: 16 24
world: 1.75 0.51 0.67
pixel: 16 25
world: 1.75 0.49 0.67
pixel: 16 26
world: 1.75 0.47 0.67
pixel: 16 27
world: 1.75 0.45 0.67
pixel: 16 28
world: 1.75 0.43 0.67
pixel: 16 29
world: 1.75 0.41 0.67
pixel: 16 30
world: 1.75 0.39 0.67
pixel: 16 31
world: 1.75 0.37 0.67
pixel: 16 32
world: 1.75 0.35 0.67
pixel: 16 33
world: 1.75 0.33 0.67
pixel: 16 34
world: 1.75 0.31 0.67
pixel: 16 35
world: 1.75 0.29 0.67
pixel: 16 36
world: 1.75 0.27 0.67
pixel: 16 37
world: 1.75 0.25 0.67
pixel: 16 38
world: 1.75 0.23 0.67
pixel: 16 39
world: 1.75 0.21 0.67
pixel: 16 40
world: 1.75 0.19 0.67
pixel: 16 41
world: 1.75 0.17 0.67
pixel: 16 42
world: 1.75 0.15 0.67
pixel: 16 43
world: 1.75 0.13 0.67
pixel: 16 44
world: 1.75 0.11 0.67
pixel: 16 45
world: 1.75 0.0899999 0.67
pixel: 16 46
world: 1.75 0.0699999 0.67
pixel: 16 47
world: 1.75 0.0499999 0.67
pixel: 16 48
world: 1.75 0.03 0.67
pixel: 16 49
world: 1.75 0.00999999 0.67
pixel: 16 50
world: 1.75 -0.00999999 0.67
pixel: 16 51
world: 1.75 -0.03 0.67
pixel: 16 52
world: 1.75 -0.0499999 0.67
pixel: 16 53
world: 1.75 -0.07 0.67
pixel: 16 54
world: 1.75 -0.09 0.67
pixel: 16 55
world: 1.75 -0.11 0.67
pixel: 16 56
world: 1.75 -0.13 0.67
pixel: 16 57
world: 1.75 -0.15 0.67
pixel: 16 58
world: 1.75 -0.17 0.67
pixel: 16 59
world: 1.75 -0.19 0.67
pixel: 16 60
world: 1.75 -0.21 0.67
pixel: 16 61
world: 1.75 -0.23 0.67
pixel: 16 62
world: 1.75 -0.25 0.67
pixel: 16 63
world: 1.75 -0.27 0.67
pixel: 16 64
world: 1.75 -0.29 0.67
pixel: 16 65
world: 1.75 -0.31 0.67
pixel: 16 66
world: 1.75 -0.33 0.67
pixel: 16 67
world: 1.75 -0.35 0.67
pixel: 16 68
world: 1.75 -0.37 0.67
pixel: 16 69
world: 1.75 -0.39 0.67
pixel: 16 70
world: 1.75 -0.41 0.67
pixel: 16 71
world: 1.75 -0.43 0.67
pixel: 16 72
world: 1.75 -0.45 0.67
pixel: 16 73
world: 1.75 -0.47 0.67
pixel: 16 74
world: 1.75 -0.49 0.67
pixel: 16 75
world: 1.75 -0.51 0.67
pixel: 16 76
world: 1.75 -0.53 0.67
pixel: 16 77
world: 1.75 -0.55 0.67
pixel: 16 78
world: 1.75 -0.57 0.67
pixel: 16 79
world: 1.75 -0.59 0.67
pixel: 16 80
world: 1.75 -0.61 0.67
pixel: 16 81
world: 1.75 -0.63 0.67
pixel: 16 82
world: 1.75 -0.65 0.67
pixel: 16 83
world: 1.75 -0.67 0.67
pixel: 16 84
world: 1.75 -0.69 0.67
pixel: 16 85
world: 1.75 -0.71 0.67
pixel: 16 86
world: 1.75 -0.73 0.67
pixel: 16 87
world: 1.75 -0.75 0.67
pixel: 16 88
world: 1.75 -0.77 0.67
pixel: 16 89
world: 1.75 -0.79 0.67
pixel: 16 90
world: 1.75 -0.81 0.67
pixel: 16 91
world: 1.75 -0.83 0.67
pixel: 16 92
world: 1.75 -0.85 0.67
pixel: 16 93
world: 1.75 -0.87 0.67
pixel: 16 94
world: 1.75 -0.89 0.67
pixel: 16 95
world: 1.75 -0.91 0.67
pixel: 16 96
world: 1.75 -0.93 0.67
pixel: 16 97
world: 1.75 -0.95 0.67
pixel: 16 98
world: 1.75 -0.97 0.67
pixel: 16 99
world: 1.75 -0.99 0.67
pixel: 17 0
world: 1.75 0.99 0.65
pixel: 17 1
world: 1.75 0.97 0.65
pixel: 17 2
world: 1.75 0.95 0.65
pixel: 17 3
world: 1.75 0.93 0.65
pixel: 17 4
world: 1.75 0.91 0.65
pixel: 17 5
world: 1.75 0.89 0.65
pixel: 17 6
world: 1.75 0.87 0.65
pixel: 17 7
world: 1.75 0.85 0.65
pixel: 17 8
world: 1.75 0.83 0.65
pixel: 17 9
world: 1.75 0.81 0.65
pixel: 17 10
world: 1.75 0.79 0.65
pixel: 17 11
world: 1.75 0.77 0.65
pixel: 17 12
world: 1.75 0.75 0.65
pixel: 17 13
world: 1.75 0.73 0.65
pixel: 17 14
world: 1.75 0.71 0.65
pixel: 17 15
world: 1.75 0.69 0.65
pixel: 17 16
world: 1.75 0.67 0.65
pixel: 17 17
world: 1.75 0.65 0.65
pixel: 17 18
world: 1.75 0.63 0.65
pixel: 17 19
world: 1.75 0.61 0.65
pixel: 17 20
world: 1.75 0.59 0.65
pixel: 17 21
world: 1.75 0.57 0.65
pixel: 17 22
world: 1.75 0.55 0.65
pixel: 17 23
world: 1.75 0.53 0.65
pixel: 17 24
world: 1.75 0.51 0.65
pixel: 17 25
world: 1.75 0.49 0.65
pixel: 17 26
world: 1.75 0.47 0.65
pixel: 17 27
world: 1.75 0.45 0.65
pixel: 17 28
world: 1.75 0.43 0.65
pixel: 17 29
world: 1.75 0.41 0.65
pixel: 17 30
world: 1.75 0.39 0.65
pixel: 17 31
world: 1.75 0.37 0.65
pixel: 17 32
world: 1.75 0.35 0.65
pixel: 17 33
world: 1.75 0.33 0.65
pixel: 17 34
world: 1.75 0.31 0.65
pixel: 17 35
world: 1.75 0.29 0.65
pixel: 17 36
world: 1.75 0.27 0.65
pixel: 17 37
world: 1.75 0.25 0.65
pixel: 17 38
world: 1.75 0.23 0.65
pixel: 17 39
world: 1.75 0.21 0.65
pixel: 17 40
world: 1.75 0.19 0.65
pixel: 17 41
world: 1.75 0.17 0.65
pixel: 17 42
world: 1.75 0.15 0.65
pixel: 17 43
world: 1.75 0.13 0.65
pixel: 17 44
world: 1.75 0.11 0.65
pixel: 17 45
world: 1.75 0.0899999 0.65
pixel: 17 46
world: 1.75 0.0699999 0.65
pixel: 17 47
world: 1.75 0.0499999 0.65
pixel: 17 48
world: 1.75 0.03 0.65
pixel: 17 49
world: 1.75 0.00999999 0.65
pixel: 17 50
world: 1.75 -0.00999999 0.65
pixel: 17 51
world: 1.75 -0.03 0.65
pixel: 17 52
world: 1.75 -0.0499999 0.65
pixel: 17 53
world: 1.75 -0.07 0.65
pixel: 17 54
world: 1.75 -0.09 0.65
pixel: 17 55
world: 1.75 -0.11 0.65
pixel: 17 56
world: 1.75 -0.13 0.65
pixel: 17 57
world: 1.75 -0.15 0.65
pixel: 17 58
world: 1.75 -0.17 0.65
pixel: 17 59
world: 1.75 -0.19 0.65
pixel: 17 60
world: 1.75 -0.21 0.65
pixel: 17 61
world: 1.75 -0.23 0.65
pixel: 17 62
world: 1.75 -0.25 0.65
pixel: 17 63
world: 1.75 -0.27 0.65
pixel: 17 64
world: 1.75 -0.29 0.65
pixel: 17 65
world: 1.75 -0.31 0.65
pixel: 17 66
world: 1.75 -0.33 0.65
pixel: 17 67
world: 1.75 -0.35 0.65
pixel: 17 68
world: 1.75 -0.37 0.65
pixel: 17 69
world: 1.75 -0.39 0.65
pixel: 17 70
world: 1.75 -0.41 0.65
pixel: 17 71
world: 1.75 -0.43 0.65
pixel: 17 72
world: 1.75 -0.45 0.65
pixel: 17 73
world: 1.75 -0.47 0.65
pixel: 17 74
world: 1.75 -0.49 0.65
pixel: 17 75
world: 1.75 -0.51 0.65
pixel: 17 76
world: 1.75 -0.53 0.65
pixel: 17 77
world: 1.75 -0.55 0.65
pixel: 17 78
world: 1.75 -0.57 0.65
pixel: 17 79
world: 1.75 -0.59 0.65
pixel: 17 80
world: 1.75 -0.61 0.65
pixel: 17 81
world: 1.75 -0.63 0.65
pixel: 17 82
world: 1.75 -0.65 0.65
pixel: 17 83
world: 1.75 -0.67 0.65
pixel: 17 84
world: 1.75 -0.69 0.65
pixel: 17 85
world: 1.75 -0.71 0.65
pixel: 17 86
world: 1.75 -0.73 0.65
pixel: 17 87
world: 1.75 -0.75 0.65
pixel: 17 88
world: 1.75 -0.77 0.65
pixel: 17 89
world: 1.75 -0.79 0.65
pixel: 17 90
world: 1.75 -0.81 0.65
pixel: 17 91
world: 1.75 -0.83 0.65
pixel: 17 92
world: 1.75 -0.85 0.65
pixel: 17 93
world: 1.75 -0.87 0.65
pixel: 17 94
world: 1.75 -0.89 0.65
pixel: 17 95
world: 1.75 -0.91 0.65
pixel: 17 96
world: 1.75 -0.93 0.65
pixel: 17 97
world: 1.75 -0.95 0.65
pixel: 17 98
world: 1.75 -0.97 0.65
pixel: 17 99
world: 1.75 -0.99 0.65
pixel: 18 0
world: 1.75 0.99 0.63
pixel: 18 1
world: 1.75 0.97 0.63
pixel: 18 2
world: 1.75 0.95 0.63
pixel: 18 3
world: 1.75 0.93 0.63
pixel: 18 4
world: 1.75 0.91 0.63
pixel: 18 5
world: 1.75 0.89 0.63
pixel: 18 6
world: 1.75 0.87 0.63
pixel: 18 7
world: 1.75 0.85 0.63
pixel: 18 8
world: 1.75 0.83 0.63
pixel: 18 9
world: 1.75 0.81 0.63
pixel: 18 10
world: 1.75 0.79 0.63
pixel: 18 11
world: 1.75 0.77 0.63
pixel: 18 12
world: 1.75 0.75 0.63
pixel: 18 13
world: 1.75 0.73 0.63
pixel: 18 14
world: 1.75 0.71 0.63
pixel: 18 15
world: 1.75 0.69 0.63
pixel: 18 16
world: 1.75 0.67 0.63
pixel: 18 17
world: 1.75 0.65 0.63
pixel: 18 18
world: 1.75 0.63 0.63
pixel: 18 19
world: 1.75 0.61 0.63
pixel: 18 20
world: 1.75 0.59 0.63
pixel: 18 21
world: 1.75 0.57 0.63
pixel: 18 22
world: 1.75 0.55 0.63
pixel: 18 23
world: 1.75 0.53 0.63
pixel: 18 24
world: 1.75 0.51 0.63
pixel: 18 25
world: 1.75 0.49 0.63
pixel: 18 26
world: 1.75 0.47 0.63
pixel: 18 27
world: 1.75 0.45 0.63
pixel: 18 28
world: 1.75 0.43 0.63
pixel: 18 29
world: 1.75 0.41 0.63
pixel: 18 30
world: 1.75 0.39 0.63
pixel: 18 31
world: 1.75 0.37 0.63
pixel: 18 32
world: 1.75 0.35 0.63
pixel: 18 33
world: 1.75 0.33 0.63
pixel: 18 34
world: 1.75 0.31 0.63
pixel: 18 35
world: 1.75 0.29 0.63
pixel: 18 36
world: 1.75 0.27 0.63
pixel: 18 37
world: 1.75 0.25 0.63
pixel: 18 38
world: 1.75 0.23 0.63
pixel: 18 39
world: 1.75 0.21 0.63
pixel: 18 40
world: 1.75 0.19 0.63
pixel: 18 41
world: 1.75 0.17 0.63
pixel: 18 42
world: 1.75 0.15 0.63
pixel: 18 43
world: 1.75 0.13 0.63
pixel: 18 44
world: 1.75 0.11 0.63
pixel: 18 45
world: 1.75 0.0899999 0.63
pixel: 18 46
world: 1.75 0.0699999 0.63
pixel: 18 47
world: 1.75 0.0499999 0.63
pixel: 18 48
world: 1.75 0.03 0.63
pixel: 18 49
world: 1.75 0.00999999 0.63
pixel: 18 50
world: 1.75 -0.00999999 0.63
pixel: 18 51
world: 1.75 -0.03 0.63
pixel: 18 52
world: 1.75 -0.0499999 0.63
pixel: 18 53
world: 1.75 -0.07 0.63
pixel: 18 54
world: 1.75 -0.09 0.63
pixel: 18 55
world: 1.75 -0.11 0.63
pixel: 18 56
world: 1.75 -0.13 0.63
pixel: 18 57
world: 1.75 -0.15 0.63
pixel: 18 58
world: 1.75 -0.17 0.63
pixel: 18 59
world: 1.75 -0.19 0.63
pixel: 18 60
world: 1.75 -0.21 0.63
pixel: 18 61
world: 1.75 -0.23 0.63
pixel: 18 62
world: 1.75 -0.25 0.63
pixel: 18 63
world: 1.75 -0.27 0.63
pixel: 18 64
world: 1.75 -0.29 0.63
pixel: 18 65
world: 1.75 -0.31 0.63
pixel: 18 66
world: 1.75 -0.33 0.63
pixel: 18 67
world: 1.75 -0.35 0.63
pixel: 18 68
world: 1.75 -0.37 0.63
pixel: 18 69
world: 1.75 -0.39 0.63
pixel: 18 70
world: 1.75 -0.41 0.63
pixel: 18 71
world: 1.75 -0.43 0.63
pixel: 18 72
world: 1.75 -0.45 0.63
pixel: 18 73
world: 1.75 -0.47 0.63
pixel: 18 74
world: 1.75 -0.49 0.63
pixel: 18 75
world: 1.75 -0.51 0.63
pixel: 18 76
world: 1.75 -0.53 0.63
pixel: 18 77
world: 1.75 -0.55 0.63
pixel: 18 78
world: 1.75 -0.57 0.63
pixel: 18 79
world: 1.75 -0.59 0.63
pixel: 18 80
world: 1.75 -0.61 0.63
pixel: 18 81
world: 1.75 -0.63 0.63
pixel: 18 82
world: 1.75 -0.65 0.63
pixel: 18 83
world: 1.75 -0.67 0.63
pixel: 18 84
world: 1.75 -0.69 0.63
pixel: 18 85
world: 1.75 -0.71 0.63
pixel: 18 86
world: 1.75 -0.73 0.63
pixel: 18 87
world: 1.75 -0.75 0.63
pixel: 18 88
world: 1.75 -0.77 0.63
pixel: 18 89
world: 1.75 -0.79 0.63
pixel: 18 90
world: 1.75 -0.81 0.63
pixel: 18 91
world: 1.75 -0.83 0.63
pixel: 18 92
world: 1.75 -0.85 0.63
pixel: 18 93
world: 1.75 -0.87 0.63
pixel: 18 94
world: 1.75 -0.89 0.63
pixel: 18 95
world: 1.75 -0.91 0.63
pixel: 18 96
world: 1.75 -0.93 0.63
pixel: 18 97
world: 1.75 -0.95 0.63
pixel: 18 98
world: 1.75 -0.97 0.63
pixel: 18 99
world: 1.75 -0.99 0.63
pixel: 19 0
world: 1.75 0.99 0.61
pixel: 19 1
world: 1.75 0.97 0.61
pixel: 19 2
world: 1.75 0.95 0.61
pixel: 19 3
world: 1.75 0.93 0.61
pixel: 19 4
world: 1.75 0.91 0.61
pixel: 19 5
world: 1.75 0.89 0.61
pixel: 19 6
world: 1.75 0.87 0.61
pixel: 19 7
world: 1.75 0.85 0.61
pixel: 19 8
world: 1.75 0.83 0.61
pixel: 19 9
world: 1.75 0.81 0.61
pixel: 19 10
world: 1.75 0.79 0.61
pixel: 19 11
world: 1.75 0.77 0.61
pixel: 19 12
world: 1.75 0.75 0.61
pixel: 19 13
world: 1.75 0.73 0.61
pixel: 19 14
world: 1.75 0.71 0.61
pixel: 19 15
world: 1.75 0.69 0.61
pixel: 19 16
world: 1.75 0.67 0.61
pixel: 19 17
world: 1.75 0.65 0.61
pixel: 19 18
world: 1.75 0.63 0.61
pixel: 19 19
world: 1.75 0.61 0.61
pixel: 19 20
world: 1.75 0.59 0.61
pixel: 19 21
world: 1.75 0.57 0.61
pixel: 19 22
world: 1.75 0.55 0.61
pixel: 19 23
world: 1.75 0.53 0.61
pixel: 19 24
world: 1.75 0.51 0.61
pixel: 19 25
world: 1.75 0.49 0.61
pixel: 19 26
world: 1.75 0.47 0.61
pixel: 19 27
world: 1.75 0.45 0.61
pixel: 19 28
world: 1.75 0.43 0.61
pixel: 19 29
world: 1.75 0.41 0.61
pixel: 19 30
world: 1.75 0.39 0.61
pixel: 19 31
world: 1.75 0.37 0.61
pixel: 19 32
world: 1.75 0.35 0.61
pixel: 19 33
world: 1.75 0.33 0.61
pixel: 19 34
world: 1.75 0.31 0.61
pixel: 19 35
world: 1.75 0.29 0.61
pixel: 19 36
world: 1.75 0.27 0.61
pixel: 19 37
world: 1.75 0.25 0.61
pixel: 19 38
world: 1.75 0.23 0.61
pixel: 19 39
world: 1.75 0.21 0.61
pixel: 19 40
world: 1.75 0.19 0.61
pixel: 19 41
world: 1.75 0.17 0.61
pixel: 19 42
world: 1.75 0.15 0.61
pixel: 19 43
world: 1.75 0.13 0.61
pixel: 19 44
world: 1.75 0.11 0.61
pixel: 19 45
world: 1.75 0.0899999 0.61
pixel: 19 46
world: 1.75 0.0699999 0.61
pixel: 19 47
world: 1.75 0.0499999 0.61
pixel: 19 48
world: 1.75 0.03 0.61
pixel: 19 49
world: 1.75 0.00999999 0.61
pixel: 19 50
world: 1.75 -0.00999999 0.61
pixel: 19 51
world: 1.75 -0.03 0.61
pixel: 19 52
world: 1.75 -0.0499999 0.61
pixel: 19 53
world: 1.75 -0.07 0.61
pixel: 19 54
world: 1.75 -0.09 0.61
pixel: 19 55
world: 1.75 -0.11 0.61
pixel: 19 56
world: 1.75 -0.13 0.61
pixel: 19 57
world: 1.75 -0.15 0.61
pixel: 19 58
world: 1.75 -0.17 0.61
pixel: 19 59
world: 1.75 -0.19 0.61
pixel: 19 60
world: 1.75 -0.21 0.61
pixel: 19 61
world: 1.75 -0.23 0.61
pixel: 19 62
world: 1.75 -0.25 0.61
pixel: 19 63
world: 1.75 -0.27 0.61
pixel: 19 64
world: 1.75 -0.29 0.61
pixel: 19 65
world: 1.75 -0.31 0.61
pixel: 19 66
world: 1.75 -0.33 0.61
pixel: 19 67
world: 1.75 -0.35 0.61
pixel: 19 68
world: 1.75 -0.37 0.61
pixel: 19 69
world: 1.75 -0.39 0.61
pixel: 19 70
world: 1.75 -0.41 0.61
pixel: 19 71
world: 1.75 -0.43 0.61
pixel: 19 72
world: 1.75 -0.45 0.61
pixel: 19 73
world: 1.75 -0.47 0.61
pixel: 19 74
world: 1.75 -0.49 0.61
pixel: 19 75
world: 1.75 -0.51 0.61
pixel: 19 76
world: 1.75 -0.53 0.61
pixel: 19 77
world: 1.75 -0.55 0.61
pixel: 19 78
world: 1.75 -0.57 0.61
pixel: 19 79
world: 1.75 -0.59 0.61
pixel: 19 80
world: 1.75 -0.61 0.61
pixel: 19 81
world: 1.75 -0.63 0.61
pixel: 19 82
world: 1.75 -0.65 0.61
pixel: 19 83
world: 1.75 -0.67 0.61
pixel: 19 84
world: 1.75 -0.69 0.61
pixel: 19 85
world: 1.75 -0.71 0.61
pixel: 19 86
world: 1.75 -0.73 0.61
pixel: 19 87
world: 1.75 -0.75 0.61
pixel: 19 88
world: 1.75 -0.77 0.61
pixel: 19 89
world: 1.75 -0.79 0.61
pixel: 19 90
world: 1.75 -0.81 0.61
pixel: 19 91
world: 1.75 -0.83 0.61
pixel: 19 92
world: 1.75 -0.85 0.61
pixel: 19 93
world: 1.75 -0.87 0.61
pixel: 19 94
world: 1.75 -0.89 0.61
pixel: 19 95
world: 1.75 -0.91 0.61
pixel: 19 96
world: 1.75 -0.93 0.61
pixel: 19 97
world: 1.75 -0.95 0.61
pixel: 19 98
world: 1.75 -0.97 0.61
pixel: 19 99
world: 1.75 -0.99 0.61
pixel: 20 0
world: 1.75 0.99 0.59
pixel: 20 1
world: 1.75 0.97 0.59
pixel: 20 2
world: 1.75 0.95 0.59
pixel: 20 3
world: 1.75 0.93 0.59
pixel: 20 4
world: 1.75 0.91 0.59
pixel: 20 5
world: 1.75 0.89 0.59
pixel: 20 6
world: 1.75 0.87 0.59
pixel: 20 7
world: 1.75 0.85 0.59
pixel: 20 8
world: 1.75 0.83 0.59
pixel: 20 9
world: 1.75 0.81 0.59
pixel: 20 10
world: 1.75 0.79 0.59
pixel: 20 11
world: 1.75 0.77 0.59
pixel: 20 12
world: 1.75 0.75 0.59
pixel: 20 13
world: 1.75 0.73 0.59
pixel: 20 14
world: 1.75 0.71 0.59
pixel: 20 15
world: 1.75 0.69 0.59
pixel: 20 16
world: 1.75 0.67 0.59
pixel: 20 17
world: 1.75 0.65 0.59
pixel: 20 18
world: 1.75 0.63 0.59
pixel: 20 19
world: 1.75 0.61 0.59
pixel: 20 20
world: 1.75 0.59 0.59
pixel: 20 21
world: 1.75 0.57 0.59
pixel: 20 22
world: 1.75 0.55 0.59
pixel: 20 23
world: 1.75 0.53 0.59
pixel: 20 24
world: 1.75 0.51 0.59
pixel: 20 25
world: 1.75 0.49 0.59
pixel: 20 26
world: 1.75 0.47 0.59
pixel: 20 27
world: 1.75 0.45 0.59
pixel: 20 28
world: 1.75 0.43 0.59
pixel: 20 29
world: 1.75 0.41 0.59
pixel: 20 30
world: 1.75 0.39 0.59
pixel: 20 31
world: 1.75 0.37 0.59
pixel: 20 32
world: 1.75 0.35 0.59
pixel: 20 33
world: 1.75 0.33 0.59
pixel: 20 34
world: 1.75 0.31 0.59
pixel: 20 35
world: 1.75 0.29 0.59
pixel: 20 36
world: 1.75 0.27 0.59
pixel: 20 37
world: 1.75 0.25 0.59
pixel: 20 38
world: 1.75 0.23 0.59
pixel: 20 39
world: 1.75 0.21 0.59
pixel: 20 40
world: 1.75 0.19 0.59
pixel: 20 41
world: 1.75 0.17 0.59
pixel: 20 42
world: 1.75 0.15 0.59
pixel: 20 43
world: 1.75 0.13 0.59
pixel: 20 44
world: 1.75 0.11 0.59
pixel: 20 45
world: 1.75 0.0899999 0.59
pixel: 20 46
world: 1.75 0.0699999 0.59
pixel: 20 47
world: 1.75 0.0499999 0.59
pixel: 20 48
world: 1.75 0.03 0.59
pixel: 20 49
world: 1.75 0.00999999 0.59
pixel: 20 50
world: 1.75 -0.00999999 0.59
pixel: 20 51
world: 1.75 -0.03 0.59
pixel: 20 52
world: 1.75 -0.0499999 0.59
pixel: 20 53
world: 1.75 -0.07 0.59
pixel: 20 54
world: 1.75 -0.09 0.59
pixel: 20 55
world: 1.75 -0.11 0.59
pixel: 20 56
world: 1.75 -0.13 0.59
pixel: 20 57
world: 1.75 -0.15 0.59
pixel: 20 58
world: 1.75 -0.17 0.59
pixel: 20 59
world: 1.75 -0.19 0.59
pixel: 20 60
world: 1.75 -0.21 0.59
pixel: 20 61
world: 1.75 -0.23 0.59
pixel: 20 62
world: 1.75 -0.25 0.59
pixel: 20 63
world: 1.75 -0.27 0.59
pixel: 20 64
world: 1.75 -0.29 0.59
pixel: 20 65
world: 1.75 -0.31 0.59
pixel: 20 66
world: 1.75 -0.33 0.59
pixel: 20 67
world: 1.75 -0.35 0.59
pixel: 20 68
world: 1.75 -0.37 0.59
pixel: 20 69
world: 1.75 -0.39 0.59
pixel: 20 70
world: 1.75 -0.41 0.59
pixel: 20 71
world: 1.75 -0.43 0.59
pixel: 20 72
world: 1.75 -0.45 0.59
pixel: 20 73
world: 1.75 -0.47 0.59
pixel: 20 74
world: 1.75 -0.49 0.59
pixel: 20 75
world: 1.75 -0.51 0.59
pixel: 20 76
world: 1.75 -0.53 0.59
pixel: 20 77
world: 1.75 -0.55 0.59
pixel: 20 78
world: 1.75 -0.57 0.59
pixel: 20 79
world: 1.75 -0.59 0.59
pixel: 20 80
world: 1.75 -0.61 0.59
pixel: 20 81
world: 1.75 -0.63 0.59
pixel: 20 82
world: 1.75 -0.65 0.59
pixel: 20 83
world: 1.75 -0.67 0.59
pixel: 20 84
world: 1.75 -0.69 0.59
pixel: 20 85
world: 1.75 -0.71 0.59
pixel: 20 86
world: 1.75 -0.73 0.59
pixel: 20 87
world: 1.75 -0.75 0.59
pixel: 20 88
world: 1.75 -0.77 0.59
pixel: 20 89
world: 1.75 -0.79 0.59
pixel: 20 90
world: 1.75 -0.81 0.59
pixel: 20 91
world: 1.75 -0.83 0.59
pixel: 20 92
world: 1.75 -0.85 0.59
pixel: 20 93
world: 1.75 -0.87 0.59
pixel: 20 94
world: 1.75 -0.89 0.59
pixel: 20 95
world: 1.75 -0.91 0.59
pixel: 20 96
world: 1.75 -0.93 0.59
pixel: 20 97
world: 1.75 -0.95 0.59
pixel: 20 98
world: 1.75 -0.97 0.59
pixel: 20 99
world: 1.75 -0.99 0.59
pixel: 21 0
world: 1.75 0.99 0.57
pixel: 21 1
world: 1.75 0.97 0.57
pixel: 21 2
world: 1.75 0.95 0.57
pixel: 21 3
world: 1.75 0.93 0.57
pixel: 21 4
world: 1.75 0.91 0.57
pixel: 21 5
world: 1.75 0.89 0.57
pixel: 21 6
world: 1.75 0.87 0.57
pixel: 21 7
world: 1.75 0.85 0.57
pixel: 21 8
world: 1.75 0.83 0.57
pixel: 21 9
world: 1.75 0.81 0.57
pixel: 21 10
world: 1.75 0.79 0.57
pixel: 21 11
world: 1.75 0.77 0.57
pixel: 21 12
world: 1.75 0.75 0.57
pixel: 21 13
world: 1.75 0.73 0.57
pixel: 21 14
world: 1.75 0.71 0.57
pixel: 21 15
world: 1.75 0.69 0.57
pixel: 21 16
world: 1.75 0.67 0.57
pixel: 21 17
world: 1.75 0.65 0.57
pixel: 21 18
world: 1.75 0.63 0.57
pixel: 21 19
world: 1.75 0.61 0.57
pixel: 21 20
world: 1.75 0.59 0.57
pixel: 21 21
world: 1.75 0.57 0.57
pixel: 21 22
world: 1.75 0.55 0.57
pixel: 21 23
world: 1.75 0.53 0.57
pixel: 21 24
world: 1.75 0.51 0.57
pixel: 21 25
world: 1.75 0.49 0.57
pixel: 21 26
world: 1.75 0.47 0.57
pixel: 21 27
world: 1.75 0.45 0.57
pixel: 21 28
world: 1.75 0.43 0.57
pixel: 21 29
world: 1.75 0.41 0.57
pixel: 21 30
world: 1.75 0.39 0.57
pixel: 21 31
world: 1.75 0.37 0.57
pixel: 21 32
world: 1.75 0.35 0.57
pixel: 21 33
world: 1.75 0.33 0.57
pixel: 21 34
world: 1.75 0.31 0.57
pixel: 21 35
world: 1.75 0.29 0.57
pixel: 21 36
world: 1.75 0.27 0.57
pixel: 21 37
world: 1.75 0.25 0.57
pixel: 21 38
world: 1.75 0.23 0.57
pixel: 21 39
world: 1.75 0.21 0.57
pixel: 21 40
world: 1.75 0.19 0.57
pixel: 21 41
world: 1.75 0.17 0.57
pixel: 21 42
world: 1.75 0.15 0.57
pixel: 21 43
world: 1.75 0.13 0.57
pixel: 21 44
world: 1.75 0.11 0.57
pixel: 21 45
world: 1.75 0.0899999 0.57
pixel: 21 46
world: 1.75 0.0699999 0.57
pixel: 21 47
world: 1.75 0.0499999 0.57
pixel: 21 48
world: 1.75 0.03 0.57
pixel: 21 49
world: 1.75 0.00999999 0.57
pixel: 21 50
world: 1.75 -0.00999999 0.57
pixel: 21 51
world: 1.75 -0.03 0.57
pixel: 21 52
world: 1.75 -0.0499999 0.57
pixel: 21 53
world: 1.75 -0.07 0.57
pixel: 21 54
world: 1.75 -0.09 0.57
pixel: 21 55
world: 1.75 -0.11 0.57
pixel: 21 56
world: 1.75 -0.13 0.57
pixel: 21 57
world: 1.75 -0.15 0.57
pixel: 21 58
world: 1.75 -0.17 0.57
pixel: 21 59
world: 1.75 -0.19 0.57
pixel: 21 60
world: 1.75 -0.21 0.57
pixel: 21 61
world: 1.75 -0.23 0.57
pixel: 21 62
world: 1.75 -0.25 0.57
pixel: 21 63
world: 1.75 -0.27 0.57
pixel: 21 64
world: 1.75 -0.29 0.57
pixel: 21 65
world: 1.75 -0.31 0.57
pixel: 21 66
world: 1.75 -0.33 0.57
pixel: 21 67
world: 1.75 -0.35 0.57
pixel: 21 68
world: 1.75 -0.37 0.57
pixel: 21 69
world: 1.75 -0.39 0.57
pixel: 21 70
world: 1.75 -0.41 0.57
pixel: 21 71
world: 1.75 -0.43 0.57
pixel: 21 72
world: 1.75 -0.45 0.57
pixel: 21 73
world: 1.75 -0.47 0.57
pixel: 21 74
world: 1.75 -0.49 0.57
pixel: 21 75
world: 1.75 -0.51 0.57
pixel: 21 76
world: 1.75 -0.53 0.57
pixel: 21 77
world: 1.75 -0.55 0.57
pixel: 21 78
world: 1.75 -0.57 0.57
pixel: 21 79
world: 1.75 -0.59 0.57
pixel: 21 80
world: 1.75 -0.61 0.57
pixel: 21 81
world: 1.75 -0.63 0.57
pixel: 21 82
world: 1.75 -0.65 0.57
pixel: 21 83
world: 1.75 -0.67 0.57
pixel: 21 84
world: 1.75 -0.69 0.57
pixel: 21 85
world: 1.75 -0.71 0.57
pixel: 21 86
world: 1.75 -0.73 0.57
pixel: 21 87
world: 1.75 -0.75 0.57
pixel: 21 88
world: 1.75 -0.77 0.57
pixel: 21 89
world: 1.75 -0.79 0.57
pixel: 21 90
world: 1.75 -0.81 0.57
pixel: 21 91
world: 1.75 -0.83 0.57
pixel: 21 92
world: 1.75 -0.85 0.57
pixel: 21 93
world: 1.75 -0.87 0.57
pixel: 21 94
world: 1.75 -0.89 0.57
pixel: 21 95
world: 1.75 -0.91 0.57
pixel: 21 96
world: 1.75 -0.93 0.57
pixel: 21 97
world: 1.75 -0.95 0.57
pixel: 21 98
world: 1.75 -0.97 0.57
pixel: 21 99
world: 1.75 -0.99 0.57
pixel: 22 0
world: 1.75 0.99 0.55
pixel: 22 1
world: 1.75 0.97 0.55
pixel: 22 2
world: 1.75 0.95 0.55
pixel: 22 3
world: 1.75 0.93 0.55
pixel: 22 4
world: 1.75 0.91 0.55
pixel: 22 5
world: 1.75 0.89 0.55
pixel: 22 6
world: 1.75 0.87 0.55
pixel: 22 7
world: 1.75 0.85 0.55
pixel: 22 8
world: 1.75 0.83 0.55
pixel: 22 9
world: 1.75 0.81 0.55
pixel: 22 10
world: 1.75 0.79 0.55
pixel: 22 11
world: 1.75 0.77 0.55
pixel: 22 12
world: 1.75 0.75 0.55
pixel: 22 13
world: 1.75 0.73 0.55
pixel: 22 14
world: 1.75 0.71 0.55
pixel: 22 15
world: 1.75 0.69 0.55
pixel: 22 16
world: 1.75 0.67 0.55
pixel: 22 17
world: 1.75 0.65 0.55
pixel: 22 18
world: 1.75 0.63 0.55
pixel: 22 19
world: 1.75 0.61 0.55
pixel: 22 20
world: 1.75 0.59 0.55
pixel: 22 21
world: 1.75 0.57 0.55
pixel: 22 22
world: 1.75 0.55 0.55
pixel: 22 23
world: 1.75 0.53 0.55
pixel: 22 24
world: 1.75 0.51 0.55
pixel: 22 25
world: 1.75 0.49 0.55
pixel: 22 26
world: 1.75 0.47 0.55
pixel: 22 27
world: 1.75 0.45 0.55
pixel: 22 28
world: 1.75 0.43 0.55
pixel: 22 29
world: 1.75 0.41 0.55
pixel: 22 30
world: 1.75 0.39 0.55
pixel: 22 31
world: 1.75 0.37 0.55
pixel: 22 32
world: 1.75 0.35 0.55
pixel: 22 33
world: 1.75 0.33 0.55
pixel: 22 34
world: 1.75 0.31 0.55
pixel: 22 35
world: 1.75 0.29 0.55
pixel: 22 36
world: 1.75 0.27 0.55
pixel: 22 37
world: 1.75 0.25 0.55
pixel: 22 38
world: 1.75 0.23 0.55
pixel: 22 39
world: 1.75 0.21 0.55
pixel: 22 40
world: 1.75 0.19 0.55
pixel: 22 41
world: 1.75 0.17 0.55
pixel: 22 42
world: 1.75 0.15 0.55
pixel: 22 43
world: 1.75 0.13 0.55
pixel: 22 44
world: 1.75 0.11 0.55
pixel: 22 45
world: 1.75 0.0899999 0.55
pixel: 22 46
world: 1.75 0.0699999 0.55
pixel: 22 47
world: 1.75 0.0499999 0.55
pixel: 22 48
world: 1.75 0.03 0.55
pixel: 22 49
world: 1.75 0.00999999 0.55
pixel: 22 50
world: 1.75 -0.00999999 0.55
pixel: 22 51
world: 1.75 -0.03 0.55
pixel: 22 52
world: 1.75 -0.0499999 0.55
pixel: 22 53
world: 1.75 -0.07 0.55
pixel: 22 54
world: 1.75 -0.09 0.55
pixel: 22 55
world: 1.75 -0.11 0.55
pixel: 22 56
world: 1.75 -0.13 0.55
pixel: 22 57
world: 1.75 -0.15 0.55
pixel: 22 58
world: 1.75 -0.17 0.55
pixel: 22 59
world: 1.75 -0.19 0.55
pixel: 22 60
world: 1.75 -0.21 0.55
pixel: 22 61
world: 1.75 -0.23 0.55
pixel: 22 62
world: 1.75 -0.25 0.55
pixel: 22 63
world: 1.75 -0.27 0.55
pixel: 22 64
world: 1.75 -0.29 0.55
pixel: 22 65
world: 1.75 -0.31 0.55
pixel: 22 66
world: 1.75 -0.33 0.55
pixel: 22 67
world: 1.75 -0.35 0.55
pixel: 22 68
world: 1.75 -0.37 0.55
pixel: 22 69
world: 1.75 -0.39 0.55
pixel: 22 70
world: 1.75 -0.41 0.55
pixel: 22 71
world: 1.75 -0.43 0.55
pixel: 22 72
world: 1.75 -0.45 0.55
pixel: 22 73
world: 1.75 -0.47 0.55
pixel: 22 74
world: 1.75 -0.49 0.55
pixel: 22 75
world: 1.75 -0.51 0.55
pixel: 22 76
world: 1.75 -0.53 0.55
pixel: 22 77
world: 1.75 -0.55 0.55
pixel: 22 78
world: 1.75 -0.57 0.55
pixel: 22 79
world: 1.75 -0.59 0.55
pixel: 22 80
world: 1.75 -0.61 0.55
pixel: 22 81
world: 1.75 -0.63 0.55
pixel: 22 82
world: 1.75 -0.65 0.55
pixel: 22 83
world: 1.75 -0.67 0.55
pixel: 22 84
world: 1.75 -0.69 0.55
pixel: 22 85
world: 1.75 -0.71 0.55
pixel: 22 86
world: 1.75 -0.73 0.55
pixel: 22 87
world: 1.75 -0.75 0.55
pixel: 22 88
world: 1.75 -0.77 0.55
pixel: 22 89
world: 1.75 -0.79 0.55
pixel: 22 90
world: 1.75 -0.81 0.55
pixel: 22 91
world: 1.75 -0.83 0.55
pixel: 22 92
world: 1.75 -0.85 0.55
pixel: 22 93
world: 1.75 -0.87 0.55
pixel: 22 94
world: 1.75 -0.89 0.55
pixel: 22 95
world: 1.75 -0.91 0.55
pixel: 22 96
world: 1.75 -0.93 0.55
pixel: 22 97
world: 1.75 -0.95 0.55
pixel: 22 98
world: 1.75 -0.97 0.55
pixel: 22 99
world: 1.75 -0.99 0.55
pixel: 23 0
world: 1.75 0.99 0.53
pixel: 23 1
world: 1.75 0.97 0.53
pixel: 23 2
world: 1.75 0.95 0.53
pixel: 23 3
world: 1.75 0.93 0.53
pixel: 23 4
world: 1.75 0.91 0.53
pixel: 23 5
world: 1.75 0.89 0.53
pixel: 23 6
world: 1.75 0.87 0.53
pixel: 23 7
world: 1.75 0.85 0.53
pixel: 23 8
world: 1.75 0.83 0.53
pixel: 23 9
world: 1.75 0.81 0.53
pixel: 23 10
world: 1.75 0.79 0.53
pixel: 23 11
world: 1.75 0.77 0.53
pixel: 23 12
world: 1.75 0.75 0.53
pixel: 23 13
world: 1.75 0.73 0.53
pixel: 23 14
world: 1.75 0.71 0.53
pixel: 23 15
world: 1.75 0.69 0.53
pixel: 23 16
world: 1.75 0.67 0.53
pixel: 23 17
world: 1.75 0.65 0.53
pixel: 23 18
world: 1.75 0.63 0.53
pixel: 23 19
world: 1.75 0.61 0.53
pixel: 23 20
world: 1.75 0.59 0.53
pixel: 23 21
world: 1.75 0.57 0.53
pixel: 23 22
world: 1.75 0.55 0.53
pixel: 23 23
world: 1.75 0.53 0.53
pixel: 23 24
world: 1.75 0.51 0.53
pixel: 23 25
world: 1.75 0.49 0.53
pixel: 23 26
world: 1.75 0.47 0.53
pixel: 23 27
world: 1.75 0.45 0.53
pixel: 23 28
world: 1.75 0.43 0.53
pixel: 23 29
world: 1.75 0.41 0.53
pixel: 23 30
world: 1.75 0.39 0.53
pixel: 23 31
world: 1.75 0.37 0.53
pixel: 23 32
world: 1.75 0.35 0.53
pixel: 23 33
world: 1.75 0.33 0.53
pixel: 23 34
world: 1.75 0.31 0.53
pixel: 23 35
world: 1.75 0.29 0.53
pixel: 23 36
world: 1.75 0.27 0.53
pixel: 23 37
world: 1.75 0.25 0.53
pixel: 23 38
world: 1.75 0.23 0.53
pixel: 23 39
world: 1.75 0.21 0.53
pixel: 23 40
world: 1.75 0.19 0.53
pixel: 23 41
world: 1.75 0.17 0.53
pixel: 23 42
world: 1.75 0.15 0.53
pixel: 23 43
world: 1.75 0.13 0.53
pixel: 23 44
world: 1.75 0.11 0.53
pixel: 23 45
world: 1.75 0.0899999 0.53
pixel: 23 46
world: 1.75 0.0699999 0.53
pixel: 23 47
world: 1.75 0.0499999 0.53
pixel: 23 48
world: 1.75 0.03 0.53
pixel: 23 49
world: 1.75 0.00999999 0.53
pixel: 23 50
world: 1.75 -0.00999999 0.53
pixel: 23 51
world: 1.75 -0.03 0.53
pixel: 23 52
world: 1.75 -0.0499999 0.53
pixel: 23 53
world: 1.75 -0.07 0.53
pixel: 23 54
world: 1.75 -0.09 0.53
pixel: 23 55
world: 1.75 -0.11 0.53
pixel: 23 56
world: 1.75 -0.13 0.53
pixel: 23 57
world: 1.75 -0.15 0.53
pixel: 23 58
world: 1.75 -0.17 0.53
pixel: 23 59
world: 1.75 -0.19 0.53
pixel: 23 60
world: 1.75 -0.21 0.53
pixel: 23 61
world: 1.75 -0.23 0.53
pixel: 23 62
world: 1.75 -0.25 0.53
pixel: 23 63
world: 1.75 -0.27 0.53
pixel: 23 64
world: 1.75 -0.29 0.53
pixel: 23 65
world: 1.75 -0.31 0.53
pixel: 23 66
world: 1.75 -0.33 0.53
pixel: 23 67
world: 1.75 -0.35 0.53
pixel: 23 68
world: 1.75 -0.37 0.53
pixel: 23 69
world: 1.75 -0.39 0.53
pixel: 23 70
world: 1.75 -0.41 0.53
pixel: 23 71
world: 1.75 -0.43 0.53
pixel: 23 72
world: 1.75 -0.45 0.53
pixel: 23 73
world: 1.75 -0.47 0.53
pixel: 23 74
world: 1.75 -0.49 0.53
pixel: 23 75
world: 1.75 -0.51 0.53
pixel: 23 76
world: 1.75 -0.53 0.53
pixel: 23 77
world: 1.75 -0.55 0.53
pixel: 23 78
world: 1.75 -0.57 0.53
pixel: 23 79
world: 1.75 -0.59 0.53
pixel: 23 80
world: 1.75 -0.61 0.53
pixel: 23 81
world: 1.75 -0.63 0.53
pixel: 23 82
world: 1.75 -0.65 0.53
pixel: 23 83
world: 1.75 -0.67 0.53
pixel: 23 84
world: 1.75 -0.69 0.53
pixel: 23 85
world: 1.75 -0.71 0.53
pixel: 23 86
world: 1.75 -0.73 0.53
pixel: 23 87
world: 1.75 -0.75 0.53
pixel: 23 88
world: 1.75 -0.77 0.53
pixel: 23 89
world: 1.75 -0.79 0.53
pixel: 23 90
world: 1.75 -0.81 0.53
pixel: 23 91
world: 1.75 -0.83 0.53
pixel: 23 92
world: 1.75 -0.85 0.53
pixel: 23 93
world: 1.75 -0.87 0.53
pixel: 23 94
world: 1.75 -0.89 0.53
pixel: 23 95
world: 1.75 -0.91 0.53
pixel: 23 96
world: 1.75 -0.93 0.53
pixel: 23 97
world: 1.75 -0.95 0.53
pixel: 23 98
world: 1.75 -0.97 0.53
pixel: 23 99
world: 1.75 -0.99 0.53
pixel: 24 0
world: 1.75 0.99 0.51
pixel: 24 1
world: 1.75 0.97 0.51
pixel: 24 2
world: 1.75 0.95 0.51
pixel: 24 3
world: 1.75 0.93 0.51
pixel: 24 4
world: 1.75 0.91 0.51
pixel: 24 5
world: 1.75 0.89 0.51
pixel: 24 6
world: 1.75 0.87 0.51
pixel: 24 7
world: 1.75 0.85 0.51
pixel: 24 8
world: 1.75 0.83 0.51
pixel: 24 9
world: 1.75 0.81 0.51
pixel: 24 10
world: 1.75 0.79 0.51
pixel: 24 11
world: 1.75 0.77 0.51
pixel: 24 12
world: 1.75 0.75 0.51
pixel: 24 13
world: 1.75 0.73 0.51
pixel: 24 14
world: 1.75 0.71 0.51
pixel: 24 15
world: 1.75 0.69 0.51
pixel: 24 16
world: 1.75 0.67 0.51
pixel: 24 17
world: 1.75 0.65 0.51
pixel: 24 18
world: 1.75 0.63 0.51
pixel: 24 19
world: 1.75 0.61 0.51
pixel: 24 20
world: 1.75 0.59 0.51
pixel: 24 21
world: 1.75 0.57 0.51
pixel: 24 22
world: 1.75 0.55 0.51
pixel: 24 23
world: 1.75 0.53 0.51
pixel: 24 24
world: 1.75 0.51 0.51
pixel: 24 25
world: 1.75 0.49 0.51
pixel: 24 26
world: 1.75 0.47 0.51
pixel: 24 27
world: 1.75 0.45 0.51
pixel: 24 28
world: 1.75 0.43 0.51
pixel: 24 29
world: 1.75 0.41 0.51
pixel: 24 30
world: 1.75 0.39 0.51
pixel: 24 31
world: 1.75 0.37 0.51
pixel: 24 32
world: 1.75 0.35 0.51
pixel: 24 33
world: 1.75 0.33 0.51
pixel: 24 34
world: 1.75 0.31 0.51
pixel: 24 35
world: 1.75 0.29 0.51
pixel: 24 36
world: 1.75 0.27 0.51
pixel: 24 37
world: 1.75 0.25 0.51
pixel: 24 38
world: 1.75 0.23 0.51
pixel: 24 39
world: 1.75 0.21 0.51
pixel: 24 40
world: 1.75 0.19 0.51
pixel: 24 41
world: 1.75 0.17 0.51
pixel: 24 42
world: 1.75 0.15 0.51
pixel: 24 43
world: 1.75 0.13 0.51
pixel: 24 44
world: 1.75 0.11 0.51
pixel: 24 45
world: 1.75 0.0899999 0.51
pixel: 24 46
world: 1.75 0.0699999 0.51
pixel: 24 47
world: 1.75 0.0499999 0.51
pixel: 24 48
world: 1.75 0.03 0.51
pixel: 24 49
world: 1.75 0.00999999 0.51
pixel: 24 50
world: 1.75 -0.00999999 0.51
pixel: 24 51
world: 1.75 -0.03 0.51
pixel: 24 52
world: 1.75 -0.0499999 0.51
pixel: 24 53
world: 1.75 -0.07 0.51
pixel: 24 54
world: 1.75 -0.09 0.51
pixel: 24 55
world: 1.75 -0.11 0.51
pixel: 24 56
world: 1.75 -0.13 0.51
pixel: 24 57
world: 1.75 -0.15 0.51
pixel: 24 58
world: 1.75 -0.17 0.51
pixel: 24 59
world: 1.75 -0.19 0.51
pixel: 24 60
world: 1.75 -0.21 0.51
pixel: 24 61
world: 1.75 -0.23 0.51
pixel: 24 62
world: 1.75 -0.25 0.51
pixel: 24 63
world: 1.75 -0.27 0.51
pixel: 24 64
world: 1.75 -0.29 0.51
pixel: 24 65
world: 1.75 -0.31 0.51
pixel: 24 66
world: 1.75 -0.33 0.51
pixel: 24 67
world: 1.75 -0.35 0.51
pixel: 24 68
world: 1.75 -0.37 0.51
pixel: 24 69
world: 1.75 -0.39 0.51
pixel: 24 70
world: 1.75 -0.41 0.51
pixel: 24 71
world: 1.75 -0.43 0.51
pixel: 24 72
world: 1.75 -0.45 0.51
pixel: 24 73
world: 1.75 -0.47 0.51
pixel: 24 74
world: 1.75 -0.49 0.51
pixel: 24 75
world: 1.75 -0.51 0.51
pixel: 24 76
world: 1.75 -0.53 0.51
pixel: 24 77
world: 1.75 -0.55 0.51
pixel: 24 78
world: 1.75 -0.57 0.51
pixel: 24 79
world: 1.75 -0.59 0.51
pixel: 24 80
world: 1.75 -0.61 0.51
pixel: 24 81
world: 1.75 -0.63 0.51
pixel: 24 82
world: 1.75 -0.65 0.51
pixel: 24 83
world: 1.75 -0.67 0.51
pixel: 24 84
world: 1.75 -0.69 0.51
pixel: 24 85
world: 1.75 -0.71 0.51
pixel: 24 86
world: 1.75 -0.73 0.51
pixel: 24 87
world: 1.75 -0.75 0.51
pixel: 24 88
world: 1.75 -0.77 0.51
pixel: 24 89
world: 1.75 -0.79 0.51
pixel: 24 90
world: 1.75 -0.81 0.51
pixel: 24 91
world: 1.75 -0.83 0.51
pixel: 24 92
world: 1.75 -0.85 0.51
pixel: 24 93
world: 1.75 -0.87 0.51
pixel: 24 94
world: 1.75 -0.89 0.51
pixel: 24 95
world: 1.75 -0.91 0.51
pixel: 24 96
world: 1.75 -0.93 0.51
pixel: 24 97
world: 1.75 -0.95 0.51
pixel: 24 98
world: 1.75 -0.97 0.51
pixel: 24 99
world: 1.75 -0.99 0.51
pixel: 25 0
world: 1.75 0.99 0.49
pixel: 25 1
world: 1.75 0.97 0.49
pixel: 25 2
world: 1.75 0.95 0.49
pixel: 25 3
world: 1.75 0.93 0.49
pixel: 25 4
world: 1.75 0.91 0.49
pixel: 25 5
world: 1.75 0.89 0.49
pixel: 25 6
world: 1.75 0.87 0.49
pixel: 25 7
world: 1.75 0.85 0.49
pixel: 25 8
world: 1.75 0.83 0.49
pixel: 25 9
world: 1.75 0.81 0.49
pixel: 25 10
world: 1.75 0.79 0.49
pixel: 25 11
world: 1.75 0.77 0.49
pixel: 25 12
world: 1.75 0.75 0.49
pixel: 25 13
world: 1.75 0.73 0.49
pixel: 25 14
world: 1.75 0.71 0.49
pixel: 25 15
world: 1.75 0.69 0.49
pixel: 25 16
world: 1.75 0.67 0.49
pixel: 25 17
world: 1.75 0.65 0.49
pixel: 25 18
world: 1.75 0.63 0.49
pixel: 25 19
world: 1.75 0.61 0.49
pixel: 25 20
world: 1.75 0.59 0.49
pixel: 25 21
world: 1.75 0.57 0.49
pixel: 25 22
world: 1.75 0.55 0.49
pixel: 25 23
world: 1.75 0.53 0.49
pixel: 25 24
world: 1.75 0.51 0.49
pixel: 25 25
world: 1.75 0.49 0.49
pixel: 25 26
world: 1.75 0.47 0.49
pixel: 25 27
world: 1.75 0.45 0.49
pixel: 25 28
world: 1.75 0.43 0.49
pixel: 25 29
world: 1.75 0.41 0.49
pixel: 25 30
world: 1.75 0.39 0.49
pixel: 25 31
world: 1.75 0.37 0.49
pixel: 25 32
world: 1.75 0.35 0.49
pixel: 25 33
world: 1.75 0.33 0.49
pixel: 25 34
world: 1.75 0.31 0.49
pixel: 25 35
world: 1.75 0.29 0.49
pixel: 25 36
world: 1.75 0.27 0.49
pixel: 25 37
world: 1.75 0.25 0.49
pixel: 25 38
world: 1.75 0.23 0.49
pixel: 25 39
world: 1.75 0.21 0.49
pixel: 25 40
world: 1.75 0.19 0.49
pixel: 25 41
world: 1.75 0.17 0.49
pixel: 25 42
world: 1.75 0.15 0.49
pixel: 25 43
world: 1.75 0.13 0.49
pixel: 25 44
world: 1.75 0.11 0.49
pixel: 25 45
world: 1.75 0.0899999 0.49
pixel: 25 46
world: 1.75 0.0699999 0.49
pixel: 25 47
world: 1.75 0.0499999 0.49
pixel: 25 48
world: 1.75 0.03 0.49
pixel: 25 49
world: 1.75 0.00999999 0.49
pixel: 25 50
world: 1.75 -0.00999999 0.49
pixel: 25 51
world: 1.75 -0.03 0.49
pixel: 25 52
world: 1.75 -0.0499999 0.49
pixel: 25 53
world: 1.75 -0.07 0.49
pixel: 25 54
world: 1.75 -0.09 0.49
pixel: 25 55
world: 1.75 -0.11 0.49
pixel: 25 56
world: 1.75 -0.13 0.49
pixel: 25 57
world: 1.75 -0.15 0.49
pixel: 25 58
world: 1.75 -0.17 0.49
pixel: 25 59
world: 1.75 -0.19 0.49
pixel: 25 60
world: 1.75 -0.21 0.49
pixel: 25 61
world: 1.75 -0.23 0.49
pixel: 25 62
world: 1.75 -0.25 0.49
pixel: 25 63
world: 1.75 -0.27 0.49
pixel: 25 64
world: 1.75 -0.29 0.49
pixel: 25 65
world: 1.75 -0.31 0.49
pixel: 25 66
world: 1.75 -0.33 0.49
pixel: 25 67
world: 1.75 -0.35 0.49
pixel: 25 68
world: 1.75 -0.37 0.49
pixel: 25 69
world: 1.75 -0.39 0.49
pixel: 25 70
world: 1.75 -0.41 0.49
pixel: 25 71
world: 1.75 -0.43 0.49
pixel: 25 72
world: 1.75 -0.45 0.49
pixel: 25 73
world: 1.75 -0.47 0.49
pixel: 25 74
world: 1.75 -0.49 0.49
pixel: 25 75
world: 1.75 -0.51 0.49
pixel: 25 76
world: 1.75 -0.53 0.49
pixel: 25 77
world: 1.75 -0.55 0.49
pixel: 25 78
world: 1.75 -0.57 0.49
pixel: 25 79
world: 1.75 -0.59 0.49
pixel: 25 80
world: 1.75 -0.61 0.49
pixel: 25 81
world: 1.75 -0.63 0.49
pixel: 25 82
world: 1.75 -0.65 0.49
pixel: 25 83
world: 1.75 -0.67 0.49
pixel: 25 84
world: 1.75 -0.69 0.49
pixel: 25 85
world: 1.75 -0.71 0.49
pixel: 25 86
world: 1.75 -0.73 0.49
pixel: 25 87
world: 1.75 -0.75 0.49
pixel: 25 88
world: 1.75 -0.77 0.49
pixel: 25 89
world: 1.75 -0.79 0.49
pixel: 25 90
world: 1.75 -0.81 0.49
pixel: 25 91
world: 1.75 -0.83 0.49
pixel: 25 92
world: 1.75 -0.85 0.49
pixel: 25 93
world: 1.75 -0.87 0.49
pixel: 25 94
world: 1.75 -0.89 0.49
pixel: 25 95
world: 1.75 -0.91 0.49
pixel: 25 96
world: 1.75 -0.93 0.49
pixel: 25 97
world: 1.75 -0.95 0.49
pixel: 25 98
world: 1.75 -0.97 0.49
pixel: 25 99
world: 1.75 -0.99 0.49
pixel: 26 0
world: 1.75 0.99 0.47
pixel: 26 1
world: 1.75 0.97 0.47
pixel: 26 2
world: 1.75 0.95 0.47
pixel: 26 3
world: 1.75 0.93 0.47
pixel: 26 4
world: 1.75 0.91 0.47
pixel: 26 5
world: 1.75 0.89 0.47
pixel: 26 6
world: 1.75 0.87 0.47
pixel: 26 7
world: 1.75 0.85 0.47
pixel: 26 8
world: 1.75 0.83 0.47
pixel: 26 9
world: 1.75 0.81 0.47
pixel: 26 10
world: 1.75 0.79 0.47
pixel: 26 11
world: 1.75 0.77 0.47
pixel: 26 12
world: 1.75 0.75 0.47
pixel: 26 13
world: 1.75 0.73 0.47
pixel: 26 14
world: 1.75 0.71 0.47
pixel: 26 15
world: 1.75 0.69 0.47
pixel: 26 16
world: 1.75 0.67 0.47
pixel: 26 17
world: 1.75 0.65 0.47
pixel: 26 18
world: 1.75 0.63 0.47
pixel: 26 19
world: 1.75 0.61 0.47
pixel: 26 20
world: 1.75 0.59 0.47
pixel: 26 21
world: 1.75 0.57 0.47
pixel: 26 22
world: 1.75 0.55 0.47
pixel: 26 23
world: 1.75 0.53 0.47
pixel: 26 24
world: 1.75 0.51 0.47
pixel: 26 25
world: 1.75 0.49 0.47
pixel: 26 26
world: 1.75 0.47 0.47
pixel: 26 27
world: 1.75 0.45 0.47
pixel: 26 28
world: 1.75 0.43 0.47
pixel: 26 29
world: 1.75 0.41 0.47
pixel: 26 30
world: 1.75 0.39 0.47
pixel: 26 31
world: 1.75 0.37 0.47
pixel: 26 32
world: 1.75 0.35 0.47
pixel: 26 33
world: 1.75 0.33 0.47
pixel: 26 34
world: 1.75 0.31 0.47
pixel: 26 35
world: 1.75 0.29 0.47
pixel: 26 36
world: 1.75 0.27 0.47
pixel: 26 37
world: 1.75 0.25 0.47
pixel: 26 38
world: 1.75 0.23 0.47
pixel: 26 39
world: 1.75 0.21 0.47
pixel: 26 40
world: 1.75 0.19 0.47
pixel: 26 41
world: 1.75 0.17 0.47
pixel: 26 42
world: 1.75 0.15 0.47
pixel: 26 43
world: 1.75 0.13 0.47
pixel: 26 44
world: 1.75 0.11 0.47
pixel: 26 45
world: 1.75 0.0899999 0.47
pixel: 26 46
world: 1.75 0.0699999 0.47
pixel: 26 47
world: 1.75 0.0499999 0.47
pixel: 26 48
world: 1.75 0.03 0.47
pixel: 26 49
world: 1.75 0.00999999 0.47
pixel: 26 50
world: 1.75 -0.00999999 0.47
pixel: 26 51
world: 1.75 -0.03 0.47
pixel: 26 52
world: 1.75 -0.0499999 0.47
pixel: 26 53
world: 1.75 -0.07 0.47
pixel: 26 54
world: 1.75 -0.09 0.47
pixel: 26 55
world: 1.75 -0.11 0.47
pixel: 26 56
world: 1.75 -0.13 0.47
pixel: 26 57
world: 1.75 -0.15 0.47
pixel: 26 58
world: 1.75 -0.17 0.47
pixel: 26 59
world: 1.75 -0.19 0.47
pixel: 26 60
world: 1.75 -0.21 0.47
pixel: 26 61
world: 1.75 -0.23 0.47
pixel: 26 62
world: 1.75 -0.25 0.47
pixel: 26 63
world: 1.75 -0.27 0.47
pixel: 26 64
world: 1.75 -0.29 0.47
pixel: 26 65
world: 1.75 -0.31 0.47
pixel: 26 66
world: 1.75 -0.33 0.47
pixel: 26 67
world: 1.75 -0.35 0.47
pixel: 26 68
world: 1.75 -0.37 0.47
pixel: 26 69
world: 1.75 -0.39 0.47
pixel: 26 70
world: 1.75 -0.41 0.47
pixel: 26 71
world: 1.75 -0.43 0.47
pixel: 26 72
world: 1.75 -0.45 0.47
pixel: 26 73
world: 1.75 -0.47 0.47
pixel: 26 74
world: 1.75 -0.49 0.47
pixel: 26 75
world: 1.75 -0.51 0.47
pixel: 26 76
world: 1.75 -0.53 0.47
pixel: 26 77
world: 1.75 -0.55 0.47
pixel: 26 78
world: 1.75 -0.57 0.47
pixel: 26 79
world: 1.75 -0.59 0.47
pixel: 26 80
world: 1.75 -0.61 0.47
pixel: 26 81
world: 1.75 -0.63 0.47
pixel: 26 82
world: 1.75 -0.65 0.47
pixel: 26 83
world: 1.75 -0.67 0.47
pixel: 26 84
world: 1.75 -0.69 0.47
pixel: 26 85
world: 1.75 -0.71 0.47
pixel: 26 86
world: 1.75 -0.73 0.47
pixel: 26 87
world: 1.75 -0.75 0.47
pixel: 26 88
world: 1.75 -0.77 0.47
pixel: 26 89
world: 1.75 -0.79 0.47
pixel: 26 90
world: 1.75 -0.81 0.47
pixel: 26 91
world: 1.75 -0.83 0.47
pixel: 26 92
world: 1.75 -0.85 0.47
pixel: 26 93
world: 1.75 -0.87 0.47
pixel: 26 94
world: 1.75 -0.89 0.47
pixel: 26 95
world: 1.75 -0.91 0.47
pixel: 26 96
world: 1.75 -0.93 0.47
pixel: 26 97
world: 1.75 -0.95 0.47
pixel: 26 98
world: 1.75 -0.97 0.47
pixel: 26 99
world: 1.75 -0.99 0.47
pixel: 27 0
world: 1.75 0.99 0.45
pixel: 27 1
world: 1.75 0.97 0.45
pixel: 27 2
world: 1.75 0.95 0.45
pixel: 27 3
world: 1.75 0.93 0.45
pixel: 27 4
world: 1.75 0.91 0.45
pixel: 27 5
world: 1.75 0.89 0.45
pixel: 27 6
world: 1.75 0.87 0.45
pixel: 27 7
world: 1.75 0.85 0.45
pixel: 27 8
world: 1.75 0.83 0.45
pixel: 27 9
world: 1.75 0.81 0.45
pixel: 27 10
world: 1.75 0.79 0.45
pixel: 27 11
world: 1.75 0.77 0.45
pixel: 27 12
world: 1.75 0.75 0.45
pixel: 27 13
world: 1.75 0.73 0.45
pixel: 27 14
world: 1.75 0.71 0.45
pixel: 27 15
world: 1.75 0.69 0.45
pixel: 27 16
world: 1.75 0.67 0.45
pixel: 27 17
world: 1.75 0.65 0.45
pixel: 27 18
world: 1.75 0.63 0.45
pixel: 27 19
world: 1.75 0.61 0.45
pixel: 27 20
world: 1.75 0.59 0.45
pixel: 27 21
world: 1.75 0.57 0.45
pixel: 27 22
world: 1.75 0.55 0.45
pixel: 27 23
world: 1.75 0.53 0.45
pixel: 27 24
world: 1.75 0.51 0.45
pixel: 27 25
world: 1.75 0.49 0.45
pixel: 27 26
world: 1.75 0.47 0.45
pixel: 27 27
world: 1.75 0.45 0.45
pixel: 27 28
world: 1.75 0.43 0.45
pixel: 27 29
world: 1.75 0.41 0.45
pixel: 27 30
world: 1.75 0.39 0.45
pixel: 27 31
world: 1.75 0.37 0.45
pixel: 27 32
world: 1.75 0.35 0.45
pixel: 27 33
world: 1.75 0.33 0.45
pixel: 27 34
world: 1.75 0.31 0.45
pixel: 27 35
world: 1.75 0.29 0.45
pixel: 27 36
world: 1.75 0.27 0.45
pixel: 27 37
world: 1.75 0.25 0.45
pixel: 27 38
world: 1.75 0.23 0.45
pixel: 27 39
world: 1.75 0.21 0.45
pixel: 27 40
world: 1.75 0.19 0.45
pixel: 27 41
world: 1.75 0.17 0.45
pixel: 27 42
world: 1.75 0.15 0.45
pixel: 27 43
world: 1.75 0.13 0.45
pixel: 27 44
world: 1.75 0.11 0.45
pixel: 27 45
world: 1.75 0.0899999 0.45
pixel: 27 46
world: 1.75 0.0699999 0.45
pixel: 27 47
world: 1.75 0.0499999 0.45
pixel: 27 48
world: 1.75 0.03 0.45
pixel: 27 49
world: 1.75 0.00999999 0.45
pixel: 27 50
world: 1.75 -0.00999999 0.45
pixel: 27 51
world: 1.75 -0.03 0.45
pixel: 27 52
world: 1.75 -0.0499999 0.45
pixel: 27 53
world: 1.75 -0.07 0.45
pixel: 27 54
world: 1.75 -0.09 0.45
pixel: 27 55
world: 1.75 -0.11 0.45
pixel: 27 56
world: 1.75 -0.13 0.45
pixel: 27 57
world: 1.75 -0.15 0.45
pixel: 27 58
world: 1.75 -0.17 0.45
pixel: 27 59
world: 1.75 -0.19 0.45
pixel: 27 60
world: 1.75 -0.21 0.45
pixel: 27 61
world: 1.75 -0.23 0.45
pixel: 27 62
world: 1.75 -0.25 0.45
pixel: 27 63
world: 1.75 -0.27 0.45
pixel: 27 64
world: 1.75 -0.29 0.45
pixel: 27 65
world: 1.75 -0.31 0.45
pixel: 27 66
world: 1.75 -0.33 0.45
pixel: 27 67
world: 1.75 -0.35 0.45
pixel: 27 68
world: 1.75 -0.37 0.45
pixel: 27 69
world: 1.75 -0.39 0.45
pixel: 27 70
world: 1.75 -0.41 0.45
pixel: 27 71
world: 1.75 -0.43 0.45
pixel: 27 72
world: 1.75 -0.45 0.45
pixel: 27 73
world: 1.75 -0.47 0.45
pixel: 27 74
world: 1.75 -0.49 0.45
pixel: 27 75
world: 1.75 -0.51 0.45
pixel: 27 76
world: 1.75 -0.53 0.45
pixel: 27 77
world: 1.75 -0.55 0.45
pixel: 27 78
world: 1.75 -0.57 0.45
pixel: 27 79
world: 1.75 -0.59 0.45
pixel: 27 80
world: 1.75 -0.61 0.45
pixel: 27 81
world: 1.75 -0.63 0.45
pixel: 27 82
world: 1.75 -0.65 0.45
pixel: 27 83
world: 1.75 -0.67 0.45
pixel: 27 84
world: 1.75 -0.69 0.45
pixel: 27 85
world: 1.75 -0.71 0.45
pixel: 27 86
world: 1.75 -0.73 0.45
pixel: 27 87
world: 1.75 -0.75 0.45
pixel: 27 88
world: 1.75 -0.77 0.45
pixel: 27 89
world: 1.75 -0.79 0.45
pixel: 27 90
world: 1.75 -0.81 0.45
pixel: 27 91
world: 1.75 -0.83 0.45
pixel: 27 92
world: 1.75 -0.85 0.45
pixel: 27 93
world: 1.75 -0.87 0.45
pixel: 27 94
world: 1.75 -0.89 0.45
pixel: 27 95
world: 1.75 -0.91 0.45
pixel: 27 96
world: 1.75 -0.93 0.45
pixel: 27 97
world: 1.75 -0.95 0.45
pixel: 27 98
world: 1.75 -0.97 0.45
pixel: 27 99
world: 1.75 -0.99 0.45
pixel: 28 0
world: 1.75 0.99 0.43
pixel: 28 1
world: 1.75 0.97 0.43
pixel: 28 2
world: 1.75 0.95 0.43
pixel: 28 3
world: 1.75 0.93 0.43
pixel: 28 4
world: 1.75 0.91 0.43
pixel: 28 5
world: 1.75 0.89 0.43
pixel: 28 6
world: 1.75 0.87 0.43
pixel: 28 7
world: 1.75 0.85 0.43
pixel: 28 8
world: 1.75 0.83 0.43
pixel: 28 9
world: 1.75 0.81 0.43
pixel: 28 10
world: 1.75 0.79 0.43
pixel: 28 11
world: 1.75 0.77 0.43
pixel: 28 12
world: 1.75 0.75 0.43
pixel: 28 13
world: 1.75 0.73 0.43
pixel: 28 14
world: 1.75 0.71 0.43
pixel: 28 15
world: 1.75 0.69 0.43
pixel: 28 16
world: 1.75 0.67 0.43
pixel: 28 17
world: 1.75 0.65 0.43
pixel: 28 18
world: 1.75 0.63 0.43
pixel: 28 19
world: 1.75 0.61 0.43
pixel: 28 20
world: 1.75 0.59 0.43
pixel: 28 21
world: 1.75 0.57 0.43
pixel: 28 22
world: 1.75 0.55 0.43
pixel: 28 23
world: 1.75 0.53 0.43
pixel: 28 24
world: 1.75 0.51 0.43
pixel: 28 25
world: 1.75 0.49 0.43
pixel: 28 26
world: 1.75 0.47 0.43
pixel: 28 27
world: 1.75 0.45 0.43
pixel: 28 28
world: 1.75 0.43 0.43
pixel: 28 29
world: 1.75 0.41 0.43
pixel: 28 30
world: 1.75 0.39 0.43
pixel: 28 31
world: 1.75 0.37 0.43
pixel: 28 32
world: 1.75 0.35 0.43
pixel: 28 33
world: 1.75 0.33 0.43
pixel: 28 34
world: 1.75 0.31 0.43
pixel: 28 35
world: 1.75 0.29 0.43
pixel: 28 36
world: 1.75 0.27 0.43
pixel: 28 37
world: 1.75 0.25 0.43
pixel: 28 38
world: 1.75 0.23 0.43
pixel: 28 39
world: 1.75 0.21 0.43
pixel: 28 40
world: 1.75 0.19 0.43
pixel: 28 41
world: 1.75 0.17 0.43
pixel: 28 42
world: 1.75 0.15 0.43
pixel: 28 43
world: 1.75 0.13 0.43
pixel: 28 44
world: 1.75 0.11 0.43
pixel: 28 45
world: 1.75 0.0899999 0.43
pixel: 28 46
world: 1.75 0.0699999 0.43
pixel: 28 47
world: 1.75 0.0499999 0.43
pixel: 28 48
world: 1.75 0.03 0.43
pixel: 28 49
world: 1.75 0.00999999 0.43
pixel: 28 50
world: 1.75 -0.00999999 0.43
pixel: 28 51
world: 1.75 -0.03 0.43
pixel: 28 52
world: 1.75 -0.0499999 0.43
pixel: 28 53
world: 1.75 -0.07 0.43
pixel: 28 54
world: 1.75 -0.09 0.43
pixel: 28 55
world: 1.75 -0.11 0.43
pixel: 28 56
world: 1.75 -0.13 0.43
pixel: 28 57
world: 1.75 -0.15 0.43
pixel: 28 58
world: 1.75 -0.17 0.43
pixel: 28 59
world: 1.75 -0.19 0.43
pixel: 28 60
world: 1.75 -0.21 0.43
pixel: 28 61
world: 1.75 -0.23 0.43
pixel: 28 62
world: 1.75 -0.25 0.43
pixel: 28 63
world: 1.75 -0.27 0.43
pixel: 28 64
world: 1.75 -0.29 0.43
pixel: 28 65
world: 1.75 -0.31 0.43
pixel: 28 66
world: 1.75 -0.33 0.43
pixel: 28 67
world: 1.75 -0.35 0.43
pixel: 28 68
world: 1.75 -0.37 0.43
pixel: 28 69
world: 1.75 -0.39 0.43
pixel: 28 70
world: 1.75 -0.41 0.43
pixel: 28 71
world: 1.75 -0.43 0.43
pixel: 28 72
world: 1.75 -0.45 0.43
pixel: 28 73
world: 1.75 -0.47 0.43
pixel: 28 74
world: 1.75 -0.49 0.43
pixel: 28 75
world: 1.75 -0.51 0.43
pixel: 28 76
world: 1.75 -0.53 0.43
pixel: 28 77
world: 1.75 -0.55 0.43
pixel: 28 78
world: 1.75 -0.57 0.43
pixel: 28 79
world: 1.75 -0.59 0.43
pixel: 28 80
world: 1.75 -0.61 0.43
pixel: 28 81
world: 1.75 -0.63 0.43
pixel: 28 82
world: 1.75 -0.65 0.43
pixel: 28 83
world: 1.75 -0.67 0.43
pixel: 28 84
world: 1.75 -0.69 0.43
pixel: 28 85
world: 1.75 -0.71 0.43
pixel: 28 86
world: 1.75 -0.73 0.43
pixel: 28 87
world: 1.75 -0.75 0.43
pixel: 28 88
world: 1.75 -0.77 0.43
pixel: 28 89
world: 1.75 -0.79 0.43
pixel: 28 90
world: 1.75 -0.81 0.43
pixel: 28 91
world: 1.75 -0.83 0.43
pixel: 28 92
world: 1.75 -0.85 0.43
pixel: 28 93
world: 1.75 -0.87 0.43
pixel: 28 94
world: 1.75 -0.89 0.43
pixel: 28 95
world: 1.75 -0.91 0.43
pixel: 28 96
world: 1.75 -0.93 0.43
pixel: 28 97
world: 1.75 -0.95 0.43
pixel: 28 98
world: 1.75 -0.97 0.43
pixel: 28 99
world: 1.75 -0.99 0.43
pixel: 29 0
world: 1.75 0.99 0.41
pixel: 29 1
world: 1.75 0.97 0.41
pixel: 29 2
world: 1.75 0.95 0.41
pixel: 29 3
world: 1.75 0.93 0.41
pixel: 29 4
world: 1.75 0.91 0.41
pixel: 29 5
world: 1.75 0.89 0.41
pixel: 29 6
world: 1.75 0.87 0.41
pixel: 29 7
world: 1.75 0.85 0.41
pixel: 29 8
world: 1.75 0.83 0.41
pixel: 29 9
world: 1.75 0.81 0.41
pixel: 29 10
world: 1.75 0.79 0.41
pixel: 29 11
world: 1.75 0.77 0.41
pixel: 29 12
world: 1.75 0.75 0.41
pixel: 29 13
world: 1.75 0.73 0.41
pixel: 29 14
world: 1.75 0.71 0.41
pixel: 29 15
world: 1.75 0.69 0.41
pixel: 29 16
world: 1.75 0.67 0.41
pixel: 29 17
world: 1.75 0.65 0.41
pixel: 29 18
world: 1.75 0.63 0.41
pixel: 29 19
world: 1.75 0.61 0.41
pixel: 29 20
world: 1.75 0.59 0.41
pixel: 29 21
world: 1.75 0.57 0.41
pixel: 29 22
world: 1.75 0.55 0.41
pixel: 29 23
world: 1.75 0.53 0.41
pixel: 29 24
world: 1.75 0.51 0.41
pixel: 29 25
world: 1.75 0.49 0.41
pixel: 29 26
world: 1.75 0.47 0.41
pixel: 29 27
world: 1.75 0.45 0.41
pixel: 29 28
world: 1.75 0.43 0.41
pixel: 29 29
world: 1.75 0.41 0.41
pixel: 29 30
world: 1.75 0.39 0.41
pixel: 29 31
world: 1.75 0.37 0.41
pixel: 29 32
world: 1.75 0.35 0.41
pixel: 29 33
world: 1.75 0.33 0.41
pixel: 29 34
world: 1.75 0.31 0.41
pixel: 29 35
world: 1.75 0.29 0.41
pixel: 29 36
world: 1.75 0.27 0.41
pixel: 29 37
world: 1.75 0.25 0.41
pixel: 29 38
world: 1.75 0.23 0.41
pixel: 29 39
world: 1.75 0.21 0.41
pixel: 29 40
world: 1.75 0.19 0.41
pixel: 29 41
world: 1.75 0.17 0.41
pixel: 29 42
world: 1.75 0.15 0.41
pixel: 29 43
world: 1.75 0.13 0.41
pixel: 29 44
world: 1.75 0.11 0.41
pixel: 29 45
world: 1.75 0.0899999 0.41
pixel: 29 46
world: 1.75 0.0699999 0.41
pixel: 29 47
world: 1.75 0.0499999 0.41
pixel: 29 48
world: 1.75 0.03 0.41
pixel: 29 49
world: 1.75 0.00999999 0.41
pixel: 29 50
world: 1.75 -0.00999999 0.41
pixel: 29 51
world: 1.75 -0.03 0.41
pixel: 29 52
world: 1.75 -0.0499999 0.41
pixel: 29 53
world: 1.75 -0.07 0.41
pixel: 29 54
world: 1.75 -0.09 0.41
pixel: 29 55
world: 1.75 -0.11 0.41
pixel: 29 56
world: 1.75 -0.13 0.41
pixel: 29 57
world: 1.75 -0.15 0.41
pixel: 29 58
world: 1.75 -0.17 0.41
pixel: 29 59
world: 1.75 -0.19 0.41
pixel: 29 60
world: 1.75 -0.21 0.41
pixel: 29 61
world: 1.75 -0.23 0.41
pixel: 29 62
world: 1.75 -0.25 0.41
pixel: 29 63
world: 1.75 -0.27 0.41
pixel: 29 64
world: 1.75 -0.29 0.41
pixel: 29 65
world: 1.75 -0.31 0.41
pixel: 29 66
world: 1.75 -0.33 0.41
pixel: 29 67
world: 1.75 -0.35 0.41
pixel: 29 68
world: 1.75 -0.37 0.41
pixel: 29 69
world: 1.75 -0.39 0.41
pixel: 29 70
world: 1.75 -0.41 0.41
pixel: 29 71
world: 1.75 -0.43 0.41
pixel: 29 72
world: 1.75 -0.45 0.41
pixel: 29 73
world: 1.75 -0.47 0.41
pixel: 29 74
world: 1.75 -0.49 0.41
pixel: 29 75
world: 1.75 -0.51 0.41
pixel: 29 76
world: 1.75 -0.53 0.41
pixel: 29 77
world: 1.75 -0.55 0.41
pixel: 29 78
world: 1.75 -0.57 0.41
pixel: 29 79
world: 1.75 -0.59 0.41
pixel: 29 80
world: 1.75 -0.61 0.41
pixel: 29 81
world: 1.75 -0.63 0.41
pixel: 29 82
world: 1.75 -0.65 0.41
pixel: 29 83
world: 1.75 -0.67 0.41
pixel: 29 84
world: 1.75 -0.69 0.41
pixel: 29 85
world: 1.75 -0.71 0.41
pixel: 29 86
world: 1.75 -0.73 0.41
pixel: 29 87
world: 1.75 -0.75 0.41
pixel: 29 88
world: 1.75 -0.77 0.41
pixel: 29 89
world: 1.75 -0.79 0.41
pixel: 29 90
world: 1.75 -0.81 0.41
pixel: 29 91
world: 1.75 -0.83 0.41
pixel: 29 92
world: 1.75 -0.85 0.41
pixel: 29 93
world: 1.75 -0.87 0.41
pixel: 29 94
world: 1.75 -0.89 0.41
pixel: 29 95
world: 1.75 -0.91 0.41
pixel: 29 96
world: 1.75 -0.93 0.41
pixel: 29 97
world: 1.75 -0.95 0.41
pixel: 29 98
world: 1.75 -0.97 0.41
pixel: 29 99
world: 1.75 -0.99 0.41
pixel: 30 0
world: 1.75 0.99 0.39
pixel: 30 1
world: 1.75 0.97 0.39
pixel: 30 2
world: 1.75 0.95 0.39
pixel: 30 3
world: 1.75 0.93 0.39
pixel: 30 4
world: 1.75 0.91 0.39
pixel: 30 5
world: 1.75 0.89 0.39
pixel: 30 6
world: 1.75 0.87 0.39
pixel: 30 7
world: 1.75 0.85 0.39
pixel: 30 8
world: 1.75 0.83 0.39
pixel: 30 9
world: 1.75 0.81 0.39
pixel: 30 10
world: 1.75 0.79 0.39
pixel: 30 11
world: 1.75 0.77 0.39
pixel: 30 12
world: 1.75 0.75 0.39
pixel: 30 13
world: 1.75 0.73 0.39
pixel: 30 14
world: 1.75 0.71 0.39
pixel: 30 15
world: 1.75 0.69 0.39
pixel: 30 16
world: 1.75 0.67 0.39
pixel: 30 17
world: 1.75 0.65 0.39
pixel: 30 18
world: 1.75 0.63 0.39
pixel: 30 19
world: 1.75 0.61 0.39
pixel: 30 20
world: 1.75 0.59 0.39
pixel: 30 21
world: 1.75 0.57 0.39
pixel: 30 22
world: 1.75 0.55 0.39
pixel: 30 23
world: 1.75 0.53 0.39
pixel: 30 24
world: 1.75 0.51 0.39
pixel: 30 25
world: 1.75 0.49 0.39
pixel: 30 26
world: 1.75 0.47 0.39
pixel: 30 27
world: 1.75 0.45 0.39
pixel: 30 28
world: 1.75 0.43 0.39
pixel: 30 29
world: 1.75 0.41 0.39
pixel: 30 30
world: 1.75 0.39 0.39
pixel: 30 31
world: 1.75 0.37 0.39
pixel: 30 32
world: 1.75 0.35 0.39
pixel: 30 33
world: 1.75 0.33 0.39
pixel: 30 34
world: 1.75 0.31 0.39
pixel: 30 35
world: 1.75 0.29 0.39
pixel: 30 36
world: 1.75 0.27 0.39
pixel: 30 37
world: 1.75 0.25 0.39
pixel: 30 38
world: 1.75 0.23 0.39
pixel: 30 39
world: 1.75 0.21 0.39
pixel: 30 40
world: 1.75 0.19 0.39
pixel: 30 41
world: 1.75 0.17 0.39
pixel: 30 42
world: 1.75 0.15 0.39
pixel: 30 43
world: 1.75 0.13 0.39
pixel: 30 44
world: 1.75 0.11 0.39
pixel: 30 45
world: 1.75 0.0899999 0.39
pixel: 30 46
world: 1.75 0.0699999 0.39
pixel: 30 47
world: 1.75 0.0499999 0.39
pixel: 30 48
world: 1.75 0.03 0.39
pixel: 30 49
world: 1.75 0.00999999 0.39
pixel: 30 50
world: 1.75 -0.00999999 0.39
pixel: 30 51
world: 1.75 -0.03 0.39
pixel: 30 52
world: 1.75 -0.0499999 0.39
pixel: 30 53
world: 1.75 -0.07 0.39
pixel: 30 54
world: 1.75 -0.09 0.39
pixel: 30 55
world: 1.75 -0.11 0.39
pixel: 30 56
world: 1.75 -0.13 0.39
pixel: 30 57
world: 1.75 -0.15 0.39
pixel: 30 58
world: 1.75 -0.17 0.39
pixel: 30 59
world: 1.75 -0.19 0.39
pixel: 30 60
world: 1.75 -0.21 0.39
pixel: 30 61
world: 1.75 -0.23 0.39
pixel: 30 62
world: 1.75 -0.25 0.39
pixel: 30 63
world: 1.75 -0.27 0.39
pixel: 30 64
world: 1.75 -0.29 0.39
pixel: 30 65
world: 1.75 -0.31 0.39
pixel: 30 66
world: 1.75 -0.33 0.39
pixel: 30 67
world: 1.75 -0.35 0.39
pixel: 30 68
world: 1.75 -0.37 0.39
pixel: 30 69
world: 1.75 -0.39 0.39
pixel: 30 70
world: 1.75 -0.41 0.39
pixel: 30 71
world: 1.75 -0.43 0.39
pixel: 30 72
world: 1.75 -0.45 0.39
pixel: 30 73
world: 1.75 -0.47 0.39
pixel: 30 74
world: 1.75 -0.49 0.39
pixel: 30 75
world: 1.75 -0.51 0.39
pixel: 30 76
world: 1.75 -0.53 0.39
pixel: 30 77
world: 1.75 -0.55 0.39
pixel: 30 78
world: 1.75 -0.57 0.39
pixel: 30 79
world: 1.75 -0.59 0.39
pixel: 30 80
world: 1.75 -0.61 0.39
pixel: 30 81
world: 1.75 -0.63 0.39
pixel: 30 82
world: 1.75 -0.65 0.39
pixel: 30 83
world: 1.75 -0.67 0.39
pixel: 30 84
world: 1.75 -0.69 0.39
pixel: 30 85
world: 1.75 -0.71 0.39
pixel: 30 86
world: 1.75 -0.73 0.39
pixel: 30 87
world: 1.75 -0.75 0.39
pixel: 30 88
world: 1.75 -0.77 0.39
pixel: 30 89
world: 1.75 -0.79 0.39
pixel: 30 90
world: 1.75 -0.81 0.39
pixel: 30 91
world: 1.75 -0.83 0.39
pixel: 30 92
world: 1.75 -0.85 0.39
pixel: 30 93
world: 1.75 -0.87 0.39
pixel: 30 94
world: 1.75 -0.89 0.39
pixel: 30 95
world: 1.75 -0.91 0.39
pixel: 30 96
world: 1.75 -0.93 0.39
pixel: 30 97
world: 1.75 -0.95 0.39
pixel: 30 98
world: 1.75 -0.97 0.39
pixel: 30 99
world: 1.75 -0.99 0.39
pixel: 31 0
world: 1.75 0.99 0.37
pixel: 31 1
world: 1.75 0.97 0.37
pixel: 31 2
world: 1.75 0.95 0.37
pixel: 31 3
world: 1.75 0.93 0.37
pixel: 31 4
world: 1.75 0.91 0.37
pixel: 31 5
world: 1.75 0.89 0.37
pixel: 31 6
world: 1.75 0.87 0.37
pixel: 31 7
world: 1.75 0.85 0.37
pixel: 31 8
world: 1.75 0.83 0.37
pixel: 31 9
world: 1.75 0.81 0.37
pixel: 31 10
world: 1.75 0.79 0.37
pixel: 31 11
world: 1.75 0.77 0.37
pixel: 31 12
world: 1.75 0.75 0.37
pixel: 31 13
world: 1.75 0.73 0.37
pixel: 31 14
world: 1.75 0.71 0.37
pixel: 31 15
world: 1.75 0.69 0.37
pixel: 31 16
world: 1.75 0.67 0.37
pixel: 31 17
world: 1.75 0.65 0.37
pixel: 31 18
world: 1.75 0.63 0.37
pixel: 31 19
world: 1.75 0.61 0.37
pixel: 31 20
world: 1.75 0.59 0.37
pixel: 31 21
world: 1.75 0.57 0.37
pixel: 31 22
world: 1.75 0.55 0.37
pixel: 31 23
world: 1.75 0.53 0.37
pixel: 31 24
world: 1.75 0.51 0.37
pixel: 31 25
world: 1.75 0.49 0.37
pixel: 31 26
world: 1.75 0.47 0.37
pixel: 31 27
world: 1.75 0.45 0.37
pixel: 31 28
world: 1.75 0.43 0.37
pixel: 31 29
world: 1.75 0.41 0.37
pixel: 31 30
world: 1.75 0.39 0.37
pixel: 31 31
world: 1.75 0.37 0.37
pixel: 31 32
world: 1.75 0.35 0.37
pixel: 31 33
world: 1.75 0.33 0.37
pixel: 31 34
world: 1.75 0.31 0.37
pixel: 31 35
world: 1.75 0.29 0.37
pixel: 31 36
world: 1.75 0.27 0.37
pixel: 31 37
world: 1.75 0.25 0.37
pixel: 31 38
world: 1.75 0.23 0.37
pixel: 31 39
world: 1.75 0.21 0.37
pixel: 31 40
world: 1.75 0.19 0.37
pixel: 31 41
world: 1.75 0.17 0.37
pixel: 31 42
world: 1.75 0.15 0.37
pixel: 31 43
world: 1.75 0.13 0.37
pixel: 31 44
world: 1.75 0.11 0.37
pixel: 31 45
world: 1.75 0.0899999 0.37
pixel: 31 46
world: 1.75 0.0699999 0.37
pixel: 31 47
world: 1.75 0.0499999 0.37
pixel: 31 48
world: 1.75 0.03 0.37
pixel: 31 49
world: 1.75 0.00999999 0.37
pixel: 31 50
world: 1.75 -0.00999999 0.37
pixel: 31 51
world: 1.75 -0.03 0.37
pixel: 31 52
world: 1.75 -0.0499999 0.37
pixel: 31 53
world: 1.75 -0.07 0.37
pixel: 31 54
world: 1.75 -0.09 0.37
pixel: 31 55
world: 1.75 -0.11 0.37
pixel: 31 56
world: 1.75 -0.13 0.37
pixel: 31 57
world: 1.75 -0.15 0.37
pixel: 31 58
world: 1.75 -0.17 0.37
pixel: 31 59
world: 1.75 -0.19 0.37
pixel: 31 60
world: 1.75 -0.21 0.37
pixel: 31 61
world: 1.75 -0.23 0.37
pixel: 31 62
world: 1.75 -0.25 0.37
pixel: 31 63
world: 1.75 -0.27 0.37
pixel: 31 64
world: 1.75 -0.29 0.37
pixel: 31 65
world: 1.75 -0.31 0.37
pixel: 31 66
world: 1.75 -0.33 0.37
pixel: 31 67
world: 1.75 -0.35 0.37
pixel: 31 68
world: 1.75 -0.37 0.37
pixel: 31 69
world: 1.75 -0.39 0.37
pixel: 31 70
world: 1.75 -0.41 0.37
pixel: 31 71
world: 1.75 -0.43 0.37
pixel: 31 72
world: 1.75 -0.45 0.37
pixel: 31 73
world: 1.75 -0.47 0.37
pixel: 31 74
world: 1.75 -0.49 0.37
pixel: 31 75
world: 1.75 -0.51 0.37
pixel: 31 76
world: 1.75 -0.53 0.37
pixel: 31 77
world: 1.75 -0.55 0.37
pixel: 31 78
world: 1.75 -0.57 0.37
pixel: 31 79
world: 1.75 -0.59 0.37
pixel: 31 80
world: 1.75 -0.61 0.37
pixel: 31 81
world: 1.75 -0.63 0.37
pixel: 31 82
world: 1.75 -0.65 0.37
pixel: 31 83
world: 1.75 -0.67 0.37
pixel: 31 84
world: 1.75 -0.69 0.37
pixel: 31 85
world: 1.75 -0.71 0.37
pixel: 31 86
world: 1.75 -0.73 0.37
pixel: 31 87
world: 1.75 -0.75 0.37
pixel: 31 88
world: 1.75 -0.77 0.37
pixel: 31 89
world: 1.75 -0.79 0.37
pixel: 31 90
world: 1.75 -0.81 0.37
pixel: 31 91
world: 1.75 -0.83 0.37
pixel: 31 92
world: 1.75 -0.85 0.37
pixel: 31 93
world: 1.75 -0.87 0.37
pixel: 31 94
world: 1.75 -0.89 0.37
pixel: 31 95
world: 1.75 -0.91 0.37
pixel: 31 96
world: 1.75 -0.93 0.37
pixel: 31 97
world: 1.75 -0.95 0.37
pixel: 31 98
world: 1.75 -0.97 0.37
pixel: 31 99
world: 1.75 -0.99 0.37
pixel: 32 0
world: 1.75 0.99 0.35
pixel: 32 1
world: 1.75 0.97 0.35
pixel: 32 2
world: 1.75 0.95 0.35
pixel: 32 3
world: 1.75 0.93 0.35
pixel: 32 4
world: 1.75 0.91 0.35
pixel: 32 5
world: 1.75 0.89 0.35
pixel: 32 6
world: 1.75 0.87 0.35
pixel: 32 7
world: 1.75 0.85 0.35
pixel: 32 8
world: 1.75 0.83 0.35
pixel: 32 9
world: 1.75 0.81 0.35
pixel: 32 10
world: 1.75 0.79 0.35
pixel: 32 11
world: 1.75 0.77 0.35
pixel: 32 12
world: 1.75 0.75 0.35
pixel: 32 13
world: 1.75 0.73 0.35
pixel: 32 14
world: 1.75 0.71 0.35
pixel: 32 15
world: 1.75 0.69 0.35
pixel: 32 16
world: 1.75 0.67 0.35
pixel: 32 17
world: 1.75 0.65 0.35
pixel: 32 18
world: 1.75 0.63 0.35
pixel: 32 19
world: 1.75 0.61 0.35
pixel: 32 20
world: 1.75 0.59 0.35
pixel: 32 21
world: 1.75 0.57 0.35
pixel: 32 22
world: 1.75 0.55 0.35
pixel: 32 23
world: 1.75 0.53 0.35
pixel: 32 24
world: 1.75 0.51 0.35
pixel: 32 25
world: 1.75 0.49 0.35
pixel: 32 26
world: 1.75 0.47 0.35
pixel: 32 27
world: 1.75 0.45 0.35
pixel: 32 28
world: 1.75 0.43 0.35
pixel: 32 29
world: 1.75 0.41 0.35
pixel: 32 30
world: 1.75 0.39 0.35
pixel: 32 31
world: 1.75 0.37 0.35
pixel: 32 32
world: 1.75 0.35 0.35
pixel: 32 33
world: 1.75 0.33 0.35
pixel: 32 34
world: 1.75 0.31 0.35
pixel: 32 35
world: 1.75 0.29 0.35
pixel: 32 36
world: 1.75 0.27 0.35
pixel: 32 37
world: 1.75 0.25 0.35
pixel: 32 38
world: 1.75 0.23 0.35
pixel: 32 39
world: 1.75 0.21 0.35
pixel: 32 40
world: 1.75 0.19 0.35
pixel: 32 41
world: 1.75 0.17 0.35
pixel: 32 42
world: 1.75 0.15 0.35
pixel: 32 43
world: 1.75 0.13 0.35
pixel: 32 44
world: 1.75 0.11 0.35
pixel: 32 45
world: 1.75 0.0899999 0.35
pixel: 32 46
world: 1.75 0.0699999 0.35
pixel: 32 47
world: 1.75 0.0499999 0.35
pixel: 32 48
world: 1.75 0.03 0.35
pixel: 32 49
world: 1.75 0.00999999 0.35
pixel: 32 50
world: 1.75 -0.00999999 0.35
pixel: 32 51
world: 1.75 -0.03 0.35
pixel: 32 52
world: 1.75 -0.0499999 0.35
pixel: 32 53
world: 1.75 -0.07 0.35
pixel: 32 54
world: 1.75 -0.09 0.35
pixel: 32 55
world: 1.75 -0.11 0.35
pixel: 32 56
world: 1.75 -0.13 0.35
pixel: 32 57
world: 1.75 -0.15 0.35
pixel: 32 58
world: 1.75 -0.17 0.35
pixel: 32 59
world: 1.75 -0.19 0.35
pixel: 32 60
world: 1.75 -0.21 0.35
pixel: 32 61
world: 1.75 -0.23 0.35
pixel: 32 62
world: 1.75 -0.25 0.35
pixel: 32 63
world: 1.75 -0.27 0.35
pixel: 32 64
world: 1.75 -0.29 0.35
pixel: 32 65
world: 1.75 -0.31 0.35
pixel: 32 66
world: 1.75 -0.33 0.35
pixel: 32 67
world: 1.75 -0.35 0.35
pixel: 32 68
world: 1.75 -0.37 0.35
pixel: 32 69
world: 1.75 -0.39 0.35
pixel: 32 70
world: 1.75 -0.41 0.35
pixel: 32 71
world: 1.75 -0.43 0.35
pixel: 32 72
world: 1.75 -0.45 0.35
pixel: 32 73
world: 1.75 -0.47 0.35
pixel: 32 74
world: 1.75 -0.49 0.35
pixel: 32 75
world: 1.75 -0.51 0.35
pixel: 32 76
world: 1.75 -0.53 0.35
pixel: 32 77
world: 1.75 -0.55 0.35
pixel: 32 78
world: 1.75 -0.57 0.35
pixel: 32 79
world: 1.75 -0.59 0.35
pixel: 32 80
world: 1.75 -0.61 0.35
pixel: 32 81
world: 1.75 -0.63 0.35
pixel: 32 82
world: 1.75 -0.65 0.35
pixel: 32 83
world: 1.75 -0.67 0.35
pixel: 32 84
world: 1.75 -0.69 0.35
pixel: 32 85
world: 1.75 -0.71 0.35
pixel: 32 86
world: 1.75 -0.73 0.35
pixel: 32 87
world: 1.75 -0.75 0.35
pixel: 32 88
world: 1.75 -0.77 0.35
pixel: 32 89
world: 1.75 -0.79 0.35
pixel: 32 90
world: 1.75 -0.81 0.35
pixel: 32 91
world: 1.75 -0.83 0.35
pixel: 32 92
world: 1.75 -0.85 0.35
pixel: 32 93
world: 1.75 -0.87 0.35
pixel: 32 94
world: 1.75 -0.89 0.35
pixel: 32 95
world: 1.75 -0.91 0.35
pixel: 32 96
world: 1.75 -0.93 0.35
pixel: 32 97
world: 1.75 -0.95 0.35
pixel: 32 98
world: 1.75 -0.97 0.35
pixel: 32 99
world: 1.75 -0.99 0.35
pixel: 33 0
world: 1.75 0.99 0.33
pixel: 33 1
world: 1.75 0.97 0.33
pixel: 33 2
world: 1.75 0.95 0.33
pixel: 33 3
world: 1.75 0.93 0.33
pixel: 33 4
world: 1.75 0.91 0.33
pixel: 33 5
world: 1.75 0.89 0.33
pixel: 33 6
world: 1.75 0.87 0.33
pixel: 33 7
world: 1.75 0.85 0.33
pixel: 33 8
world: 1.75 0.83 0.33
pixel: 33 9
world: 1.75 0.81 0.33
pixel: 33 10
world: 1.75 0.79 0.33
pixel: 33 11
world: 1.75 0.77 0.33
pixel: 33 12
world: 1.75 0.75 0.33
pixel: 33 13
world: 1.75 0.73 0.33
pixel: 33 14
world: 1.75 0.71 0.33
pixel: 33 15
world: 1.75 0.69 0.33
pixel: 33 16
world: 1.75 0.67 0.33
pixel: 33 17
world: 1.75 0.65 0.33
pixel: 33 18
world: 1.75 0.63 0.33
pixel: 33 19
world: 1.75 0.61 0.33
pixel: 33 20
world: 1.75 0.59 0.33
pixel: 33 21
world: 1.75 0.57 0.33
pixel: 33 22
world: 1.75 0.55 0.33
pixel: 33 23
world: 1.75 0.53 0.33
pixel: 33 24
world: 1.75 0.51 0.33
pixel: 33 25
world: 1.75 0.49 0.33
pixel: 33 26
world: 1.75 0.47 0.33
pixel: 33 27
world: 1.75 0.45 0.33
pixel: 33 28
world: 1.75 0.43 0.33
pixel: 33 29
world: 1.75 0.41 0.33
pixel: 33 30
world: 1.75 0.39 0.33
pixel: 33 31
world: 1.75 0.37 0.33
pixel: 33 32
world: 1.75 0.35 0.33
pixel: 33 33
world: 1.75 0.33 0.33
pixel: 33 34
world: 1.75 0.31 0.33
pixel: 33 35
world: 1.75 0.29 0.33
pixel: 33 36
world: 1.75 0.27 0.33
pixel: 33 37
world: 1.75 0.25 0.33
pixel: 33 38
world: 1.75 0.23 0.33
pixel: 33 39
world: 1.75 0.21 0.33
pixel: 33 40
world: 1.75 0.19 0.33
pixel: 33 41
world: 1.75 0.17 0.33
pixel: 33 42
world: 1.75 0.15 0.33
pixel: 33 43
world: 1.75 0.13 0.33
pixel: 33 44
world: 1.75 0.11 0.33
pixel: 33 45
world: 1.75 0.0899999 0.33
pixel: 33 46
world: 1.75 0.0699999 0.33
pixel: 33 47
world: 1.75 0.0499999 0.33
pixel: 33 48
world: 1.75 0.03 0.33
pixel: 33 49
world: 1.75 0.00999999 0.33
pixel: 33 50
world: 1.75 -0.00999999 0.33
pixel: 33 51
world: 1.75 -0.03 0.33
pixel: 33 52
world: 1.75 -0.0499999 0.33
pixel: 33 53
world: 1.75 -0.07 0.33
pixel: 33 54
world: 1.75 -0.09 0.33
pixel: 33 55
world: 1.75 -0.11 0.33
pixel: 33 56
world: 1.75 -0.13 0.33
pixel: 33 57
world: 1.75 -0.15 0.33
pixel: 33 58
world: 1.75 -0.17 0.33
pixel: 33 59
world: 1.75 -0.19 0.33
pixel: 33 60
world: 1.75 -0.21 0.33
pixel: 33 61
world: 1.75 -0.23 0.33
pixel: 33 62
world: 1.75 -0.25 0.33
pixel: 33 63
world: 1.75 -0.27 0.33
pixel: 33 64
world: 1.75 -0.29 0.33
pixel: 33 65
world: 1.75 -0.31 0.33
pixel: 33 66
world: 1.75 -0.33 0.33
pixel: 33 67
world: 1.75 -0.35 0.33
pixel: 33 68
world: 1.75 -0.37 0.33
pixel: 33 69
world: 1.75 -0.39 0.33
pixel: 33 70
world: 1.75 -0.41 0.33
pixel: 33 71
world: 1.75 -0.43 0.33
pixel: 33 72
world: 1.75 -0.45 0.33
pixel: 33 73
world: 1.75 -0.47 0.33
pixel: 33 74
world: 1.75 -0.49 0.33
pixel: 33 75
world: 1.75 -0.51 0.33
pixel: 33 76
world: 1.75 -0.53 0.33
pixel: 33 77
world: 1.75 -0.55 0.33
pixel: 33 78
world: 1.75 -0.57 0.33
pixel: 33 79
world: 1.75 -0.59 0.33
pixel: 33 80
world: 1.75 -0.61 0.33
pixel: 33 81
world: 1.75 -0.63 0.33
pixel: 33 82
world: 1.75 -0.65 0.33
pixel: 33 83
world: 1.75 -0.67 0.33
pixel: 33 84
world: 1.75 -0.69 0.33
pixel: 33 85
world: 1.75 -0.71 0.33
pixel: 33 86
world: 1.75 -0.73 0.33
pixel: 33 87
world: 1.75 -0.75 0.33
pixel: 33 88
world: 1.75 -0.77 0.33
pixel: 33 89
world: 1.75 -0.79 0.33
pixel: 33 90
world: 1.75 -0.81 0.33
pixel: 33 91
world: 1.75 -0.83 0.33
pixel: 33 92
world: 1.75 -0.85 0.33
pixel: 33 93
world: 1.75 -0.87 0.33
pixel: 33 94
world: 1.75 -0.89 0.33
pixel: 33 95
world: 1.75 -0.91 0.33
pixel: 33 96
world: 1.75 -0.93 0.33
pixel: 33 97
world: 1.75 -0.95 0.33
pixel: 33 98
world: 1.75 -0.97 0.33
pixel: 33 99
world: 1.75 -0.99 0.33
pixel: 34 0
world: 1.75 0.99 0.31
pixel: 34 1
world: 1.75 0.97 0.31
pixel: 34 2
world: 1.75 0.95 0.31
pixel: 34 3
world: 1.75 0.93 0.31
pixel: 34 4
world: 1.75 0.91 0.31
pixel: 34 5
world: 1.75 0.89 0.31
pixel: 34 6
world: 1.75 0.87 0.31
pixel: 34 7
world: 1.75 0.85 0.31
pixel: 34 8
world: 1.75 0.83 0.31
pixel: 34 9
world: 1.75 0.81 0.31
pixel: 34 10
world: 1.75 0.79 0.31
pixel: 34 11
world: 1.75 0.77 0.31
pixel: 34 12
world: 1.75 0.75 0.31
pixel: 34 13
world: 1.75 0.73 0.31
pixel: 34 14
world: 1.75 0.71 0.31
pixel: 34 15
world: 1.75 0.69 0.31
pixel: 34 16
world: 1.75 0.67 0.31
pixel: 34 17
world: 1.75 0.65 0.31
pixel: 34 18
world: 1.75 0.63 0.31
pixel: 34 19
world: 1.75 0.61 0.31
pixel: 34 20
world: 1.75 0.59 0.31
pixel: 34 21
world: 1.75 0.57 0.31
pixel: 34 22
world: 1.75 0.55 0.31
pixel: 34 23
world: 1.75 0.53 0.31
pixel: 34 24
world: 1.75 0.51 0.31
pixel: 34 25
world: 1.75 0.49 0.31
pixel: 34 26
world: 1.75 0.47 0.31
pixel: 34 27
world: 1.75 0.45 0.31
pixel: 34 28
world: 1.75 0.43 0.31
pixel: 34 29
world: 1.75 0.41 0.31
pixel: 34 30
world: 1.75 0.39 0.31
pixel: 34 31
world: 1.75 0.37 0.31
pixel: 34 32
world: 1.75 0.35 0.31
pixel: 34 33
world: 1.75 0.33 0.31
pixel: 34 34
world: 1.75 0.31 0.31
pixel: 34 35
world: 1.75 0.29 0.31
pixel: 34 36
world: 1.75 0.27 0.31
pixel: 34 37
world: 1.75 0.25 0.31
pixel: 34 38
world: 1.75 0.23 0.31
pixel: 34 39
world: 1.75 0.21 0.31
pixel: 34 40
world: 1.75 0.19 0.31
pixel: 34 41
world: 1.75 0.17 0.31
pixel: 34 42
world: 1.75 0.15 0.31
pixel: 34 43
world: 1.75 0.13 0.31
pixel: 34 44
world: 1.75 0.11 0.31
pixel: 34 45
world: 1.75 0.0899999 0.31
pixel: 34 46
world: 1.75 0.0699999 0.31
pixel: 34 47
world: 1.75 0.0499999 0.31
pixel: 34 48
world: 1.75 0.03 0.31
pixel: 34 49
world: 1.75 0.00999999 0.31
pixel: 34 50
world: 1.75 -0.00999999 0.31
pixel: 34 51
world: 1.75 -0.03 0.31
pixel: 34 52
world: 1.75 -0.0499999 0.31
pixel: 34 53
world: 1.75 -0.07 0.31
pixel: 34 54
world: 1.75 -0.09 0.31
pixel: 34 55
world: 1.75 -0.11 0.31
pixel: 34 56
world: 1.75 -0.13 0.31
pixel: 34 57
world: 1.75 -0.15 0.31
pixel: 34 58
world: 1.75 -0.17 0.31
pixel: 34 59
world: 1.75 -0.19 0.31
pixel: 34 60
world: 1.75 -0.21 0.31
pixel: 34 61
world: 1.75 -0.23 0.31
pixel: 34 62
world: 1.75 -0.25 0.31
pixel: 34 63
world: 1.75 -0.27 0.31
pixel: 34 64
world: 1.75 -0.29 0.31
pixel: 34 65
world: 1.75 -0.31 0.31
pixel: 34 66
world: 1.75 -0.33 0.31
pixel: 34 67
world: 1.75 -0.35 0.31
pixel: 34 68
world: 1.75 -0.37 0.31
pixel: 34 69
world: 1.75 -0.39 0.31
pixel: 34 70
world: 1.75 -0.41 0.31
pixel: 34 71
world: 1.75 -0.43 0.31
pixel: 34 72
world: 1.75 -0.45 0.31
pixel: 34 73
world: 1.75 -0.47 0.31
pixel: 34 74
world: 1.75 -0.49 0.31
pixel: 34 75
world: 1.75 -0.51 0.31
pixel: 34 76
world: 1.75 -0.53 0.31
pixel: 34 77
world: 1.75 -0.55 0.31
pixel: 34 78
world: 1.75 -0.57 0.31
pixel: 34 79
world: 1.75 -0.59 0.31
pixel: 34 80
world: 1.75 -0.61 0.31
pixel: 34 81
world: 1.75 -0.63 0.31
pixel: 34 82
world: 1.75 -0.65 0.31
pixel: 34 83
world: 1.75 -0.67 0.31
pixel: 34 84
world: 1.75 -0.69 0.31
pixel: 34 85
world: 1.75 -0.71 0.31
pixel: 34 86
world: 1.75 -0.73 0.31
pixel: 34 87
world: 1.75 -0.75 0.31
pixel: 34 88
world: 1.75 -0.77 0.31
pixel: 34 89
world: 1.75 -0.79 0.31
pixel: 34 90
world: 1.75 -0.81 0.31
pixel: 34 91
world: 1.75 -0.83 0.31
pixel: 34 92
world: 1.75 -0.85 0.31
pixel: 34 93
world: 1.75 -0.87 0.31
pixel: 34 94
world: 1.75 -0.89 0.31
pixel: 34 95
world: 1.75 -0.91 0.31
pixel: 34 96
world: 1.75 -0.93 0.31
pixel: 34 97
world: 1.75 -0.95 0.31
pixel: 34 98
world: 1.75 -0.97 0.31
pixel: 34 99
world: 1.75 -0.99 0.31
pixel: 35 0
world: 1.75 0.99 0.29
pixel: 35 1
world: 1.75 0.97 0.29
pixel: 35 2
world: 1.75 0.95 0.29
pixel: 35 3
world: 1.75 0.93 0.29
pixel: 35 4
world: 1.75 0.91 0.29
pixel: 35 5
world: 1.75 0.89 0.29
pixel: 35 6
world: 1.75 0.87 0.29
pixel: 35 7
world: 1.75 0.85 0.29
pixel: 35 8
world: 1.75 0.83 0.29
pixel: 35 9
world: 1.75 0.81 0.29
pixel: 35 10
world: 1.75 0.79 0.29
pixel: 35 11
world: 1.75 0.77 0.29
pixel: 35 12
world: 1.75 0.75 0.29
pixel: 35 13
world: 1.75 0.73 0.29
pixel: 35 14
world: 1.75 0.71 0.29
pixel: 35 15
world: 1.75 0.69 0.29
pixel: 35 16
world: 1.75 0.67 0.29
pixel: 35 17
world: 1.75 0.65 0.29
pixel: 35 18
world: 1.75 0.63 0.29
pixel: 35 19
world: 1.75 0.61 0.29
pixel: 35 20
world: 1.75 0.59 0.29
pixel: 35 21
world: 1.75 0.57 0.29
pixel: 35 22
world: 1.75 0.55 0.29
pixel: 35 23
world: 1.75 0.53 0.29
pixel: 35 24
world: 1.75 0.51 0.29
pixel: 35 25
world: 1.75 0.49 0.29
pixel: 35 26
world: 1.75 0.47 0.29
pixel: 35 27
world: 1.75 0.45 0.29
pixel: 35 28
world: 1.75 0.43 0.29
pixel: 35 29
world: 1.75 0.41 0.29
pixel: 35 30
world: 1.75 0.39 0.29
pixel: 35 31
world: 1.75 0.37 0.29
pixel: 35 32
world: 1.75 0.35 0.29
pixel: 35 33
world: 1.75 0.33 0.29
pixel: 35 34
world: 1.75 0.31 0.29
pixel: 35 35
world: 1.75 0.29 0.29
pixel: 35 36
world: 1.75 0.27 0.29
pixel: 35 37
world: 1.75 0.25 0.29
pixel: 35 38
world: 1.75 0.23 0.29
pixel: 35 39
world: 1.75 0.21 0.29
pixel: 35 40
world: 1.75 0.19 0.29
pixel: 35 41
world: 1.75 0.17 0.29
pixel: 35 42
world: 1.75 0.15 0.29
pixel: 35 43
world: 1.75 0.13 0.29
pixel: 35 44
world: 1.75 0.11 0.29
pixel: 35 45
world: 1.75 0.0899999 0.29
pixel: 35 46
world: 1.75 0.0699999 0.29
pixel: 35 47
world: 1.75 0.0499999 0.29
pixel: 35 48
world: 1.75 0.03 0.29
pixel: 35 49
world: 1.75 0.00999999 0.29
pixel: 35 50
world: 1.75 -0.00999999 0.29
pixel: 35 51
world: 1.75 -0.03 0.29
pixel: 35 52
world: 1.75 -0.0499999 0.29
pixel: 35 53
world: 1.75 -0.07 0.29
pixel: 35 54
world: 1.75 -0.09 0.29
pixel: 35 55
world: 1.75 -0.11 0.29
pixel: 35 56
world: 1.75 -0.13 0.29
pixel: 35 57
world: 1.75 -0.15 0.29
pixel: 35 58
world: 1.75 -0.17 0.29
pixel: 35 59
world: 1.75 -0.19 0.29
pixel: 35 60
world: 1.75 -0.21 0.29
pixel: 35 61
world: 1.75 -0.23 0.29
pixel: 35 62
world: 1.75 -0.25 0.29
pixel: 35 63
world: 1.75 -0.27 0.29
pixel: 35 64
world: 1.75 -0.29 0.29
pixel: 35 65
world: 1.75 -0.31 0.29
pixel: 35 66
world: 1.75 -0.33 0.29
pixel: 35 67
world: 1.75 -0.35 0.29
pixel: 35 68
world: 1.75 -0.37 0.29
pixel: 35 69
world: 1.75 -0.39 0.29
pixel: 35 70
world: 1.75 -0.41 0.29
pixel: 35 71
world: 1.75 -0.43 0.29
pixel: 35 72
world: 1.75 -0.45 0.29
pixel: 35 73
world: 1.75 -0.47 0.29
pixel: 35 74
world: 1.75 -0.49 0.29
pixel: 35 75
world: 1.75 -0.51 0.29
pixel: 35 76
world: 1.75 -0.53 0.29
pixel: 35 77
world: 1.75 -0.55 0.29
pixel: 35 78
world: 1.75 -0.57 0.29
pixel: 35 79
world: 1.75 -0.59 0.29
pixel: 35 80
world: 1.75 -0.61 0.29
pixel: 35 81
world: 1.75 -0.63 0.29
pixel: 35 82
world: 1.75 -0.65 0.29
pixel: 35 83
world: 1.75 -0.67 0.29
pixel: 35 84
world: 1.75 -0.69 0.29
pixel: 35 85
world: 1.75 -0.71 0.29
pixel: 35 86
world: 1.75 -0.73 0.29
pixel: 35 87
world: 1.75 -0.75 0.29
pixel: 35 88
world: 1.75 -0.77 0.29
pixel: 35 89
world: 1.75 -0.79 0.29
pixel: 35 90
world: 1.75 -0.81 0.29
pixel: 35 91
world: 1.75 -0.83 0.29
pixel: 35 92
world: 1.75 -0.85 0.29
pixel: 35 93
world: 1.75 -0.87 0.29
pixel: 35 94
world: 1.75 -0.89 0.29
pixel: 35 95
world: 1.75 -0.91 0.29
pixel: 35 96
world: 1.75 -0.93 0.29
pixel: 35 97
world: 1.75 -0.95 0.29
pixel: 35 98
world: 1.75 -0.97 0.29
pixel: 35 99
world: 1.75 -0.99 0.29
pixel: 36 0
world: 1.75 0.99 0.27
pixel: 36 1
world: 1.75 0.97 0.27
pixel: 36 2
world: 1.75 0.95 0.27
pixel: 36 3
world: 1.75 0.93 0.27
pixel: 36 4
world: 1.75 0.91 0.27
pixel: 36 5
world: 1.75 0.89 0.27
pixel: 36 6
world: 1.75 0.87 0.27
pixel: 36 7
world: 1.75 0.85 0.27
pixel: 36 8
world: 1.75 0.83 0.27
pixel: 36 9
world: 1.75 0.81 0.27
pixel: 36 10
world: 1.75 0.79 0.27
pixel: 36 11
world: 1.75 0.77 0.27
pixel: 36 12
world: 1.75 0.75 0.27
pixel: 36 13
world: 1.75 0.73 0.27
pixel: 36 14
world: 1.75 0.71 0.27
pixel: 36 15
world: 1.75 0.69 0.27
pixel: 36 16
world: 1.75 0.67 0.27
pixel: 36 17
world: 1.75 0.65 0.27
pixel: 36 18
world: 1.75 0.63 0.27
pixel: 36 19
world: 1.75 0.61 0.27
pixel: 36 20
world: 1.75 0.59 0.27
pixel: 36 21
world: 1.75 0.57 0.27
pixel: 36 22
world: 1.75 0.55 0.27
pixel: 36 23
world: 1.75 0.53 0.27
pixel: 36 24
world: 1.75 0.51 0.27
pixel: 36 25
world: 1.75 0.49 0.27
pixel: 36 26
world: 1.75 0.47 0.27
pixel: 36 27
world: 1.75 0.45 0.27
pixel: 36 28
world: 1.75 0.43 0.27
pixel: 36 29
world: 1.75 0.41 0.27
pixel: 36 30
world: 1.75 0.39 0.27
pixel: 36 31
world: 1.75 0.37 0.27
pixel: 36 32
world: 1.75 0.35 0.27
pixel: 36 33
world: 1.75 0.33 0.27
pixel: 36 34
world: 1.75 0.31 0.27
pixel: 36 35
world: 1.75 0.29 0.27
pixel: 36 36
world: 1.75 0.27 0.27
pixel: 36 37
world: 1.75 0.25 0.27
pixel: 36 38
world: 1.75 0.23 0.27
pixel: 36 39
world: 1.75 0.21 0.27
pixel: 36 40
world: 1.75 0.19 0.27
pixel: 36 41
world: 1.75 0.17 0.27
pixel: 36 42
world: 1.75 0.15 0.27
pixel: 36 43
world: 1.75 0.13 0.27
pixel: 36 44
world: 1.75 0.11 0.27
pixel: 36 45
world: 1.75 0.0899999 0.27
pixel: 36 46
world: 1.75 0.0699999 0.27
pixel: 36 47
world: 1.75 0.0499999 0.27
pixel: 36 48
world: 1.75 0.03 0.27
pixel: 36 49
world: 1.75 0.00999999 0.27
pixel: 36 50
world: 1.75 -0.00999999 0.27
pixel: 36 51
world: 1.75 -0.03 0.27
pixel: 36 52
world: 1.75 -0.0499999 0.27
pixel: 36 53
world: 1.75 -0.07 0.27
pixel: 36 54
world: 1.75 -0.09 0.27
pixel: 36 55
world: 1.75 -0.11 0.27
pixel: 36 56
world: 1.75 -0.13 0.27
pixel: 36 57
world: 1.75 -0.15 0.27
pixel: 36 58
world: 1.75 -0.17 0.27
pixel: 36 59
world: 1.75 -0.19 0.27
pixel: 36 60
world: 1.75 -0.21 0.27
pixel: 36 61
world: 1.75 -0.23 0.27
pixel: 36 62
world: 1.75 -0.25 0.27
pixel: 36 63
world: 1.75 -0.27 0.27
pixel: 36 64
world: 1.75 -0.29 0.27
pixel: 36 65
world: 1.75 -0.31 0.27
pixel: 36 66
world: 1.75 -0.33 0.27
pixel: 36 67
world: 1.75 -0.35 0.27
pixel: 36 68
world: 1.75 -0.37 0.27
pixel: 36 69
world: 1.75 -0.39 0.27
pixel: 36 70
world: 1.75 -0.41 0.27
pixel: 36 71
world: 1.75 -0.43 0.27
pixel: 36 72
world: 1.75 -0.45 0.27
pixel: 36 73
world: 1.75 -0.47 0.27
pixel: 36 74
world: 1.75 -0.49 0.27
pixel: 36 75
world: 1.75 -0.51 0.27
pixel: 36 76
world: 1.75 -0.53 0.27
pixel: 36 77
world: 1.75 -0.55 0.27
pixel: 36 78
world: 1.75 -0.57 0.27
pixel: 36 79
world: 1.75 -0.59 0.27
pixel: 36 80
world: 1.75 -0.61 0.27
pixel: 36 81
world: 1.75 -0.63 0.27
pixel: 36 82
world: 1.75 -0.65 0.27
pixel: 36 83
world: 1.75 -0.67 0.27
pixel: 36 84
world: 1.75 -0.69 0.27
pixel: 36 85
world: 1.75 -0.71 0.27
pixel: 36 86
world: 1.75 -0.73 0.27
pixel: 36 87
world: 1.75 -0.75 0.27
pixel: 36 88
world: 1.75 -0.77 0.27
pixel: 36 89
world: 1.75 -0.79 0.27
pixel: 36 90
world: 1.75 -0.81 0.27
pixel: 36 91
world: 1.75 -0.83 0.27
pixel: 36 92
world: 1.75 -0.85 0.27
pixel: 36 93
world: 1.75 -0.87 0.27
pixel: 36 94
world: 1.75 -0.89 0.27
pixel: 36 95
world: 1.75 -0.91 0.27
pixel: 36 96
world: 1.75 -0.93 0.27
pixel: 36 97
world: 1.75 -0.95 0.27
pixel: 36 98
world: 1.75 -0.97 0.27
pixel: 36 99
world: 1.75 -0.99 0.27
pixel: 37 0
world: 1.75 0.99 0.25
pixel: 37 1
world: 1.75 0.97 0.25
pixel: 37 2
world: 1.75 0.95 0.25
pixel: 37 3
world: 1.75 0.93 0.25
pixel: 37 4
world: 1.75 0.91 0.25
pixel: 37 5
world: 1.75 0.89 0.25
pixel: 37 6
world: 1.75 0.87 0.25
pixel: 37 7
world: 1.75 0.85 0.25
pixel: 37 8
world: 1.75 0.83 0.25
pixel: 37 9
world: 1.75 0.81 0.25
pixel: 37 10
world: 1.75 0.79 0.25
pixel: 37 11
world: 1.75 0.77 0.25
pixel: 37 12
world: 1.75 0.75 0.25
pixel: 37 13
world: 1.75 0.73 0.25
pixel: 37 14
world: 1.75 0.71 0.25
pixel: 37 15
world: 1.75 0.69 0.25
pixel: 37 16
world: 1.75 0.67 0.25
pixel: 37 17
world: 1.75 0.65 0.25
pixel: 37 18
world: 1.75 0.63 0.25
pixel: 37 19
world: 1.75 0.61 0.25
pixel: 37 20
world: 1.75 0.59 0.25
pixel: 37 21
world: 1.75 0.57 0.25
pixel: 37 22
world: 1.75 0.55 0.25
pixel: 37 23
world: 1.75 0.53 0.25
pixel: 37 24
world: 1.75 0.51 0.25
pixel: 37 25
world: 1.75 0.49 0.25
pixel: 37 26
world: 1.75 0.47 0.25
pixel: 37 27
world: 1.75 0.45 0.25
pixel: 37 28
world: 1.75 0.43 0.25
pixel: 37 29
world: 1.75 0.41 0.25
pixel: 37 30
world: 1.75 0.39 0.25
pixel: 37 31
world: 1.75 0.37 0.25
pixel: 37 32
world: 1.75 0.35 0.25
pixel: 37 33
world: 1.75 0.33 0.25
pixel: 37 34
world: 1.75 0.31 0.25
pixel: 37 35
world: 1.75 0.29 0.25
pixel: 37 36
world: 1.75 0.27 0.25
pixel: 37 37
world: 1.75 0.25 0.25
pixel: 37 38
world: 1.75 0.23 0.25
pixel: 37 39
world: 1.75 0.21 0.25
pixel: 37 40
world: 1.75 0.19 0.25
pixel: 37 41
world: 1.75 0.17 0.25
pixel: 37 42
world: 1.75 0.15 0.25
pixel: 37 43
world: 1.75 0.13 0.25
pixel: 37 44
world: 1.75 0.11 0.25
pixel: 37 45
world: 1.75 0.0899999 0.25
pixel: 37 46
world: 1.75 0.0699999 0.25
pixel: 37 47
world: 1.75 0.0499999 0.25
pixel: 37 48
world: 1.75 0.03 0.25
pixel: 37 49
world: 1.75 0.00999999 0.25
pixel: 37 50
world: 1.75 -0.00999999 0.25
pixel: 37 51
world: 1.75 -0.03 0.25
pixel: 37 52
world: 1.75 -0.0499999 0.25
pixel: 37 53
world: 1.75 -0.07 0.25
pixel: 37 54
world: 1.75 -0.09 0.25
pixel: 37 55
world: 1.75 -0.11 0.25
pixel: 37 56
world: 1.75 -0.13 0.25
pixel: 37 57
world: 1.75 -0.15 0.25
pixel: 37 58
world: 1.75 -0.17 0.25
pixel: 37 59
world: 1.75 -0.19 0.25
pixel: 37 60
world: 1.75 -0.21 0.25
pixel: 37 61
world: 1.75 -0.23 0.25
pixel: 37 62
world: 1.75 -0.25 0.25
pixel: 37 63
world: 1.75 -0.27 0.25
pixel: 37 64
world: 1.75 -0.29 0.25
pixel: 37 65
world: 1.75 -0.31 0.25
pixel: 37 66
world: 1.75 -0.33 0.25
pixel: 37 67
world: 1.75 -0.35 0.25
pixel: 37 68
world: 1.75 -0.37 0.25
pixel: 37 69
world: 1.75 -0.39 0.25
pixel: 37 70
world: 1.75 -0.41 0.25
pixel: 37 71
world: 1.75 -0.43 0.25
pixel: 37 72
world: 1.75 -0.45 0.25
pixel: 37 73
world: 1.75 -0.47 0.25
pixel: 37 74
world: 1.75 -0.49 0.25
pixel: 37 75
world: 1.75 -0.51 0.25
pixel: 37 76
world: 1.75 -0.53 0.25
pixel: 37 77
world: 1.75 -0.55 0.25
pixel: 37 78
world: 1.75 -0.57 0.25
pixel: 37 79
world: 1.75 -0.59 0.25
pixel: 37 80
world: 1.75 -0.61 0.25
pixel: 37 81
world: 1.75 -0.63 0.25
pixel: 37 82
world: 1.75 -0.65 0.25
pixel: 37 83
world: 1.75 -0.67 0.25
pixel: 37 84
world: 1.75 -0.69 0.25
pixel: 37 85
world: 1.75 -0.71 0.25
pixel: 37 86
world: 1.75 -0.73 0.25
pixel: 37 87
world: 1.75 -0.75 0.25
pixel: 37 88
world: 1.75 -0.77 0.25
pixel: 37 89
world: 1.75 -0.79 0.25
pixel: 37 90
world: 1.75 -0.81 0.25
pixel: 37 91
world: 1.75 -0.83 0.25
pixel: 37 92
world: 1.75 -0.85 0.25
pixel: 37 93
world: 1.75 -0.87 0.25
pixel: 37 94
world: 1.75 -0.89 0.25
pixel: 37 95
world: 1.75 -0.91 0.25
pixel: 37 96
world: 1.75 -0.93 0.25
pixel: 37 97
world: 1.75 -0.95 0.25
pixel: 37 98
world: 1.75 -0.97 0.25
pixel: 37 99
world: 1.75 -0.99 0.25
pixel: 38 0
world: 1.75 0.99 0.23
pixel: 38 1
world: 1.75 0.97 0.23
pixel: 38 2
world: 1.75 0.95 0.23
pixel: 38 3
world: 1.75 0.93 0.23
pixel: 38 4
world: 1.75 0.91 0.23
pixel: 38 5
world: 1.75 0.89 0.23
pixel: 38 6
world: 1.75 0.87 0.23
pixel: 38 7
world: 1.75 0.85 0.23
pixel: 38 8
world: 1.75 0.83 0.23
pixel: 38 9
world: 1.75 0.81 0.23
pixel: 38 10
world: 1.75 0.79 0.23
pixel: 38 11
world: 1.75 0.77 0.23
pixel: 38 12
world: 1.75 0.75 0.23
pixel: 38 13
world: 1.75 0.73 0.23
pixel: 38 14
world: 1.75 0.71 0.23
pixel: 38 15
world: 1.75 0.69 0.23
pixel: 38 16
world: 1.75 0.67 0.23
pixel: 38 17
world: 1.75 0.65 0.23
pixel: 38 18
world: 1.75 0.63 0.23
pixel: 38 19
world: 1.75 0.61 0.23
pixel: 38 20
world: 1.75 0.59 0.23
pixel: 38 21
world: 1.75 0.57 0.23
pixel: 38 22
world: 1.75 0.55 0.23
pixel: 38 23
world: 1.75 0.53 0.23
pixel: 38 24
world: 1.75 0.51 0.23
pixel: 38 25
world: 1.75 0.49 0.23
pixel: 38 26
world: 1.75 0.47 0.23
pixel: 38 27
world: 1.75 0.45 0.23
pixel: 38 28
world: 1.75 0.43 0.23
pixel: 38 29
world: 1.75 0.41 0.23
pixel: 38 30
world: 1.75 0.39 0.23
pixel: 38 31
world: 1.75 0.37 0.23
pixel: 38 32
world: 1.75 0.35 0.23
pixel: 38 33
world: 1.75 0.33 0.23
pixel: 38 34
world: 1.75 0.31 0.23
pixel: 38 35
world: 1.75 0.29 0.23
pixel: 38 36
world: 1.75 0.27 0.23
pixel: 38 37
world: 1.75 0.25 0.23
pixel: 38 38
world: 1.75 0.23 0.23
pixel: 38 39
world: 1.75 0.21 0.23
pixel: 38 40
world: 1.75 0.19 0.23
pixel: 38 41
world: 1.75 0.17 0.23
pixel: 38 42
world: 1.75 0.15 0.23
pixel: 38 43
world: 1.75 0.13 0.23
pixel: 38 44
world: 1.75 0.11 0.23
pixel: 38 45
world: 1.75 0.0899999 0.23
pixel: 38 46
world: 1.75 0.0699999 0.23
pixel: 38 47
world: 1.75 0.0499999 0.23
pixel: 38 48
world: 1.75 0.03 0.23
pixel: 38 49
world: 1.75 0.00999999 0.23
pixel: 38 50
world: 1.75 -0.00999999 0.23
pixel: 38 51
world: 1.75 -0.03 0.23
pixel: 38 52
world: 1.75 -0.0499999 0.23
pixel: 38 53
world: 1.75 -0.07 0.23
pixel: 38 54
world: 1.75 -0.09 0.23
pixel: 38 55
world: 1.75 -0.11 0.23
pixel: 38 56
world: 1.75 -0.13 0.23
pixel: 38 57
world: 1.75 -0.15 0.23
pixel: 38 58
world: 1.75 -0.17 0.23
pixel: 38 59
world: 1.75 -0.19 0.23
pixel: 38 60
world: 1.75 -0.21 0.23
pixel: 38 61
world: 1.75 -0.23 0.23
pixel: 38 62
world: 1.75 -0.25 0.23
pixel: 38 63
world: 1.75 -0.27 0.23
pixel: 38 64
world: 1.75 -0.29 0.23
pixel: 38 65
world: 1.75 -0.31 0.23
pixel: 38 66
world: 1.75 -0.33 0.23
pixel: 38 67
world: 1.75 -0.35 0.23
pixel: 38 68
world: 1.75 -0.37 0.23
pixel: 38 69
world: 1.75 -0.39 0.23
pixel: 38 70
world: 1.75 -0.41 0.23
pixel: 38 71
world: 1.75 -0.43 0.23
pixel: 38 72
world: 1.75 -0.45 0.23
pixel: 38 73
world: 1.75 -0.47 0.23
pixel: 38 74
world: 1.75 -0.49 0.23
pixel: 38 75
world: 1.75 -0.51 0.23
pixel: 38 76
world: 1.75 -0.53 0.23
pixel: 38 77
world: 1.75 -0.55 0.23
pixel: 38 78
world: 1.75 -0.57 0.23
pixel: 38 79
world: 1.75 -0.59 0.23
pixel: 38 80
world: 1.75 -0.61 0.23
pixel: 38 81
world: 1.75 -0.63 0.23
pixel: 38 82
world: 1.75 -0.65 0.23
pixel: 38 83
world: 1.75 -0.67 0.23
pixel: 38 84
world: 1.75 -0.69 0.23
pixel: 38 85
world: 1.75 -0.71 0.23
pixel: 38 86
world: 1.75 -0.73 0.23
pixel: 38 87
world: 1.75 -0.75 0.23
pixel: 38 88
world: 1.75 -0.77 0.23
pixel: 38 89
world: 1.75 -0.79 0.23
pixel: 38 90
world: 1.75 -0.81 0.23
pixel: 38 91
world: 1.75 -0.83 0.23
pixel: 38 92
world: 1.75 -0.85 0.23
pixel: 38 93
world: 1.75 -0.87 0.23
pixel: 38 94
world: 1.75 -0.89 0.23
pixel: 38 95
world: 1.75 -0.91 0.23
pixel: 38 96
world: 1.75 -0.93 0.23
pixel: 38 97
world: 1.75 -0.95 0.23
pixel: 38 98
world: 1.75 -0.97 0.23
pixel: 38 99
world: 1.75 -0.99 0.23
pixel: 39 0
world: 1.75 0.99 0.21
pixel: 39 1
world: 1.75 0.97 0.21
pixel: 39 2
world: 1.75 0.95 0.21
pixel: 39 3
world: 1.75 0.93 0.21
pixel: 39 4
world: 1.75 0.91 0.21
pixel: 39 5
world: 1.75 0.89 0.21
pixel: 39 6
world: 1.75 0.87 0.21
pixel: 39 7
world: 1.75 0.85 0.21
pixel: 39 8
world: 1.75 0.83 0.21
pixel: 39 9
world: 1.75 0.81 0.21
pixel: 39 10
world: 1.75 0.79 0.21
pixel: 39 11
world: 1.75 0.77 0.21
pixel: 39 12
world: 1.75 0.75 0.21
pixel: 39 13
world: 1.75 0.73 0.21
pixel: 39 14
world: 1.75 0.71 0.21
pixel: 39 15
world: 1.75 0.69 0.21
pixel: 39 16
world: 1.75 0.67 0.21
pixel: 39 17
world: 1.75 0.65 0.21
pixel: 39 18
world: 1.75 0.63 0.21
pixel: 39 19
world: 1.75 0.61 0.21
pixel: 39 20
world: 1.75 0.59 0.21
pixel: 39 21
world: 1.75 0.57 0.21
pixel: 39 22
world: 1.75 0.55 0.21
pixel: 39 23
world: 1.75 0.53 0.21
pixel: 39 24
world: 1.75 0.51 0.21
pixel: 39 25
world: 1.75 0.49 0.21
pixel: 39 26
world: 1.75 0.47 0.21
pixel: 39 27
world: 1.75 0.45 0.21
pixel: 39 28
world: 1.75 0.43 0.21
pixel: 39 29
world: 1.75 0.41 0.21
pixel: 39 30
world: 1.75 0.39 0.21
pixel: 39 31
world: 1.75 0.37 0.21
pixel: 39 32
world: 1.75 0.35 0.21
pixel: 39 33
world: 1.75 0.33 0.21
pixel: 39 34
world: 1.75 0.31 0.21
pixel: 39 35
world: 1.75 0.29 0.21
pixel: 39 36
world: 1.75 0.27 0.21
pixel: 39 37
world: 1.75 0.25 0.21
pixel: 39 38
world: 1.75 0.23 0.21
pixel: 39 39
world: 1.75 0.21 0.21
pixel: 39 40
world: 1.75 0.19 0.21
pixel: 39 41
world: 1.75 0.17 0.21
pixel: 39 42
world: 1.75 0.15 0.21
pixel: 39 43
world: 1.75 0.13 0.21
pixel: 39 44
world: 1.75 0.11 0.21
pixel: 39 45
world: 1.75 0.0899999 0.21
pixel: 39 46
world: 1.75 0.0699999 0.21
pixel: 39 47
world: 1.75 0.0499999 0.21
pixel: 39 48
world: 1.75 0.03 0.21
pixel: 39 49
world: 1.75 0.00999999 0.21
pixel: 39 50
world: 1.75 -0.00999999 0.21
pixel: 39 51
world: 1.75 -0.03 0.21
pixel: 39 52
world: 1.75 -0.0499999 0.21
pixel: 39 53
world: 1.75 -0.07 0.21
pixel: 39 54
world: 1.75 -0.09 0.21
pixel: 39 55
world: 1.75 -0.11 0.21
pixel: 39 56
world: 1.75 -0.13 0.21
pixel: 39 57
world: 1.75 -0.15 0.21
pixel: 39 58
world: 1.75 -0.17 0.21
pixel: 39 59
world: 1.75 -0.19 0.21
pixel: 39 60
world: 1.75 -0.21 0.21
pixel: 39 61
world: 1.75 -0.23 0.21
pixel: 39 62
world: 1.75 -0.25 0.21
pixel: 39 63
world: 1.75 -0.27 0.21
pixel: 39 64
world: 1.75 -0.29 0.21
pixel: 39 65
world: 1.75 -0.31 0.21
pixel: 39 66
world: 1.75 -0.33 0.21
pixel: 39 67
world: 1.75 -0.35 0.21
pixel: 39 68
world: 1.75 -0.37 0.21
pixel: 39 69
world: 1.75 -0.39 0.21
pixel: 39 70
world: 1.75 -0.41 0.21
pixel: 39 71
world: 1.75 -0.43 0.21
pixel: 39 72
world: 1.75 -0.45 0.21
pixel: 39 73
world: 1.75 -0.47 0.21
pixel: 39 74
world: 1.75 -0.49 0.21
pixel: 39 75
world: 1.75 -0.51 0.21
pixel: 39 76
world: 1.75 -0.53 0.21
pixel: 39 77
world: 1.75 -0.55 0.21
pixel: 39 78
world: 1.75 -0.57 0.21
pixel: 39 79
world: 1.75 -0.59 0.21
pixel: 39 80
world: 1.75 -0.61 0.21
pixel: 39 81
world: 1.75 -0.63 0.21
pixel: 39 82
world: 1.75 -0.65 0.21
pixel: 39 83
world: 1.75 -0.67 0.21
pixel: 39 84
world: 1.75 -0.69 0.21
pixel: 39 85
world: 1.75 -0.71 0.21
pixel: 39 86
world: 1.75 -0.73 0.21
pixel: 39 87
world: 1.75 -0.75 0.21
pixel: 39 88
world: 1.75 -0.77 0.21
pixel: 39 89
world: 1.75 -0.79 0.21
pixel: 39 90
world: 1.75 -0.81 0.21
pixel: 39 91
world: 1.75 -0.83 0.21
pixel: 39 92
world: 1.75 -0.85 0.21
pixel: 39 93
world: 1.75 -0.87 0.21
pixel: 39 94
world: 1.75 -0.89 0.21
pixel: 39 95
world: 1.75 -0.91 0.21
pixel: 39 96
world: 1.75 -0.93 0.21
pixel: 39 97
world: 1.75 -0.95 0.21
pixel: 39 98
world: 1.75 -0.97 0.21
pixel: 39 99
world: 1.75 -0.99 0.21
pixel: 40 0
world: 1.75 0.99 0.19
pixel: 40 1
world: 1.75 0.97 0.19
pixel: 40 2
world: 1.75 0.95 0.19
pixel: 40 3
world: 1.75 0.93 0.19
pixel: 40 4
world: 1.75 0.91 0.19
pixel: 40 5
world: 1.75 0.89 0.19
pixel: 40 6
world: 1.75 0.87 0.19
pixel: 40 7
world: 1.75 0.85 0.19
pixel: 40 8
world: 1.75 0.83 0.19
pixel: 40 9
world: 1.75 0.81 0.19
pixel: 40 10
world: 1.75 0.79 0.19
pixel: 40 11
world: 1.75 0.77 0.19
pixel: 40 12
world: 1.75 0.75 0.19
pixel: 40 13
world: 1.75 0.73 0.19
pixel: 40 14
world: 1.75 0.71 0.19
pixel: 40 15
world: 1.75 0.69 0.19
pixel: 40 16
world: 1.75 0.67 0.19
pixel: 40 17
world: 1.75 0.65 0.19
pixel: 40 18
world: 1.75 0.63 0.19
pixel: 40 19
world: 1.75 0.61 0.19
pixel: 40 20
world: 1.75 0.59 0.19
pixel: 40 21
world: 1.75 0.57 0.19
pixel: 40 22
world: 1.75 0.55 0.19
pixel: 40 23
world: 1.75 0.53 0.19
pixel: 40 24
world: 1.75 0.51 0.19
pixel: 40 25
world: 1.75 0.49 0.19
pixel: 40 26
world: 1.75 0.47 0.19
pixel: 40 27
world: 1.75 0.45 0.19
pixel: 40 28
world: 1.75 0.43 0.19
pixel: 40 29
world: 1.75 0.41 0.19
pixel: 40 30
world: 1.75 0.39 0.19
pixel: 40 31
world: 1.75 0.37 0.19
pixel: 40 32
world: 1.75 0.35 0.19
pixel: 40 33
world: 1.75 0.33 0.19
pixel: 40 34
world: 1.75 0.31 0.19
pixel: 40 35
world: 1.75 0.29 0.19
pixel: 40 36
world: 1.75 0.27 0.19
pixel: 40 37
world: 1.75 0.25 0.19
pixel: 40 38
world: 1.75 0.23 0.19
pixel: 40 39
world: 1.75 0.21 0.19
pixel: 40 40
world: 1.75 0.19 0.19
pixel: 40 41
world: 1.75 0.17 0.19
pixel: 40 42
world: 1.75 0.15 0.19
pixel: 40 43
world: 1.75 0.13 0.19
pixel: 40 44
world: 1.75 0.11 0.19
pixel: 40 45
world: 1.75 0.0899999 0.19
pixel: 40 46
world: 1.75 0.0699999 0.19
pixel: 40 47
world: 1.75 0.0499999 0.19
pixel: 40 48
world: 1.75 0.03 0.19
pixel: 40 49
world: 1.75 0.00999999 0.19
pixel: 40 50
world: 1.75 -0.00999999 0.19
pixel: 40 51
world: 1.75 -0.03 0.19
pixel: 40 52
world: 1.75 -0.0499999 0.19
pixel: 40 53
world: 1.75 -0.07 0.19
pixel: 40 54
world: 1.75 -0.09 0.19
pixel: 40 55
world: 1.75 -0.11 0.19
pixel: 40 56
world: 1.75 -0.13 0.19
pixel: 40 57
world: 1.75 -0.15 0.19
pixel: 40 58
world: 1.75 -0.17 0.19
pixel: 40 59
world: 1.75 -0.19 0.19
pixel: 40 60
world: 1.75 -0.21 0.19
pixel: 40 61
world: 1.75 -0.23 0.19
pixel: 40 62
world: 1.75 -0.25 0.19
pixel: 40 63
world: 1.75 -0.27 0.19
pixel: 40 64
world: 1.75 -0.29 0.19
pixel: 40 65
world: 1.75 -0.31 0.19
pixel: 40 66
world: 1.75 -0.33 0.19
pixel: 40 67
world: 1.75 -0.35 0.19
pixel: 40 68
world: 1.75 -0.37 0.19
pixel: 40 69
world: 1.75 -0.39 0.19
pixel: 40 70
world: 1.75 -0.41 0.19
pixel: 40 71
world: 1.75 -0.43 0.19
pixel: 40 72
world: 1.75 -0.45 0.19
pixel: 40 73
world: 1.75 -0.47 0.19
pixel: 40 74
world: 1.75 -0.49 0.19
pixel: 40 75
world: 1.75 -0.51 0.19
pixel: 40 76
world: 1.75 -0.53 0.19
pixel: 40 77
world: 1.75 -0.55 0.19
pixel: 40 78
world: 1.75 -0.57 0.19
pixel: 40 79
world: 1.75 -0.59 0.19
pixel: 40 80
world: 1.75 -0.61 0.19
pixel: 40 81
world: 1.75 -0.63 0.19
pixel: 40 82
world: 1.75 -0.65 0.19
pixel: 40 83
world: 1.75 -0.67 0.19
pixel: 40 84
world: 1.75 -0.69 0.19
pixel: 40 85
world: 1.75 -0.71 0.19
pixel: 40 86
world: 1.75 -0.73 0.19
pixel: 40 87
world: 1.75 -0.75 0.19
pixel: 40 88
world: 1.75 -0.77 0.19
pixel: 40 89
world: 1.75 -0.79 0.19
pixel: 40 90
world: 1.75 -0.81 0.19
pixel: 40 91
world: 1.75 -0.83 0.19
pixel: 40 92
world: 1.75 -0.85 0.19
pixel: 40 93
world: 1.75 -0.87 0.19
pixel: 40 94
world: 1.75 -0.89 0.19
pixel: 40 95
world: 1.75 -0.91 0.19
pixel: 40 96
world: 1.75 -0.93 0.19
pixel: 40 97
world: 1.75 -0.95 0.19
pixel: 40 98
world: 1.75 -0.97 0.19
pixel: 40 99
world: 1.75 -0.99 0.19
pixel: 41 0
world: 1.75 0.99 0.17
pixel: 41 1
world: 1.75 0.97 0.17
pixel: 41 2
world: 1.75 0.95 0.17
pixel: 41 3
world: 1.75 0.93 0.17
pixel: 41 4
world: 1.75 0.91 0.17
pixel: 41 5
world: 1.75 0.89 0.17
pixel: 41 6
world: 1.75 0.87 0.17
pixel: 41 7
world: 1.75 0.85 0.17
pixel: 41 8
world: 1.75 0.83 0.17
pixel: 41 9
world: 1.75 0.81 0.17
pixel: 41 10
world: 1.75 0.79 0.17
pixel: 41 11
world: 1.75 0.77 0.17
pixel: 41 12
world: 1.75 0.75 0.17
pixel: 41 13
world: 1.75 0.73 0.17
pixel: 41 14
world: 1.75 0.71 0.17
pixel: 41 15
world: 1.75 0.69 0.17
pixel: 41 16
world: 1.75 0.67 0.17
pixel: 41 17
world: 1.75 0.65 0.17
pixel: 41 18
world: 1.75 0.63 0.17
pixel: 41 19
world: 1.75 0.61 0.17
pixel: 41 20
world: 1.75 0.59 0.17
pixel: 41 21
world: 1.75 0.57 0.17
pixel: 41 22
world: 1.75 0.55 0.17
pixel: 41 23
world: 1.75 0.53 0.17
pixel: 41 24
world: 1.75 0.51 0.17
pixel: 41 25
world: 1.75 0.49 0.17
pixel: 41 26
world: 1.75 0.47 0.17
pixel: 41 27
world: 1.75 0.45 0.17
pixel: 41 28
world: 1.75 0.43 0.17
pixel: 41 29
world: 1.75 0.41 0.17
pixel: 41 30
world: 1.75 0.39 0.17
pixel: 41 31
world: 1.75 0.37 0.17
pixel: 41 32
world: 1.75 0.35 0.17
pixel: 41 33
world: 1.75 0.33 0.17
pixel: 41 34
world: 1.75 0.31 0.17
pixel: 41 35
world: 1.75 0.29 0.17
pixel: 41 36
world: 1.75 0.27 0.17
pixel: 41 37
world: 1.75 0.25 0.17
pixel: 41 38
world: 1.75 0.23 0.17
pixel: 41 39
world: 1.75 0.21 0.17
pixel: 41 40
world: 1.75 0.19 0.17
pixel: 41 41
world: 1.75 0.17 0.17
pixel: 41 42
world: 1.75 0.15 0.17
pixel: 41 43
world: 1.75 0.13 0.17
pixel: 41 44
world: 1.75 0.11 0.17
pixel: 41 45
world: 1.75 0.0899999 0.17
pixel: 41 46
world: 1.75 0.0699999 0.17
pixel: 41 47
world: 1.75 0.0499999 0.17
pixel: 41 48
world: 1.75 0.03 0.17
pixel: 41 49
world: 1.75 0.00999999 0.17
pixel: 41 50
world: 1.75 -0.00999999 0.17
pixel: 41 51
world: 1.75 -0.03 0.17
pixel: 41 52
world: 1.75 -0.0499999 0.17
pixel: 41 53
world: 1.75 -0.07 0.17
pixel: 41 54
world: 1.75 -0.09 0.17
pixel: 41 55
world: 1.75 -0.11 0.17
pixel: 41 56
world: 1.75 -0.13 0.17
pixel: 41 57
world: 1.75 -0.15 0.17
pixel: 41 58
world: 1.75 -0.17 0.17
pixel: 41 59
world: 1.75 -0.19 0.17
pixel: 41 60
world: 1.75 -0.21 0.17
pixel: 41 61
world: 1.75 -0.23 0.17
pixel: 41 62
world: 1.75 -0.25 0.17
pixel: 41 63
world: 1.75 -0.27 0.17
pixel: 41 64
world: 1.75 -0.29 0.17
pixel: 41 65
world: 1.75 -0.31 0.17
pixel: 41 66
world: 1.75 -0.33 0.17
pixel: 41 67
world: 1.75 -0.35 0.17
pixel: 41 68
world: 1.75 -0.37 0.17
pixel: 41 69
world: 1.75 -0.39 0.17
pixel: 41 70
world: 1.75 -0.41 0.17
pixel: 41 71
world: 1.75 -0.43 0.17
pixel: 41 72
world: 1.75 -0.45 0.17
pixel: 41 73
world: 1.75 -0.47 0.17
pixel: 41 74
world: 1.75 -0.49 0.17
pixel: 41 75
world: 1.75 -0.51 0.17
pixel: 41 76
world: 1.75 -0.53 0.17
pixel: 41 77
world: 1.75 -0.55 0.17
pixel: 41 78
world: 1.75 -0.57 0.17
pixel: 41 79
world: 1.75 -0.59 0.17
pixel: 41 80
world: 1.75 -0.61 0.17
pixel: 41 81
world: 1.75 -0.63 0.17
pixel: 41 82
world: 1.75 -0.65 0.17
pixel: 41 83
world: 1.75 -0.67 0.17
pixel: 41 84
world: 1.75 -0.69 0.17
pixel: 41 85
world: 1.75 -0.71 0.17
pixel: 41 86
world: 1.75 -0.73 0.17
pixel: 41 87
world: 1.75 -0.75 0.17
pixel: 41 88
world: 1.75 -0.77 0.17
pixel: 41 89
world: 1.75 -0.79 0.17
pixel: 41 90
world: 1.75 -0.81 0.17
pixel: 41 91
world: 1.75 -0.83 0.17
pixel: 41 92
world: 1.75 -0.85 0.17
pixel: 41 93
world: 1.75 -0.87 0.17
pixel: 41 94
world: 1.75 -0.89 0.17
pixel: 41 95
world: 1.75 -0.91 0.17
pixel: 41 96
world: 1.75 -0.93 0.17
pixel: 41 97
world: 1.75 -0.95 0.17
pixel: 41 98
world: 1.75 -0.97 0.17
pixel: 41 99
world: 1.75 -0.99 0.17
pixel: 42 0
world: 1.75 0.99 0.15
pixel: 42 1
world: 1.75 0.97 0.15
pixel: 42 2
world: 1.75 0.95 0.15
pixel: 42 3
world: 1.75 0.93 0.15
pixel: 42 4
world: 1.75 0.91 0.15
pixel: 42 5
world: 1.75 0.89 0.15
pixel: 42 6
world: 1.75 0.87 0.15
pixel: 42 7
world: 1.75 0.85 0.15
pixel: 42 8
world: 1.75 0.83 0.15
pixel: 42 9
world: 1.75 0.81 0.15
pixel: 42 10
world: 1.75 0.79 0.15
pixel: 42 11
world: 1.75 0.77 0.15
pixel: 42 12
world: 1.75 0.75 0.15
pixel: 42 13
world: 1.75 0.73 0.15
pixel: 42 14
world: 1.75 0.71 0.15
pixel: 42 15
world: 1.75 0.69 0.15
pixel: 42 16
world: 1.75 0.67 0.15
pixel: 42 17
world: 1.75 0.65 0.15
pixel: 42 18
world: 1.75 0.63 0.15
pixel: 42 19
world: 1.75 0.61 0.15
pixel: 42 20
world: 1.75 0.59 0.15
pixel: 42 21
world: 1.75 0.57 0.15
pixel: 42 22
world: 1.75 0.55 0.15
pixel: 42 23
world: 1.75 0.53 0.15
pixel: 42 24
world: 1.75 0.51 0.15
pixel: 42 25
world: 1.75 0.49 0.15
pixel: 42 26
world: 1.75 0.47 0.15
pixel: 42 27
world: 1.75 0.45 0.15
pixel: 42 28
world: 1.75 0.43 0.15
pixel: 42 29
world: 1.75 0.41 0.15
pixel: 42 30
world: 1.75 0.39 0.15
pixel: 42 31
world: 1.75 0.37 0.15
pixel: 42 32
world: 1.75 0.35 0.15
pixel: 42 33
world: 1.75 0.33 0.15
pixel: 42 34
world: 1.75 0.31 0.15
pixel: 42 35
world: 1.75 0.29 0.15
pixel: 42 36
world: 1.75 0.27 0.15
pixel: 42 37
world: 1.75 0.25 0.15
pixel: 42 38
world: 1.75 0.23 0.15
pixel: 42 39
world: 1.75 0.21 0.15
pixel: 42 40
world: 1.75 0.19 0.15
pixel: 42 41
world: 1.75 0.17 0.15
pixel: 42 42
world: 1.75 0.15 0.15
pixel: 42 43
world: 1.75 0.13 0.15
pixel: 42 44
world: 1.75 0.11 0.15
pixel: 42 45
world: 1.75 0.0899999 0.15
pixel: 42 46
world: 1.75 0.0699999 0.15
pixel: 42 47
world: 1.75 0.0499999 0.15
pixel: 42 48
world: 1.75 0.03 0.15
pixel: 42 49
world: 1.75 0.00999999 0.15
pixel: 42 50
world: 1.75 -0.00999999 0.15
pixel: 42 51
world: 1.75 -0.03 0.15
pixel: 42 52
world: 1.75 -0.0499999 0.15
pixel: 42 53
world: 1.75 -0.07 0.15
pixel: 42 54
world: 1.75 -0.09 0.15
pixel: 42 55
world: 1.75 -0.11 0.15
pixel: 42 56
world: 1.75 -0.13 0.15
pixel: 42 57
world: 1.75 -0.15 0.15
pixel: 42 58
world: 1.75 -0.17 0.15
pixel: 42 59
world: 1.75 -0.19 0.15
pixel: 42 60
world: 1.75 -0.21 0.15
pixel: 42 61
world: 1.75 -0.23 0.15
pixel: 42 62
world: 1.75 -0.25 0.15
pixel: 42 63
world: 1.75 -0.27 0.15
pixel: 42 64
world: 1.75 -0.29 0.15
pixel: 42 65
world: 1.75 -0.31 0.15
pixel: 42 66
world: 1.75 -0.33 0.15
pixel: 42 67
world: 1.75 -0.35 0.15
pixel: 42 68
world: 1.75 -0.37 0.15
pixel: 42 69
world: 1.75 -0.39 0.15
pixel: 42 70
world: 1.75 -0.41 0.15
pixel: 42 71
world: 1.75 -0.43 0.15
pixel: 42 72
world: 1.75 -0.45 0.15
pixel: 42 73
world: 1.75 -0.47 0.15
pixel: 42 74
world: 1.75 -0.49 0.15
pixel: 42 75
world: 1.75 -0.51 0.15
pixel: 42 76
world: 1.75 -0.53 0.15
pixel: 42 77
world: 1.75 -0.55 0.15
pixel: 42 78
world: 1.75 -0.57 0.15
pixel: 42 79
world: 1.75 -0.59 0.15
pixel: 42 80
world: 1.75 -0.61 0.15
pixel: 42 81
world: 1.75 -0.63 0.15
pixel: 42 82
world: 1.75 -0.65 0.15
pixel: 42 83
world: 1.75 -0.67 0.15
pixel: 42 84
world: 1.75 -0.69 0.15
pixel: 42 85
world: 1.75 -0.71 0.15
pixel: 42 86
world: 1.75 -0.73 0.15
pixel: 42 87
world: 1.75 -0.75 0.15
pixel: 42 88
world: 1.75 -0.77 0.15
pixel: 42 89
world: 1.75 -0.79 0.15
pixel: 42 90
world: 1.75 -0.81 0.15
pixel: 42 91
world: 1.75 -0.83 0.15
pixel: 42 92
world: 1.75 -0.85 0.15
pixel: 42 93
world: 1.75 -0.87 0.15
pixel: 42 94
world: 1.75 -0.89 0.15
pixel: 42 95
world: 1.75 -0.91 0.15
pixel: 42 96
world: 1.75 -0.93 0.15
pixel: 42 97
world: 1.75 -0.95 0.15
pixel: 42 98
world: 1.75 -0.97 0.15
pixel: 42 99
world: 1.75 -0.99 0.15
pixel: 43 0
world: 1.75 0.99 0.13
pixel: 43 1
world: 1.75 0.97 0.13
pixel: 43 2
world: 1.75 0.95 0.13
pixel: 43 3
world: 1.75 0.93 0.13
pixel: 43 4
world: 1.75 0.91 0.13
pixel: 43 5
world: 1.75 0.89 0.13
pixel: 43 6
world: 1.75 0.87 0.13
pixel: 43 7
world: 1.75 0.85 0.13
pixel: 43 8
world: 1.75 0.83 0.13
pixel: 43 9
world: 1.75 0.81 0.13
pixel: 43 10
world: 1.75 0.79 0.13
pixel: 43 11
world: 1.75 0.77 0.13
pixel: 43 12
world: 1.75 0.75 0.13
pixel: 43 13
world: 1.75 0.73 0.13
pixel: 43 14
world: 1.75 0.71 0.13
pixel: 43 15
world: 1.75 0.69 0.13
pixel: 43 16
world: 1.75 0.67 0.13
pixel: 43 17
world: 1.75 0.65 0.13
pixel: 43 18
world: 1.75 0.63 0.13
pixel: 43 19
world: 1.75 0.61 0.13
pixel: 43 20
world: 1.75 0.59 0.13
pixel: 43 21
world: 1.75 0.57 0.13
pixel: 43 22
world: 1.75 0.55 0.13
pixel: 43 23
world: 1.75 0.53 0.13
pixel: 43 24
world: 1.75 0.51 0.13
pixel: 43 25
world: 1.75 0.49 0.13
pixel: 43 26
world: 1.75 0.47 0.13
pixel: 43 27
world: 1.75 0.45 0.13
pixel: 43 28
world: 1.75 0.43 0.13
pixel: 43 29
world: 1.75 0.41 0.13
pixel: 43 30
world: 1.75 0.39 0.13
pixel: 43 31
world: 1.75 0.37 0.13
pixel: 43 32
world: 1.75 0.35 0.13
pixel: 43 33
world: 1.75 0.33 0.13
pixel: 43 34
world: 1.75 0.31 0.13
pixel: 43 35
world: 1.75 0.29 0.13
pixel: 43 36
world: 1.75 0.27 0.13
pixel: 43 37
world: 1.75 0.25 0.13
pixel: 43 38
world: 1.75 0.23 0.13
pixel: 43 39
world: 1.75 0.21 0.13
pixel: 43 40
world: 1.75 0.19 0.13
pixel: 43 41
world: 1.75 0.17 0.13
pixel: 43 42
world: 1.75 0.15 0.13
pixel: 43 43
world: 1.75 0.13 0.13
pixel: 43 44
world: 1.75 0.11 0.13
pixel: 43 45
world: 1.75 0.0899999 0.13
pixel: 43 46
world: 1.75 0.0699999 0.13
pixel: 43 47
world: 1.75 0.0499999 0.13
pixel: 43 48
world: 1.75 0.03 0.13
pixel: 43 49
world: 1.75 0.00999999 0.13
pixel: 43 50
world: 1.75 -0.00999999 0.13
pixel: 43 51
world: 1.75 -0.03 0.13
pixel: 43 52
world: 1.75 -0.0499999 0.13
pixel: 43 53
world: 1.75 -0.07 0.13
pixel: 43 54
world: 1.75 -0.09 0.13
pixel: 43 55
world: 1.75 -0.11 0.13
pixel: 43 56
world: 1.75 -0.13 0.13
pixel: 43 57
world: 1.75 -0.15 0.13
pixel: 43 58
world: 1.75 -0.17 0.13
pixel: 43 59
world: 1.75 -0.19 0.13
pixel: 43 60
world: 1.75 -0.21 0.13
pixel: 43 61
world: 1.75 -0.23 0.13
pixel: 43 62
world: 1.75 -0.25 0.13
pixel: 43 63
world: 1.75 -0.27 0.13
pixel: 43 64
world: 1.75 -0.29 0.13
pixel: 43 65
world: 1.75 -0.31 0.13
pixel: 43 66
world: 1.75 -0.33 0.13
pixel: 43 67
world: 1.75 -0.35 0.13
pixel: 43 68
world: 1.75 -0.37 0.13
pixel: 43 69
world: 1.75 -0.39 0.13
pixel: 43 70
world: 1.75 -0.41 0.13
pixel: 43 71
world: 1.75 -0.43 0.13
pixel: 43 72
world: 1.75 -0.45 0.13
pixel: 43 73
world: 1.75 -0.47 0.13
pixel: 43 74
world: 1.75 -0.49 0.13
pixel: 43 75
world: 1.75 -0.51 0.13
pixel: 43 76
world: 1.75 -0.53 0.13
pixel: 43 77
world: 1.75 -0.55 0.13
pixel: 43 78
world: 1.75 -0.57 0.13
pixel: 43 79
world: 1.75 -0.59 0.13
pixel: 43 80
world: 1.75 -0.61 0.13
pixel: 43 81
world: 1.75 -0.63 0.13
pixel: 43 82
world: 1.75 -0.65 0.13
pixel: 43 83
world: 1.75 -0.67 0.13
pixel: 43 84
world: 1.75 -0.69 0.13
pixel: 43 85
world: 1.75 -0.71 0.13
pixel: 43 86
world: 1.75 -0.73 0.13
pixel: 43 87
world: 1.75 -0.75 0.13
pixel: 43 88
world: 1.75 -0.77 0.13
pixel: 43 89
world: 1.75 -0.79 0.13
pixel: 43 90
world: 1.75 -0.81 0.13
pixel: 43 91
world: 1.75 -0.83 0.13
pixel: 43 92
world: 1.75 -0.85 0.13
pixel: 43 93
world: 1.75 -0.87 0.13
pixel: 43 94
world: 1.75 -0.89 0.13
pixel: 43 95
world: 1.75 -0.91 0.13
pixel: 43 96
world: 1.75 -0.93 0.13
pixel: 43 97
world: 1.75 -0.95 0.13
pixel: 43 98
world: 1.75 -0.97 0.13
pixel: 43 99
world: 1.75 -0.99 0.13
pixel: 44 0
world: 1.75 0.99 0.11
pixel: 44 1
world: 1.75 0.97 0.11
pixel: 44 2
world: 1.75 0.95 0.11
pixel: 44 3
world: 1.75 0.93 0.11
pixel: 44 4
world: 1.75 0.91 0.11
pixel: 44 5
world: 1.75 0.89 0.11
pixel: 44 6
world: 1.75 0.87 0.11
pixel: 44 7
world: 1.75 0.85 0.11
pixel: 44 8
world: 1.75 0.83 0.11
pixel: 44 9
world: 1.75 0.81 0.11
pixel: 44 10
world: 1.75 0.79 0.11
pixel: 44 11
world: 1.75 0.77 0.11
pixel: 44 12
world: 1.75 0.75 0.11
pixel: 44 13
world: 1.75 0.73 0.11
pixel: 44 14
world: 1.75 0.71 0.11
pixel: 44 15
world: 1.75 0.69 0.11
pixel: 44 16
world: 1.75 0.67 0.11
pixel: 44 17
world: 1.75 0.65 0.11
pixel: 44 18
world: 1.75 0.63 0.11
pixel: 44 19
world: 1.75 0.61 0.11
pixel: 44 20
world: 1.75 0.59 0.11
pixel: 44 21
world: 1.75 0.57 0.11
pixel: 44 22
world: 1.75 0.55 0.11
pixel: 44 23
world: 1.75 0.53 0.11
pixel: 44 24
world: 1.75 0.51 0.11
pixel: 44 25
world: 1.75 0.49 0.11
pixel: 44 26
world: 1.75 0.47 0.11
pixel: 44 27
world: 1.75 0.45 0.11
pixel: 44 28
world: 1.75 0.43 0.11
pixel: 44 29
world: 1.75 0.41 0.11
pixel: 44 30
world: 1.75 0.39 0.11
pixel: 44 31
world: 1.75 0.37 0.11
pixel: 44 32
world: 1.75 0.35 0.11
pixel: 44 33
world: 1.75 0.33 0.11
pixel: 44 34
world: 1.75 0.31 0.11
pixel: 44 35
world: 1.75 0.29 0.11
pixel: 44 36
world: 1.75 0.27 0.11
pixel: 44 37
world: 1.75 0.25 0.11
pixel: 44 38
world: 1.75 0.23 0.11
pixel: 44 39
world: 1.75 0.21 0.11
pixel: 44 40
world: 1.75 0.19 0.11
pixel: 44 41
world: 1.75 0.17 0.11
pixel: 44 42
world: 1.75 0.15 0.11
pixel: 44 43
world: 1.75 0.13 0.11
pixel: 44 44
world: 1.75 0.11 0.11
pixel: 44 45
world: 1.75 0.0899999 0.11
pixel: 44 46
world: 1.75 0.0699999 0.11
pixel: 44 47
world: 1.75 0.0499999 0.11
pixel: 44 48
world: 1.75 0.03 0.11
pixel: 44 49
world: 1.75 0.00999999 0.11
pixel: 44 50
world: 1.75 -0.00999999 0.11
pixel: 44 51
world: 1.75 -0.03 0.11
pixel: 44 52
world: 1.75 -0.0499999 0.11
pixel: 44 53
world: 1.75 -0.07 0.11
pixel: 44 54
world: 1.75 -0.09 0.11
pixel: 44 55
world: 1.75 -0.11 0.11
pixel: 44 56
world: 1.75 -0.13 0.11
pixel: 44 57
world: 1.75 -0.15 0.11
pixel: 44 58
world: 1.75 -0.17 0.11
pixel: 44 59
world: 1.75 -0.19 0.11
pixel: 44 60
world: 1.75 -0.21 0.11
pixel: 44 61
world: 1.75 -0.23 0.11
pixel: 44 62
world: 1.75 -0.25 0.11
pixel: 44 63
world: 1.75 -0.27 0.11
pixel: 44 64
world: 1.75 -0.29 0.11
pixel: 44 65
world: 1.75 -0.31 0.11
pixel: 44 66
world: 1.75 -0.33 0.11
pixel: 44 67
world: 1.75 -0.35 0.11
pixel: 44 68
world: 1.75 -0.37 0.11
pixel: 44 69
world: 1.75 -0.39 0.11
pixel: 44 70
world: 1.75 -0.41 0.11
pixel: 44 71
world: 1.75 -0.43 0.11
pixel: 44 72
world: 1.75 -0.45 0.11
pixel: 44 73
world: 1.75 -0.47 0.11
pixel: 44 74
world: 1.75 -0.49 0.11
pixel: 44 75
world: 1.75 -0.51 0.11
pixel: 44 76
world: 1.75 -0.53 0.11
pixel: 44 77
world: 1.75 -0.55 0.11
pixel: 44 78
world: 1.75 -0.57 0.11
pixel: 44 79
world: 1.75 -0.59 0.11
pixel: 44 80
world: 1.75 -0.61 0.11
pixel: 44 81
world: 1.75 -0.63 0.11
pixel: 44 82
world: 1.75 -0.65 0.11
pixel: 44 83
world: 1.75 -0.67 0.11
pixel: 44 84
world: 1.75 -0.69 0.11
pixel: 44 85
world: 1.75 -0.71 0.11
pixel: 44 86
world: 1.75 -0.73 0.11
pixel: 44 87
world: 1.75 -0.75 0.11
pixel: 44 88
world: 1.75 -0.77 0.11
pixel: 44 89
world: 1.75 -0.79 0.11
pixel: 44 90
world: 1.75 -0.81 0.11
pixel: 44 91
world: 1.75 -0.83 0.11
pixel: 44 92
world: 1.75 -0.85 0.11
pixel: 44 93
world: 1.75 -0.87 0.11
pixel: 44 94
world: 1.75 -0.89 0.11
pixel: 44 95
world: 1.75 -0.91 0.11
pixel: 44 96
world: 1.75 -0.93 0.11
pixel: 44 97
world: 1.75 -0.95 0.11
pixel: 44 98
world: 1.75 -0.97 0.11
pixel: 44 99
world: 1.75 -0.99 0.11
pixel: 45 0
world: 1.75 0.99 0.09
pixel: 45 1
world: 1.75 0.97 0.09
pixel: 45 2
world: 1.75 0.95 0.09
pixel: 45 3
world: 1.75 0.93 0.09
pixel: 45 4
world: 1.75 0.91 0.09
pixel: 45 5
world: 1.75 0.89 0.09
pixel: 45 6
world: 1.75 0.87 0.09
pixel: 45 7
world: 1.75 0.85 0.09
pixel: 45 8
world: 1.75 0.83 0.09
pixel: 45 9
world: 1.75 0.81 0.09
pixel: 45 10
world: 1.75 0.79 0.09
pixel: 45 11
world: 1.75 0.77 0.09
pixel: 45 12
world: 1.75 0.75 0.09
pixel: 45 13
world: 1.75 0.73 0.09
pixel: 45 14
world: 1.75 0.71 0.09
pixel: 45 15
world: 1.75 0.69 0.09
pixel: 45 16
world: 1.75 0.67 0.09
pixel: 45 17
world: 1.75 0.65 0.09
pixel: 45 18
world: 1.75 0.63 0.09
pixel: 45 19
world: 1.75 0.61 0.09
pixel: 45 20
world: 1.75 0.59 0.09
pixel: 45 21
world: 1.75 0.57 0.09
pixel: 45 22
world: 1.75 0.55 0.09
pixel: 45 23
world: 1.75 0.53 0.09
pixel: 45 24
world: 1.75 0.51 0.09
pixel: 45 25
world: 1.75 0.49 0.09
pixel: 45 26
world: 1.75 0.47 0.09
pixel: 45 27
world: 1.75 0.45 0.09
pixel: 45 28
world: 1.75 0.43 0.09
pixel: 45 29
world: 1.75 0.41 0.09
pixel: 45 30
world: 1.75 0.39 0.09
pixel: 45 31
world: 1.75 0.37 0.09
pixel: 45 32
world: 1.75 0.35 0.09
pixel: 45 33
world: 1.75 0.33 0.09
pixel: 45 34
world: 1.75 0.31 0.09
pixel: 45 35
world: 1.75 0.29 0.09
pixel: 45 36
world: 1.75 0.27 0.09
pixel: 45 37
world: 1.75 0.25 0.09
pixel: 45 38
world: 1.75 0.23 0.09
pixel: 45 39
world: 1.75 0.21 0.09
pixel: 45 40
world: 1.75 0.19 0.09
pixel: 45 41
world: 1.75 0.17 0.09
pixel: 45 42
world: 1.75 0.15 0.09
pixel: 45 43
world: 1.75 0.13 0.09
pixel: 45 44
world: 1.75 0.11 0.09
pixel: 45 45
world: 1.75 0.0899999 0.09
pixel: 45 46
world: 1.75 0.0699999 0.09
pixel: 45 47
world: 1.75 0.0499999 0.09
pixel: 45 48
world: 1.75 0.03 0.09
pixel: 45 49
world: 1.75 0.00999999 0.09
pixel: 45 50
world: 1.75 -0.00999999 0.09
pixel: 45 51
world: 1.75 -0.03 0.09
pixel: 45 52
world: 1.75 -0.0499999 0.09
pixel: 45 53
world: 1.75 -0.07 0.09
pixel: 45 54
world: 1.75 -0.09 0.09
pixel: 45 55
world: 1.75 -0.11 0.09
pixel: 45 56
world: 1.75 -0.13 0.09
pixel: 45 57
world: 1.75 -0.15 0.09
pixel: 45 58
world: 1.75 -0.17 0.09
pixel: 45 59
world: 1.75 -0.19 0.09
pixel: 45 60
world: 1.75 -0.21 0.09
pixel: 45 61
world: 1.75 -0.23 0.09
pixel: 45 62
world: 1.75 -0.25 0.09
pixel: 45 63
world: 1.75 -0.27 0.09
pixel: 45 64
world: 1.75 -0.29 0.09
pixel: 45 65
world: 1.75 -0.31 0.09
pixel: 45 66
world: 1.75 -0.33 0.09
pixel: 45 67
world: 1.75 -0.35 0.09
pixel: 45 68
world: 1.75 -0.37 0.09
pixel: 45 69
world: 1.75 -0.39 0.09
pixel: 45 70
world: 1.75 -0.41 0.09
pixel: 45 71
world: 1.75 -0.43 0.09
pixel: 45 72
world: 1.75 -0.45 0.09
pixel: 45 73
world: 1.75 -0.47 0.09
pixel: 45 74
world: 1.75 -0.49 0.09
pixel: 45 75
world: 1.75 -0.51 0.09
pixel: 45 76
world: 1.75 -0.53 0.09
pixel: 45 77
world: 1.75 -0.55 0.09
pixel: 45 78
world: 1.75 -0.57 0.09
pixel: 45 79
world: 1.75 -0.59 0.09
pixel: 45 80
world: 1.75 -0.61 0.09
pixel: 45 81
world: 1.75 -0.63 0.09
pixel: 45 82
world: 1.75 -0.65 0.09
pixel: 45 83
world: 1.75 -0.67 0.09
pixel: 45 84
world: 1.75 -0.69 0.09
pixel: 45 85
world: 1.75 -0.71 0.09
pixel: 45 86
world: 1.75 -0.73 0.09
pixel: 45 87
world: 1.75 -0.75 0.09
pixel: 45 88
world: 1.75 -0.77 0.09
pixel: 45 89
world: 1.75 -0.79 0.09
pixel: 45 90
world: 1.75 -0.81 0.09
pixel: 45 91
world: 1.75 -0.83 0.09
pixel: 45 92
world: 1.75 -0.85 0.09
pixel: 45 93
world: 1.75 -0.87 0.09
pixel: 45 94
world: 1.75 -0.89 0.09
pixel: 45 95
world: 1.75 -0.91 0.09
pixel: 45 96
world: 1.75 -0.93 0.09
pixel: 45 97
world: 1.75 -0.95 0.09
pixel: 45 98
world: 1.75 -0.97 0.09
pixel: 45 99
world: 1.75 -0.99 0.09
pixel: 46 0
world: 1.75 0.99 0.07
pixel: 46 1
world: 1.75 0.97 0.07
pixel: 46 2
world: 1.75 0.95 0.07
pixel: 46 3
world: 1.75 0.93 0.07
pixel: 46 4
world: 1.75 0.91 0.07
pixel: 46 5
world: 1.75 0.89 0.07
pixel: 46 6
world: 1.75 0.87 0.07
pixel: 46 7
world: 1.75 0.85 0.07
pixel: 46 8
world: 1.75 0.83 0.07
pixel: 46 9
world: 1.75 0.81 0.07
pixel: 46 10
world: 1.75 0.79 0.07
pixel: 46 11
world: 1.75 0.77 0.07
pixel: 46 12
world: 1.75 0.75 0.07
pixel: 46 13
world: 1.75 0.73 0.07
pixel: 46 14
world: 1.75 0.71 0.07
pixel: 46 15
world: 1.75 0.69 0.07
pixel: 46 16
world: 1.75 0.67 0.07
pixel: 46 17
world: 1.75 0.65 0.07
pixel: 46 18
world: 1.75 0.63 0.07
pixel: 46 19
world: 1.75 0.61 0.07
pixel: 46 20
world: 1.75 0.59 0.07
pixel: 46 21
world: 1.75 0.57 0.07
pixel: 46 22
world: 1.75 0.55 0.07
pixel: 46 23
world: 1.75 0.53 0.07
pixel: 46 24
world: 1.75 0.51 0.07
pixel: 46 25
world: 1.75 0.49 0.07
pixel: 46 26
world: 1.75 0.47 0.07
pixel: 46 27
world: 1.75 0.45 0.07
pixel: 46 28
world: 1.75 0.43 0.07
pixel: 46 29
world: 1.75 0.41 0.07
pixel: 46 30
world: 1.75 0.39 0.07
pixel: 46 31
world: 1.75 0.37 0.07
pixel: 46 32
world: 1.75 0.35 0.07
pixel: 46 33
world: 1.75 0.33 0.07
pixel: 46 34
world: 1.75 0.31 0.07
pixel: 46 35
world: 1.75 0.29 0.07
pixel: 46 36
world: 1.75 0.27 0.07
pixel: 46 37
world: 1.75 0.25 0.07
pixel: 46 38
world: 1.75 0.23 0.07
pixel: 46 39
world: 1.75 0.21 0.07
pixel: 46 40
world: 1.75 0.19 0.07
pixel: 46 41
world: 1.75 0.17 0.07
pixel: 46 42
world: 1.75 0.15 0.07
pixel: 46 43
world: 1.75 0.13 0.07
pixel: 46 44
world: 1.75 0.11 0.07
pixel: 46 45
world: 1.75 0.0899999 0.07
pixel: 46 46
world: 1.75 0.0699999 0.07
pixel: 46 47
world: 1.75 0.0499999 0.07
pixel: 46 48
world: 1.75 0.03 0.07
pixel: 46 49
world: 1.75 0.00999999 0.07
pixel: 46 50
world: 1.75 -0.00999999 0.07
pixel: 46 51
world: 1.75 -0.03 0.07
pixel: 46 52
world: 1.75 -0.0499999 0.07
pixel: 46 53
world: 1.75 -0.07 0.07
pixel: 46 54
world: 1.75 -0.09 0.07
pixel: 46 55
world: 1.75 -0.11 0.07
pixel: 46 56
world: 1.75 -0.13 0.07
pixel: 46 57
world: 1.75 -0.15 0.07
pixel: 46 58
world: 1.75 -0.17 0.07
pixel: 46 59
world: 1.75 -0.19 0.07
pixel: 46 60
world: 1.75 -0.21 0.07
pixel: 46 61
world: 1.75 -0.23 0.07
pixel: 46 62
world: 1.75 -0.25 0.07
pixel: 46 63
world: 1.75 -0.27 0.07
pixel: 46 64
world: 1.75 -0.29 0.07
pixel: 46 65
world: 1.75 -0.31 0.07
pixel: 46 66
world: 1.75 -0.33 0.07
pixel: 46 67
world: 1.75 -0.35 0.07
pixel: 46 68
world: 1.75 -0.37 0.07
pixel: 46 69
world: 1.75 -0.39 0.07
pixel: 46 70
world: 1.75 -0.41 0.07
pixel: 46 71
world: 1.75 -0.43 0.07
pixel: 46 72
world: 1.75 -0.45 0.07
pixel: 46 73
world: 1.75 -0.47 0.07
pixel: 46 74
world: 1.75 -0.49 0.07
pixel: 46 75
world: 1.75 -0.51 0.07
pixel: 46 76
world: 1.75 -0.53 0.07
pixel: 46 77
world: 1.75 -0.55 0.07
pixel: 46 78
world: 1.75 -0.57 0.07
pixel: 46 79
world: 1.75 -0.59 0.07
pixel: 46 80
world: 1.75 -0.61 0.07
pixel: 46 81
world: 1.75 -0.63 0.07
pixel: 46 82
world: 1.75 -0.65 0.07
pixel: 46 83
world: 1.75 -0.67 0.07
pixel: 46 84
world: 1.75 -0.69 0.07
pixel: 46 85
world: 1.75 -0.71 0.07
pixel: 46 86
world: 1.75 -0.73 0.07
pixel: 46 87
world: 1.75 -0.75 0.07
pixel: 46 88
world: 1.75 -0.77 0.07
pixel: 46 89
world: 1.75 -0.79 0.07
pixel: 46 90
world: 1.75 -0.81 0.07
pixel: 46 91
world: 1.75 -0.83 0.07
pixel: 46 92
world: 1.75 -0.85 0.07
pixel: 46 93
world: 1.75 -0.87 0.07
pixel: 46 94
world: 1.75 -0.89 0.07
pixel: 46 95
world: 1.75 -0.91 0.07
pixel: 46 96
world: 1.75 -0.93 0.07
pixel: 46 97
world: 1.75 -0.95 0.07
pixel: 46 98
world: 1.75 -0.97 0.07
pixel: 46 99
world: 1.75 -0.99 0.07
pixel: 47 0
world: 1.75 0.99 0.05
pixel: 47 1
world: 1.75 0.97 0.05
pixel: 47 2
world: 1.75 0.95 0.05
pixel: 47 3
world: 1.75 0.93 0.05
pixel: 47 4
world: 1.75 0.91 0.05
pixel: 47 5
world: 1.75 0.89 0.05
pixel: 47 6
world: 1.75 0.87 0.05
pixel: 47 7
world: 1.75 0.85 0.05
pixel: 47 8
world: 1.75 0.83 0.05
pixel: 47 9
world: 1.75 0.81 0.05
pixel: 47 10
world: 1.75 0.79 0.05
pixel: 47 11
world: 1.75 0.77 0.05
pixel: 47 12
world: 1.75 0.75 0.05
pixel: 47 13
world: 1.75 0.73 0.05
pixel: 47 14
world: 1.75 0.71 0.05
pixel: 47 15
world: 1.75 0.69 0.05
pixel: 47 16
world: 1.75 0.67 0.05
pixel: 47 17
world: 1.75 0.65 0.05
pixel: 47 18
world: 1.75 0.63 0.05
pixel: 47 19
world: 1.75 0.61 0.05
pixel: 47 20
world: 1.75 0.59 0.05
pixel: 47 21
world: 1.75 0.57 0.05
pixel: 47 22
world: 1.75 0.55 0.05
pixel: 47 23
world: 1.75 0.53 0.05
pixel: 47 24
world: 1.75 0.51 0.05
pixel: 47 25
world: 1.75 0.49 0.05
pixel: 47 26
world: 1.75 0.47 0.05
pixel: 47 27
world: 1.75 0.45 0.05
pixel: 47 28
world: 1.75 0.43 0.05
pixel: 47 29
world: 1.75 0.41 0.05
pixel: 47 30
world: 1.75 0.39 0.05
pixel: 47 31
world: 1.75 0.37 0.05
pixel: 47 32
world: 1.75 0.35 0.05
pixel: 47 33
world: 1.75 0.33 0.05
pixel: 47 34
world: 1.75 0.31 0.05
pixel: 47 35
world: 1.75 0.29 0.05
pixel: 47 36
world: 1.75 0.27 0.05
pixel: 47 37
world: 1.75 0.25 0.05
pixel: 47 38
world: 1.75 0.23 0.05
pixel: 47 39
world: 1.75 0.21 0.05
pixel: 47 40
world: 1.75 0.19 0.05
pixel: 47 41
world: 1.75 0.17 0.05
pixel: 47 42
world: 1.75 0.15 0.05
pixel: 47 43
world: 1.75 0.13 0.05
pixel: 47 44
world: 1.75 0.11 0.05
pixel: 47 45
world: 1.75 0.0899999 0.05
pixel: 47 46
world: 1.75 0.0699999 0.05
pixel: 47 47
world: 1.75 0.0499999 0.05
pixel: 47 48
world: 1.75 0.03 0.05
pixel: 47 49
world: 1.75 0.00999999 0.05
pixel: 47 50
world: 1.75 -0.00999999 0.05
pixel: 47 51
world: 1.75 -0.03 0.05
pixel: 47 52
world: 1.75 -0.0499999 0.05
pixel: 47 53
world: 1.75 -0.07 0.05
pixel: 47 54
world: 1.75 -0.09 0.05
pixel: 47 55
world: 1.75 -0.11 0.05
pixel: 47 56
world: 1.75 -0.13 0.05
pixel: 47 57
world: 1.75 -0.15 0.05
pixel: 47 58
world: 1.75 -0.17 0.05
pixel: 47 59
world: 1.75 -0.19 0.05
pixel: 47 60
world: 1.75 -0.21 0.05
pixel: 47 61
world: 1.75 -0.23 0.05
pixel: 47 62
world: 1.75 -0.25 0.05
pixel: 47 63
world: 1.75 -0.27 0.05
pixel: 47 64
world: 1.75 -0.29 0.05
pixel: 47 65
world: 1.75 -0.31 0.05
pixel: 47 66
world: 1.75 -0.33 0.05
pixel: 47 67
world: 1.75 -0.35 0.05
pixel: 47 68
world: 1.75 -0.37 0.05
pixel: 47 69
world: 1.75 -0.39 0.05
pixel: 47 70
world: 1.75 -0.41 0.05
pixel: 47 71
world: 1.75 -0.43 0.05
pixel: 47 72
world: 1.75 -0.45 0.05
pixel: 47 73
world: 1.75 -0.47 0.05
pixel: 47 74
world: 1.75 -0.49 0.05
pixel: 47 75
world: 1.75 -0.51 0.05
pixel: 47 76
world: 1.75 -0.53 0.05
pixel: 47 77
world: 1.75 -0.55 0.05
pixel: 47 78
world: 1.75 -0.57 0.05
pixel: 47 79
world: 1.75 -0.59 0.05
pixel: 47 80
world: 1.75 -0.61 0.05
pixel: 47 81
world: 1.75 -0.63 0.05
pixel: 47 82
world: 1.75 -0.65 0.05
pixel: 47 83
world: 1.75 -0.67 0.05
pixel: 47 84
world: 1.75 -0.69 0.05
pixel: 47 85
world: 1.75 -0.71 0.05
pixel: 47 86
world: 1.75 -0.73 0.05
pixel: 47 87
world: 1.75 -0.75 0.05
pixel: 47 88
world: 1.75 -0.77 0.05
pixel: 47 89
world: 1.75 -0.79 0.05
pixel: 47 90
world: 1.75 -0.81 0.05
pixel: 47 91
world: 1.75 -0.83 0.05
pixel: 47 92
world: 1.75 -0.85 0.05
pixel: 47 93
world: 1.75 -0.87 0.05
pixel: 47 94
world: 1.75 -0.89 0.05
pixel: 47 95
world: 1.75 -0.91 0.05
pixel: 47 96
world: 1.75 -0.93 0.05
pixel: 47 97
world: 1.75 -0.95 0.05
pixel: 47 98
world: 1.75 -0.97 0.05
pixel: 47 99
world: 1.75 -0.99 0.05
pixel: 48 0
world: 1.75 0.99 0.03
pixel: 48 1
world: 1.75 0.97 0.03
pixel: 48 2
world: 1.75 0.95 0.03
pixel: 48 3
world: 1.75 0.93 0.03
pixel: 48 4
world: 1.75 0.91 0.03
pixel: 48 5
world: 1.75 0.89 0.03
pixel: 48 6
world: 1.75 0.87 0.03
pixel: 48 7
world: 1.75 0.85 0.03
pixel: 48 8
world: 1.75 0.83 0.03
pixel: 48 9
world: 1.75 0.81 0.03
pixel: 48 10
world: 1.75 0.79 0.03
pixel: 48 11
world: 1.75 0.77 0.03
pixel: 48 12
world: 1.75 0.75 0.03
pixel: 48 13
world: 1.75 0.73 0.03
pixel: 48 14
world: 1.75 0.71 0.03
pixel: 48 15
world: 1.75 0.69 0.03
pixel: 48 16
world: 1.75 0.67 0.03
pixel: 48 17
world: 1.75 0.65 0.03
pixel: 48 18
world: 1.75 0.63 0.03
pixel: 48 19
world: 1.75 0.61 0.03
pixel: 48 20
world: 1.75 0.59 0.03
pixel: 48 21
world: 1.75 0.57 0.03
pixel: 48 22
world: 1.75 0.55 0.03
pixel: 48 23
world: 1.75 0.53 0.03
pixel: 48 24
world: 1.75 0.51 0.03
pixel: 48 25
world: 1.75 0.49 0.03
pixel: 48 26
world: 1.75 0.47 0.03
pixel: 48 27
world: 1.75 0.45 0.03
pixel: 48 28
world: 1.75 0.43 0.03
pixel: 48 29
world: 1.75 0.41 0.03
pixel: 48 30
world: 1.75 0.39 0.03
pixel: 48 31
world: 1.75 0.37 0.03
pixel: 48 32
world: 1.75 0.35 0.03
pixel: 48 33
world: 1.75 0.33 0.03
pixel: 48 34
world: 1.75 0.31 0.03
pixel: 48 35
world: 1.75 0.29 0.03
pixel: 48 36
world: 1.75 0.27 0.03
pixel: 48 37
world: 1.75 0.25 0.03
pixel: 48 38
world: 1.75 0.23 0.03
pixel: 48 39
world: 1.75 0.21 0.03
pixel: 48 40
world: 1.75 0.19 0.03
pixel: 48 41
world: 1.75 0.17 0.03
pixel: 48 42
world: 1.75 0.15 0.03
pixel: 48 43
world: 1.75 0.13 0.03
pixel: 48 44
world: 1.75 0.11 0.03
pixel: 48 45
world: 1.75 0.0899999 0.03
pixel: 48 46
world: 1.75 0.0699999 0.03
pixel: 48 47
world: 1.75 0.0499999 0.03
pixel: 48 48
world: 1.75 0.03 0.03
pixel: 48 49
world: 1.75 0.00999999 0.03
pixel: 48 50
world: 1.75 -0.00999999 0.03
pixel: 48 51
world: 1.75 -0.03 0.03
pixel: 48 52
world: 1.75 -0.0499999 0.03
pixel: 48 53
world: 1.75 -0.07 0.03
pixel: 48 54
world: 1.75 -0.09 0.03
pixel: 48 55
world: 1.75 -0.11 0.03
pixel: 48 56
world: 1.75 -0.13 0.03
pixel: 48 57
world: 1.75 -0.15 0.03
pixel: 48 58
world: 1.75 -0.17 0.03
pixel: 48 59
world: 1.75 -0.19 0.03
pixel: 48 60
world: 1.75 -0.21 0.03
pixel: 48 61
world: 1.75 -0.23 0.03
pixel: 48 62
world: 1.75 -0.25 0.03
pixel: 48 63
world: 1.75 -0.27 0.03
pixel: 48 64
world: 1.75 -0.29 0.03
pixel: 48 65
world: 1.75 -0.31 0.03
pixel: 48 66
world: 1.75 -0.33 0.03
pixel: 48 67
world: 1.75 -0.35 0.03
pixel: 48 68
world: 1.75 -0.37 0.03
pixel: 48 69
world: 1.75 -0.39 0.03
pixel: 48 70
world: 1.75 -0.41 0.03
pixel: 48 71
world: 1.75 -0.43 0.03
pixel: 48 72
world: 1.75 -0.45 0.03
pixel: 48 73
world: 1.75 -0.47 0.03
pixel: 48 74
world: 1.75 -0.49 0.03
pixel: 48 75
world: 1.75 -0.51 0.03
pixel: 48 76
world: 1.75 -0.53 0.03
pixel: 48 77
world: 1.75 -0.55 0.03
pixel: 48 78
world: 1.75 -0.57 0.03
pixel: 48 79
world: 1.75 -0.59 0.03
pixel: 48 80
world: 1.75 -0.61 0.03
pixel: 48 81
world: 1.75 -0.63 0.03
pixel: 48 82
world: 1.75 -0.65 0.03
pixel: 48 83
world: 1.75 -0.67 0.03
pixel: 48 84
world: 1.75 -0.69 0.03
pixel: 48 85
world: 1.75 -0.71 0.03
pixel: 48 86
world: 1.75 -0.73 0.03
pixel: 48 87
world: 1.75 -0.75 0.03
pixel: 48 88
world: 1.75 -0.77 0.03
pixel: 48 89
world: 1.75 -0.79 0.03
pixel: 48 90
world: 1.75 -0.81 0.03
pixel: 48 91
world: 1.75 -0.83 0.03
pixel: 48 92
world: 1.75 -0.85 0.03
pixel: 48 93
world: 1.75 -0.87 0.03
pixel: 48 94
world: 1.75 -0.89 0.03
pixel: 48 95
world: 1.75 -0.91 0.03
pixel: 48 96
world: 1.75 -0.93 0.03
pixel: 48 97
world: 1.75 -0.95 0.03
pixel: 48 98
world: 1.75 -0.97 0.03
pixel: 48 99
world: 1.75 -0.99 0.03
pixel: 49 0
world: 1.75 0.99 0.00999999
pixel: 49 1
world: 1.75 0.97 0.00999999
pixel: 49 2
world: 1.75 0.95 0.00999999
pixel: 49 3
world: 1.75 0.93 0.00999999
pixel: 49 4
world: 1.75 0.91 0.00999999
pixel: 49 5
world: 1.75 0.89 0.00999999
pixel: 49 6
world: 1.75 0.87 0.00999999
pixel: 49 7
world: 1.75 0.85 0.00999999
pixel: 49 8
world: 1.75 0.83 0.00999999
pixel: 49 9
world: 1.75 0.81 0.00999999
pixel: 49 10
world: 1.75 0.79 0.00999999
pixel: 49 11
world: 1.75 0.77 0.00999999
pixel: 49 12
world: 1.75 0.75 0.00999999
pixel: 49 13
world: 1.75 0.73 0.00999999
pixel: 49 14
world: 1.75 0.71 0.00999999
pixel: 49 15
world: 1.75 0.69 0.00999999
pixel: 49 16
world: 1.75 0.67 0.00999999
pixel: 49 17
world: 1.75 0.65 0.00999999
pixel: 49 18
world: 1.75 0.63 0.00999999
pixel: 49 19
world: 1.75 0.61 0.00999999
pixel: 49 20
world: 1.75 0.59 0.00999999
pixel: 49 21
world: 1.75 0.57 0.00999999
pixel: 49 22
world: 1.75 0.55 0.00999999
pixel: 49 23
world: 1.75 0.53 0.00999999
pixel: 49 24
world: 1.75 0.51 0.00999999
pixel: 49 25
world: 1.75 0.49 0.00999999
pixel: 49 26
world: 1.75 0.47 0.00999999
pixel: 49 27
world: 1.75 0.45 0.00999999
pixel: 49 28
world: 1.75 0.43 0.00999999
pixel: 49 29
world: 1.75 0.41 0.00999999
pixel: 49 30
world: 1.75 0.39 0.00999999
pixel: 49 31
world: 1.75 0.37 0.00999999
pixel: 49 32
world: 1.75 0.35 0.00999999
pixel: 49 33
world: 1.75 0.33 0.00999999
pixel: 49 34
world: 1.75 0.31 0.00999999
pixel: 49 35
world: 1.75 0.29 0.00999999
pixel: 49 36
world: 1.75 0.27 0.00999999
pixel: 49 37
world: 1.75 0.25 0.00999999
pixel: 49 38
world: 1.75 0.23 0.00999999
pixel: 49 39
world: 1.75 0.21 0.00999999
pixel: 49 40
world: 1.75 0.19 0.00999999
pixel: 49 41
world: 1.75 0.17 0.00999999
pixel: 49 42
world: 1.75 0.15 0.00999999
pixel: 49 43
world: 1.75 0.13 0.00999999
pixel: 49 44
world: 1.75 0.11 0.00999999
pixel: 49 45
world: 1.75 0.0899999 0.00999999
pixel: 49 46
world: 1.75 0.0699999 0.00999999
pixel: 49 47
world: 1.75 0.0499999 0.00999999
pixel: 49 48
world: 1.75 0.03 0.00999999
pixel: 49 49
world: 1.75 0.00999999 0.00999999
pixel: 49 50
world: 1.75 -0.00999999 0.00999999
pixel: 49 51
world: 1.75 -0.03 0.00999999
pixel: 49 52
world: 1.75 -0.0499999 0.00999999
pixel: 49 53
world: 1.75 -0.07 0.00999999
pixel: 49 54
world: 1.75 -0.09 0.00999999
pixel: 49 55
world: 1.75 -0.11 0.00999999
pixel: 49 56
world: 1.75 -0.13 0.00999999
pixel: 49 57
world: 1.75 -0.15 0.00999999
pixel: 49 58
world: 1.75 -0.17 0.00999999
pixel: 49 59
world: 1.75 -0.19 0.00999999
pixel: 49 60
world: 1.75 -0.21 0.00999999
pixel: 49 61
world: 1.75 -0.23 0.00999999
pixel: 49 62
world: 1.75 -0.25 0.00999999
pixel: 49 63
world: 1.75 -0.27 0.00999999
pixel: 49 64
world: 1.75 -0.29 0.00999999
pixel: 49 65
world: 1.75 -0.31 0.00999999
pixel: 49 66
world: 1.75 -0.33 0.00999999
pixel: 49 67
world: 1.75 -0.35 0.00999999
pixel: 49 68
world: 1.75 -0.37 0.00999999
pixel: 49 69
world: 1.75 -0.39 0.00999999
pixel: 49 70
world: 1.75 -0.41 0.00999999
pixel: 49 71
world: 1.75 -0.43 0.00999999
pixel: 49 72
world: 1.75 -0.45 0.00999999
pixel: 49 73
world: 1.75 -0.47 0.00999999
pixel: 49 74
world: 1.75 -0.49 0.00999999
pixel: 49 75
world: 1.75 -0.51 0.00999999
pixel: 49 76
world: 1.75 -0.53 0.00999999
pixel: 49 77
world: 1.75 -0.55 0.00999999
pixel: 49 78
world: 1.75 -0.57 0.00999999
pixel: 49 79
world: 1.75 -0.59 0.00999999
pixel: 49 80
world: 1.75 -0.61 0.00999999
pixel: 49 81
world: 1.75 -0.63 0.00999999
pixel: 49 82
world: 1.75 -0.65 0.00999999
pixel: 49 83
world: 1.75 -0.67 0.00999999
pixel: 49 84
world: 1.75 -0.69 0.00999999
pixel: 49 85
world: 1.75 -0.71 0.00999999
pixel: 49 86
world: 1.75 -0.73 0.00999999
pixel: 49 87
world: 1.75 -0.75 0.00999999
pixel: 49 88
world: 1.75 -0.77 0.00999999
pixel: 49 89
world: 1.75 -0.79 0.00999999
pixel: 49 90
world: 1.75 -0.81 0.00999999
pixel: 49 91
world: 1.75 -0.83 0.00999999
pixel: 49 92
world: 1.75 -0.85 0.00999999
pixel: 49 93
world: 1.75 -0.87 0.00999999
pixel: 49 94
world: 1.75 -0.89 0.00999999
pixel: 49 95
world: 1.75 -0.91 0.00999999
pixel: 49 96
world: 1.75 -0.93 0.00999999
pixel: 49 97
world: 1.75 -0.95 0.00999999
pixel: 49 98
world: 1.75 -0.97 0.00999999
pixel: 49 99
world: 1.75 -0.99 0.00999999
pixel: 50 0
world: 1.75 0.99 -0.00999999
pixel: 50 1
world: 1.75 0.97 -0.00999999
pixel: 50 2
world: 1.75 0.95 -0.00999999
pixel: 50 3
world: 1.75 0.93 -0.00999999
pixel: 50 4
world: 1.75 0.91 -0.00999999
pixel: 50 5
world: 1.75 0.89 -0.00999999
pixel: 50 6
world: 1.75 0.87 -0.00999999
pixel: 50 7
world: 1.75 0.85 -0.00999999
pixel: 50 8
world: 1.75 0.83 -0.00999999
pixel: 50 9
world: 1.75 0.81 -0.00999999
pixel: 50 10
world: 1.75 0.79 -0.00999999
pixel: 50 11
world: 1.75 0.77 -0.00999999
pixel: 50 12
world: 1.75 0.75 -0.00999999
pixel: 50 13
world: 1.75 0.73 -0.00999999
pixel: 50 14
world: 1.75 0.71 -0.00999999
pixel: 50 15
world: 1.75 0.69 -0.00999999
pixel: 50 16
world: 1.75 0.67 -0.00999999
pixel: 50 17
world: 1.75 0.65 -0.00999999
pixel: 50 18
world: 1.75 0.63 -0.00999999
pixel: 50 19
world: 1.75 0.61 -0.00999999
pixel: 50 20
world: 1.75 0.59 -0.00999999
pixel: 50 21
world: 1.75 0.57 -0.00999999
pixel: 50 22
world: 1.75 0.55 -0.00999999
pixel: 50 23
world: 1.75 0.53 -0.00999999
pixel: 50 24
world: 1.75 0.51 -0.00999999
pixel: 50 25
world: 1.75 0.49 -0.00999999
pixel: 50 26
world: 1.75 0.47 -0.00999999
pixel: 50 27
world: 1.75 0.45 -0.00999999
pixel: 50 28
world: 1.75 0.43 -0.00999999
pixel: 50 29
world: 1.75 0.41 -0.00999999
pixel: 50 30
world: 1.75 0.39 -0.00999999
pixel: 50 31
world: 1.75 0.37 -0.00999999
pixel: 50 32
world: 1.75 0.35 -0.00999999
pixel: 50 33
world: 1.75 0.33 -0.00999999
pixel: 50 34
world: 1.75 0.31 -0.00999999
pixel: 50 35
world: 1.75 0.29 -0.00999999
pixel: 50 36
world: 1.75 0.27 -0.00999999
pixel: 50 37
world: 1.75 0.25 -0.00999999
pixel: 50 38
world: 1.75 0.23 -0.00999999
pixel: 50 39
world: 1.75 0.21 -0.00999999
pixel: 50 40
world: 1.75 0.19 -0.00999999
pixel: 50 41
world: 1.75 0.17 -0.00999999
pixel: 50 42
world: 1.75 0.15 -0.00999999
pixel: 50 43
world: 1.75 0.13 -0.00999999
pixel: 50 44
world: 1.75 0.11 -0.00999999
pixel: 50 45
world: 1.75 0.0899999 -0.00999999
pixel: 50 46
world: 1.75 0.0699999 -0.00999999
pixel: 50 47
world: 1.75 0.0499999 -0.00999999
pixel: 50 48
world: 1.75 0.03 -0.00999999
pixel: 50 49
world: 1.75 0.00999999 -0.00999999
pixel: 50 50
world: 1.75 -0.00999999 -0.00999999
pixel: 50 51
world: 1.75 -0.03 -0.00999999
pixel: 50 52
world: 1.75 -0.0499999 -0.00999999
pixel: 50 53
world: 1.75 -0.07 -0.00999999
pixel: 50 54
world: 1.75 -0.09 -0.00999999
pixel: 50 55
world: 1.75 -0.11 -0.00999999
pixel: 50 56
world: 1.75 -0.13 -0.00999999
pixel: 50 57
world: 1.75 -0.15 -0.00999999
pixel: 50 58
world: 1.75 -0.17 -0.00999999
pixel: 50 59
world: 1.75 -0.19 -0.00999999
pixel: 50 60
world: 1.75 -0.21 -0.00999999
pixel: 50 61
world: 1.75 -0.23 -0.00999999
pixel: 50 62
world: 1.75 -0.25 -0.00999999
pixel: 50 63
world: 1.75 -0.27 -0.00999999
pixel: 50 64
world: 1.75 -0.29 -0.00999999
pixel: 50 65
world: 1.75 -0.31 -0.00999999
pixel: 50 66
world: 1.75 -0.33 -0.00999999
pixel: 50 67
world: 1.75 -0.35 -0.00999999
pixel: 50 68
world: 1.75 -0.37 -0.00999999
pixel: 50 69
world: 1.75 -0.39 -0.00999999
pixel: 50 70
world: 1.75 -0.41 -0.00999999
pixel: 50 71
world: 1.75 -0.43 -0.00999999
pixel: 50 72
world: 1.75 -0.45 -0.00999999
pixel: 50 73
world: 1.75 -0.47 -0.00999999
pixel: 50 74
world: 1.75 -0.49 -0.00999999
pixel: 50 75
world: 1.75 -0.51 -0.00999999
pixel: 50 76
world: 1.75 -0.53 -0.00999999
pixel: 50 77
world: 1.75 -0.55 -0.00999999
pixel: 50 78
world: 1.75 -0.57 -0.00999999
pixel: 50 79
world: 1.75 -0.59 -0.00999999
pixel: 50 80
world: 1.75 -0.61 -0.00999999
pixel: 50 81
world: 1.75 -0.63 -0.00999999
pixel: 50 82
world: 1.75 -0.65 -0.00999999
pixel: 50 83
world: 1.75 -0.67 -0.00999999
pixel: 50 84
world: 1.75 -0.69 -0.00999999
pixel: 50 85
world: 1.75 -0.71 -0.00999999
pixel: 50 86
world: 1.75 -0.73 -0.00999999
pixel: 50 87
world: 1.75 -0.75 -0.00999999
pixel: 50 88
world: 1.75 -0.77 -0.00999999
pixel: 50 89
world: 1.75 -0.79 -0.00999999
pixel: 50 90
world: 1.75 -0.81 -0.00999999
pixel: 50 91
world: 1.75 -0.83 -0.00999999
pixel: 50 92
world: 1.75 -0.85 -0.00999999
pixel: 50 93
world: 1.75 -0.87 -0.00999999
pixel: 50 94
world: 1.75 -0.89 -0.00999999
pixel: 50 95
world: 1.75 -0.91 -0.00999999
pixel: 50 96
world: 1.75 -0.93 -0.00999999
pixel: 50 97
world: 1.75 -0.95 -0.00999999
pixel: 50 98
world: 1.75 -0.97 -0.00999999
pixel: 50 99
world: 1.75 -0.99 -0.00999999
pixel: 51 0
world: 1.75 0.99 -0.03
pixel: 51 1
world: 1.75 0.97 -0.03
pixel: 51 2
world: 1.75 0.95 -0.03
pixel: 51 3
world: 1.75 0.93 -0.03
pixel: 51 4
world: 1.75 0.91 -0.03
pixel: 51 5
world: 1.75 0.89 -0.03
pixel: 51 6
world: 1.75 0.87 -0.03
pixel: 51 7
world: 1.75 0.85 -0.03
pixel: 51 8
world: 1.75 0.83 -0.03
pixel: 51 9
world: 1.75 0.81 -0.03
pixel: 51 10
world: 1.75 0.79 -0.03
pixel: 51 11
world: 1.75 0.77 -0.03
pixel: 51 12
world: 1.75 0.75 -0.03
pixel: 51 13
world: 1.75 0.73 -0.03
pixel: 51 14
world: 1.75 0.71 -0.03
pixel: 51 15
world: 1.75 0.69 -0.03
pixel: 51 16
world: 1.75 0.67 -0.03
pixel: 51 17
world: 1.75 0.65 -0.03
pixel: 51 18
world: 1.75 0.63 -0.03
pixel: 51 19
world: 1.75 0.61 -0.03
pixel: 51 20
world: 1.75 0.59 -0.03
pixel: 51 21
world: 1.75 0.57 -0.03
pixel: 51 22
world: 1.75 0.55 -0.03
pixel: 51 23
world: 1.75 0.53 -0.03
pixel: 51 24
world: 1.75 0.51 -0.03
pixel: 51 25
world: 1.75 0.49 -0.03
pixel: 51 26
world: 1.75 0.47 -0.03
pixel: 51 27
world: 1.75 0.45 -0.03
pixel: 51 28
world: 1.75 0.43 -0.03
pixel: 51 29
world: 1.75 0.41 -0.03
pixel: 51 30
world: 1.75 0.39 -0.03
pixel: 51 31
world: 1.75 0.37 -0.03
pixel: 51 32
world: 1.75 0.35 -0.03
pixel: 51 33
world: 1.75 0.33 -0.03
pixel: 51 34
world: 1.75 0.31 -0.03
pixel: 51 35
world: 1.75 0.29 -0.03
pixel: 51 36
world: 1.75 0.27 -0.03
pixel: 51 37
world: 1.75 0.25 -0.03
pixel: 51 38
world: 1.75 0.23 -0.03
pixel: 51 39
world: 1.75 0.21 -0.03
pixel: 51 40
world: 1.75 0.19 -0.03
pixel: 51 41
world: 1.75 0.17 -0.03
pixel: 51 42
world: 1.75 0.15 -0.03
pixel: 51 43
world: 1.75 0.13 -0.03
pixel: 51 44
world: 1.75 0.11 -0.03
pixel: 51 45
world: 1.75 0.0899999 -0.03
pixel: 51 46
world: 1.75 0.0699999 -0.03
pixel: 51 47
world: 1.75 0.0499999 -0.03
pixel: 51 48
world: 1.75 0.03 -0.03
pixel: 51 49
world: 1.75 0.00999999 -0.03
pixel: 51 50
world: 1.75 -0.00999999 -0.03
pixel: 51 51
world: 1.75 -0.03 -0.03
pixel: 51 52
world: 1.75 -0.0499999 -0.03
pixel: 51 53
world: 1.75 -0.07 -0.03
pixel: 51 54
world: 1.75 -0.09 -0.03
pixel: 51 55
world: 1.75 -0.11 -0.03
pixel: 51 56
world: 1.75 -0.13 -0.03
pixel: 51 57
world: 1.75 -0.15 -0.03
pixel: 51 58
world: 1.75 -0.17 -0.03
pixel: 51 59
world: 1.75 -0.19 -0.03
pixel: 51 60
world: 1.75 -0.21 -0.03
pixel: 51 61
world: 1.75 -0.23 -0.03
pixel: 51 62
world: 1.75 -0.25 -0.03
pixel: 51 63
world: 1.75 -0.27 -0.03
pixel: 51 64
world: 1.75 -0.29 -0.03
pixel: 51 65
world: 1.75 -0.31 -0.03
pixel: 51 66
world: 1.75 -0.33 -0.03
pixel: 51 67
world: 1.75 -0.35 -0.03
pixel: 51 68
world: 1.75 -0.37 -0.03
pixel: 51 69
world: 1.75 -0.39 -0.03
pixel: 51 70
world: 1.75 -0.41 -0.03
pixel: 51 71
world: 1.75 -0.43 -0.03
pixel: 51 72
world: 1.75 -0.45 -0.03
pixel: 51 73
world: 1.75 -0.47 -0.03
pixel: 51 74
world: 1.75 -0.49 -0.03
pixel: 51 75
world: 1.75 -0.51 -0.03
pixel: 51 76
world: 1.75 -0.53 -0.03
pixel: 51 77
world: 1.75 -0.55 -0.03
pixel: 51 78
world: 1.75 -0.57 -0.03
pixel: 51 79
world: 1.75 -0.59 -0.03
pixel: 51 80
world: 1.75 -0.61 -0.03
pixel: 51 81
world: 1.75 -0.63 -0.03
pixel: 51 82
world: 1.75 -0.65 -0.03
pixel: 51 83
world: 1.75 -0.67 -0.03
pixel: 51 84
world: 1.75 -0.69 -0.03
pixel: 51 85
world: 1.75 -0.71 -0.03
pixel: 51 86
world: 1.75 -0.73 -0.03
pixel: 51 87
world: 1.75 -0.75 -0.03
pixel: 51 88
world: 1.75 -0.77 -0.03
pixel: 51 89
world: 1.75 -0.79 -0.03
pixel: 51 90
world: 1.75 -0.81 -0.03
pixel: 51 91
world: 1.75 -0.83 -0.03
pixel: 51 92
world: 1.75 -0.85 -0.03
pixel: 51 93
world: 1.75 -0.87 -0.03
pixel: 51 94
world: 1.75 -0.89 -0.03
pixel: 51 95
world: 1.75 -0.91 -0.03
pixel: 51 96
world: 1.75 -0.93 -0.03
pixel: 51 97
world: 1.75 -0.95 -0.03
pixel: 51 98
world: 1.75 -0.97 -0.03
pixel: 51 99
world: 1.75 -0.99 -0.03
pixel: 52 0
world: 1.75 0.99 -0.0499999
pixel: 52 1
world: 1.75 0.97 -0.0499999
pixel: 52 2
world: 1.75 0.95 -0.0499999
pixel: 52 3
world: 1.75 0.93 -0.0499999
pixel: 52 4
world: 1.75 0.91 -0.0499999
pixel: 52 5
world: 1.75 0.89 -0.0499999
pixel: 52 6
world: 1.75 0.87 -0.0499999
pixel: 52 7
world: 1.75 0.85 -0.0499999
pixel: 52 8
world: 1.75 0.83 -0.0499999
pixel: 52 9
world: 1.75 0.81 -0.0499999
pixel: 52 10
world: 1.75 0.79 -0.0499999
pixel: 52 11
world: 1.75 0.77 -0.0499999
pixel: 52 12
world: 1.75 0.75 -0.0499999
pixel: 52 13
world: 1.75 0.73 -0.0499999
pixel: 52 14
world: 1.75 0.71 -0.0499999
pixel: 52 15
world: 1.75 0.69 -0.0499999
pixel: 52 16
world: 1.75 0.67 -0.0499999
pixel: 52 17
world: 1.75 0.65 -0.0499999
pixel: 52 18
world: 1.75 0.63 -0.0499999
pixel: 52 19
world: 1.75 0.61 -0.0499999
pixel: 52 20
world: 1.75 0.59 -0.0499999
pixel: 52 21
world: 1.75 0.57 -0.0499999
pixel: 52 22
world: 1.75 0.55 -0.0499999
pixel: 52 23
world: 1.75 0.53 -0.0499999
pixel: 52 24
world: 1.75 0.51 -0.0499999
pixel: 52 25
world: 1.75 0.49 -0.0499999
pixel: 52 26
world: 1.75 0.47 -0.0499999
pixel: 52 27
world: 1.75 0.45 -0.0499999
pixel: 52 28
world: 1.75 0.43 -0.0499999
pixel: 52 29
world: 1.75 0.41 -0.0499999
pixel: 52 30
world: 1.75 0.39 -0.0499999
pixel: 52 31
world: 1.75 0.37 -0.0499999
pixel: 52 32
world: 1.75 0.35 -0.0499999
pixel: 52 33
world: 1.75 0.33 -0.0499999
pixel: 52 34
world: 1.75 0.31 -0.0499999
pixel: 52 35
world: 1.75 0.29 -0.0499999
pixel: 52 36
world: 1.75 0.27 -0.0499999
pixel: 52 37
world: 1.75 0.25 -0.0499999
pixel: 52 38
world: 1.75 0.23 -0.0499999
pixel: 52 39
world: 1.75 0.21 -0.0499999
pixel: 52 40
world: 1.75 0.19 -0.0499999
pixel: 52 41
world: 1.75 0.17 -0.0499999
pixel: 52 42
world: 1.75 0.15 -0.0499999
pixel: 52 43
world: 1.75 0.13 -0.0499999
pixel: 52 44
world: 1.75 0.11 -0.0499999
pixel: 52 45
world: 1.75 0.0899999 -0.0499999
pixel: 52 46
world: 1.75 0.0699999 -0.0499999
pixel: 52 47
world: 1.75 0.0499999 -0.0499999
pixel: 52 48
world: 1.75 0.03 -0.0499999
pixel: 52 49
world: 1.75 0.00999999 -0.0499999
pixel: 52 50
world: 1.75 -0.00999999 -0.0499999
pixel: 52 51
world: 1.75 -0.03 -0.0499999
pixel: 52 52
world: 1.75 -0.0499999 -0.0499999
pixel: 52 53
world: 1.75 -0.07 -0.0499999
pixel: 52 54
world: 1.75 -0.09 -0.0499999
pixel: 52 55
world: 1.75 -0.11 -0.0499999
pixel: 52 56
world: 1.75 -0.13 -0.0499999
pixel: 52 57
world: 1.75 -0.15 -0.0499999
pixel: 52 58
world: 1.75 -0.17 -0.0499999
pixel: 52 59
world: 1.75 -0.19 -0.0499999
pixel: 52 60
world: 1.75 -0.21 -0.0499999
pixel: 52 61
world: 1.75 -0.23 -0.0499999
pixel: 52 62
world: 1.75 -0.25 -0.0499999
pixel: 52 63
world: 1.75 -0.27 -0.0499999
pixel: 52 64
world: 1.75 -0.29 -0.0499999
pixel: 52 65
world: 1.75 -0.31 -0.0499999
pixel: 52 66
world: 1.75 -0.33 -0.0499999
pixel: 52 67
world: 1.75 -0.35 -0.0499999
pixel: 52 68
world: 1.75 -0.37 -0.0499999
pixel: 52 69
world: 1.75 -0.39 -0.0499999
pixel: 52 70
world: 1.75 -0.41 -0.0499999
pixel: 52 71
world: 1.75 -0.43 -0.0499999
pixel: 52 72
world: 1.75 -0.45 -0.0499999
pixel: 52 73
world: 1.75 -0.47 -0.0499999
pixel: 52 74
world: 1.75 -0.49 -0.0499999
pixel: 52 75
world: 1.75 -0.51 -0.0499999
pixel: 52 76
world: 1.75 -0.53 -0.0499999
pixel: 52 77
world: 1.75 -0.55 -0.0499999
pixel: 52 78
world: 1.75 -0.57 -0.0499999
pixel: 52 79
world: 1.75 -0.59 -0.0499999
pixel: 52 80
world: 1.75 -0.61 -0.0499999
pixel: 52 81
world: 1.75 -0.63 -0.0499999
pixel: 52 82
world: 1.75 -0.65 -0.0499999
pixel: 52 83
world: 1.75 -0.67 -0.0499999
pixel: 52 84
world: 1.75 -0.69 -0.0499999
pixel: 52 85
world: 1.75 -0.71 -0.0499999
pixel: 52 86
world: 1.75 -0.73 -0.0499999
pixel: 52 87
world: 1.75 -0.75 -0.0499999
pixel: 52 88
world: 1.75 -0.77 -0.0499999
pixel: 52 89
world: 1.75 -0.79 -0.0499999
pixel: 52 90
world: 1.75 -0.81 -0.0499999
pixel: 52 91
world: 1.75 -0.83 -0.0499999
pixel: 52 92
world: 1.75 -0.85 -0.0499999
pixel: 52 93
world: 1.75 -0.87 -0.0499999
pixel: 52 94
world: 1.75 -0.89 -0.0499999
pixel: 52 95
world: 1.75 -0.91 -0.0499999
pixel: 52 96
world: 1.75 -0.93 -0.0499999
pixel: 52 97
world: 1.75 -0.95 -0.0499999
pixel: 52 98
world: 1.75 -0.97 -0.0499999
pixel: 52 99
world: 1.75 -0.99 -0.0499999
pixel: 53 0
world: 1.75 0.99 -0.07
pixel: 53 1
world: 1.75 0.97 -0.07
pixel: 53 2
world: 1.75 0.95 -0.07
pixel: 53 3
world: 1.75 0.93 -0.07
pixel: 53 4
world: 1.75 0.91 -0.07
pixel: 53 5
world: 1.75 0.89 -0.07
pixel: 53 6
world: 1.75 0.87 -0.07
pixel: 53 7
world: 1.75 0.85 -0.07
pixel: 53 8
world: 1.75 0.83 -0.07
pixel: 53 9
world: 1.75 0.81 -0.07
pixel: 53 10
world: 1.75 0.79 -0.07
pixel: 53 11
world: 1.75 0.77 -0.07
pixel: 53 12
world: 1.75 0.75 -0.07
pixel: 53 13
world: 1.75 0.73 -0.07
pixel: 53 14
world: 1.75 0.71 -0.07
pixel: 53 15
world: 1.75 0.69 -0.07
pixel: 53 16
world: 1.75 0.67 -0.07
pixel: 53 17
world: 1.75 0.65 -0.07
pixel: 53 18
world: 1.75 0.63 -0.07
pixel: 53 19
world: 1.75 0.61 -0.07
pixel: 53 20
world: 1.75 0.59 -0.07
pixel: 53 21
world: 1.75 0.57 -0.07
pixel: 53 22
world: 1.75 0.55 -0.07
pixel: 53 23
world: 1.75 0.53 -0.07
pixel: 53 24
world: 1.75 0.51 -0.07
pixel: 53 25
world: 1.75 0.49 -0.07
pixel: 53 26
world: 1.75 0.47 -0.07
pixel: 53 27
world: 1.75 0.45 -0.07
pixel: 53 28
world: 1.75 0.43 -0.07
pixel: 53 29
world: 1.75 0.41 -0.07
pixel: 53 30
world: 1.75 0.39 -0.07
pixel: 53 31
world: 1.75 0.37 -0.07
pixel: 53 32
world: 1.75 0.35 -0.07
pixel: 53 33
world: 1.75 0.33 -0.07
pixel: 53 34
world: 1.75 0.31 -0.07
pixel: 53 35
world: 1.75 0.29 -0.07
pixel: 53 36
world: 1.75 0.27 -0.07
pixel: 53 37
world: 1.75 0.25 -0.07
pixel: 53 38
world: 1.75 0.23 -0.07
pixel: 53 39
world: 1.75 0.21 -0.07
pixel: 53 40
world: 1.75 0.19 -0.07
pixel: 53 41
world: 1.75 0.17 -0.07
pixel: 53 42
world: 1.75 0.15 -0.07
pixel: 53 43
world: 1.75 0.13 -0.07
pixel: 53 44
world: 1.75 0.11 -0.07
pixel: 53 45
world: 1.75 0.0899999 -0.07
pixel: 53 46
world: 1.75 0.0699999 -0.07
pixel: 53 47
world: 1.75 0.0499999 -0.07
pixel: 53 48
world: 1.75 0.03 -0.07
pixel: 53 49
world: 1.75 0.00999999 -0.07
pixel: 53 50
world: 1.75 -0.00999999 -0.07
pixel: 53 51
world: 1.75 -0.03 -0.07
pixel: 53 52
world: 1.75 -0.0499999 -0.07
pixel: 53 53
world: 1.75 -0.07 -0.07
pixel: 53 54
world: 1.75 -0.09 -0.07
pixel: 53 55
world: 1.75 -0.11 -0.07
pixel: 53 56
world: 1.75 -0.13 -0.07
pixel: 53 57
world: 1.75 -0.15 -0.07
pixel: 53 58
world: 1.75 -0.17 -0.07
pixel: 53 59
world: 1.75 -0.19 -0.07
pixel: 53 60
world: 1.75 -0.21 -0.07
pixel: 53 61
world: 1.75 -0.23 -0.07
pixel: 53 62
world: 1.75 -0.25 -0.07
pixel: 53 63
world: 1.75 -0.27 -0.07
pixel: 53 64
world: 1.75 -0.29 -0.07
pixel: 53 65
world: 1.75 -0.31 -0.07
pixel: 53 66
world: 1.75 -0.33 -0.07
pixel: 53 67
world: 1.75 -0.35 -0.07
pixel: 53 68
world: 1.75 -0.37 -0.07
pixel: 53 69
world: 1.75 -0.39 -0.07
pixel: 53 70
world: 1.75 -0.41 -0.07
pixel: 53 71
world: 1.75 -0.43 -0.07
pixel: 53 72
world: 1.75 -0.45 -0.07
pixel: 53 73
world: 1.75 -0.47 -0.07
pixel: 53 74
world: 1.75 -0.49 -0.07
pixel: 53 75
world: 1.75 -0.51 -0.07
pixel: 53 76
world: 1.75 -0.53 -0.07
pixel: 53 77
world: 1.75 -0.55 -0.07
pixel: 53 78
world: 1.75 -0.57 -0.07
pixel: 53 79
world: 1.75 -0.59 -0.07
pixel: 53 80
world: 1.75 -0.61 -0.07
pixel: 53 81
world: 1.75 -0.63 -0.07
pixel: 53 82
world: 1.75 -0.65 -0.07
pixel: 53 83
world: 1.75 -0.67 -0.07
pixel: 53 84
world: 1.75 -0.69 -0.07
pixel: 53 85
world: 1.75 -0.71 -0.07
pixel: 53 86
world: 1.75 -0.73 -0.07
pixel: 53 87
world: 1.75 -0.75 -0.07
pixel: 53 88
world: 1.75 -0.77 -0.07
pixel: 53 89
world: 1.75 -0.79 -0.07
pixel: 53 90
world: 1.75 -0.81 -0.07
pixel: 53 91
world: 1.75 -0.83 -0.07
pixel: 53 92
world: 1.75 -0.85 -0.07
pixel: 53 93
world: 1.75 -0.87 -0.07
pixel: 53 94
world: 1.75 -0.89 -0.07
pixel: 53 95
world: 1.75 -0.91 -0.07
pixel: 53 96
world: 1.75 -0.93 -0.07
pixel: 53 97
world: 1.75 -0.95 -0.07
pixel: 53 98
world: 1.75 -0.97 -0.07
pixel: 53 99
world: 1.75 -0.99 -0.07
pixel: 54 0
world: 1.75 0.99 -0.09
pixel: 54 1
world: 1.75 0.97 -0.09
pixel: 54 2
world: 1.75 0.95 -0.09
pixel: 54 3
world: 1.75 0.93 -0.09
pixel: 54 4
world: 1.75 0.91 -0.09
pixel: 54 5
world: 1.75 0.89 -0.09
pixel: 54 6
world: 1.75 0.87 -0.09
pixel: 54 7
world: 1.75 0.85 -0.09
pixel: 54 8
world: 1.75 0.83 -0.09
pixel: 54 9
world: 1.75 0.81 -0.09
pixel: 54 10
world: 1.75 0.79 -0.09
pixel: 54 11
world: 1.75 0.77 -0.09
pixel: 54 12
world: 1.75 0.75 -0.09
pixel: 54 13
world: 1.75 0.73 -0.09
pixel: 54 14
world: 1.75 0.71 -0.09
pixel: 54 15
world: 1.75 0.69 -0.09
pixel: 54 16
world: 1.75 0.67 -0.09
pixel: 54 17
world: 1.75 0.65 -0.09
pixel: 54 18
world: 1.75 0.63 -0.09
pixel: 54 19
world: 1.75 0.61 -0.09
pixel: 54 20
world: 1.75 0.59 -0.09
pixel: 54 21
world: 1.75 0.57 -0.09
pixel: 54 22
world: 1.75 0.55 -0.09
pixel: 54 23
world: 1.75 0.53 -0.09
pixel: 54 24
world: 1.75 0.51 -0.09
pixel: 54 25
world: 1.75 0.49 -0.09
pixel: 54 26
world: 1.75 0.47 -0.09
pixel: 54 27
world: 1.75 0.45 -0.09
pixel: 54 28
world: 1.75 0.43 -0.09
pixel: 54 29
world: 1.75 0.41 -0.09
pixel: 54 30
world: 1.75 0.39 -0.09
pixel: 54 31
world: 1.75 0.37 -0.09
pixel: 54 32
world: 1.75 0.35 -0.09
pixel: 54 33
world: 1.75 0.33 -0.09
pixel: 54 34
world: 1.75 0.31 -0.09
pixel: 54 35
world: 1.75 0.29 -0.09
pixel: 54 36
world: 1.75 0.27 -0.09
pixel: 54 37
world: 1.75 0.25 -0.09
pixel: 54 38
world: 1.75 0.23 -0.09
pixel: 54 39
world: 1.75 0.21 -0.09
pixel: 54 40
world: 1.75 0.19 -0.09
pixel: 54 41
world: 1.75 0.17 -0.09
pixel: 54 42
world: 1.75 0.15 -0.09
pixel: 54 43
world: 1.75 0.13 -0.09
pixel: 54 44
world: 1.75 0.11 -0.09
pixel: 54 45
world: 1.75 0.0899999 -0.09
pixel: 54 46
world: 1.75 0.0699999 -0.09
pixel: 54 47
world: 1.75 0.0499999 -0.09
pixel: 54 48
world: 1.75 0.03 -0.09
pixel: 54 49
world: 1.75 0.00999999 -0.09
pixel: 54 50
world: 1.75 -0.00999999 -0.09
pixel: 54 51
world: 1.75 -0.03 -0.09
pixel: 54 52
world: 1.75 -0.0499999 -0.09
pixel: 54 53
world: 1.75 -0.07 -0.09
pixel: 54 54
world: 1.75 -0.09 -0.09
pixel: 54 55
world: 1.75 -0.11 -0.09
pixel: 54 56
world: 1.75 -0.13 -0.09
pixel: 54 57
world: 1.75 -0.15 -0.09
pixel: 54 58
world: 1.75 -0.17 -0.09
pixel: 54 59
world: 1.75 -0.19 -0.09
pixel: 54 60
world: 1.75 -0.21 -0.09
pixel: 54 61
world: 1.75 -0.23 -0.09
pixel: 54 62
world: 1.75 -0.25 -0.09
pixel: 54 63
world: 1.75 -0.27 -0.09
pixel: 54 64
world: 1.75 -0.29 -0.09
pixel: 54 65
world: 1.75 -0.31 -0.09
pixel: 54 66
world: 1.75 -0.33 -0.09
pixel: 54 67
world: 1.75 -0.35 -0.09
pixel: 54 68
world: 1.75 -0.37 -0.09
pixel: 54 69
world: 1.75 -0.39 -0.09
pixel: 54 70
world: 1.75 -0.41 -0.09
pixel: 54 71
world: 1.75 -0.43 -0.09
pixel: 54 72
world: 1.75 -0.45 -0.09
pixel: 54 73
world: 1.75 -0.47 -0.09
pixel: 54 74
world: 1.75 -0.49 -0.09
pixel: 54 75
world: 1.75 -0.51 -0.09
pixel: 54 76
world: 1.75 -0.53 -0.09
pixel: 54 77
world: 1.75 -0.55 -0.09
pixel: 54 78
world: 1.75 -0.57 -0.09
pixel: 54 79
world: 1.75 -0.59 -0.09
pixel: 54 80
world: 1.75 -0.61 -0.09
pixel: 54 81
world: 1.75 -0.63 -0.09
pixel: 54 82
world: 1.75 -0.65 -0.09
pixel: 54 83
world: 1.75 -0.67 -0.09
pixel: 54 84
world: 1.75 -0.69 -0.09
pixel: 54 85
world: 1.75 -0.71 -0.09
pixel: 54 86
world: 1.75 -0.73 -0.09
pixel: 54 87
world: 1.75 -0.75 -0.09
pixel: 54 88
world: 1.75 -0.77 -0.09
pixel: 54 89
world: 1.75 -0.79 -0.09
pixel: 54 90
world: 1.75 -0.81 -0.09
pixel: 54 91
world: 1.75 -0.83 -0.09
pixel: 54 92
world: 1.75 -0.85 -0.09
pixel: 54 93
world: 1.75 -0.87 -0.09
pixel: 54 94
world: 1.75 -0.89 -0.09
pixel: 54 95
world: 1.75 -0.91 -0.09
pixel: 54 96
world: 1.75 -0.93 -0.09
pixel: 54 97
world: 1.75 -0.95 -0.09
pixel: 54 98
world: 1.75 -0.97 -0.09
pixel: 54 99
world: 1.75 -0.99 -0.09
pixel: 55 0
world: 1.75 0.99 -0.11
pixel: 55 1
world: 1.75 0.97 -0.11
pixel: 55 2
world: 1.75 0.95 -0.11
pixel: 55 3
world: 1.75 0.93 -0.11
pixel: 55 4
world: 1.75 0.91 -0.11
pixel: 55 5
world: 1.75 0.89 -0.11
pixel: 55 6
world: 1.75 0.87 -0.11
pixel: 55 7
world: 1.75 0.85 -0.11
pixel: 55 8
world: 1.75 0.83 -0.11
pixel: 55 9
world: 1.75 0.81 -0.11
pixel: 55 10
world: 1.75 0.79 -0.11
pixel: 55 11
world: 1.75 0.77 -0.11
pixel: 55 12
world: 1.75 0.75 -0.11
pixel: 55 13
world: 1.75 0.73 -0.11
pixel: 55 14
world: 1.75 0.71 -0.11
pixel: 55 15
world: 1.75 0.69 -0.11
pixel: 55 16
world: 1.75 0.67 -0.11
pixel: 55 17
world: 1.75 0.65 -0.11
pixel: 55 18
world: 1.75 0.63 -0.11
pixel: 55 19
world: 1.75 0.61 -0.11
pixel: 55 20
world: 1.75 0.59 -0.11
pixel: 55 21
world: 1.75 0.57 -0.11
pixel: 55 22
world: 1.75 0.55 -0.11
pixel: 55 23
world: 1.75 0.53 -0.11
pixel: 55 24
world: 1.75 0.51 -0.11
pixel: 55 25
world: 1.75 0.49 -0.11
pixel: 55 26
world: 1.75 0.47 -0.11
pixel: 55 27
world: 1.75 0.45 -0.11
pixel: 55 28
world: 1.75 0.43 -0.11
pixel: 55 29
world: 1.75 0.41 -0.11
pixel: 55 30
world: 1.75 0.39 -0.11
pixel: 55 31
world: 1.75 0.37 -0.11
pixel: 55 32
world: 1.75 0.35 -0.11
pixel: 55 33
world: 1.75 0.33 -0.11
pixel: 55 34
world: 1.75 0.31 -0.11
pixel: 55 35
world: 1.75 0.29 -0.11
pixel: 55 36
world: 1.75 0.27 -0.11
pixel: 55 37
world: 1.75 0.25 -0.11
pixel: 55 38
world: 1.75 0.23 -0.11
pixel: 55 39
world: 1.75 0.21 -0.11
pixel: 55 40
world: 1.75 0.19 -0.11
pixel: 55 41
world: 1.75 0.17 -0.11
pixel: 55 42
world: 1.75 0.15 -0.11
pixel: 55 43
world: 1.75 0.13 -0.11
pixel: 55 44
world: 1.75 0.11 -0.11
pixel: 55 45
world: 1.75 0.0899999 -0.11
pixel: 55 46
world: 1.75 0.0699999 -0.11
pixel: 55 47
world: 1.75 0.0499999 -0.11
pixel: 55 48
world: 1.75 0.03 -0.11
pixel: 55 49
world: 1.75 0.00999999 -0.11
pixel: 55 50
world: 1.75 -0.00999999 -0.11
pixel: 55 51
world: 1.75 -0.03 -0.11
pixel: 55 52
world: 1.75 -0.0499999 -0.11
pixel: 55 53
world: 1.75 -0.07 -0.11
pixel: 55 54
world: 1.75 -0.09 -0.11
pixel: 55 55
world: 1.75 -0.11 -0.11
pixel: 55 56
world: 1.75 -0.13 -0.11
pixel: 55 57
world: 1.75 -0.15 -0.11
pixel: 55 58
world: 1.75 -0.17 -0.11
pixel: 55 59
world: 1.75 -0.19 -0.11
pixel: 55 60
world: 1.75 -0.21 -0.11
pixel: 55 61
world: 1.75 -0.23 -0.11
pixel: 55 62
world: 1.75 -0.25 -0.11
pixel: 55 63
world: 1.75 -0.27 -0.11
pixel: 55 64
world: 1.75 -0.29 -0.11
pixel: 55 65
world: 1.75 -0.31 -0.11
pixel: 55 66
world: 1.75 -0.33 -0.11
pixel: 55 67
world: 1.75 -0.35 -0.11
pixel: 55 68
world: 1.75 -0.37 -0.11
pixel: 55 69
world: 1.75 -0.39 -0.11
pixel: 55 70
world: 1.75 -0.41 -0.11
pixel: 55 71
world: 1.75 -0.43 -0.11
pixel: 55 72
world: 1.75 -0.45 -0.11
pixel: 55 73
world: 1.75 -0.47 -0.11
pixel: 55 74
world: 1.75 -0.49 -0.11
pixel: 55 75
world: 1.75 -0.51 -0.11
pixel: 55 76
world: 1.75 -0.53 -0.11
pixel: 55 77
world: 1.75 -0.55 -0.11
pixel: 55 78
world: 1.75 -0.57 -0.11
pixel: 55 79
world: 1.75 -0.59 -0.11
pixel: 55 80
world: 1.75 -0.61 -0.11
pixel: 55 81
world: 1.75 -0.63 -0.11
pixel: 55 82
world: 1.75 -0.65 -0.11
pixel: 55 83
world: 1.75 -0.67 -0.11
pixel: 55 84
world: 1.75 -0.69 -0.11
pixel: 55 85
world: 1.75 -0.71 -0.11
pixel: 55 86
world: 1.75 -0.73 -0.11
pixel: 55 87
world: 1.75 -0.75 -0.11
pixel: 55 88
world: 1.75 -0.77 -0.11
pixel: 55 89
world: 1.75 -0.79 -0.11
pixel: 55 90
world: 1.75 -0.81 -0.11
pixel: 55 91
world: 1.75 -0.83 -0.11
pixel: 55 92
world: 1.75 -0.85 -0.11
pixel: 55 93
world: 1.75 -0.87 -0.11
pixel: 55 94
world: 1.75 -0.89 -0.11
pixel: 55 95
world: 1.75 -0.91 -0.11
pixel: 55 96
world: 1.75 -0.93 -0.11
pixel: 55 97
world: 1.75 -0.95 -0.11
pixel: 55 98
world: 1.75 -0.97 -0.11
pixel: 55 99
world: 1.75 -0.99 -0.11
pixel: 56 0
world: 1.75 0.99 -0.13
pixel: 56 1
world: 1.75 0.97 -0.13
pixel: 56 2
world: 1.75 0.95 -0.13
pixel: 56 3
world: 1.75 0.93 -0.13
pixel: 56 4
world: 1.75 0.91 -0.13
pixel: 56 5
world: 1.75 0.89 -0.13
pixel: 56 6
world: 1.75 0.87 -0.13
pixel: 56 7
world: 1.75 0.85 -0.13
pixel: 56 8
world: 1.75 0.83 -0.13
pixel: 56 9
world: 1.75 0.81 -0.13
pixel: 56 10
world: 1.75 0.79 -0.13
pixel: 56 11
world: 1.75 0.77 -0.13
pixel: 56 12
world: 1.75 0.75 -0.13
pixel: 56 13
world: 1.75 0.73 -0.13
pixel: 56 14
world: 1.75 0.71 -0.13
pixel: 56 15
world: 1.75 0.69 -0.13
pixel: 56 16
world: 1.75 0.67 -0.13
pixel: 56 17
world: 1.75 0.65 -0.13
pixel: 56 18
world: 1.75 0.63 -0.13
pixel: 56 19
world: 1.75 0.61 -0.13
pixel: 56 20
world: 1.75 0.59 -0.13
pixel: 56 21
world: 1.75 0.57 -0.13
pixel: 56 22
world: 1.75 0.55 -0.13
pixel: 56 23
world: 1.75 0.53 -0.13
pixel: 56 24
world: 1.75 0.51 -0.13
pixel: 56 25
world: 1.75 0.49 -0.13
pixel: 56 26
world: 1.75 0.47 -0.13
pixel: 56 27
world: 1.75 0.45 -0.13
pixel: 56 28
world: 1.75 0.43 -0.13
pixel: 56 29
world: 1.75 0.41 -0.13
pixel: 56 30
world: 1.75 0.39 -0.13
pixel: 56 31
world: 1.75 0.37 -0.13
pixel: 56 32
world: 1.75 0.35 -0.13
pixel: 56 33
world: 1.75 0.33 -0.13
pixel: 56 34
world: 1.75 0.31 -0.13
pixel: 56 35
world: 1.75 0.29 -0.13
pixel: 56 36
world: 1.75 0.27 -0.13
pixel: 56 37
world: 1.75 0.25 -0.13
pixel: 56 38
world: 1.75 0.23 -0.13
pixel: 56 39
world: 1.75 0.21 -0.13
pixel: 56 40
world: 1.75 0.19 -0.13
pixel: 56 41
world: 1.75 0.17 -0.13
pixel: 56 42
world: 1.75 0.15 -0.13
pixel: 56 43
world: 1.75 0.13 -0.13
pixel: 56 44
world: 1.75 0.11 -0.13
pixel: 56 45
world: 1.75 0.0899999 -0.13
pixel: 56 46
world: 1.75 0.0699999 -0.13
pixel: 56 47
world: 1.75 0.0499999 -0.13
pixel: 56 48
world: 1.75 0.03 -0.13
pixel: 56 49
world: 1.75 0.00999999 -0.13
pixel: 56 50
world: 1.75 -0.00999999 -0.13
pixel: 56 51
world: 1.75 -0.03 -0.13
pixel: 56 52
world: 1.75 -0.0499999 -0.13
pixel: 56 53
world: 1.75 -0.07 -0.13
pixel: 56 54
world: 1.75 -0.09 -0.13
pixel: 56 55
world: 1.75 -0.11 -0.13
pixel: 56 56
world: 1.75 -0.13 -0.13
pixel: 56 57
world: 1.75 -0.15 -0.13
pixel: 56 58
world: 1.75 -0.17 -0.13
pixel: 56 59
world: 1.75 -0.19 -0.13
pixel: 56 60
world: 1.75 -0.21 -0.13
pixel: 56 61
world: 1.75 -0.23 -0.13
pixel: 56 62
world: 1.75 -0.25 -0.13
pixel: 56 63
world: 1.75 -0.27 -0.13
pixel: 56 64
world: 1.75 -0.29 -0.13
pixel: 56 65
world: 1.75 -0.31 -0.13
pixel: 56 66
world: 1.75 -0.33 -0.13
pixel: 56 67
world: 1.75 -0.35 -0.13
pixel: 56 68
world: 1.75 -0.37 -0.13
pixel: 56 69
world: 1.75 -0.39 -0.13
pixel: 56 70
world: 1.75 -0.41 -0.13
pixel: 56 71
world: 1.75 -0.43 -0.13
pixel: 56 72
world: 1.75 -0.45 -0.13
pixel: 56 73
world: 1.75 -0.47 -0.13
pixel: 56 74
world: 1.75 -0.49 -0.13
pixel: 56 75
world: 1.75 -0.51 -0.13
pixel: 56 76
world: 1.75 -0.53 -0.13
pixel: 56 77
world: 1.75 -0.55 -0.13
pixel: 56 78
world: 1.75 -0.57 -0.13
pixel: 56 79
world: 1.75 -0.59 -0.13
pixel: 56 80
world: 1.75 -0.61 -0.13
pixel: 56 81
world: 1.75 -0.63 -0.13
pixel: 56 82
world: 1.75 -0.65 -0.13
pixel: 56 83
world: 1.75 -0.67 -0.13
pixel: 56 84
world: 1.75 -0.69 -0.13
pixel: 56 85
world: 1.75 -0.71 -0.13
pixel: 56 86
world: 1.75 -0.73 -0.13
pixel: 56 87
world: 1.75 -0.75 -0.13
pixel: 56 88
world: 1.75 -0.77 -0.13
pixel: 56 89
world: 1.75 -0.79 -0.13
pixel: 56 90
world: 1.75 -0.81 -0.13
pixel: 56 91
world: 1.75 -0.83 -0.13
pixel: 56 92
world: 1.75 -0.85 -0.13
pixel: 56 93
world: 1.75 -0.87 -0.13
pixel: 56 94
world: 1.75 -0.89 -0.13
pixel: 56 95
world: 1.75 -0.91 -0.13
pixel: 56 96
world: 1.75 -0.93 -0.13
pixel: 56 97
world: 1.75 -0.95 -0.13
pixel: 56 98
world: 1.75 -0.97 -0.13
pixel: 56 99
world: 1.75 -0.99 -0.13
pixel: 57 0
world: 1.75 0.99 -0.15
pixel: 57 1
world: 1.75 0.97 -0.15
pixel: 57 2
world: 1.75 0.95 -0.15
pixel: 57 3
world: 1.75 0.93 -0.15
pixel: 57 4
world: 1.75 0.91 -0.15
pixel: 57 5
world: 1.75 0.89 -0.15
pixel: 57 6
world: 1.75 0.87 -0.15
pixel: 57 7
world: 1.75 0.85 -0.15
pixel: 57 8
world: 1.75 0.83 -0.15
pixel: 57 9
world: 1.75 0.81 -0.15
pixel: 57 10
world: 1.75 0.79 -0.15
pixel: 57 11
world: 1.75 0.77 -0.15
pixel: 57 12
world: 1.75 0.75 -0.15
pixel: 57 13
world: 1.75 0.73 -0.15
pixel: 57 14
world: 1.75 0.71 -0.15
pixel: 57 15
world: 1.75 0.69 -0.15
pixel: 57 16
world: 1.75 0.67 -0.15
pixel: 57 17
world: 1.75 0.65 -0.15
pixel: 57 18
world: 1.75 0.63 -0.15
pixel: 57 19
world: 1.75 0.61 -0.15
pixel: 57 20
world: 1.75 0.59 -0.15
pixel: 57 21
world: 1.75 0.57 -0.15
pixel: 57 22
world: 1.75 0.55 -0.15
pixel: 57 23
world: 1.75 0.53 -0.15
pixel: 57 24
world: 1.75 0.51 -0.15
pixel: 57 25
world: 1.75 0.49 -0.15
pixel: 57 26
world: 1.75 0.47 -0.15
pixel: 57 27
world: 1.75 0.45 -0.15
pixel: 57 28
world: 1.75 0.43 -0.15
pixel: 57 29
world: 1.75 0.41 -0.15
pixel: 57 30
world: 1.75 0.39 -0.15
pixel: 57 31
world: 1.75 0.37 -0.15
pixel: 57 32
world: 1.75 0.35 -0.15
pixel: 57 33
world: 1.75 0.33 -0.15
pixel: 57 34
world: 1.75 0.31 -0.15
pixel: 57 35
world: 1.75 0.29 -0.15
pixel: 57 36
world: 1.75 0.27 -0.15
pixel: 57 37
world: 1.75 0.25 -0.15
pixel: 57 38
world: 1.75 0.23 -0.15
pixel: 57 39
world: 1.75 0.21 -0.15
pixel: 57 40
world: 1.75 0.19 -0.15
pixel: 57 41
world: 1.75 0.17 -0.15
pixel: 57 42
world: 1.75 0.15 -0.15
pixel: 57 43
world: 1.75 0.13 -0.15
pixel: 57 44
world: 1.75 0.11 -0.15
pixel: 57 45
world: 1.75 0.0899999 -0.15
pixel: 57 46
world: 1.75 0.0699999 -0.15
pixel: 57 47
world: 1.75 0.0499999 -0.15
pixel: 57 48
world: 1.75 0.03 -0.15
pixel: 57 49
world: 1.75 0.00999999 -0.15
pixel: 57 50
world: 1.75 -0.00999999 -0.15
pixel: 57 51
world: 1.75 -0.03 -0.15
pixel: 57 52
world: 1.75 -0.0499999 -0.15
pixel: 57 53
world: 1.75 -0.07 -0.15
pixel: 57 54
world: 1.75 -0.09 -0.15
pixel: 57 55
world: 1.75 -0.11 -0.15
pixel: 57 56
world: 1.75 -0.13 -0.15
pixel: 57 57
world: 1.75 -0.15 -0.15
pixel: 57 58
world: 1.75 -0.17 -0.15
pixel: 57 59
world: 1.75 -0.19 -0.15
pixel: 57 60
world: 1.75 -0.21 -0.15
pixel: 57 61
world: 1.75 -0.23 -0.15
pixel: 57 62
world: 1.75 -0.25 -0.15
pixel: 57 63
world: 1.75 -0.27 -0.15
pixel: 57 64
world: 1.75 -0.29 -0.15
pixel: 57 65
world: 1.75 -0.31 -0.15
pixel: 57 66
world: 1.75 -0.33 -0.15
pixel: 57 67
world: 1.75 -0.35 -0.15
pixel: 57 68
world: 1.75 -0.37 -0.15
pixel: 57 69
world: 1.75 -0.39 -0.15
pixel: 57 70
world: 1.75 -0.41 -0.15
pixel: 57 71
world: 1.75 -0.43 -0.15
pixel: 57 72
world: 1.75 -0.45 -0.15
pixel: 57 73
world: 1.75 -0.47 -0.15
pixel: 57 74
world: 1.75 -0.49 -0.15
pixel: 57 75
world: 1.75 -0.51 -0.15
pixel: 57 76
world: 1.75 -0.53 -0.15
pixel: 57 77
world: 1.75 -0.55 -0.15
pixel: 57 78
world: 1.75 -0.57 -0.15
pixel: 57 79
world: 1.75 -0.59 -0.15
pixel: 57 80
world: 1.75 -0.61 -0.15
pixel: 57 81
world: 1.75 -0.63 -0.15
pixel: 57 82
world: 1.75 -0.65 -0.15
pixel: 57 83
world: 1.75 -0.67 -0.15
pixel: 57 84
world: 1.75 -0.69 -0.15
pixel: 57 85
world: 1.75 -0.71 -0.15
pixel: 57 86
world: 1.75 -0.73 -0.15
pixel: 57 87
world: 1.75 -0.75 -0.15
pixel: 57 88
world: 1.75 -0.77 -0.15
pixel: 57 89
world: 1.75 -0.79 -0.15
pixel: 57 90
world: 1.75 -0.81 -0.15
pixel: 57 91
world: 1.75 -0.83 -0.15
pixel: 57 92
world: 1.75 -0.85 -0.15
pixel: 57 93
world: 1.75 -0.87 -0.15
pixel: 57 94
world: 1.75 -0.89 -0.15
pixel: 57 95
world: 1.75 -0.91 -0.15
pixel: 57 96
world: 1.75 -0.93 -0.15
pixel: 57 97
world: 1.75 -0.95 -0.15
pixel: 57 98
world: 1.75 -0.97 -0.15
pixel: 57 99
world: 1.75 -0.99 -0.15
pixel: 58 0
world: 1.75 0.99 -0.17
pixel: 58 1
world: 1.75 0.97 -0.17
pixel: 58 2
world: 1.75 0.95 -0.17
pixel: 58 3
world: 1.75 0.93 -0.17
pixel: 58 4
world: 1.75 0.91 -0.17
pixel: 58 5
world: 1.75 0.89 -0.17
pixel: 58 6
world: 1.75 0.87 -0.17
pixel: 58 7
world: 1.75 0.85 -0.17
pixel: 58 8
world: 1.75 0.83 -0.17
pixel: 58 9
world: 1.75 0.81 -0.17
pixel: 58 10
world: 1.75 0.79 -0.17
pixel: 58 11
world: 1.75 0.77 -0.17
pixel: 58 12
world: 1.75 0.75 -0.17
pixel: 58 13
world: 1.75 0.73 -0.17
pixel: 58 14
world: 1.75 0.71 -0.17
pixel: 58 15
world: 1.75 0.69 -0.17
pixel: 58 16
world: 1.75 0.67 -0.17
pixel: 58 17
world: 1.75 0.65 -0.17
pixel: 58 18
world: 1.75 0.63 -0.17
pixel: 58 19
world: 1.75 0.61 -0.17
pixel: 58 20
world: 1.75 0.59 -0.17
pixel: 58 21
world: 1.75 0.57 -0.17
pixel: 58 22
world: 1.75 0.55 -0.17
pixel: 58 23
world: 1.75 0.53 -0.17
pixel: 58 24
world: 1.75 0.51 -0.17
pixel: 58 25
world: 1.75 0.49 -0.17
pixel: 58 26
world: 1.75 0.47 -0.17
pixel: 58 27
world: 1.75 0.45 -0.17
pixel: 58 28
world: 1.75 0.43 -0.17
pixel: 58 29
world: 1.75 0.41 -0.17
pixel: 58 30
world: 1.75 0.39 -0.17
pixel: 58 31
world: 1.75 0.37 -0.17
pixel: 58 32
world: 1.75 0.35 -0.17
pixel: 58 33
world: 1.75 0.33 -0.17
pixel: 58 34
world: 1.75 0.31 -0.17
pixel: 58 35
world: 1.75 0.29 -0.17
pixel: 58 36
world: 1.75 0.27 -0.17
pixel: 58 37
world: 1.75 0.25 -0.17
pixel: 58 38
world: 1.75 0.23 -0.17
pixel: 58 39
world: 1.75 0.21 -0.17
pixel: 58 40
world: 1.75 0.19 -0.17
pixel: 58 41
world: 1.75 0.17 -0.17
pixel: 58 42
world: 1.75 0.15 -0.17
pixel: 58 43
world: 1.75 0.13 -0.17
pixel: 58 44
world: 1.75 0.11 -0.17
pixel: 58 45
world: 1.75 0.0899999 -0.17
pixel: 58 46
world: 1.75 0.0699999 -0.17
pixel: 58 47
world: 1.75 0.0499999 -0.17
pixel: 58 48
world: 1.75 0.03 -0.17
pixel: 58 49
world: 1.75 0.00999999 -0.17
pixel: 58 50
world: 1.75 -0.00999999 -0.17
pixel: 58 51
world: 1.75 -0.03 -0.17
pixel: 58 52
world: 1.75 -0.0499999 -0.17
pixel: 58 53
world: 1.75 -0.07 -0.17
pixel: 58 54
world: 1.75 -0.09 -0.17
pixel: 58 55
world: 1.75 -0.11 -0.17
pixel: 58 56
world: 1.75 -0.13 -0.17
pixel: 58 57
world: 1.75 -0.15 -0.17
pixel: 58 58
world: 1.75 -0.17 -0.17
pixel: 58 59
world: 1.75 -0.19 -0.17
pixel: 58 60
world: 1.75 -0.21 -0.17
pixel: 58 61
world: 1.75 -0.23 -0.17
pixel: 58 62
world: 1.75 -0.25 -0.17
pixel: 58 63
world: 1.75 -0.27 -0.17
pixel: 58 64
world: 1.75 -0.29 -0.17
pixel: 58 65
world: 1.75 -0.31 -0.17
pixel: 58 66
world: 1.75 -0.33 -0.17
pixel: 58 67
world: 1.75 -0.35 -0.17
pixel: 58 68
world: 1.75 -0.37 -0.17
pixel: 58 69
world: 1.75 -0.39 -0.17
pixel: 58 70
world: 1.75 -0.41 -0.17
pixel: 58 71
world: 1.75 -0.43 -0.17
pixel: 58 72
world: 1.75 -0.45 -0.17
pixel: 58 73
world: 1.75 -0.47 -0.17
pixel: 58 74
world: 1.75 -0.49 -0.17
pixel: 58 75
world: 1.75 -0.51 -0.17
pixel: 58 76
world: 1.75 -0.53 -0.17
pixel: 58 77
world: 1.75 -0.55 -0.17
pixel: 58 78
world: 1.75 -0.57 -0.17
pixel: 58 79
world: 1.75 -0.59 -0.17
pixel: 58 80
world: 1.75 -0.61 -0.17
pixel: 58 81
world: 1.75 -0.63 -0.17
pixel: 58 82
world: 1.75 -0.65 -0.17
pixel: 58 83
world: 1.75 -0.67 -0.17
pixel: 58 84
world: 1.75 -0.69 -0.17
pixel: 58 85
world: 1.75 -0.71 -0.17
pixel: 58 86
world: 1.75 -0.73 -0.17
pixel: 58 87
world: 1.75 -0.75 -0.17
pixel: 58 88
world: 1.75 -0.77 -0.17
pixel: 58 89
world: 1.75 -0.79 -0.17
pixel: 58 90
world: 1.75 -0.81 -0.17
pixel: 58 91
world: 1.75 -0.83 -0.17
pixel: 58 92
world: 1.75 -0.85 -0.17
pixel: 58 93
world: 1.75 -0.87 -0.17
pixel: 58 94
world: 1.75 -0.89 -0.17
pixel: 58 95
world: 1.75 -0.91 -0.17
pixel: 58 96
world: 1.75 -0.93 -0.17
pixel: 58 97
world: 1.75 -0.95 -0.17
pixel: 58 98
world: 1.75 -0.97 -0.17
pixel: 58 99
world: 1.75 -0.99 -0.17
pixel: 59 0
world: 1.75 0.99 -0.19
pixel: 59 1
world: 1.75 0.97 -0.19
pixel: 59 2
world: 1.75 0.95 -0.19
pixel: 59 3
world: 1.75 0.93 -0.19
pixel: 59 4
world: 1.75 0.91 -0.19
pixel: 59 5
world: 1.75 0.89 -0.19
pixel: 59 6
world: 1.75 0.87 -0.19
pixel: 59 7
world: 1.75 0.85 -0.19
pixel: 59 8
world: 1.75 0.83 -0.19
pixel: 59 9
world: 1.75 0.81 -0.19
pixel: 59 10
world: 1.75 0.79 -0.19
pixel: 59 11
world: 1.75 0.77 -0.19
pixel: 59 12
world: 1.75 0.75 -0.19
pixel: 59 13
world: 1.75 0.73 -0.19
pixel: 59 14
world: 1.75 0.71 -0.19
pixel: 59 15
world: 1.75 0.69 -0.19
pixel: 59 16
world: 1.75 0.67 -0.19
pixel: 59 17
world: 1.75 0.65 -0.19
pixel: 59 18
world: 1.75 0.63 -0.19
pixel: 59 19
world: 1.75 0.61 -0.19
pixel: 59 20
world: 1.75 0.59 -0.19
pixel: 59 21
world: 1.75 0.57 -0.19
pixel: 59 22
world: 1.75 0.55 -0.19
pixel: 59 23
world: 1.75 0.53 -0.19
pixel: 59 24
world: 1.75 0.51 -0.19
pixel: 59 25
world: 1.75 0.49 -0.19
pixel: 59 26
world: 1.75 0.47 -0.19
pixel: 59 27
world: 1.75 0.45 -0.19
pixel: 59 28
world: 1.75 0.43 -0.19
pixel: 59 29
world: 1.75 0.41 -0.19
pixel: 59 30
world: 1.75 0.39 -0.19
pixel: 59 31
world: 1.75 0.37 -0.19
pixel: 59 32
world: 1.75 0.35 -0.19
pixel: 59 33
world: 1.75 0.33 -0.19
pixel: 59 34
world: 1.75 0.31 -0.19
pixel: 59 35
world: 1.75 0.29 -0.19
pixel: 59 36
world: 1.75 0.27 -0.19
pixel: 59 37
world: 1.75 0.25 -0.19
pixel: 59 38
world: 1.75 0.23 -0.19
pixel: 59 39
world: 1.75 0.21 -0.19
pixel: 59 40
world: 1.75 0.19 -0.19
pixel: 59 41
world: 1.75 0.17 -0.19
pixel: 59 42
world: 1.75 0.15 -0.19
pixel: 59 43
world: 1.75 0.13 -0.19
pixel: 59 44
world: 1.75 0.11 -0.19
pixel: 59 45
world: 1.75 0.0899999 -0.19
pixel: 59 46
world: 1.75 0.0699999 -0.19
pixel: 59 47
world: 1.75 0.0499999 -0.19
pixel: 59 48
world: 1.75 0.03 -0.19
pixel: 59 49
world: 1.75 0.00999999 -0.19
pixel: 59 50
world: 1.75 -0.00999999 -0.19
pixel: 59 51
world: 1.75 -0.03 -0.19
pixel: 59 52
world: 1.75 -0.0499999 -0.19
pixel: 59 53
world: 1.75 -0.07 -0.19
pixel: 59 54
world: 1.75 -0.09 -0.19
pixel: 59 55
world: 1.75 -0.11 -0.19
pixel: 59 56
world: 1.75 -0.13 -0.19
pixel: 59 57
world: 1.75 -0.15 -0.19
pixel: 59 58
world: 1.75 -0.17 -0.19
pixel: 59 59
world: 1.75 -0.19 -0.19
pixel: 59 60
world: 1.75 -0.21 -0.19
pixel: 59 61
world: 1.75 -0.23 -0.19
pixel: 59 62
world: 1.75 -0.25 -0.19
pixel: 59 63
world: 1.75 -0.27 -0.19
pixel: 59 64
world: 1.75 -0.29 -0.19
pixel: 59 65
world: 1.75 -0.31 -0.19
pixel: 59 66
world: 1.75 -0.33 -0.19
pixel: 59 67
world: 1.75 -0.35 -0.19
pixel: 59 68
world: 1.75 -0.37 -0.19
pixel: 59 69
world: 1.75 -0.39 -0.19
pixel: 59 70
world: 1.75 -0.41 -0.19
pixel: 59 71
world: 1.75 -0.43 -0.19
pixel: 59 72
world: 1.75 -0.45 -0.19
pixel: 59 73
world: 1.75 -0.47 -0.19
pixel: 59 74
world: 1.75 -0.49 -0.19
pixel: 59 75
world: 1.75 -0.51 -0.19
pixel: 59 76
world: 1.75 -0.53 -0.19
pixel: 59 77
world: 1.75 -0.55 -0.19
pixel: 59 78
world: 1.75 -0.57 -0.19
pixel: 59 79
world: 1.75 -0.59 -0.19
pixel: 59 80
world: 1.75 -0.61 -0.19
pixel: 59 81
world: 1.75 -0.63 -0.19
pixel: 59 82
world: 1.75 -0.65 -0.19
pixel: 59 83
world: 1.75 -0.67 -0.19
pixel: 59 84
world: 1.75 -0.69 -0.19
pixel: 59 85
world: 1.75 -0.71 -0.19
pixel: 59 86
world: 1.75 -0.73 -0.19
pixel: 59 87
world: 1.75 -0.75 -0.19
pixel: 59 88
world: 1.75 -0.77 -0.19
pixel: 59 89
world: 1.75 -0.79 -0.19
pixel: 59 90
world: 1.75 -0.81 -0.19
pixel: 59 91
world: 1.75 -0.83 -0.19
pixel: 59 92
world: 1.75 -0.85 -0.19
pixel: 59 93
world: 1.75 -0.87 -0.19
pixel: 59 94
world: 1.75 -0.89 -0.19
pixel: 59 95
world: 1.75 -0.91 -0.19
pixel: 59 96
world: 1.75 -0.93 -0.19
pixel: 59 97
world: 1.75 -0.95 -0.19
pixel: 59 98
world: 1.75 -0.97 -0.19
pixel: 59 99
world: 1.75 -0.99 -0.19
pixel: 60 0
world: 1.75 0.99 -0.21
pixel: 60 1
world: 1.75 0.97 -0.21
pixel: 60 2
world: 1.75 0.95 -0.21
pixel: 60 3
world: 1.75 0.93 -0.21
pixel: 60 4
world: 1.75 0.91 -0.21
pixel: 60 5
world: 1.75 0.89 -0.21
pixel: 60 6
world: 1.75 0.87 -0.21
pixel: 60 7
world: 1.75 0.85 -0.21
pixel: 60 8
world: 1.75 0.83 -0.21
pixel: 60 9
world: 1.75 0.81 -0.21
pixel: 60 10
world: 1.75 0.79 -0.21
pixel: 60 11
world: 1.75 0.77 -0.21
pixel: 60 12
world: 1.75 0.75 -0.21
pixel: 60 13
world: 1.75 0.73 -0.21
pixel: 60 14
world: 1.75 0.71 -0.21
pixel: 60 15
world: 1.75 0.69 -0.21
pixel: 60 16
world: 1.75 0.67 -0.21
pixel: 60 17
world: 1.75 0.65 -0.21
pixel: 60 18
world: 1.75 0.63 -0.21
pixel: 60 19
world: 1.75 0.61 -0.21
pixel: 60 20
world: 1.75 0.59 -0.21
pixel: 60 21
world: 1.75 0.57 -0.21
pixel: 60 22
world: 1.75 0.55 -0.21
pixel: 60 23
world: 1.75 0.53 -0.21
pixel: 60 24
world: 1.75 0.51 -0.21
pixel: 60 25
world: 1.75 0.49 -0.21
pixel: 60 26
world: 1.75 0.47 -0.21
pixel: 60 27
world: 1.75 0.45 -0.21
pixel: 60 28
world: 1.75 0.43 -0.21
pixel: 60 29
world: 1.75 0.41 -0.21
pixel: 60 30
world: 1.75 0.39 -0.21
pixel: 60 31
world: 1.75 0.37 -0.21
pixel: 60 32
world: 1.75 0.35 -0.21
pixel: 60 33
world: 1.75 0.33 -0.21
pixel: 60 34
world: 1.75 0.31 -0.21
pixel: 60 35
world: 1.75 0.29 -0.21
pixel: 60 36
world: 1.75 0.27 -0.21
pixel: 60 37
world: 1.75 0.25 -0.21
pixel: 60 38
world: 1.75 0.23 -0.21
pixel: 60 39
world: 1.75 0.21 -0.21
pixel: 60 40
world: 1.75 0.19 -0.21
pixel: 60 41
world: 1.75 0.17 -0.21
pixel: 60 42
world: 1.75 0.15 -0.21
pixel: 60 43
world: 1.75 0.13 -0.21
pixel: 60 44
world: 1.75 0.11 -0.21
pixel: 60 45
world: 1.75 0.0899999 -0.21
pixel: 60 46
world: 1.75 0.0699999 -0.21
pixel: 60 47
world: 1.75 0.0499999 -0.21
pixel: 60 48
world: 1.75 0.03 -0.21
pixel: 60 49
world: 1.75 0.00999999 -0.21
pixel: 60 50
world: 1.75 -0.00999999 -0.21
pixel: 60 51
world: 1.75 -0.03 -0.21
pixel: 60 52
world: 1.75 -0.0499999 -0.21
pixel: 60 53
world: 1.75 -0.07 -0.21
pixel: 60 54
world: 1.75 -0.09 -0.21
pixel: 60 55
world: 1.75 -0.11 -0.21
pixel: 60 56
world: 1.75 -0.13 -0.21
pixel: 60 57
world: 1.75 -0.15 -0.21
pixel: 60 58
world: 1.75 -0.17 -0.21
pixel: 60 59
world: 1.75 -0.19 -0.21
pixel: 60 60
world: 1.75 -0.21 -0.21
pixel: 60 61
world: 1.75 -0.23 -0.21
pixel: 60 62
world: 1.75 -0.25 -0.21
pixel: 60 63
world: 1.75 -0.27 -0.21
pixel: 60 64
world: 1.75 -0.29 -0.21
pixel: 60 65
world: 1.75 -0.31 -0.21
pixel: 60 66
world: 1.75 -0.33 -0.21
pixel: 60 67
world: 1.75 -0.35 -0.21
pixel: 60 68
world: 1.75 -0.37 -0.21
pixel: 60 69
world: 1.75 -0.39 -0.21
pixel: 60 70
world: 1.75 -0.41 -0.21
pixel: 60 71
world: 1.75 -0.43 -0.21
pixel: 60 72
world: 1.75 -0.45 -0.21
pixel: 60 73
world: 1.75 -0.47 -0.21
pixel: 60 74
world: 1.75 -0.49 -0.21
pixel: 60 75
world: 1.75 -0.51 -0.21
pixel: 60 76
world: 1.75 -0.53 -0.21
pixel: 60 77
world: 1.75 -0.55 -0.21
pixel: 60 78
world: 1.75 -0.57 -0.21
pixel: 60 79
world: 1.75 -0.59 -0.21
pixel: 60 80
world: 1.75 -0.61 -0.21
pixel: 60 81
world: 1.75 -0.63 -0.21
pixel: 60 82
world: 1.75 -0.65 -0.21
pixel: 60 83
world: 1.75 -0.67 -0.21
pixel: 60 84
world: 1.75 -0.69 -0.21
pixel: 60 85
world: 1.75 -0.71 -0.21
pixel: 60 86
world: 1.75 -0.73 -0.21
pixel: 60 87
world: 1.75 -0.75 -0.21
pixel: 60 88
world: 1.75 -0.77 -0.21
pixel: 60 89
world: 1.75 -0.79 -0.21
pixel: 60 90
world: 1.75 -0.81 -0.21
pixel: 60 91
world: 1.75 -0.83 -0.21
pixel: 60 92
world: 1.75 -0.85 -0.21
pixel: 60 93
world: 1.75 -0.87 -0.21
pixel: 60 94
world: 1.75 -0.89 -0.21
pixel: 60 95
world: 1.75 -0.91 -0.21
pixel: 60 96
world: 1.75 -0.93 -0.21
pixel: 60 97
world: 1.75 -0.95 -0.21
pixel: 60 98
world: 1.75 -0.97 -0.21
pixel: 60 99
world: 1.75 -0.99 -0.21
pixel: 61 0
world: 1.75 0.99 -0.23
pixel: 61 1
world: 1.75 0.97 -0.23
pixel: 61 2
world: 1.75 0.95 -0.23
pixel: 61 3
world: 1.75 0.93 -0.23
pixel: 61 4
world: 1.75 0.91 -0.23
pixel: 61 5
world: 1.75 0.89 -0.23
pixel: 61 6
world: 1.75 0.87 -0.23
pixel: 61 7
world: 1.75 0.85 -0.23
pixel: 61 8
world: 1.75 0.83 -0.23
pixel: 61 9
world: 1.75 0.81 -0.23
pixel: 61 10
world: 1.75 0.79 -0.23
pixel: 61 11
world: 1.75 0.77 -0.23
pixel: 61 12
world: 1.75 0.75 -0.23
pixel: 61 13
world: 1.75 0.73 -0.23
pixel: 61 14
world: 1.75 0.71 -0.23
pixel: 61 15
world: 1.75 0.69 -0.23
pixel: 61 16
world: 1.75 0.67 -0.23
pixel: 61 17
world: 1.75 0.65 -0.23
pixel: 61 18
world: 1.75 0.63 -0.23
pixel: 61 19
world: 1.75 0.61 -0.23
pixel: 61 20
world: 1.75 0.59 -0.23
pixel: 61 21
world: 1.75 0.57 -0.23
pixel: 61 22
world: 1.75 0.55 -0.23
pixel: 61 23
world: 1.75 0.53 -0.23
pixel: 61 24
world: 1.75 0.51 -0.23
pixel: 61 25
world: 1.75 0.49 -0.23
pixel: 61 26
world: 1.75 0.47 -0.23
pixel: 61 27
world: 1.75 0.45 -0.23
pixel: 61 28
world: 1.75 0.43 -0.23
pixel: 61 29
world: 1.75 0.41 -0.23
pixel: 61 30
world: 1.75 0.39 -0.23
pixel: 61 31
world: 1.75 0.37 -0.23
pixel: 61 32
world: 1.75 0.35 -0.23
pixel: 61 33
world: 1.75 0.33 -0.23
pixel: 61 34
world: 1.75 0.31 -0.23
pixel: 61 35
world: 1.75 0.29 -0.23
pixel: 61 36
world: 1.75 0.27 -0.23
pixel: 61 37
world: 1.75 0.25 -0.23
pixel: 61 38
world: 1.75 0.23 -0.23
pixel: 61 39
world: 1.75 0.21 -0.23
pixel: 61 40
world: 1.75 0.19 -0.23
pixel: 61 41
world: 1.75 0.17 -0.23
pixel: 61 42
world: 1.75 0.15 -0.23
pixel: 61 43
world: 1.75 0.13 -0.23
pixel: 61 44
world: 1.75 0.11 -0.23
pixel: 61 45
world: 1.75 0.0899999 -0.23
pixel: 61 46
world: 1.75 0.0699999 -0.23
pixel: 61 47
world: 1.75 0.0499999 -0.23
pixel: 61 48
world: 1.75 0.03 -0.23
pixel: 61 49
world: 1.75 0.00999999 -0.23
pixel: 61 50
world: 1.75 -0.00999999 -0.23
pixel: 61 51
world: 1.75 -0.03 -0.23
pixel: 61 52
world: 1.75 -0.0499999 -0.23
pixel: 61 53
world: 1.75 -0.07 -0.23
pixel: 61 54
world: 1.75 -0.09 -0.23
pixel: 61 55
world: 1.75 -0.11 -0.23
pixel: 61 56
world: 1.75 -0.13 -0.23
pixel: 61 57
world: 1.75 -0.15 -0.23
pixel: 61 58
world: 1.75 -0.17 -0.23
pixel: 61 59
world: 1.75 -0.19 -0.23
pixel: 61 60
world: 1.75 -0.21 -0.23
pixel: 61 61
world: 1.75 -0.23 -0.23
pixel: 61 62
world: 1.75 -0.25 -0.23
pixel: 61 63
world: 1.75 -0.27 -0.23
pixel: 61 64
world: 1.75 -0.29 -0.23
pixel: 61 65
world: 1.75 -0.31 -0.23
pixel: 61 66
world: 1.75 -0.33 -0.23
pixel: 61 67
world: 1.75 -0.35 -0.23
pixel: 61 68
world: 1.75 -0.37 -0.23
pixel: 61 69
world: 1.75 -0.39 -0.23
pixel: 61 70
world: 1.75 -0.41 -0.23
pixel: 61 71
world: 1.75 -0.43 -0.23
pixel: 61 72
world: 1.75 -0.45 -0.23
pixel: 61 73
world: 1.75 -0.47 -0.23
pixel: 61 74
world: 1.75 -0.49 -0.23
pixel: 61 75
world: 1.75 -0.51 -0.23
pixel: 61 76
world: 1.75 -0.53 -0.23
pixel: 61 77
world: 1.75 -0.55 -0.23
pixel: 61 78
world: 1.75 -0.57 -0.23
pixel: 61 79
world: 1.75 -0.59 -0.23
pixel: 61 80
world: 1.75 -0.61 -0.23
pixel: 61 81
world: 1.75 -0.63 -0.23
pixel: 61 82
world: 1.75 -0.65 -0.23
pixel: 61 83
world: 1.75 -0.67 -0.23
pixel: 61 84
world: 1.75 -0.69 -0.23
pixel: 61 85
world: 1.75 -0.71 -0.23
pixel: 61 86
world: 1.75 -0.73 -0.23
pixel: 61 87
world: 1.75 -0.75 -0.23
pixel: 61 88
world: 1.75 -0.77 -0.23
pixel: 61 89
world: 1.75 -0.79 -0.23
pixel: 61 90
world: 1.75 -0.81 -0.23
pixel: 61 91
world: 1.75 -0.83 -0.23
pixel: 61 92
world: 1.75 -0.85 -0.23
pixel: 61 93
world: 1.75 -0.87 -0.23
pixel: 61 94
world: 1.75 -0.89 -0.23
pixel: 61 95
world: 1.75 -0.91 -0.23
pixel: 61 96
world: 1.75 -0.93 -0.23
pixel: 61 97
world: 1.75 -0.95 -0.23
pixel: 61 98
world: 1.75 -0.97 -0.23
pixel: 61 99
world: 1.75 -0.99 -0.23
pixel: 62 0
world: 1.75 0.99 -0.25
pixel: 62 1
world: 1.75 0.97 -0.25
pixel: 62 2
world: 1.75 0.95 -0.25
pixel: 62 3
world: 1.75 0.93 -0.25
pixel: 62 4
world: 1.75 0.91 -0.25
pixel: 62 5
world: 1.75 0.89 -0.25
pixel: 62 6
world: 1.75 0.87 -0.25
pixel: 62 7
world: 1.75 0.85 -0.25
pixel: 62 8
world: 1.75 0.83 -0.25
pixel: 62 9
world: 1.75 0.81 -0.25
pixel: 62 10
world: 1.75 0.79 -0.25
pixel: 62 11
world: 1.75 0.77 -0.25
pixel: 62 12
world: 1.75 0.75 -0.25
pixel: 62 13
world: 1.75 0.73 -0.25
pixel: 62 14
world: 1.75 0.71 -0.25
pixel: 62 15
world: 1.75 0.69 -0.25
pixel: 62 16
world: 1.75 0.67 -0.25
pixel: 62 17
world: 1.75 0.65 -0.25
pixel: 62 18
world: 1.75 0.63 -0.25
pixel: 62 19
world: 1.75 0.61 -0.25
pixel: 62 20
world: 1.75 0.59 -0.25
pixel: 62 21
world: 1.75 0.57 -0.25
pixel: 62 22
world: 1.75 0.55 -0.25
pixel: 62 23
world: 1.75 0.53 -0.25
pixel: 62 24
world: 1.75 0.51 -0.25
pixel: 62 25
world: 1.75 0.49 -0.25
pixel: 62 26
world: 1.75 0.47 -0.25
pixel: 62 27
world: 1.75 0.45 -0.25
pixel: 62 28
world: 1.75 0.43 -0.25
pixel: 62 29
world: 1.75 0.41 -0.25
pixel: 62 30
world: 1.75 0.39 -0.25
pixel: 62 31
world: 1.75 0.37 -0.25
pixel: 62 32
world: 1.75 0.35 -0.25
pixel: 62 33
world: 1.75 0.33 -0.25
pixel: 62 34
world: 1.75 0.31 -0.25
pixel: 62 35
world: 1.75 0.29 -0.25
pixel: 62 36
world: 1.75 0.27 -0.25
pixel: 62 37
world: 1.75 0.25 -0.25
pixel: 62 38
world: 1.75 0.23 -0.25
pixel: 62 39
world: 1.75 0.21 -0.25
pixel: 62 40
world: 1.75 0.19 -0.25
pixel: 62 41
world: 1.75 0.17 -0.25
pixel: 62 42
world: 1.75 0.15 -0.25
pixel: 62 43
world: 1.75 0.13 -0.25
pixel: 62 44
world: 1.75 0.11 -0.25
pixel: 62 45
world: 1.75 0.0899999 -0.25
pixel: 62 46
world: 1.75 0.0699999 -0.25
pixel: 62 47
world: 1.75 0.0499999 -0.25
pixel: 62 48
world: 1.75 0.03 -0.25
pixel: 62 49
world: 1.75 0.00999999 -0.25
pixel: 62 50
world: 1.75 -0.00999999 -0.25
pixel: 62 51
world: 1.75 -0.03 -0.25
pixel: 62 52
world: 1.75 -0.0499999 -0.25
pixel: 62 53
world: 1.75 -0.07 -0.25
pixel: 62 54
world: 1.75 -0.09 -0.25
pixel: 62 55
world: 1.75 -0.11 -0.25
pixel: 62 56
world: 1.75 -0.13 -0.25
pixel: 62 57
world: 1.75 -0.15 -0.25
pixel: 62 58
world: 1.75 -0.17 -0.25
pixel: 62 59
world: 1.75 -0.19 -0.25
pixel: 62 60
world: 1.75 -0.21 -0.25
pixel: 62 61
world: 1.75 -0.23 -0.25
pixel: 62 62
world: 1.75 -0.25 -0.25
pixel: 62 63
world: 1.75 -0.27 -0.25
pixel: 62 64
world: 1.75 -0.29 -0.25
pixel: 62 65
world: 1.75 -0.31 -0.25
pixel: 62 66
world: 1.75 -0.33 -0.25
pixel: 62 67
world: 1.75 -0.35 -0.25
pixel: 62 68
world: 1.75 -0.37 -0.25
pixel: 62 69
world: 1.75 -0.39 -0.25
pixel: 62 70
world: 1.75 -0.41 -0.25
pixel: 62 71
world: 1.75 -0.43 -0.25
pixel: 62 72
world: 1.75 -0.45 -0.25
pixel: 62 73
world: 1.75 -0.47 -0.25
pixel: 62 74
world: 1.75 -0.49 -0.25
pixel: 62 75
world: 1.75 -0.51 -0.25
pixel: 62 76
world: 1.75 -0.53 -0.25
pixel: 62 77
world: 1.75 -0.55 -0.25
pixel: 62 78
world: 1.75 -0.57 -0.25
pixel: 62 79
world: 1.75 -0.59 -0.25
pixel: 62 80
world: 1.75 -0.61 -0.25
pixel: 62 81
world: 1.75 -0.63 -0.25
pixel: 62 82
world: 1.75 -0.65 -0.25
pixel: 62 83
world: 1.75 -0.67 -0.25
pixel: 62 84
world: 1.75 -0.69 -0.25
pixel: 62 85
world: 1.75 -0.71 -0.25
pixel: 62 86
world: 1.75 -0.73 -0.25
pixel: 62 87
world: 1.75 -0.75 -0.25
pixel: 62 88
world: 1.75 -0.77 -0.25
pixel: 62 89
world: 1.75 -0.79 -0.25
pixel: 62 90
world: 1.75 -0.81 -0.25
pixel: 62 91
world: 1.75 -0.83 -0.25
pixel: 62 92
world: 1.75 -0.85 -0.25
pixel: 62 93
world: 1.75 -0.87 -0.25
pixel: 62 94
world: 1.75 -0.89 -0.25
pixel: 62 95
world: 1.75 -0.91 -0.25
pixel: 62 96
world: 1.75 -0.93 -0.25
pixel: 62 97
world: 1.75 -0.95 -0.25
pixel: 62 98
world: 1.75 -0.97 -0.25
pixel: 62 99
world: 1.75 -0.99 -0.25
pixel: 63 0
world: 1.75 0.99 -0.27
pixel: 63 1
world: 1.75 0.97 -0.27
pixel: 63 2
world: 1.75 0.95 -0.27
pixel: 63 3
world: 1.75 0.93 -0.27
pixel: 63 4
world: 1.75 0.91 -0.27
pixel: 63 5
world: 1.75 0.89 -0.27
pixel: 63 6
world: 1.75 0.87 -0.27
pixel: 63 7
world: 1.75 0.85 -0.27
pixel: 63 8
world: 1.75 0.83 -0.27
pixel: 63 9
world: 1.75 0.81 -0.27
pixel: 63 10
world: 1.75 0.79 -0.27
pixel: 63 11
world: 1.75 0.77 -0.27
pixel: 63 12
world: 1.75 0.75 -0.27
pixel: 63 13
world: 1.75 0.73 -0.27
pixel: 63 14
world: 1.75 0.71 -0.27
pixel: 63 15
world: 1.75 0.69 -0.27
pixel: 63 16
world: 1.75 0.67 -0.27
pixel: 63 17
world: 1.75 0.65 -0.27
pixel: 63 18
world: 1.75 0.63 -0.27
pixel: 63 19
world: 1.75 0.61 -0.27
pixel: 63 20
world: 1.75 0.59 -0.27
pixel: 63 21
world: 1.75 0.57 -0.27
pixel: 63 22
world: 1.75 0.55 -0.27
pixel: 63 23
world: 1.75 0.53 -0.27
pixel: 63 24
world: 1.75 0.51 -0.27
pixel: 63 25
world: 1.75 0.49 -0.27
pixel: 63 26
world: 1.75 0.47 -0.27
pixel: 63 27
world: 1.75 0.45 -0.27
pixel: 63 28
world: 1.75 0.43 -0.27
pixel: 63 29
world: 1.75 0.41 -0.27
pixel: 63 30
world: 1.75 0.39 -0.27
pixel: 63 31
world: 1.75 0.37 -0.27
pixel: 63 32
world: 1.75 0.35 -0.27
pixel: 63 33
world: 1.75 0.33 -0.27
pixel: 63 34
world: 1.75 0.31 -0.27
pixel: 63 35
world: 1.75 0.29 -0.27
pixel: 63 36
world: 1.75 0.27 -0.27
pixel: 63 37
world: 1.75 0.25 -0.27
pixel: 63 38
world: 1.75 0.23 -0.27
pixel: 63 39
world: 1.75 0.21 -0.27
pixel: 63 40
world: 1.75 0.19 -0.27
pixel: 63 41
world: 1.75 0.17 -0.27
pixel: 63 42
world: 1.75 0.15 -0.27
pixel: 63 43
world: 1.75 0.13 -0.27
pixel: 63 44
world: 1.75 0.11 -0.27
pixel: 63 45
world: 1.75 0.0899999 -0.27
pixel: 63 46
world: 1.75 0.0699999 -0.27
pixel: 63 47
world: 1.75 0.0499999 -0.27
pixel: 63 48
world: 1.75 0.03 -0.27
pixel: 63 49
world: 1.75 0.00999999 -0.27
pixel: 63 50
world: 1.75 -0.00999999 -0.27
pixel: 63 51
world: 1.75 -0.03 -0.27
pixel: 63 52
world: 1.75 -0.0499999 -0.27
pixel: 63 53
world: 1.75 -0.07 -0.27
pixel: 63 54
world: 1.75 -0.09 -0.27
pixel: 63 55
world: 1.75 -0.11 -0.27
pixel: 63 56
world: 1.75 -0.13 -0.27
pixel: 63 57
world: 1.75 -0.15 -0.27
pixel: 63 58
world: 1.75 -0.17 -0.27
pixel: 63 59
world: 1.75 -0.19 -0.27
pixel: 63 60
world: 1.75 -0.21 -0.27
pixel: 63 61
world: 1.75 -0.23 -0.27
pixel: 63 62
world: 1.75 -0.25 -0.27
pixel: 63 63
world: 1.75 -0.27 -0.27
pixel: 63 64
world: 1.75 -0.29 -0.27
pixel: 63 65
world: 1.75 -0.31 -0.27
pixel: 63 66
world: 1.75 -0.33 -0.27
pixel: 63 67
world: 1.75 -0.35 -0.27
pixel: 63 68
world: 1.75 -0.37 -0.27
pixel: 63 69
world: 1.75 -0.39 -0.27
pixel: 63 70
world: 1.75 -0.41 -0.27
pixel: 63 71
world: 1.75 -0.43 -0.27
pixel: 63 72
world: 1.75 -0.45 -0.27
pixel: 63 73
world: 1.75 -0.47 -0.27
pixel: 63 74
world: 1.75 -0.49 -0.27
pixel: 63 75
world: 1.75 -0.51 -0.27
pixel: 63 76
world: 1.75 -0.53 -0.27
pixel: 63 77
world: 1.75 -0.55 -0.27
pixel: 63 78
world: 1.75 -0.57 -0.27
pixel: 63 79
world: 1.75 -0.59 -0.27
pixel: 63 80
world: 1.75 -0.61 -0.27
pixel: 63 81
world: 1.75 -0.63 -0.27
pixel: 63 82
world: 1.75 -0.65 -0.27
pixel: 63 83
world: 1.75 -0.67 -0.27
pixel: 63 84
world: 1.75 -0.69 -0.27
pixel: 63 85
world: 1.75 -0.71 -0.27
pixel: 63 86
world: 1.75 -0.73 -0.27
pixel: 63 87
world: 1.75 -0.75 -0.27
pixel: 63 88
world: 1.75 -0.77 -0.27
pixel: 63 89
world: 1.75 -0.79 -0.27
pixel: 63 90
world: 1.75 -0.81 -0.27
pixel: 63 91
world: 1.75 -0.83 -0.27
pixel: 63 92
world: 1.75 -0.85 -0.27
pixel: 63 93
world: 1.75 -0.87 -0.27
pixel: 63 94
world: 1.75 -0.89 -0.27
pixel: 63 95
world: 1.75 -0.91 -0.27
pixel: 63 96
world: 1.75 -0.93 -0.27
pixel: 63 97
world: 1.75 -0.95 -0.27
pixel: 63 98
world: 1.75 -0.97 -0.27
pixel: 63 99
world: 1.75 -0.99 -0.27
pixel: 64 0
world: 1.75 0.99 -0.29
pixel: 64 1
world: 1.75 0.97 -0.29
pixel: 64 2
world: 1.75 0.95 -0.29
pixel: 64 3
world: 1.75 0.93 -0.29
pixel: 64 4
world: 1.75 0.91 -0.29
pixel: 64 5
world: 1.75 0.89 -0.29
pixel: 64 6
world: 1.75 0.87 -0.29
pixel: 64 7
world: 1.75 0.85 -0.29
pixel: 64 8
world: 1.75 0.83 -0.29
pixel: 64 9
world: 1.75 0.81 -0.29
pixel: 64 10
world: 1.75 0.79 -0.29
pixel: 64 11
world: 1.75 0.77 -0.29
pixel: 64 12
world: 1.75 0.75 -0.29
pixel: 64 13
world: 1.75 0.73 -0.29
pixel: 64 14
world: 1.75 0.71 -0.29
pixel: 64 15
world: 1.75 0.69 -0.29
pixel: 64 16
world: 1.75 0.67 -0.29
pixel: 64 17
world: 1.75 0.65 -0.29
pixel: 64 18
world: 1.75 0.63 -0.29
pixel: 64 19
world: 1.75 0.61 -0.29
pixel: 64 20
world: 1.75 0.59 -0.29
pixel: 64 21
world: 1.75 0.57 -0.29
pixel: 64 22
world: 1.75 0.55 -0.29
pixel: 64 23
world: 1.75 0.53 -0.29
pixel: 64 24
world: 1.75 0.51 -0.29
pixel: 64 25
world: 1.75 0.49 -0.29
pixel: 64 26
world: 1.75 0.47 -0.29
pixel: 64 27
world: 1.75 0.45 -0.29
pixel: 64 28
world: 1.75 0.43 -0.29
pixel: 64 29
world: 1.75 0.41 -0.29
pixel: 64 30
world: 1.75 0.39 -0.29
pixel: 64 31
world: 1.75 0.37 -0.29
pixel: 64 32
world: 1.75 0.35 -0.29
pixel: 64 33
world: 1.75 0.33 -0.29
pixel: 64 34
world: 1.75 0.31 -0.29
pixel: 64 35
world: 1.75 0.29 -0.29
pixel: 64 36
world: 1.75 0.27 -0.29
pixel: 64 37
world: 1.75 0.25 -0.29
pixel: 64 38
world: 1.75 0.23 -0.29
pixel: 64 39
world: 1.75 0.21 -0.29
pixel: 64 40
world: 1.75 0.19 -0.29
pixel: 64 41
world: 1.75 0.17 -0.29
pixel: 64 42
world: 1.75 0.15 -0.29
pixel: 64 43
world: 1.75 0.13 -0.29
pixel: 64 44
world: 1.75 0.11 -0.29
pixel: 64 45
world: 1.75 0.0899999 -0.29
pixel: 64 46
world: 1.75 0.0699999 -0.29
pixel: 64 47
world: 1.75 0.0499999 -0.29
pixel: 64 48
world: 1.75 0.03 -0.29
pixel: 64 49
world: 1.75 0.00999999 -0.29
pixel: 64 50
world: 1.75 -0.00999999 -0.29
pixel: 64 51
world: 1.75 -0.03 -0.29
pixel: 64 52
world: 1.75 -0.0499999 -0.29
pixel: 64 53
world: 1.75 -0.07 -0.29
pixel: 64 54
world: 1.75 -0.09 -0.29
pixel: 64 55
world: 1.75 -0.11 -0.29
pixel: 64 56
world: 1.75 -0.13 -0.29
pixel: 64 57
world: 1.75 -0.15 -0.29
pixel: 64 58
world: 1.75 -0.17 -0.29
pixel: 64 59
world: 1.75 -0.19 -0.29
pixel: 64 60
world: 1.75 -0.21 -0.29
pixel: 64 61
world: 1.75 -0.23 -0.29
pixel: 64 62
world: 1.75 -0.25 -0.29
pixel: 64 63
world: 1.75 -0.27 -0.29
pixel: 64 64
world: 1.75 -0.29 -0.29
pixel: 64 65
world: 1.75 -0.31 -0.29
pixel: 64 66
world: 1.75 -0.33 -0.29
pixel: 64 67
world: 1.75 -0.35 -0.29
pixel: 64 68
world: 1.75 -0.37 -0.29
pixel: 64 69
world: 1.75 -0.39 -0.29
pixel: 64 70
world: 1.75 -0.41 -0.29
pixel: 64 71
world: 1.75 -0.43 -0.29
pixel: 64 72
world: 1.75 -0.45 -0.29
pixel: 64 73
world: 1.75 -0.47 -0.29
pixel: 64 74
world: 1.75 -0.49 -0.29
pixel: 64 75
world: 1.75 -0.51 -0.29
pixel: 64 76
world: 1.75 -0.53 -0.29
pixel: 64 77
world: 1.75 -0.55 -0.29
pixel: 64 78
world: 1.75 -0.57 -0.29
pixel: 64 79
world: 1.75 -0.59 -0.29
pixel: 64 80
world: 1.75 -0.61 -0.29
pixel: 64 81
world: 1.75 -0.63 -0.29
pixel: 64 82
world: 1.75 -0.65 -0.29
pixel: 64 83
world: 1.75 -0.67 -0.29
pixel: 64 84
world: 1.75 -0.69 -0.29
pixel: 64 85
world: 1.75 -0.71 -0.29
pixel: 64 86
world: 1.75 -0.73 -0.29
pixel: 64 87
world: 1.75 -0.75 -0.29
pixel: 64 88
world: 1.75 -0.77 -0.29
pixel: 64 89
world: 1.75 -0.79 -0.29
pixel: 64 90
world: 1.75 -0.81 -0.29
pixel: 64 91
world: 1.75 -0.83 -0.29
pixel: 64 92
world: 1.75 -0.85 -0.29
pixel: 64 93
world: 1.75 -0.87 -0.29
pixel: 64 94
world: 1.75 -0.89 -0.29
pixel: 64 95
world: 1.75 -0.91 -0.29
pixel: 64 96
world: 1.75 -0.93 -0.29
pixel: 64 97
world: 1.75 -0.95 -0.29
pixel: 64 98
world: 1.75 -0.97 -0.29
pixel: 64 99
world: 1.75 -0.99 -0.29
pixel: 65 0
world: 1.75 0.99 -0.31
pixel: 65 1
world: 1.75 0.97 -0.31
pixel: 65 2
world: 1.75 0.95 -0.31
pixel: 65 3
world: 1.75 0.93 -0.31
pixel: 65 4
world: 1.75 0.91 -0.31
pixel: 65 5
world: 1.75 0.89 -0.31
pixel: 65 6
world: 1.75 0.87 -0.31
pixel: 65 7
world: 1.75 0.85 -0.31
pixel: 65 8
world: 1.75 0.83 -0.31
pixel: 65 9
world: 1.75 0.81 -0.31
pixel: 65 10
world: 1.75 0.79 -0.31
pixel: 65 11
world: 1.75 0.77 -0.31
pixel: 65 12
world: 1.75 0.75 -0.31
pixel: 65 13
world: 1.75 0.73 -0.31
pixel: 65 14
world: 1.75 0.71 -0.31
pixel: 65 15
world: 1.75 0.69 -0.31
pixel: 65 16
world: 1.75 0.67 -0.31
pixel: 65 17
world: 1.75 0.65 -0.31
pixel: 65 18
world: 1.75 0.63 -0.31
pixel: 65 19
world: 1.75 0.61 -0.31
pixel: 65 20
world: 1.75 0.59 -0.31
pixel: 65 21
world: 1.75 0.57 -0.31
pixel: 65 22
world: 1.75 0.55 -0.31
pixel: 65 23
world: 1.75 0.53 -0.31
pixel: 65 24
world: 1.75 0.51 -0.31
pixel: 65 25
world: 1.75 0.49 -0.31
pixel: 65 26
world: 1.75 0.47 -0.31
pixel: 65 27
world: 1.75 0.45 -0.31
pixel: 65 28
world: 1.75 0.43 -0.31
pixel: 65 29
world: 1.75 0.41 -0.31
pixel: 65 30
world: 1.75 0.39 -0.31
pixel: 65 31
world: 1.75 0.37 -0.31
pixel: 65 32
world: 1.75 0.35 -0.31
pixel: 65 33
world: 1.75 0.33 -0.31
pixel: 65 34
world: 1.75 0.31 -0.31
pixel: 65 35
world: 1.75 0.29 -0.31
pixel: 65 36
world: 1.75 0.27 -0.31
pixel: 65 37
world: 1.75 0.25 -0.31
pixel: 65 38
world: 1.75 0.23 -0.31
pixel: 65 39
world: 1.75 0.21 -0.31
pixel: 65 40
world: 1.75 0.19 -0.31
pixel: 65 41
world: 1.75 0.17 -0.31
pixel: 65 42
world: 1.75 0.15 -0.31
pixel: 65 43
world: 1.75 0.13 -0.31
pixel: 65 44
world: 1.75 0.11 -0.31
pixel: 65 45
world: 1.75 0.0899999 -0.31
pixel: 65 46
world: 1.75 0.0699999 -0.31
pixel: 65 47
world: 1.75 0.0499999 -0.31
pixel: 65 48
world: 1.75 0.03 -0.31
pixel: 65 49
world: 1.75 0.00999999 -0.31
pixel: 65 50
world: 1.75 -0.00999999 -0.31
pixel: 65 51
world: 1.75 -0.03 -0.31
pixel: 65 52
world: 1.75 -0.0499999 -0.31
pixel: 65 53
world: 1.75 -0.07 -0.31
pixel: 65 54
world: 1.75 -0.09 -0.31
pixel: 65 55
world: 1.75 -0.11 -0.31
pixel: 65 56
world: 1.75 -0.13 -0.31
pixel: 65 57
world: 1.75 -0.15 -0.31
pixel: 65 58
world: 1.75 -0.17 -0.31
pixel: 65 59
world: 1.75 -0.19 -0.31
pixel: 65 60
world: 1.75 -0.21 -0.31
pixel: 65 61
world: 1.75 -0.23 -0.31
pixel: 65 62
world: 1.75 -0.25 -0.31
pixel: 65 63
world: 1.75 -0.27 -0.31
pixel: 65 64
world: 1.75 -0.29 -0.31
pixel: 65 65
world: 1.75 -0.31 -0.31
pixel: 65 66
world: 1.75 -0.33 -0.31
pixel: 65 67
world: 1.75 -0.35 -0.31
pixel: 65 68
world: 1.75 -0.37 -0.31
pixel: 65 69
world: 1.75 -0.39 -0.31
pixel: 65 70
world: 1.75 -0.41 -0.31
pixel: 65 71
world: 1.75 -0.43 -0.31
pixel: 65 72
world: 1.75 -0.45 -0.31
pixel: 65 73
world: 1.75 -0.47 -0.31
pixel: 65 74
world: 1.75 -0.49 -0.31
pixel: 65 75
world: 1.75 -0.51 -0.31
pixel: 65 76
world: 1.75 -0.53 -0.31
pixel: 65 77
world: 1.75 -0.55 -0.31
pixel: 65 78
world: 1.75 -0.57 -0.31
pixel: 65 79
world: 1.75 -0.59 -0.31
pixel: 65 80
world: 1.75 -0.61 -0.31
pixel: 65 81
world: 1.75 -0.63 -0.31
pixel: 65 82
world: 1.75 -0.65 -0.31
pixel: 65 83
world: 1.75 -0.67 -0.31
pixel: 65 84
world: 1.75 -0.69 -0.31
pixel: 65 85
world: 1.75 -0.71 -0.31
pixel: 65 86
world: 1.75 -0.73 -0.31
pixel: 65 87
world: 1.75 -0.75 -0.31
pixel: 65 88
world: 1.75 -0.77 -0.31
pixel: 65 89
world: 1.75 -0.79 -0.31
pixel: 65 90
world: 1.75 -0.81 -0.31
pixel: 65 91
world: 1.75 -0.83 -0.31
pixel: 65 92
world: 1.75 -0.85 -0.31
pixel: 65 93
world: 1.75 -0.87 -0.31
pixel: 65 94
world: 1.75 -0.89 -0.31
pixel: 65 95
world: 1.75 -0.91 -0.31
pixel: 65 96
world: 1.75 -0.93 -0.31
pixel: 65 97
world: 1.75 -0.95 -0.31
pixel: 65 98
world: 1.75 -0.97 -0.31
pixel: 65 99
world: 1.75 -0.99 -0.31
pixel: 66 0
world: 1.75 0.99 -0.33
pixel: 66 1
world: 1.75 0.97 -0.33
pixel: 66 2
world: 1.75 0.95 -0.33
pixel: 66 3
world: 1.75 0.93 -0.33
pixel: 66 4
world: 1.75 0.91 -0.33
pixel: 66 5
world: 1.75 0.89 -0.33
pixel: 66 6
world: 1.75 0.87 -0.33
pixel: 66 7
world: 1.75 0.85 -0.33
pixel: 66 8
world: 1.75 0.83 -0.33
pixel: 66 9
world: 1.75 0.81 -0.33
pixel: 66 10
world: 1.75 0.79 -0.33
pixel: 66 11
world: 1.75 0.77 -0.33
pixel: 66 12
world: 1.75 0.75 -0.33
pixel: 66 13
world: 1.75 0.73 -0.33
pixel: 66 14
world: 1.75 0.71 -0.33
pixel: 66 15
world: 1.75 0.69 -0.33
pixel: 66 16
world: 1.75 0.67 -0.33
pixel: 66 17
world: 1.75 0.65 -0.33
pixel: 66 18
world: 1.75 0.63 -0.33
pixel: 66 19
world: 1.75 0.61 -0.33
pixel: 66 20
world: 1.75 0.59 -0.33
pixel: 66 21
world: 1.75 0.57 -0.33
pixel: 66 22
world: 1.75 0.55 -0.33
pixel: 66 23
world: 1.75 0.53 -0.33
pixel: 66 24
world: 1.75 0.51 -0.33
pixel: 66 25
world: 1.75 0.49 -0.33
pixel: 66 26
world: 1.75 0.47 -0.33
pixel: 66 27
world: 1.75 0.45 -0.33
pixel: 66 28
world: 1.75 0.43 -0.33
pixel: 66 29
world: 1.75 0.41 -0.33
pixel: 66 30
world: 1.75 0.39 -0.33
pixel: 66 31
world: 1.75 0.37 -0.33
pixel: 66 32
world: 1.75 0.35 -0.33
pixel: 66 33
world: 1.75 0.33 -0.33
pixel: 66 34
world: 1.75 0.31 -0.33
pixel: 66 35
world: 1.75 0.29 -0.33
pixel: 66 36
world: 1.75 0.27 -0.33
pixel: 66 37
world: 1.75 0.25 -0.33
pixel: 66 38
world: 1.75 0.23 -0.33
pixel: 66 39
world: 1.75 0.21 -0.33
pixel: 66 40
world: 1.75 0.19 -0.33
pixel: 66 41
world: 1.75 0.17 -0.33
pixel: 66 42
world: 1.75 0.15 -0.33
pixel: 66 43
world: 1.75 0.13 -0.33
pixel: 66 44
world: 1.75 0.11 -0.33
pixel: 66 45
world: 1.75 0.0899999 -0.33
pixel: 66 46
world: 1.75 0.0699999 -0.33
pixel: 66 47
world: 1.75 0.0499999 -0.33
pixel: 66 48
world: 1.75 0.03 -0.33
pixel: 66 49
world: 1.75 0.00999999 -0.33
pixel: 66 50
world: 1.75 -0.00999999 -0.33
pixel: 66 51
world: 1.75 -0.03 -0.33
pixel: 66 52
world: 1.75 -0.0499999 -0.33
pixel: 66 53
world: 1.75 -0.07 -0.33
pixel: 66 54
world: 1.75 -0.09 -0.33
pixel: 66 55
world: 1.75 -0.11 -0.33
pixel: 66 56
world: 1.75 -0.13 -0.33
pixel: 66 57
world: 1.75 -0.15 -0.33
pixel: 66 58
world: 1.75 -0.17 -0.33
pixel: 66 59
world: 1.75 -0.19 -0.33
pixel: 66 60
world: 1.75 -0.21 -0.33
pixel: 66 61
world: 1.75 -0.23 -0.33
pixel: 66 62
world: 1.75 -0.25 -0.33
pixel: 66 63
world: 1.75 -0.27 -0.33
pixel: 66 64
world: 1.75 -0.29 -0.33
pixel: 66 65
world: 1.75 -0.31 -0.33
pixel: 66 66
world: 1.75 -0.33 -0.33
pixel: 66 67
world: 1.75 -0.35 -0.33
pixel: 66 68
world: 1.75 -0.37 -0.33
pixel: 66 69
world: 1.75 -0.39 -0.33
pixel: 66 70
world: 1.75 -0.41 -0.33
pixel: 66 71
world: 1.75 -0.43 -0.33
pixel: 66 72
world: 1.75 -0.45 -0.33
pixel: 66 73
world: 1.75 -0.47 -0.33
pixel: 66 74
world: 1.75 -0.49 -0.33
pixel: 66 75
world: 1.75 -0.51 -0.33
pixel: 66 76
world: 1.75 -0.53 -0.33
pixel: 66 77
world: 1.75 -0.55 -0.33
pixel: 66 78
world: 1.75 -0.57 -0.33
pixel: 66 79
world: 1.75 -0.59 -0.33
pixel: 66 80
world: 1.75 -0.61 -0.33
pixel: 66 81
world: 1.75 -0.63 -0.33
pixel: 66 82
world: 1.75 -0.65 -0.33
pixel: 66 83
world: 1.75 -0.67 -0.33
pixel: 66 84
world: 1.75 -0.69 -0.33
pixel: 66 85
world: 1.75 -0.71 -0.33
pixel: 66 86
world: 1.75 -0.73 -0.33
pixel: 66 87
world: 1.75 -0.75 -0.33
pixel: 66 88
world: 1.75 -0.77 -0.33
pixel: 66 89
world: 1.75 -0.79 -0.33
pixel: 66 90
world: 1.75 -0.81 -0.33
pixel: 66 91
world: 1.75 -0.83 -0.33
pixel: 66 92
world: 1.75 -0.85 -0.33
pixel: 66 93
world: 1.75 -0.87 -0.33
pixel: 66 94
world: 1.75 -0.89 -0.33
pixel: 66 95
world: 1.75 -0.91 -0.33
pixel: 66 96
world: 1.75 -0.93 -0.33
pixel: 66 97
world: 1.75 -0.95 -0.33
pixel: 66 98
world: 1.75 -0.97 -0.33
pixel: 66 99
world: 1.75 -0.99 -0.33
pixel: 67 0
world: 1.75 0.99 -0.35
pixel: 67 1
world: 1.75 0.97 -0.35
pixel: 67 2
world: 1.75 0.95 -0.35
pixel: 67 3
world: 1.75 0.93 -0.35
pixel: 67 4
world: 1.75 0.91 -0.35
pixel: 67 5
world: 1.75 0.89 -0.35
pixel: 67 6
world: 1.75 0.87 -0.35
pixel: 67 7
world: 1.75 0.85 -0.35
pixel: 67 8
world: 1.75 0.83 -0.35
pixel: 67 9
world: 1.75 0.81 -0.35
pixel: 67 10
world: 1.75 0.79 -0.35
pixel: 67 11
world: 1.75 0.77 -0.35
pixel: 67 12
world: 1.75 0.75 -0.35
pixel: 67 13
world: 1.75 0.73 -0.35
pixel: 67 14
world: 1.75 0.71 -0.35
pixel: 67 15
world: 1.75 0.69 -0.35
pixel: 67 16
world: 1.75 0.67 -0.35
pixel: 67 17
world: 1.75 0.65 -0.35
pixel: 67 18
world: 1.75 0.63 -0.35
pixel: 67 19
world: 1.75 0.61 -0.35
pixel: 67 20
world: 1.75 0.59 -0.35
pixel: 67 21
world: 1.75 0.57 -0.35
pixel: 67 22
world: 1.75 0.55 -0.35
pixel: 67 23
world: 1.75 0.53 -0.35
pixel: 67 24
world: 1.75 0.51 -0.35
pixel: 67 25
world: 1.75 0.49 -0.35
pixel: 67 26
world: 1.75 0.47 -0.35
pixel: 67 27
world: 1.75 0.45 -0.35
pixel: 67 28
world: 1.75 0.43 -0.35
pixel: 67 29
world: 1.75 0.41 -0.35
pixel: 67 30
world: 1.75 0.39 -0.35
pixel: 67 31
world: 1.75 0.37 -0.35
pixel: 67 32
world: 1.75 0.35 -0.35
pixel: 67 33
world: 1.75 0.33 -0.35
pixel: 67 34
world: 1.75 0.31 -0.35
pixel: 67 35
world: 1.75 0.29 -0.35
pixel: 67 36
world: 1.75 0.27 -0.35
pixel: 67 37
world: 1.75 0.25 -0.35
pixel: 67 38
world: 1.75 0.23 -0.35
pixel: 67 39
world: 1.75 0.21 -0.35
pixel: 67 40
world: 1.75 0.19 -0.35
pixel: 67 41
world: 1.75 0.17 -0.35
pixel: 67 42
world: 1.75 0.15 -0.35
pixel: 67 43
world: 1.75 0.13 -0.35
pixel: 67 44
world: 1.75 0.11 -0.35
pixel: 67 45
world: 1.75 0.0899999 -0.35
pixel: 67 46
world: 1.75 0.0699999 -0.35
pixel: 67 47
world: 1.75 0.0499999 -0.35
pixel: 67 48
world: 1.75 0.03 -0.35
pixel: 67 49
world: 1.75 0.00999999 -0.35
pixel: 67 50
world: 1.75 -0.00999999 -0.35
pixel: 67 51
world: 1.75 -0.03 -0.35
pixel: 67 52
world: 1.75 -0.0499999 -0.35
pixel: 67 53
world: 1.75 -0.07 -0.35
pixel: 67 54
world: 1.75 -0.09 -0.35
pixel: 67 55
world: 1.75 -0.11 -0.35
pixel: 67 56
world: 1.75 -0.13 -0.35
pixel: 67 57
world: 1.75 -0.15 -0.35
pixel: 67 58
world: 1.75 -0.17 -0.35
pixel: 67 59
world: 1.75 -0.19 -0.35
pixel: 67 60
world: 1.75 -0.21 -0.35
pixel: 67 61
world: 1.75 -0.23 -0.35
pixel: 67 62
world: 1.75 -0.25 -0.35
pixel: 67 63
world: 1.75 -0.27 -0.35
pixel: 67 64
world: 1.75 -0.29 -0.35
pixel: 67 65
world: 1.75 -0.31 -0.35
pixel: 67 66
world: 1.75 -0.33 -0.35
pixel: 67 67
world: 1.75 -0.35 -0.35
pixel: 67 68
world: 1.75 -0.37 -0.35
pixel: 67 69
world: 1.75 -0.39 -0.35
pixel: 67 70
world: 1.75 -0.41 -0.35
pixel: 67 71
world: 1.75 -0.43 -0.35
pixel: 67 72
world: 1.75 -0.45 -0.35
pixel: 67 73
world: 1.75 -0.47 -0.35
pixel: 67 74
world: 1.75 -0.49 -0.35
pixel: 67 75
world: 1.75 -0.51 -0.35
pixel: 67 76
world: 1.75 -0.53 -0.35
pixel: 67 77
world: 1.75 -0.55 -0.35
pixel: 67 78
world: 1.75 -0.57 -0.35
pixel: 67 79
world: 1.75 -0.59 -0.35
pixel: 67 80
world: 1.75 -0.61 -0.35
pixel: 67 81
world: 1.75 -0.63 -0.35
pixel: 67 82
world: 1.75 -0.65 -0.35
pixel: 67 83
world: 1.75 -0.67 -0.35
pixel: 67 84
world: 1.75 -0.69 -0.35
pixel: 67 85
world: 1.75 -0.71 -0.35
pixel: 67 86
world: 1.75 -0.73 -0.35
pixel: 67 87
world: 1.75 -0.75 -0.35
pixel: 67 88
world: 1.75 -0.77 -0.35
pixel: 67 89
world: 1.75 -0.79 -0.35
pixel: 67 90
world: 1.75 -0.81 -0.35
pixel: 67 91
world: 1.75 -0.83 -0.35
pixel: 67 92
world: 1.75 -0.85 -0.35
pixel: 67 93
world: 1.75 -0.87 -0.35
pixel: 67 94
world: 1.75 -0.89 -0.35
pixel: 67 95
world: 1.75 -0.91 -0.35
pixel: 67 96
world: 1.75 -0.93 -0.35
pixel: 67 97
world: 1.75 -0.95 -0.35
pixel: 67 98
world: 1.75 -0.97 -0.35
pixel: 67 99
world: 1.75 -0.99 -0.35
pixel: 68 0
world: 1.75 0.99 -0.37
pixel: 68 1
world: 1.75 0.97 -0.37
pixel: 68 2
world: 1.75 0.95 -0.37
pixel: 68 3
world: 1.75 0.93 -0.37
pixel: 68 4
world: 1.75 0.91 -0.37
pixel: 68 5
world: 1.75 0.89 -0.37
pixel: 68 6
world: 1.75 0.87 -0.37
pixel: 68 7
world: 1.75 0.85 -0.37
pixel: 68 8
world: 1.75 0.83 -0.37
pixel: 68 9
world: 1.75 0.81 -0.37
pixel: 68 10
world: 1.75 0.79 -0.37
pixel: 68 11
world: 1.75 0.77 -0.37
pixel: 68 12
world: 1.75 0.75 -0.37
pixel: 68 13
world: 1.75 0.73 -0.37
pixel: 68 14
world: 1.75 0.71 -0.37
pixel: 68 15
world: 1.75 0.69 -0.37
pixel: 68 16
world: 1.75 0.67 -0.37
pixel: 68 17
world: 1.75 0.65 -0.37
pixel: 68 18
world: 1.75 0.63 -0.37
pixel: 68 19
world: 1.75 0.61 -0.37
pixel: 68 20
world: 1.75 0.59 -0.37
pixel: 68 21
world: 1.75 0.57 -0.37
pixel: 68 22
world: 1.75 0.55 -0.37
pixel: 68 23
world: 1.75 0.53 -0.37
pixel: 68 24
world: 1.75 0.51 -0.37
pixel: 68 25
world: 1.75 0.49 -0.37
pixel: 68 26
world: 1.75 0.47 -0.37
pixel: 68 27
world: 1.75 0.45 -0.37
pixel: 68 28
world: 1.75 0.43 -0.37
pixel: 68 29
world: 1.75 0.41 -0.37
pixel: 68 30
world: 1.75 0.39 -0.37
pixel: 68 31
world: 1.75 0.37 -0.37
pixel: 68 32
world: 1.75 0.35 -0.37
pixel: 68 33
world: 1.75 0.33 -0.37
pixel: 68 34
world: 1.75 0.31 -0.37
pixel: 68 35
world: 1.75 0.29 -0.37
pixel: 68 36
world: 1.75 0.27 -0.37
pixel: 68 37
world: 1.75 0.25 -0.37
pixel: 68 38
world: 1.75 0.23 -0.37
pixel: 68 39
world: 1.75 0.21 -0.37
pixel: 68 40
world: 1.75 0.19 -0.37
pixel: 68 41
world: 1.75 0.17 -0.37
pixel: 68 42
world: 1.75 0.15 -0.37
pixel: 68 43
world: 1.75 0.13 -0.37
pixel: 68 44
world: 1.75 0.11 -0.37
pixel: 68 45
world: 1.75 0.0899999 -0.37
pixel: 68 46
world: 1.75 0.0699999 -0.37
pixel: 68 47
world: 1.75 0.0499999 -0.37
pixel: 68 48
world: 1.75 0.03 -0.37
pixel: 68 49
world: 1.75 0.00999999 -0.37
pixel: 68 50
world: 1.75 -0.00999999 -0.37
pixel: 68 51
world: 1.75 -0.03 -0.37
pixel: 68 52
world: 1.75 -0.0499999 -0.37
pixel: 68 53
world: 1.75 -0.07 -0.37
pixel: 68 54
world: 1.75 -0.09 -0.37
pixel: 68 55
world: 1.75 -0.11 -0.37
pixel: 68 56
world: 1.75 -0.13 -0.37
pixel: 68 57
world: 1.75 -0.15 -0.37
pixel: 68 58
world: 1.75 -0.17 -0.37
pixel: 68 59
world: 1.75 -0.19 -0.37
pixel: 68 60
world: 1.75 -0.21 -0.37
pixel: 68 61
world: 1.75 -0.23 -0.37
pixel: 68 62
world: 1.75 -0.25 -0.37
pixel: 68 63
world: 1.75 -0.27 -0.37
pixel: 68 64
world: 1.75 -0.29 -0.37
pixel: 68 65
world: 1.75 -0.31 -0.37
pixel: 68 66
world: 1.75 -0.33 -0.37
pixel: 68 67
world: 1.75 -0.35 -0.37
pixel: 68 68
world: 1.75 -0.37 -0.37
pixel: 68 69
world: 1.75 -0.39 -0.37
pixel: 68 70
world: 1.75 -0.41 -0.37
pixel: 68 71
world: 1.75 -0.43 -0.37
pixel: 68 72
world: 1.75 -0.45 -0.37
pixel: 68 73
world: 1.75 -0.47 -0.37
pixel: 68 74
world: 1.75 -0.49 -0.37
pixel: 68 75
world: 1.75 -0.51 -0.37
pixel: 68 76
world: 1.75 -0.53 -0.37
pixel: 68 77
world: 1.75 -0.55 -0.37
pixel: 68 78
world: 1.75 -0.57 -0.37
pixel: 68 79
world: 1.75 -0.59 -0.37
pixel: 68 80
world: 1.75 -0.61 -0.37
pixel: 68 81
world: 1.75 -0.63 -0.37
pixel: 68 82
world: 1.75 -0.65 -0.37
pixel: 68 83
world: 1.75 -0.67 -0.37
pixel: 68 84
world: 1.75 -0.69 -0.37
pixel: 68 85
world: 1.75 -0.71 -0.37
pixel: 68 86
world: 1.75 -0.73 -0.37
pixel: 68 87
world: 1.75 -0.75 -0.37
pixel: 68 88
world: 1.75 -0.77 -0.37
pixel: 68 89
world: 1.75 -0.79 -0.37
pixel: 68 90
world: 1.75 -0.81 -0.37
pixel: 68 91
world: 1.75 -0.83 -0.37
pixel: 68 92
world: 1.75 -0.85 -0.37
pixel: 68 93
world: 1.75 -0.87 -0.37
pixel: 68 94
world: 1.75 -0.89 -0.37
pixel: 68 95
world: 1.75 -0.91 -0.37
pixel: 68 96
world: 1.75 -0.93 -0.37
pixel: 68 97
world: 1.75 -0.95 -0.37
pixel: 68 98
world: 1.75 -0.97 -0.37
pixel: 68 99
world: 1.75 -0.99 -0.37
pixel: 69 0
world: 1.75 0.99 -0.39
pixel: 69 1
world: 1.75 0.97 -0.39
pixel: 69 2
world: 1.75 0.95 -0.39
pixel: 69 3
world: 1.75 0.93 -0.39
pixel: 69 4
world: 1.75 0.91 -0.39
pixel: 69 5
world: 1.75 0.89 -0.39
pixel: 69 6
world: 1.75 0.87 -0.39
pixel: 69 7
world: 1.75 0.85 -0.39
pixel: 69 8
world: 1.75 0.83 -0.39
pixel: 69 9
world: 1.75 0.81 -0.39
pixel: 69 10
world: 1.75 0.79 -0.39
pixel: 69 11
world: 1.75 0.77 -0.39
pixel: 69 12
world: 1.75 0.75 -0.39
pixel: 69 13
world: 1.75 0.73 -0.39
pixel: 69 14
world: 1.75 0.71 -0.39
pixel: 69 15
world: 1.75 0.69 -0.39
pixel: 69 16
world: 1.75 0.67 -0.39
pixel: 69 17
world: 1.75 0.65 -0.39
pixel: 69 18
world: 1.75 0.63 -0.39
pixel: 69 19
world: 1.75 0.61 -0.39
pixel: 69 20
world: 1.75 0.59 -0.39
pixel: 69 21
world: 1.75 0.57 -0.39
pixel: 69 22
world: 1.75 0.55 -0.39
pixel: 69 23
world: 1.75 0.53 -0.39
pixel: 69 24
world: 1.75 0.51 -0.39
pixel: 69 25
world: 1.75 0.49 -0.39
pixel: 69 26
world: 1.75 0.47 -0.39
pixel: 69 27
world: 1.75 0.45 -0.39
pixel: 69 28
world: 1.75 0.43 -0.39
pixel: 69 29
world: 1.75 0.41 -0.39
pixel: 69 30
world: 1.75 0.39 -0.39
pixel: 69 31
world: 1.75 0.37 -0.39
pixel: 69 32
world: 1.75 0.35 -0.39
pixel: 69 33
world: 1.75 0.33 -0.39
pixel: 69 34
world: 1.75 0.31 -0.39
pixel: 69 35
world: 1.75 0.29 -0.39
pixel: 69 36
world: 1.75 0.27 -0.39
pixel: 69 37
world: 1.75 0.25 -0.39
pixel: 69 38
world: 1.75 0.23 -0.39
pixel: 69 39
world: 1.75 0.21 -0.39
pixel: 69 40
world: 1.75 0.19 -0.39
pixel: 69 41
world: 1.75 0.17 -0.39
pixel: 69 42
world: 1.75 0.15 -0.39
pixel: 69 43
world: 1.75 0.13 -0.39
pixel: 69 44
world: 1.75 0.11 -0.39
pixel: 69 45
world: 1.75 0.0899999 -0.39
pixel: 69 46
world: 1.75 0.0699999 -0.39
pixel: 69 47
world: 1.75 0.0499999 -0.39
pixel: 69 48
world: 1.75 0.03 -0.39
pixel: 69 49
world: 1.75 0.00999999 -0.39
pixel: 69 50
world: 1.75 -0.00999999 -0.39
pixel: 69 51
world: 1.75 -0.03 -0.39
pixel: 69 52
world: 1.75 -0.0499999 -0.39
pixel: 69 53
world: 1.75 -0.07 -0.39
pixel: 69 54
world: 1.75 -0.09 -0.39
pixel: 69 55
world: 1.75 -0.11 -0.39
pixel: 69 56
world: 1.75 -0.13 -0.39
pixel: 69 57
world: 1.75 -0.15 -0.39
pixel: 69 58
world: 1.75 -0.17 -0.39
pixel: 69 59
world: 1.75 -0.19 -0.39
pixel: 69 60
world: 1.75 -0.21 -0.39
pixel: 69 61
world: 1.75 -0.23 -0.39
pixel: 69 62
world: 1.75 -0.25 -0.39
pixel: 69 63
world: 1.75 -0.27 -0.39
pixel: 69 64
world: 1.75 -0.29 -0.39
pixel: 69 65
world: 1.75 -0.31 -0.39
pixel: 69 66
world: 1.75 -0.33 -0.39
pixel: 69 67
world: 1.75 -0.35 -0.39
pixel: 69 68
world: 1.75 -0.37 -0.39
pixel: 69 69
world: 1.75 -0.39 -0.39
pixel: 69 70
world: 1.75 -0.41 -0.39
pixel: 69 71
world: 1.75 -0.43 -0.39
pixel: 69 72
world: 1.75 -0.45 -0.39
pixel: 69 73
world: 1.75 -0.47 -0.39
pixel: 69 74
world: 1.75 -0.49 -0.39
pixel: 69 75
world: 1.75 -0.51 -0.39
pixel: 69 76
world: 1.75 -0.53 -0.39
pixel: 69 77
world: 1.75 -0.55 -0.39
pixel: 69 78
world: 1.75 -0.57 -0.39
pixel: 69 79
world: 1.75 -0.59 -0.39
pixel: 69 80
world: 1.75 -0.61 -0.39
pixel: 69 81
world: 1.75 -0.63 -0.39
pixel: 69 82
world: 1.75 -0.65 -0.39
pixel: 69 83
world: 1.75 -0.67 -0.39
pixel: 69 84
world: 1.75 -0.69 -0.39
pixel: 69 85
world: 1.75 -0.71 -0.39
pixel: 69 86
world: 1.75 -0.73 -0.39
pixel: 69 87
world: 1.75 -0.75 -0.39
pixel: 69 88
world: 1.75 -0.77 -0.39
pixel: 69 89
world: 1.75 -0.79 -0.39
pixel: 69 90
world: 1.75 -0.81 -0.39
pixel: 69 91
world: 1.75 -0.83 -0.39
pixel: 69 92
world: 1.75 -0.85 -0.39
pixel: 69 93
world: 1.75 -0.87 -0.39
pixel: 69 94
world: 1.75 -0.89 -0.39
pixel: 69 95
world: 1.75 -0.91 -0.39
pixel: 69 96
world: 1.75 -0.93 -0.39
pixel: 69 97
world: 1.75 -0.95 -0.39
pixel: 69 98
world: 1.75 -0.97 -0.39
pixel: 69 99
world: 1.75 -0.99 -0.39
pixel: 70 0
world: 1.75 0.99 -0.41
pixel: 70 1
world: 1.75 0.97 -0.41
pixel: 70 2
world: 1.75 0.95 -0.41
pixel: 70 3
world: 1.75 0.93 -0.41
pixel: 70 4
world: 1.75 0.91 -0.41
pixel: 70 5
world: 1.75 0.89 -0.41
pixel: 70 6
world: 1.75 0.87 -0.41
pixel: 70 7
world: 1.75 0.85 -0.41
pixel: 70 8
world: 1.75 0.83 -0.41
pixel: 70 9
world: 1.75 0.81 -0.41
pixel: 70 10
world: 1.75 0.79 -0.41
pixel: 70 11
world: 1.75 0.77 -0.41
pixel: 70 12
world: 1.75 0.75 -0.41
pixel: 70 13
world: 1.75 0.73 -0.41
pixel: 70 14
world: 1.75 0.71 -0.41
pixel: 70 15
world: 1.75 0.69 -0.41
pixel: 70 16
world: 1.75 0.67 -0.41
pixel: 70 17
world: 1.75 0.65 -0.41
pixel: 70 18
world: 1.75 0.63 -0.41
pixel: 70 19
world: 1.75 0.61 -0.41
pixel: 70 20
world: 1.75 0.59 -0.41
pixel: 70 21
world: 1.75 0.57 -0.41
pixel: 70 22
world: 1.75 0.55 -0.41
pixel: 70 23
world: 1.75 0.53 -0.41
pixel: 70 24
world: 1.75 0.51 -0.41
pixel: 70 25
world: 1.75 0.49 -0.41
pixel: 70 26
world: 1.75 0.47 -0.41
pixel: 70 27
world: 1.75 0.45 -0.41
pixel: 70 28
world: 1.75 0.43 -0.41
pixel: 70 29
world: 1.75 0.41 -0.41
pixel: 70 30
world: 1.75 0.39 -0.41
pixel: 70 31
world: 1.75 0.37 -0.41
pixel: 70 32
world: 1.75 0.35 -0.41
pixel: 70 33
world: 1.75 0.33 -0.41
pixel: 70 34
world: 1.75 0.31 -0.41
pixel: 70 35
world: 1.75 0.29 -0.41
pixel: 70 36
world: 1.75 0.27 -0.41
pixel: 70 37
world: 1.75 0.25 -0.41
pixel: 70 38
world: 1.75 0.23 -0.41
pixel: 70 39
world: 1.75 0.21 -0.41
pixel: 70 40
world: 1.75 0.19 -0.41
pixel: 70 41
world: 1.75 0.17 -0.41
pixel: 70 42
world: 1.75 0.15 -0.41
pixel: 70 43
world: 1.75 0.13 -0.41
pixel: 70 44
world: 1.75 0.11 -0.41
pixel: 70 45
world: 1.75 0.0899999 -0.41
pixel: 70 46
world: 1.75 0.0699999 -0.41
pixel: 70 47
world: 1.75 0.0499999 -0.41
pixel: 70 48
world: 1.75 0.03 -0.41
pixel: 70 49
world: 1.75 0.00999999 -0.41
pixel: 70 50
world: 1.75 -0.00999999 -0.41
pixel: 70 51
world: 1.75 -0.03 -0.41
pixel: 70 52
world: 1.75 -0.0499999 -0.41
pixel: 70 53
world: 1.75 -0.07 -0.41
pixel: 70 54
world: 1.75 -0.09 -0.41
pixel: 70 55
world: 1.75 -0.11 -0.41
pixel: 70 56
world: 1.75 -0.13 -0.41
pixel: 70 57
world: 1.75 -0.15 -0.41
pixel: 70 58
world: 1.75 -0.17 -0.41
pixel: 70 59
world: 1.75 -0.19 -0.41
pixel: 70 60
world: 1.75 -0.21 -0.41
pixel: 70 61
world: 1.75 -0.23 -0.41
pixel: 70 62
world: 1.75 -0.25 -0.41
pixel: 70 63
world: 1.75 -0.27 -0.41
pixel: 70 64
world: 1.75 -0.29 -0.41
pixel: 70 65
world: 1.75 -0.31 -0.41
pixel: 70 66
world: 1.75 -0.33 -0.41
pixel: 70 67
world: 1.75 -0.35 -0.41
pixel: 70 68
world: 1.75 -0.37 -0.41
pixel: 70 69
world: 1.75 -0.39 -0.41
pixel: 70 70
world: 1.75 -0.41 -0.41
pixel: 70 71
world: 1.75 -0.43 -0.41
pixel: 70 72
world: 1.75 -0.45 -0.41
pixel: 70 73
world: 1.75 -0.47 -0.41
pixel: 70 74
world: 1.75 -0.49 -0.41
pixel: 70 75
world: 1.75 -0.51 -0.41
pixel: 70 76
world: 1.75 -0.53 -0.41
pixel: 70 77
world: 1.75 -0.55 -0.41
pixel: 70 78
world: 1.75 -0.57 -0.41
pixel: 70 79
world: 1.75 -0.59 -0.41
pixel: 70 80
world: 1.75 -0.61 -0.41
pixel: 70 81
world: 1.75 -0.63 -0.41
pixel: 70 82
world: 1.75 -0.65 -0.41
pixel: 70 83
world: 1.75 -0.67 -0.41
pixel: 70 84
world: 1.75 -0.69 -0.41
pixel: 70 85
world: 1.75 -0.71 -0.41
pixel: 70 86
world: 1.75 -0.73 -0.41
pixel: 70 87
world: 1.75 -0.75 -0.41
pixel: 70 88
world: 1.75 -0.77 -0.41
pixel: 70 89
world: 1.75 -0.79 -0.41
pixel: 70 90
world: 1.75 -0.81 -0.41
pixel: 70 91
world: 1.75 -0.83 -0.41
pixel: 70 92
world: 1.75 -0.85 -0.41
pixel: 70 93
world: 1.75 -0.87 -0.41
pixel: 70 94
world: 1.75 -0.89 -0.41
pixel: 70 95
world: 1.75 -0.91 -0.41
pixel: 70 96
world: 1.75 -0.93 -0.41
pixel: 70 97
world: 1.75 -0.95 -0.41
pixel: 70 98
world: 1.75 -0.97 -0.41
pixel: 70 99
world: 1.75 -0.99 -0.41
pixel: 71 0
world: 1.75 0.99 -0.43
pixel: 71 1
world: 1.75 0.97 -0.43
pixel: 71 2
world: 1.75 0.95 -0.43
pixel: 71 3
world: 1.75 0.93 -0.43
pixel: 71 4
world: 1.75 0.91 -0.43
pixel: 71 5
world: 1.75 0.89 -0.43
pixel: 71 6
world: 1.75 0.87 -0.43
pixel: 71 7
world: 1.75 0.85 -0.43
pixel: 71 8
world: 1.75 0.83 -0.43
pixel: 71 9
world: 1.75 0.81 -0.43
pixel: 71 10
world: 1.75 0.79 -0.43
pixel: 71 11
world: 1.75 0.77 -0.43
pixel: 71 12
world: 1.75 0.75 -0.43
pixel: 71 13
world: 1.75 0.73 -0.43
pixel: 71 14
world: 1.75 0.71 -0.43
pixel: 71 15
world: 1.75 0.69 -0.43
pixel: 71 16
world: 1.75 0.67 -0.43
pixel: 71 17
world: 1.75 0.65 -0.43
pixel: 71 18
world: 1.75 0.63 -0.43
pixel: 71 19
world: 1.75 0.61 -0.43
pixel: 71 20
world: 1.75 0.59 -0.43
pixel: 71 21
world: 1.75 0.57 -0.43
pixel: 71 22
world: 1.75 0.55 -0.43
pixel: 71 23
world: 1.75 0.53 -0.43
pixel: 71 24
world: 1.75 0.51 -0.43
pixel: 71 25
world: 1.75 0.49 -0.43
pixel: 71 26
world: 1.75 0.47 -0.43
pixel: 71 27
world: 1.75 0.45 -0.43
pixel: 71 28
world: 1.75 0.43 -0.43
pixel: 71 29
world: 1.75 0.41 -0.43
pixel: 71 30
world: 1.75 0.39 -0.43
pixel: 71 31
world: 1.75 0.37 -0.43
pixel: 71 32
world: 1.75 0.35 -0.43
pixel: 71 33
world: 1.75 0.33 -0.43
pixel: 71 34
world: 1.75 0.31 -0.43
pixel: 71 35
world: 1.75 0.29 -0.43
pixel: 71 36
world: 1.75 0.27 -0.43
pixel: 71 37
world: 1.75 0.25 -0.43
pixel: 71 38
world: 1.75 0.23 -0.43
pixel: 71 39
world: 1.75 0.21 -0.43
pixel: 71 40
world: 1.75 0.19 -0.43
pixel: 71 41
world: 1.75 0.17 -0.43
pixel: 71 42
world: 1.75 0.15 -0.43
pixel: 71 43
world: 1.75 0.13 -0.43
pixel: 71 44
world: 1.75 0.11 -0.43
pixel: 71 45
world: 1.75 0.0899999 -0.43
pixel: 71 46
world: 1.75 0.0699999 -0.43
pixel: 71 47
world: 1.75 0.0499999 -0.43
pixel: 71 48
world: 1.75 0.03 -0.43
pixel: 71 49
world: 1.75 0.00999999 -0.43
pixel: 71 50
world: 1.75 -0.00999999 -0.43
pixel: 71 51
world: 1.75 -0.03 -0.43
pixel: 71 52
world: 1.75 -0.0499999 -0.43
pixel: 71 53
world: 1.75 -0.07 -0.43
pixel: 71 54
world: 1.75 -0.09 -0.43
pixel: 71 55
world: 1.75 -0.11 -0.43
pixel: 71 56
world: 1.75 -0.13 -0.43
pixel: 71 57
world: 1.75 -0.15 -0.43
pixel: 71 58
world: 1.75 -0.17 -0.43
pixel: 71 59
world: 1.75 -0.19 -0.43
pixel: 71 60
world: 1.75 -0.21 -0.43
pixel: 71 61
world: 1.75 -0.23 -0.43
pixel: 71 62
world: 1.75 -0.25 -0.43
pixel: 71 63
world: 1.75 -0.27 -0.43
pixel: 71 64
world: 1.75 -0.29 -0.43
pixel: 71 65
world: 1.75 -0.31 -0.43
pixel: 71 66
world: 1.75 -0.33 -0.43
pixel: 71 67
world: 1.75 -0.35 -0.43
pixel: 71 68
world: 1.75 -0.37 -0.43
pixel: 71 69
world: 1.75 -0.39 -0.43
pixel: 71 70
world: 1.75 -0.41 -0.43
pixel: 71 71
world: 1.75 -0.43 -0.43
pixel: 71 72
world: 1.75 -0.45 -0.43
pixel: 71 73
world: 1.75 -0.47 -0.43
pixel: 71 74
world: 1.75 -0.49 -0.43
pixel: 71 75
world: 1.75 -0.51 -0.43
pixel: 71 76
world: 1.75 -0.53 -0.43
pixel: 71 77
world: 1.75 -0.55 -0.43
pixel: 71 78
world: 1.75 -0.57 -0.43
pixel: 71 79
world: 1.75 -0.59 -0.43
pixel: 71 80
world: 1.75 -0.61 -0.43
pixel: 71 81
world: 1.75 -0.63 -0.43
pixel: 71 82
world: 1.75 -0.65 -0.43
pixel: 71 83
world: 1.75 -0.67 -0.43
pixel: 71 84
world: 1.75 -0.69 -0.43
pixel: 71 85
world: 1.75 -0.71 -0.43
pixel: 71 86
world: 1.75 -0.73 -0.43
pixel: 71 87
world: 1.75 -0.75 -0.43
pixel: 71 88
world: 1.75 -0.77 -0.43
pixel: 71 89
world: 1.75 -0.79 -0.43
pixel: 71 90
world: 1.75 -0.81 -0.43
pixel: 71 91
world: 1.75 -0.83 -0.43
pixel: 71 92
world: 1.75 -0.85 -0.43
pixel: 71 93
world: 1.75 -0.87 -0.43
pixel: 71 94
world: 1.75 -0.89 -0.43
pixel: 71 95
world: 1.75 -0.91 -0.43
pixel: 71 96
world: 1.75 -0.93 -0.43
pixel: 71 97
world: 1.75 -0.95 -0.43
pixel: 71 98
world: 1.75 -0.97 -0.43
pixel: 71 99
world: 1.75 -0.99 -0.43
pixel: 72 0
world: 1.75 0.99 -0.45
pixel: 72 1
world: 1.75 0.97 -0.45
pixel: 72 2
world: 1.75 0.95 -0.45
pixel: 72 3
world: 1.75 0.93 -0.45
pixel: 72 4
world: 1.75 0.91 -0.45
pixel: 72 5
world: 1.75 0.89 -0.45
pixel: 72 6
world: 1.75 0.87 -0.45
pixel: 72 7
world: 1.75 0.85 -0.45
pixel: 72 8
world: 1.75 0.83 -0.45
pixel: 72 9
world: 1.75 0.81 -0.45
pixel: 72 10
world: 1.75 0.79 -0.45
pixel: 72 11
world: 1.75 0.77 -0.45
pixel: 72 12
world: 1.75 0.75 -0.45
pixel: 72 13
world: 1.75 0.73 -0.45
pixel: 72 14
world: 1.75 0.71 -0.45
pixel: 72 15
world: 1.75 0.69 -0.45
pixel: 72 16
world: 1.75 0.67 -0.45
pixel: 72 17
world: 1.75 0.65 -0.45
pixel: 72 18
world: 1.75 0.63 -0.45
pixel: 72 19
world: 1.75 0.61 -0.45
pixel: 72 20
world: 1.75 0.59 -0.45
pixel: 72 21
world: 1.75 0.57 -0.45
pixel: 72 22
world: 1.75 0.55 -0.45
pixel: 72 23
world: 1.75 0.53 -0.45
pixel: 72 24
world: 1.75 0.51 -0.45
pixel: 72 25
world: 1.75 0.49 -0.45
pixel: 72 26
world: 1.75 0.47 -0.45
pixel: 72 27
world: 1.75 0.45 -0.45
pixel: 72 28
world: 1.75 0.43 -0.45
pixel: 72 29
world: 1.75 0.41 -0.45
pixel: 72 30
world: 1.75 0.39 -0.45
pixel: 72 31
world: 1.75 0.37 -0.45
pixel: 72 32
world: 1.75 0.35 -0.45
pixel: 72 33
world: 1.75 0.33 -0.45
pixel: 72 34
world: 1.75 0.31 -0.45
pixel: 72 35
world: 1.75 0.29 -0.45
pixel: 72 36
world: 1.75 0.27 -0.45
pixel: 72 37
world: 1.75 0.25 -0.45
pixel: 72 38
world: 1.75 0.23 -0.45
pixel: 72 39
world: 1.75 0.21 -0.45
pixel: 72 40
world: 1.75 0.19 -0.45
pixel: 72 41
world: 1.75 0.17 -0.45
pixel: 72 42
world: 1.75 0.15 -0.45
pixel: 72 43
world: 1.75 0.13 -0.45
pixel: 72 44
world: 1.75 0.11 -0.45
pixel: 72 45
world: 1.75 0.0899999 -0.45
pixel: 72 46
world: 1.75 0.0699999 -0.45
pixel: 72 47
world: 1.75 0.0499999 -0.45
pixel: 72 48
world: 1.75 0.03 -0.45
pixel: 72 49
world: 1.75 0.00999999 -0.45
pixel: 72 50
world: 1.75 -0.00999999 -0.45
pixel: 72 51
world: 1.75 -0.03 -0.45
pixel: 72 52
world: 1.75 -0.0499999 -0.45
pixel: 72 53
world: 1.75 -0.07 -0.45
pixel: 72 54
world: 1.75 -0.09 -0.45
pixel: 72 55
world: 1.75 -0.11 -0.45
pixel: 72 56
world: 1.75 -0.13 -0.45
pixel: 72 57
world: 1.75 -0.15 -0.45
pixel: 72 58
world: 1.75 -0.17 -0.45
pixel: 72 59
world: 1.75 -0.19 -0.45
pixel: 72 60
world: 1.75 -0.21 -0.45
pixel: 72 61
world: 1.75 -0.23 -0.45
pixel: 72 62
world: 1.75 -0.25 -0.45
pixel: 72 63
world: 1.75 -0.27 -0.45
pixel: 72 64
world: 1.75 -0.29 -0.45
pixel: 72 65
world: 1.75 -0.31 -0.45
pixel: 72 66
world: 1.75 -0.33 -0.45
pixel: 72 67
world: 1.75 -0.35 -0.45
pixel: 72 68
world: 1.75 -0.37 -0.45
pixel: 72 69
world: 1.75 -0.39 -0.45
pixel: 72 70
world: 1.75 -0.41 -0.45
pixel: 72 71
world: 1.75 -0.43 -0.45
pixel: 72 72
world: 1.75 -0.45 -0.45
pixel: 72 73
world: 1.75 -0.47 -0.45
pixel: 72 74
world: 1.75 -0.49 -0.45
pixel: 72 75
world: 1.75 -0.51 -0.45
pixel: 72 76
world: 1.75 -0.53 -0.45
pixel: 72 77
world: 1.75 -0.55 -0.45
pixel: 72 78
world: 1.75 -0.57 -0.45
pixel: 72 79
world: 1.75 -0.59 -0.45
pixel: 72 80
world: 1.75 -0.61 -0.45
pixel: 72 81
world: 1.75 -0.63 -0.45
pixel: 72 82
world: 1.75 -0.65 -0.45
pixel: 72 83
world: 1.75 -0.67 -0.45
pixel: 72 84
world: 1.75 -0.69 -0.45
pixel: 72 85
world: 1.75 -0.71 -0.45
pixel: 72 86
world: 1.75 -0.73 -0.45
pixel: 72 87
world: 1.75 -0.75 -0.45
pixel: 72 88
world: 1.75 -0.77 -0.45
pixel: 72 89
world: 1.75 -0.79 -0.45
pixel: 72 90
world: 1.75 -0.81 -0.45
pixel: 72 91
world: 1.75 -0.83 -0.45
pixel: 72 92
world: 1.75 -0.85 -0.45
pixel: 72 93
world: 1.75 -0.87 -0.45
pixel: 72 94
world: 1.75 -0.89 -0.45
pixel: 72 95
world: 1.75 -0.91 -0.45
pixel: 72 96
world: 1.75 -0.93 -0.45
pixel: 72 97
world: 1.75 -0.95 -0.45
pixel: 72 98
world: 1.75 -0.97 -0.45
pixel: 72 99
world: 1.75 -0.99 -0.45
pixel: 73 0
world: 1.75 0.99 -0.47
pixel: 73 1
world: 1.75 0.97 -0.47
pixel: 73 2
world: 1.75 0.95 -0.47
pixel: 73 3
world: 1.75 0.93 -0.47
pixel: 73 4
world: 1.75 0.91 -0.47
pixel: 73 5
world: 1.75 0.89 -0.47
pixel: 73 6
world: 1.75 0.87 -0.47
pixel: 73 7
world: 1.75 0.85 -0.47
pixel: 73 8
world: 1.75 0.83 -0.47
pixel: 73 9
world: 1.75 0.81 -0.47
pixel: 73 10
world: 1.75 0.79 -0.47
pixel: 73 11
world: 1.75 0.77 -0.47
pixel: 73 12
world: 1.75 0.75 -0.47
pixel: 73 13
world: 1.75 0.73 -0.47
pixel: 73 14
world: 1.75 0.71 -0.47
pixel: 73 15
world: 1.75 0.69 -0.47
pixel: 73 16
world: 1.75 0.67 -0.47
pixel: 73 17
world: 1.75 0.65 -0.47
pixel: 73 18
world: 1.75 0.63 -0.47
pixel: 73 19
world: 1.75 0.61 -0.47
pixel: 73 20
world: 1.75 0.59 -0.47
pixel: 73 21
world: 1.75 0.57 -0.47
pixel: 73 22
world: 1.75 0.55 -0.47
pixel: 73 23
world: 1.75 0.53 -0.47
pixel: 73 24
world: 1.75 0.51 -0.47
pixel: 73 25
world: 1.75 0.49 -0.47
pixel: 73 26
world: 1.75 0.47 -0.47
pixel: 73 27
world: 1.75 0.45 -0.47
pixel: 73 28
world: 1.75 0.43 -0.47
pixel: 73 29
world: 1.75 0.41 -0.47
pixel: 73 30
world: 1.75 0.39 -0.47
pixel: 73 31
world: 1.75 0.37 -0.47
pixel: 73 32
world: 1.75 0.35 -0.47
pixel: 73 33
world: 1.75 0.33 -0.47
pixel: 73 34
world: 1.75 0.31 -0.47
pixel: 73 35
world: 1.75 0.29 -0.47
pixel: 73 36
world: 1.75 0.27 -0.47
pixel: 73 37
world: 1.75 0.25 -0.47
pixel: 73 38
world: 1.75 0.23 -0.47
pixel: 73 39
world: 1.75 0.21 -0.47
pixel: 73 40
world: 1.75 0.19 -0.47
pixel: 73 41
world: 1.75 0.17 -0.47
pixel: 73 42
world: 1.75 0.15 -0.47
pixel: 73 43
world: 1.75 0.13 -0.47
pixel: 73 44
world: 1.75 0.11 -0.47
pixel: 73 45
world: 1.75 0.0899999 -0.47
pixel: 73 46
world: 1.75 0.0699999 -0.47
pixel: 73 47
world: 1.75 0.0499999 -0.47
pixel: 73 48
world: 1.75 0.03 -0.47
pixel: 73 49
world: 1.75 0.00999999 -0.47
pixel: 73 50
world: 1.75 -0.00999999 -0.47
pixel: 73 51
world: 1.75 -0.03 -0.47
pixel: 73 52
world: 1.75 -0.0499999 -0.47
pixel: 73 53
world: 1.75 -0.07 -0.47
pixel: 73 54
world: 1.75 -0.09 -0.47
pixel: 73 55
world: 1.75 -0.11 -0.47
pixel: 73 56
world: 1.75 -0.13 -0.47
pixel: 73 57
world: 1.75 -0.15 -0.47
pixel: 73 58
world: 1.75 -0.17 -0.47
pixel: 73 59
world: 1.75 -0.19 -0.47
pixel: 73 60
world: 1.75 -0.21 -0.47
pixel: 73 61
world: 1.75 -0.23 -0.47
pixel: 73 62
world: 1.75 -0.25 -0.47
pixel: 73 63
world: 1.75 -0.27 -0.47
pixel: 73 64
world: 1.75 -0.29 -0.47
pixel: 73 65
world: 1.75 -0.31 -0.47
pixel: 73 66
world: 1.75 -0.33 -0.47
pixel: 73 67
world: 1.75 -0.35 -0.47
pixel: 73 68
world: 1.75 -0.37 -0.47
pixel: 73 69
world: 1.75 -0.39 -0.47
pixel: 73 70
world: 1.75 -0.41 -0.47
pixel: 73 71
world: 1.75 -0.43 -0.47
pixel: 73 72
world: 1.75 -0.45 -0.47
pixel: 73 73
world: 1.75 -0.47 -0.47
pixel: 73 74
world: 1.75 -0.49 -0.47
pixel: 73 75
world: 1.75 -0.51 -0.47
pixel: 73 76
world: 1.75 -0.53 -0.47
pixel: 73 77
world: 1.75 -0.55 -0.47
pixel: 73 78
world: 1.75 -0.57 -0.47
pixel: 73 79
world: 1.75 -0.59 -0.47
pixel: 73 80
world: 1.75 -0.61 -0.47
pixel: 73 81
world: 1.75 -0.63 -0.47
pixel: 73 82
world: 1.75 -0.65 -0.47
pixel: 73 83
world: 1.75 -0.67 -0.47
pixel: 73 84
world: 1.75 -0.69 -0.47
pixel: 73 85
world: 1.75 -0.71 -0.47
pixel: 73 86
world: 1.75 -0.73 -0.47
pixel: 73 87
world: 1.75 -0.75 -0.47
pixel: 73 88
world: 1.75 -0.77 -0.47
pixel: 73 89
world: 1.75 -0.79 -0.47
pixel: 73 90
world: 1.75 -0.81 -0.47
pixel: 73 91
world: 1.75 -0.83 -0.47
pixel: 73 92
world: 1.75 -0.85 -0.47
pixel: 73 93
world: 1.75 -0.87 -0.47
pixel: 73 94
world: 1.75 -0.89 -0.47
pixel: 73 95
world: 1.75 -0.91 -0.47
pixel: 73 96
world: 1.75 -0.93 -0.47
pixel: 73 97
world: 1.75 -0.95 -0.47
pixel: 73 98
world: 1.75 -0.97 -0.47
pixel: 73 99
world: 1.75 -0.99 -0.47
pixel: 74 0
world: 1.75 0.99 -0.49
pixel: 74 1
world: 1.75 0.97 -0.49
pixel: 74 2
world: 1.75 0.95 -0.49
pixel: 74 3
world: 1.75 0.93 -0.49
pixel: 74 4
world: 1.75 0.91 -0.49
pixel: 74 5
world: 1.75 0.89 -0.49
pixel: 74 6
world: 1.75 0.87 -0.49
pixel: 74 7
world: 1.75 0.85 -0.49
pixel: 74 8
world: 1.75 0.83 -0.49
pixel: 74 9
world: 1.75 0.81 -0.49
pixel: 74 10
world: 1.75 0.79 -0.49
pixel: 74 11
world: 1.75 0.77 -0.49
pixel: 74 12
world: 1.75 0.75 -0.49
pixel: 74 13
world: 1.75 0.73 -0.49
pixel: 74 14
world: 1.75 0.71 -0.49
pixel: 74 15
world: 1.75 0.69 -0.49
pixel: 74 16
world: 1.75 0.67 -0.49
pixel: 74 17
world: 1.75 0.65 -0.49
pixel: 74 18
world: 1.75 0.63 -0.49
pixel: 74 19
world: 1.75 0.61 -0.49
pixel: 74 20
world: 1.75 0.59 -0.49
pixel: 74 21
world: 1.75 0.57 -0.49
pixel: 74 22
world: 1.75 0.55 -0.49
pixel: 74 23
world: 1.75 0.53 -0.49
pixel: 74 24
world: 1.75 0.51 -0.49
pixel: 74 25
world: 1.75 0.49 -0.49
pixel: 74 26
world: 1.75 0.47 -0.49
pixel: 74 27
world: 1.75 0.45 -0.49
pixel: 74 28
world: 1.75 0.43 -0.49
pixel: 74 29
world: 1.75 0.41 -0.49
pixel: 74 30
world: 1.75 0.39 -0.49
pixel: 74 31
world: 1.75 0.37 -0.49
pixel: 74 32
world: 1.75 0.35 -0.49
pixel: 74 33
world: 1.75 0.33 -0.49
pixel: 74 34
world: 1.75 0.31 -0.49
pixel: 74 35
world: 1.75 0.29 -0.49
pixel: 74 36
world: 1.75 0.27 -0.49
pixel: 74 37
world: 1.75 0.25 -0.49
pixel: 74 38
world: 1.75 0.23 -0.49
pixel: 74 39
world: 1.75 0.21 -0.49
pixel: 74 40
world: 1.75 0.19 -0.49
pixel: 74 41
world: 1.75 0.17 -0.49
pixel: 74 42
world: 1.75 0.15 -0.49
pixel: 74 43
world: 1.75 0.13 -0.49
pixel: 74 44
world: 1.75 0.11 -0.49
pixel: 74 45
world: 1.75 0.0899999 -0.49
pixel: 74 46
world: 1.75 0.0699999 -0.49
pixel: 74 47
world: 1.75 0.0499999 -0.49
pixel: 74 48
world: 1.75 0.03 -0.49
pixel: 74 49
world: 1.75 0.00999999 -0.49
pixel: 74 50
world: 1.75 -0.00999999 -0.49
pixel: 74 51
world: 1.75 -0.03 -0.49
pixel: 74 52
world: 1.75 -0.0499999 -0.49
pixel: 74 53
world: 1.75 -0.07 -0.49
pixel: 74 54
world: 1.75 -0.09 -0.49
pixel: 74 55
world: 1.75 -0.11 -0.49
pixel: 74 56
world: 1.75 -0.13 -0.49
pixel: 74 57
world: 1.75 -0.15 -0.49
pixel: 74 58
world: 1.75 -0.17 -0.49
pixel: 74 59
world: 1.75 -0.19 -0.49
pixel: 74 60
world: 1.75 -0.21 -0.49
pixel: 74 61
world: 1.75 -0.23 -0.49
pixel: 74 62
world: 1.75 -0.25 -0.49
pixel: 74 63
world: 1.75 -0.27 -0.49
pixel: 74 64
world: 1.75 -0.29 -0.49
pixel: 74 65
world: 1.75 -0.31 -0.49
pixel: 74 66
world: 1.75 -0.33 -0.49
pixel: 74 67
world: 1.75 -0.35 -0.49
pixel: 74 68
world: 1.75 -0.37 -0.49
pixel: 74 69
world: 1.75 -0.39 -0.49
pixel: 74 70
world: 1.75 -0.41 -0.49
pixel: 74 71
world: 1.75 -0.43 -0.49
pixel: 74 72
world: 1.75 -0.45 -0.49
pixel: 74 73
world: 1.75 -0.47 -0.49
pixel: 74 74
world: 1.75 -0.49 -0.49
pixel: 74 75
world: 1.75 -0.51 -0.49
pixel: 74 76
world: 1.75 -0.53 -0.49
pixel: 74 77
world: 1.75 -0.55 -0.49
pixel: 74 78
world: 1.75 -0.57 -0.49
pixel: 74 79
world: 1.75 -0.59 -0.49
pixel: 74 80
world: 1.75 -0.61 -0.49
pixel: 74 81
world: 1.75 -0.63 -0.49
pixel: 74 82
world: 1.75 -0.65 -0.49
pixel: 74 83
world: 1.75 -0.67 -0.49
pixel: 74 84
world: 1.75 -0.69 -0.49
pixel: 74 85
world: 1.75 -0.71 -0.49
pixel: 74 86
world: 1.75 -0.73 -0.49
pixel: 74 87
world: 1.75 -0.75 -0.49
pixel: 74 88
world: 1.75 -0.77 -0.49
pixel: 74 89
world: 1.75 -0.79 -0.49
pixel: 74 90
world: 1.75 -0.81 -0.49
pixel: 74 91
world: 1.75 -0.83 -0.49
pixel: 74 92
world: 1.75 -0.85 -0.49
pixel: 74 93
world: 1.75 -0.87 -0.49
pixel: 74 94
world: 1.75 -0.89 -0.49
pixel: 74 95
world: 1.75 -0.91 -0.49
pixel: 74 96
world: 1.75 -0.93 -0.49
pixel: 74 97
world: 1.75 -0.95 -0.49
pixel: 74 98
world: 1.75 -0.97 -0.49
pixel: 74 99
world: 1.75 -0.99 -0.49
pixel: 75 0
world: 1.75 0.99 -0.51
pixel: 75 1
world: 1.75 0.97 -0.51
pixel: 75 2
world: 1.75 0.95 -0.51
pixel: 75 3
world: 1.75 0.93 -0.51
pixel: 75 4
world: 1.75 0.91 -0.51
pixel: 75 5
world: 1.75 0.89 -0.51
pixel: 75 6
world: 1.75 0.87 -0.51
pixel: 75 7
world: 1.75 0.85 -0.51
pixel: 75 8
world: 1.75 0.83 -0.51
pixel: 75 9
world: 1.75 0.81 -0.51
pixel: 75 10
world: 1.75 0.79 -0.51
pixel: 75 11
world: 1.75 0.77 -0.51
pixel: 75 12
world: 1.75 0.75 -0.51
pixel: 75 13
world: 1.75 0.73 -0.51
pixel: 75 14
world: 1.75 0.71 -0.51
pixel: 75 15
world: 1.75 0.69 -0.51
pixel: 75 16
world: 1.75 0.67 -0.51
pixel: 75 17
world: 1.75 0.65 -0.51
pixel: 75 18
world: 1.75 0.63 -0.51
pixel: 75 19
world: 1.75 0.61 -0.51
pixel: 75 20
world: 1.75 0.59 -0.51
pixel: 75 21
world: 1.75 0.57 -0.51
pixel: 75 22
world: 1.75 0.55 -0.51
pixel: 75 23
world: 1.75 0.53 -0.51
pixel: 75 24
world: 1.75 0.51 -0.51
pixel: 75 25
world: 1.75 0.49 -0.51
pixel: 75 26
world: 1.75 0.47 -0.51
pixel: 75 27
world: 1.75 0.45 -0.51
pixel: 75 28
world: 1.75 0.43 -0.51
pixel: 75 29
world: 1.75 0.41 -0.51
pixel: 75 30
world: 1.75 0.39 -0.51
pixel: 75 31
world: 1.75 0.37 -0.51
pixel: 75 32
world: 1.75 0.35 -0.51
pixel: 75 33
world: 1.75 0.33 -0.51
pixel: 75 34
world: 1.75 0.31 -0.51
pixel: 75 35
world: 1.75 0.29 -0.51
pixel: 75 36
world: 1.75 0.27 -0.51
pixel: 75 37
world: 1.75 0.25 -0.51
pixel: 75 38
world: 1.75 0.23 -0.51
pixel: 75 39
world: 1.75 0.21 -0.51
pixel: 75 40
world: 1.75 0.19 -0.51
pixel: 75 41
world: 1.75 0.17 -0.51
pixel: 75 42
world: 1.75 0.15 -0.51
pixel: 75 43
world: 1.75 0.13 -0.51
pixel: 75 44
world: 1.75 0.11 -0.51
pixel: 75 45
world: 1.75 0.0899999 -0.51
pixel: 75 46
world: 1.75 0.0699999 -0.51
pixel: 75 47
world: 1.75 0.0499999 -0.51
pixel: 75 48
world: 1.75 0.03 -0.51
pixel: 75 49
world: 1.75 0.00999999 -0.51
pixel: 75 50
world: 1.75 -0.00999999 -0.51
pixel: 75 51
world: 1.75 -0.03 -0.51
pixel: 75 52
world: 1.75 -0.0499999 -0.51
pixel: 75 53
world: 1.75 -0.07 -0.51
pixel: 75 54
world: 1.75 -0.09 -0.51
pixel: 75 55
world: 1.75 -0.11 -0.51
pixel: 75 56
world: 1.75 -0.13 -0.51
pixel: 75 57
world: 1.75 -0.15 -0.51
pixel: 75 58
world: 1.75 -0.17 -0.51
pixel: 75 59
world: 1.75 -0.19 -0.51
pixel: 75 60
world: 1.75 -0.21 -0.51
pixel: 75 61
world: 1.75 -0.23 -0.51
pixel: 75 62
world: 1.75 -0.25 -0.51
pixel: 75 63
world: 1.75 -0.27 -0.51
pixel: 75 64
world: 1.75 -0.29 -0.51
pixel: 75 65
world: 1.75 -0.31 -0.51
pixel: 75 66
world: 1.75 -0.33 -0.51
pixel: 75 67
world: 1.75 -0.35 -0.51
pixel: 75 68
world: 1.75 -0.37 -0.51
pixel: 75 69
world: 1.75 -0.39 -0.51
pixel: 75 70
world: 1.75 -0.41 -0.51
pixel: 75 71
world: 1.75 -0.43 -0.51
pixel: 75 72
world: 1.75 -0.45 -0.51
pixel: 75 73
world: 1.75 -0.47 -0.51
pixel: 75 74
world: 1.75 -0.49 -0.51
pixel: 75 75
world: 1.75 -0.51 -0.51
pixel: 75 76
world: 1.75 -0.53 -0.51
pixel: 75 77
world: 1.75 -0.55 -0.51
pixel: 75 78
world: 1.75 -0.57 -0.51
pixel: 75 79
world: 1.75 -0.59 -0.51
pixel: 75 80
world: 1.75 -0.61 -0.51
pixel: 75 81
world: 1.75 -0.63 -0.51
pixel: 75 82
world: 1.75 -0.65 -0.51
pixel: 75 83
world: 1.75 -0.67 -0.51
pixel: 75 84
world: 1.75 -0.69 -0.51
pixel: 75 85
world: 1.75 -0.71 -0.51
pixel: 75 86
world: 1.75 -0.73 -0.51
pixel: 75 87
world: 1.75 -0.75 -0.51
pixel: 75 88
world: 1.75 -0.77 -0.51
pixel: 75 89
world: 1.75 -0.79 -0.51
pixel: 75 90
world: 1.75 -0.81 -0.51
pixel: 75 91
world: 1.75 -0.83 -0.51
pixel: 75 92
world: 1.75 -0.85 -0.51
pixel: 75 93
world: 1.75 -0.87 -0.51
pixel: 75 94
world: 1.75 -0.89 -0.51
pixel: 75 95
world: 1.75 -0.91 -0.51
pixel: 75 96
world: 1.75 -0.93 -0.51
pixel: 75 97
world: 1.75 -0.95 -0.51
pixel: 75 98
world: 1.75 -0.97 -0.51
pixel: 75 99
world: 1.75 -0.99 -0.51
pixel: 76 0
world: 1.75 0.99 -0.53
pixel: 76 1
world: 1.75 0.97 -0.53
pixel: 76 2
world: 1.75 0.95 -0.53
pixel: 76 3
world: 1.75 0.93 -0.53
pixel: 76 4
world: 1.75 0.91 -0.53
pixel: 76 5
world: 1.75 0.89 -0.53
pixel: 76 6
world: 1.75 0.87 -0.53
pixel: 76 7
world: 1.75 0.85 -0.53
pixel: 76 8
world: 1.75 0.83 -0.53
pixel: 76 9
world: 1.75 0.81 -0.53
pixel: 76 10
world: 1.75 0.79 -0.53
pixel: 76 11
world: 1.75 0.77 -0.53
pixel: 76 12
world: 1.75 0.75 -0.53
pixel: 76 13
world: 1.75 0.73 -0.53
pixel: 76 14
world: 1.75 0.71 -0.53
pixel: 76 15
world: 1.75 0.69 -0.53
pixel: 76 16
world: 1.75 0.67 -0.53
pixel: 76 17
world: 1.75 0.65 -0.53
pixel: 76 18
world: 1.75 0.63 -0.53
pixel: 76 19
world: 1.75 0.61 -0.53
pixel: 76 20
world: 1.75 0.59 -0.53
pixel: 76 21
world: 1.75 0.57 -0.53
pixel: 76 22
world: 1.75 0.55 -0.53
pixel: 76 23
world: 1.75 0.53 -0.53
pixel: 76 24
world: 1.75 0.51 -0.53
pixel: 76 25
world: 1.75 0.49 -0.53
pixel: 76 26
world: 1.75 0.47 -0.53
pixel: 76 27
world: 1.75 0.45 -0.53
pixel: 76 28
world: 1.75 0.43 -0.53
pixel: 76 29
world: 1.75 0.41 -0.53
pixel: 76 30
world: 1.75 0.39 -0.53
pixel: 76 31
world: 1.75 0.37 -0.53
pixel: 76 32
world: 1.75 0.35 -0.53
pixel: 76 33
world: 1.75 0.33 -0.53
pixel: 76 34
world: 1.75 0.31 -0.53
pixel: 76 35
world: 1.75 0.29 -0.53
pixel: 76 36
world: 1.75 0.27 -0.53
pixel: 76 37
world: 1.75 0.25 -0.53
pixel: 76 38
world: 1.75 0.23 -0.53
pixel: 76 39
world: 1.75 0.21 -0.53
pixel: 76 40
world: 1.75 0.19 -0.53
pixel: 76 41
world: 1.75 0.17 -0.53
pixel: 76 42
world: 1.75 0.15 -0.53
pixel: 76 43
world: 1.75 0.13 -0.53
pixel: 76 44
world: 1.75 0.11 -0.53
pixel: 76 45
world: 1.75 0.0899999 -0.53
pixel: 76 46
world: 1.75 0.0699999 -0.53
pixel: 76 47
world: 1.75 0.0499999 -0.53
pixel: 76 48
world: 1.75 0.03 -0.53
pixel: 76 49
world: 1.75 0.00999999 -0.53
pixel: 76 50
world: 1.75 -0.00999999 -0.53
pixel: 76 51
world: 1.75 -0.03 -0.53
pixel: 76 52
world: 1.75 -0.0499999 -0.53
pixel: 76 53
world: 1.75 -0.07 -0.53
pixel: 76 54
world: 1.75 -0.09 -0.53
pixel: 76 55
world: 1.75 -0.11 -0.53
pixel: 76 56
world: 1.75 -0.13 -0.53
pixel: 76 57
world: 1.75 -0.15 -0.53
pixel: 76 58
world: 1.75 -0.17 -0.53
pixel: 76 59
world: 1.75 -0.19 -0.53
pixel: 76 60
world: 1.75 -0.21 -0.53
pixel: 76 61
world: 1.75 -0.23 -0.53
pixel: 76 62
world: 1.75 -0.25 -0.53
pixel: 76 63
world: 1.75 -0.27 -0.53
pixel: 76 64
world: 1.75 -0.29 -0.53
pixel: 76 65
world: 1.75 -0.31 -0.53
pixel: 76 66
world: 1.75 -0.33 -0.53
pixel: 76 67
world: 1.75 -0.35 -0.53
pixel: 76 68
world: 1.75 -0.37 -0.53
pixel: 76 69
world: 1.75 -0.39 -0.53
pixel: 76 70
world: 1.75 -0.41 -0.53
pixel: 76 71
world: 1.75 -0.43 -0.53
pixel: 76 72
world: 1.75 -0.45 -0.53
pixel: 76 73
world: 1.75 -0.47 -0.53
pixel: 76 74
world: 1.75 -0.49 -0.53
pixel: 76 75
world: 1.75 -0.51 -0.53
pixel: 76 76
world: 1.75 -0.53 -0.53
pixel: 76 77
world: 1.75 -0.55 -0.53
pixel: 76 78
world: 1.75 -0.57 -0.53
pixel: 76 79
world: 1.75 -0.59 -0.53
pixel: 76 80
world: 1.75 -0.61 -0.53
pixel: 76 81
world: 1.75 -0.63 -0.53
pixel: 76 82
world: 1.75 -0.65 -0.53
pixel: 76 83
world: 1.75 -0.67 -0.53
pixel: 76 84
world: 1.75 -0.69 -0.53
pixel: 76 85
world: 1.75 -0.71 -0.53
pixel: 76 86
world: 1.75 -0.73 -0.53
pixel: 76 87
world: 1.75 -0.75 -0.53
pixel: 76 88
world: 1.75 -0.77 -0.53
pixel: 76 89
world: 1.75 -0.79 -0.53
pixel: 76 90
world: 1.75 -0.81 -0.53
pixel: 76 91
world: 1.75 -0.83 -0.53
pixel: 76 92
world: 1.75 -0.85 -0.53
pixel: 76 93
world: 1.75 -0.87 -0.53
pixel: 76 94
world: 1.75 -0.89 -0.53
pixel: 76 95
world: 1.75 -0.91 -0.53
pixel: 76 96
world: 1.75 -0.93 -0.53
pixel: 76 97
world: 1.75 -0.95 -0.53
pixel: 76 98
world: 1.75 -0.97 -0.53
pixel: 76 99
world: 1.75 -0.99 -0.53
pixel: 77 0
world: 1.75 0.99 -0.55
pixel: 77 1
world: 1.75 0.97 -0.55
pixel: 77 2
world: 1.75 0.95 -0.55
pixel: 77 3
world: 1.75 0.93 -0.55
pixel: 77 4
world: 1.75 0.91 -0.55
pixel: 77 5
world: 1.75 0.89 -0.55
pixel: 77 6
world: 1.75 0.87 -0.55
pixel: 77 7
world: 1.75 0.85 -0.55
pixel: 77 8
world: 1.75 0.83 -0.55
pixel: 77 9
world: 1.75 0.81 -0.55
pixel: 77 10
world: 1.75 0.79 -0.55
pixel: 77 11
world: 1.75 0.77 -0.55
pixel: 77 12
world: 1.75 0.75 -0.55
pixel: 77 13
world: 1.75 0.73 -0.55
pixel: 77 14
world: 1.75 0.71 -0.55
pixel: 77 15
world: 1.75 0.69 -0.55
pixel: 77 16
world: 1.75 0.67 -0.55
pixel: 77 17
world: 1.75 0.65 -0.55
pixel: 77 18
world: 1.75 0.63 -0.55
pixel: 77 19
world: 1.75 0.61 -0.55
pixel: 77 20
world: 1.75 0.59 -0.55
pixel: 77 21
world: 1.75 0.57 -0.55
pixel: 77 22
world: 1.75 0.55 -0.55
pixel: 77 23
world: 1.75 0.53 -0.55
pixel: 77 24
world: 1.75 0.51 -0.55
pixel: 77 25
world: 1.75 0.49 -0.55
pixel: 77 26
world: 1.75 0.47 -0.55
pixel: 77 27
world: 1.75 0.45 -0.55
pixel: 77 28
world: 1.75 0.43 -0.55
pixel: 77 29
world: 1.75 0.41 -0.55
pixel: 77 30
world: 1.75 0.39 -0.55
pixel: 77 31
world: 1.75 0.37 -0.55
pixel: 77 32
world: 1.75 0.35 -0.55
pixel: 77 33
world: 1.75 0.33 -0.55
pixel: 77 34
world: 1.75 0.31 -0.55
pixel: 77 35
world: 1.75 0.29 -0.55
pixel: 77 36
world: 1.75 0.27 -0.55
pixel: 77 37
world: 1.75 0.25 -0.55
pixel: 77 38
world: 1.75 0.23 -0.55
pixel: 77 39
world: 1.75 0.21 -0.55
pixel: 77 40
world: 1.75 0.19 -0.55
pixel: 77 41
world: 1.75 0.17 -0.55
pixel: 77 42
world: 1.75 0.15 -0.55
pixel: 77 43
world: 1.75 0.13 -0.55
pixel: 77 44
world: 1.75 0.11 -0.55
pixel: 77 45
world: 1.75 0.0899999 -0.55
pixel: 77 46
world: 1.75 0.0699999 -0.55
pixel: 77 47
world: 1.75 0.0499999 -0.55
pixel: 77 48
world: 1.75 0.03 -0.55
pixel: 77 49
world: 1.75 0.00999999 -0.55
pixel: 77 50
world: 1.75 -0.00999999 -0.55
pixel: 77 51
world: 1.75 -0.03 -0.55
pixel: 77 52
world: 1.75 -0.0499999 -0.55
pixel: 77 53
world: 1.75 -0.07 -0.55
pixel: 77 54
world: 1.75 -0.09 -0.55
pixel: 77 55
world: 1.75 -0.11 -0.55
pixel: 77 56
world: 1.75 -0.13 -0.55
pixel: 77 57
world: 1.75 -0.15 -0.55
pixel: 77 58
world: 1.75 -0.17 -0.55
pixel: 77 59
world: 1.75 -0.19 -0.55
pixel: 77 60
world: 1.75 -0.21 -0.55
pixel: 77 61
world: 1.75 -0.23 -0.55
pixel: 77 62
world: 1.75 -0.25 -0.55
pixel: 77 63
world: 1.75 -0.27 -0.55
pixel: 77 64
world: 1.75 -0.29 -0.55
pixel: 77 65
world: 1.75 -0.31 -0.55
pixel: 77 66
world: 1.75 -0.33 -0.55
pixel: 77 67
world: 1.75 -0.35 -0.55
pixel: 77 68
world: 1.75 -0.37 -0.55
pixel: 77 69
world: 1.75 -0.39 -0.55
pixel: 77 70
world: 1.75 -0.41 -0.55
pixel: 77 71
world: 1.75 -0.43 -0.55
pixel: 77 72
world: 1.75 -0.45 -0.55
pixel: 77 73
world: 1.75 -0.47 -0.55
pixel: 77 74
world: 1.75 -0.49 -0.55
pixel: 77 75
world: 1.75 -0.51 -0.55
pixel: 77 76
world: 1.75 -0.53 -0.55
pixel: 77 77
world: 1.75 -0.55 -0.55
pixel: 77 78
world: 1.75 -0.57 -0.55
pixel: 77 79
world: 1.75 -0.59 -0.55
pixel: 77 80
world: 1.75 -0.61 -0.55
pixel: 77 81
world: 1.75 -0.63 -0.55
pixel: 77 82
world: 1.75 -0.65 -0.55
pixel: 77 83
world: 1.75 -0.67 -0.55
pixel: 77 84
world: 1.75 -0.69 -0.55
pixel: 77 85
world: 1.75 -0.71 -0.55
pixel: 77 86
world: 1.75 -0.73 -0.55
pixel: 77 87
world: 1.75 -0.75 -0.55
pixel: 77 88
world: 1.75 -0.77 -0.55
pixel: 77 89
world: 1.75 -0.79 -0.55
pixel: 77 90
world: 1.75 -0.81 -0.55
pixel: 77 91
world: 1.75 -0.83 -0.55
pixel: 77 92
world: 1.75 -0.85 -0.55
pixel: 77 93
world: 1.75 -0.87 -0.55
pixel: 77 94
world: 1.75 -0.89 -0.55
pixel: 77 95
world: 1.75 -0.91 -0.55
pixel: 77 96
world: 1.75 -0.93 -0.55
pixel: 77 97
world: 1.75 -0.95 -0.55
pixel: 77 98
world: 1.75 -0.97 -0.55
pixel: 77 99
world: 1.75 -0.99 -0.55
pixel: 78 0
world: 1.75 0.99 -0.57
pixel: 78 1
world: 1.75 0.97 -0.57
pixel: 78 2
world: 1.75 0.95 -0.57
pixel: 78 3
world: 1.75 0.93 -0.57
pixel: 78 4
world: 1.75 0.91 -0.57
pixel: 78 5
world: 1.75 0.89 -0.57
pixel: 78 6
world: 1.75 0.87 -0.57
pixel: 78 7
world: 1.75 0.85 -0.57
pixel: 78 8
world: 1.75 0.83 -0.57
pixel: 78 9
world: 1.75 0.81 -0.57
pixel: 78 10
world: 1.75 0.79 -0.57
pixel: 78 11
world: 1.75 0.77 -0.57
pixel: 78 12
world: 1.75 0.75 -0.57
pixel: 78 13
world: 1.75 0.73 -0.57
pixel: 78 14
world: 1.75 0.71 -0.57
pixel: 78 15
world: 1.75 0.69 -0.57
pixel: 78 16
world: 1.75 0.67 -0.57
pixel: 78 17
world: 1.75 0.65 -0.57
pixel: 78 18
world: 1.75 0.63 -0.57
pixel: 78 19
world: 1.75 0.61 -0.57
pixel: 78 20
world: 1.75 0.59 -0.57
pixel: 78 21
world: 1.75 0.57 -0.57
pixel: 78 22
world: 1.75 0.55 -0.57
pixel: 78 23
world: 1.75 0.53 -0.57
pixel: 78 24
world: 1.75 0.51 -0.57
pixel: 78 25
world: 1.75 0.49 -0.57
pixel: 78 26
world: 1.75 0.47 -0.57
pixel: 78 27
world: 1.75 0.45 -0.57
pixel: 78 28
world: 1.75 0.43 -0.57
pixel: 78 29
world: 1.75 0.41 -0.57
pixel: 78 30
world: 1.75 0.39 -0.57
pixel: 78 31
world: 1.75 0.37 -0.57
pixel: 78 32
world: 1.75 0.35 -0.57
pixel: 78 33
world: 1.75 0.33 -0.57
pixel: 78 34
world: 1.75 0.31 -0.57
pixel: 78 35
world: 1.75 0.29 -0.57
pixel: 78 36
world: 1.75 0.27 -0.57
pixel: 78 37
world: 1.75 0.25 -0.57
pixel: 78 38
world: 1.75 0.23 -0.57
pixel: 78 39
world: 1.75 0.21 -0.57
pixel: 78 40
world: 1.75 0.19 -0.57
pixel: 78 41
world: 1.75 0.17 -0.57
pixel: 78 42
world: 1.75 0.15 -0.57
pixel: 78 43
world: 1.75 0.13 -0.57
pixel: 78 44
world: 1.75 0.11 -0.57
pixel: 78 45
world: 1.75 0.0899999 -0.57
pixel: 78 46
world: 1.75 0.0699999 -0.57
pixel: 78 47
world: 1.75 0.0499999 -0.57
pixel: 78 48
world: 1.75 0.03 -0.57
pixel: 78 49
world: 1.75 0.00999999 -0.57
pixel: 78 50
world: 1.75 -0.00999999 -0.57
pixel: 78 51
world: 1.75 -0.03 -0.57
pixel: 78 52
world: 1.75 -0.0499999 -0.57
pixel: 78 53
world: 1.75 -0.07 -0.57
pixel: 78 54
world: 1.75 -0.09 -0.57
pixel: 78 55
world: 1.75 -0.11 -0.57
pixel: 78 56
world: 1.75 -0.13 -0.57
pixel: 78 57
world: 1.75 -0.15 -0.57
pixel: 78 58
world: 1.75 -0.17 -0.57
pixel: 78 59
world: 1.75 -0.19 -0.57
pixel: 78 60
world: 1.75 -0.21 -0.57
pixel: 78 61
world: 1.75 -0.23 -0.57
pixel: 78 62
world: 1.75 -0.25 -0.57
pixel: 78 63
world: 1.75 -0.27 -0.57
pixel: 78 64
world: 1.75 -0.29 -0.57
pixel: 78 65
world: 1.75 -0.31 -0.57
pixel: 78 66
world: 1.75 -0.33 -0.57
pixel: 78 67
world: 1.75 -0.35 -0.57
pixel: 78 68
world: 1.75 -0.37 -0.57
pixel: 78 69
world: 1.75 -0.39 -0.57
pixel: 78 70
world: 1.75 -0.41 -0.57
pixel: 78 71
world: 1.75 -0.43 -0.57
pixel: 78 72
world: 1.75 -0.45 -0.57
pixel: 78 73
world: 1.75 -0.47 -0.57
pixel: 78 74
world: 1.75 -0.49 -0.57
pixel: 78 75
world: 1.75 -0.51 -0.57
pixel: 78 76
world: 1.75 -0.53 -0.57
pixel: 78 77
world: 1.75 -0.55 -0.57
pixel: 78 78
world: 1.75 -0.57 -0.57
pixel: 78 79
world: 1.75 -0.59 -0.57
pixel: 78 80
world: 1.75 -0.61 -0.57
pixel: 78 81
world: 1.75 -0.63 -0.57
pixel: 78 82
world: 1.75 -0.65 -0.57
pixel: 78 83
world: 1.75 -0.67 -0.57
pixel: 78 84
world: 1.75 -0.69 -0.57
pixel: 78 85
world: 1.75 -0.71 -0.57
pixel: 78 86
world: 1.75 -0.73 -0.57
pixel: 78 87
world: 1.75 -0.75 -0.57
pixel: 78 88
world: 1.75 -0.77 -0.57
pixel: 78 89
world: 1.75 -0.79 -0.57
pixel: 78 90
world: 1.75 -0.81 -0.57
pixel: 78 91
world: 1.75 -0.83 -0.57
pixel: 78 92
world: 1.75 -0.85 -0.57
pixel: 78 93
world: 1.75 -0.87 -0.57
pixel: 78 94
world: 1.75 -0.89 -0.57
pixel: 78 95
world: 1.75 -0.91 -0.57
pixel: 78 96
world: 1.75 -0.93 -0.57
pixel: 78 97
world: 1.75 -0.95 -0.57
pixel: 78 98
world: 1.75 -0.97 -0.57
pixel: 78 99
world: 1.75 -0.99 -0.57
pixel: 79 0
world: 1.75 0.99 -0.59
pixel: 79 1
world: 1.75 0.97 -0.59
pixel: 79 2
world: 1.75 0.95 -0.59
pixel: 79 3
world: 1.75 0.93 -0.59
pixel: 79 4
world: 1.75 0.91 -0.59
pixel: 79 5
world: 1.75 0.89 -0.59
pixel: 79 6
world: 1.75 0.87 -0.59
pixel: 79 7
world: 1.75 0.85 -0.59
pixel: 79 8
world: 1.75 0.83 -0.59
pixel: 79 9
world: 1.75 0.81 -0.59
pixel: 79 10
world: 1.75 0.79 -0.59
pixel: 79 11
world: 1.75 0.77 -0.59
pixel: 79 12
world: 1.75 0.75 -0.59
pixel: 79 13
world: 1.75 0.73 -0.59
pixel: 79 14
world: 1.75 0.71 -0.59
pixel: 79 15
world: 1.75 0.69 -0.59
pixel: 79 16
world: 1.75 0.67 -0.59
pixel: 79 17
world: 1.75 0.65 -0.59
pixel: 79 18
world: 1.75 0.63 -0.59
pixel: 79 19
world: 1.75 0.61 -0.59
pixel: 79 20
world: 1.75 0.59 -0.59
pixel: 79 21
world: 1.75 0.57 -0.59
pixel: 79 22
world: 1.75 0.55 -0.59
pixel: 79 23
world: 1.75 0.53 -0.59
pixel: 79 24
world: 1.75 0.51 -0.59
pixel: 79 25
world: 1.75 0.49 -0.59
pixel: 79 26
world: 1.75 0.47 -0.59
pixel: 79 27
world: 1.75 0.45 -0.59
pixel: 79 28
world: 1.75 0.43 -0.59
pixel: 79 29
world: 1.75 0.41 -0.59
pixel: 79 30
world: 1.75 0.39 -0.59
pixel: 79 31
world: 1.75 0.37 -0.59
pixel: 79 32
world: 1.75 0.35 -0.59
pixel: 79 33
world: 1.75 0.33 -0.59
pixel: 79 34
world: 1.75 0.31 -0.59
pixel: 79 35
world: 1.75 0.29 -0.59
pixel: 79 36
world: 1.75 0.27 -0.59
pixel: 79 37
world: 1.75 0.25 -0.59
pixel: 79 38
world: 1.75 0.23 -0.59
pixel: 79 39
world: 1.75 0.21 -0.59
pixel: 79 40
world: 1.75 0.19 -0.59
pixel: 79 41
world: 1.75 0.17 -0.59
pixel: 79 42
world: 1.75 0.15 -0.59
pixel: 79 43
world: 1.75 0.13 -0.59
pixel: 79 44
world: 1.75 0.11 -0.59
pixel: 79 45
world: 1.75 0.0899999 -0.59
pixel: 79 46
world: 1.75 0.0699999 -0.59
pixel: 79 47
world: 1.75 0.0499999 -0.59
pixel: 79 48
world: 1.75 0.03 -0.59
pixel: 79 49
world: 1.75 0.00999999 -0.59
pixel: 79 50
world: 1.75 -0.00999999 -0.59
pixel: 79 51
world: 1.75 -0.03 -0.59
pixel: 79 52
world: 1.75 -0.0499999 -0.59
pixel: 79 53
world: 1.75 -0.07 -0.59
pixel: 79 54
world: 1.75 -0.09 -0.59
pixel: 79 55
world: 1.75 -0.11 -0.59
pixel: 79 56
world: 1.75 -0.13 -0.59
pixel: 79 57
world: 1.75 -0.15 -0.59
pixel: 79 58
world: 1.75 -0.17 -0.59
pixel: 79 59
world: 1.75 -0.19 -0.59
pixel: 79 60
world: 1.75 -0.21 -0.59
pixel: 79 61
world: 1.75 -0.23 -0.59
pixel: 79 62
world: 1.75 -0.25 -0.59
pixel: 79 63
world: 1.75 -0.27 -0.59
pixel: 79 64
world: 1.75 -0.29 -0.59
pixel: 79 65
world: 1.75 -0.31 -0.59
pixel: 79 66
world: 1.75 -0.33 -0.59
pixel: 79 67
world: 1.75 -0.35 -0.59
pixel: 79 68
world: 1.75 -0.37 -0.59
pixel: 79 69
world: 1.75 -0.39 -0.59
pixel: 79 70
world: 1.75 -0.41 -0.59
pixel: 79 71
world: 1.75 -0.43 -0.59
pixel: 79 72
world: 1.75 -0.45 -0.59
pixel: 79 73
world: 1.75 -0.47 -0.59
pixel: 79 74
world: 1.75 -0.49 -0.59
pixel: 79 75
world: 1.75 -0.51 -0.59
pixel: 79 76
world: 1.75 -0.53 -0.59
pixel: 79 77
world: 1.75 -0.55 -0.59
pixel: 79 78
world: 1.75 -0.57 -0.59
pixel: 79 79
world: 1.75 -0.59 -0.59
pixel: 79 80
world: 1.75 -0.61 -0.59
pixel: 79 81
world: 1.75 -0.63 -0.59
pixel: 79 82
world: 1.75 -0.65 -0.59
pixel: 79 83
world: 1.75 -0.67 -0.59
pixel: 79 84
world: 1.75 -0.69 -0.59
pixel: 79 85
world: 1.75 -0.71 -0.59
pixel: 79 86
world: 1.75 -0.73 -0.59
pixel: 79 87
world: 1.75 -0.75 -0.59
pixel: 79 88
world: 1.75 -0.77 -0.59
pixel: 79 89
world: 1.75 -0.79 -0.59
pixel: 79 90
world: 1.75 -0.81 -0.59
pixel: 79 91
world: 1.75 -0.83 -0.59
pixel: 79 92
world: 1.75 -0.85 -0.59
pixel: 79 93
world: 1.75 -0.87 -0.59
pixel: 79 94
world: 1.75 -0.89 -0.59
pixel: 79 95
world: 1.75 -0.91 -0.59
pixel: 79 96
world: 1.75 -0.93 -0.59
pixel: 79 97
world: 1.75 -0.95 -0.59
pixel: 79 98
world: 1.75 -0.97 -0.59
pixel: 79 99
world: 1.75 -0.99 -0.59
pixel: 80 0
world: 1.75 0.99 -0.61
pixel: 80 1
world: 1.75 0.97 -0.61
pixel: 80 2
world: 1.75 0.95 -0.61
pixel: 80 3
world: 1.75 0.93 -0.61
pixel: 80 4
world: 1.75 0.91 -0.61
pixel: 80 5
world: 1.75 0.89 -0.61
pixel: 80 6
world: 1.75 0.87 -0.61
pixel: 80 7
world: 1.75 0.85 -0.61
pixel: 80 8
world: 1.75 0.83 -0.61
pixel: 80 9
world: 1.75 0.81 -0.61
pixel: 80 10
world: 1.75 0.79 -0.61
pixel: 80 11
world: 1.75 0.77 -0.61
pixel: 80 12
world: 1.75 0.75 -0.61
pixel: 80 13
world: 1.75 0.73 -0.61
pixel: 80 14
world: 1.75 0.71 -0.61
pixel: 80 15
world: 1.75 0.69 -0.61
pixel: 80 16
world: 1.75 0.67 -0.61
pixel: 80 17
world: 1.75 0.65 -0.61
pixel: 80 18
world: 1.75 0.63 -0.61
pixel: 80 19
world: 1.75 0.61 -0.61
pixel: 80 20
world: 1.75 0.59 -0.61
pixel: 80 21
world: 1.75 0.57 -0.61
pixel: 80 22
world: 1.75 0.55 -0.61
pixel: 80 23
world: 1.75 0.53 -0.61
pixel: 80 24
world: 1.75 0.51 -0.61
pixel: 80 25
world: 1.75 0.49 -0.61
pixel: 80 26
world: 1.75 0.47 -0.61
pixel: 80 27
world: 1.75 0.45 -0.61
pixel: 80 28
world: 1.75 0.43 -0.61
pixel: 80 29
world: 1.75 0.41 -0.61
pixel: 80 30
world: 1.75 0.39 -0.61
pixel: 80 31
world: 1.75 0.37 -0.61
pixel: 80 32
world: 1.75 0.35 -0.61
pixel: 80 33
world: 1.75 0.33 -0.61
pixel: 80 34
world: 1.75 0.31 -0.61
pixel: 80 35
world: 1.75 0.29 -0.61
pixel: 80 36
world: 1.75 0.27 -0.61
pixel: 80 37
world: 1.75 0.25 -0.61
pixel: 80 38
world: 1.75 0.23 -0.61
pixel: 80 39
world: 1.75 0.21 -0.61
pixel: 80 40
world: 1.75 0.19 -0.61
pixel: 80 41
world: 1.75 0.17 -0.61
pixel: 80 42
world: 1.75 0.15 -0.61
pixel: 80 43
world: 1.75 0.13 -0.61
pixel: 80 44
world: 1.75 0.11 -0.61
pixel: 80 45
world: 1.75 0.0899999 -0.61
pixel: 80 46
world: 1.75 0.0699999 -0.61
pixel: 80 47
world: 1.75 0.0499999 -0.61
pixel: 80 48
world: 1.75 0.03 -0.61
pixel: 80 49
world: 1.75 0.00999999 -0.61
pixel: 80 50
world: 1.75 -0.00999999 -0.61
pixel: 80 51
world: 1.75 -0.03 -0.61
pixel: 80 52
world: 1.75 -0.0499999 -0.61
pixel: 80 53
world: 1.75 -0.07 -0.61
pixel: 80 54
world: 1.75 -0.09 -0.61
pixel: 80 55
world: 1.75 -0.11 -0.61
pixel: 80 56
world: 1.75 -0.13 -0.61
pixel: 80 57
world: 1.75 -0.15 -0.61
pixel: 80 58
world: 1.75 -0.17 -0.61
pixel: 80 59
world: 1.75 -0.19 -0.61
pixel: 80 60
world: 1.75 -0.21 -0.61
pixel: 80 61
world: 1.75 -0.23 -0.61
pixel: 80 62
world: 1.75 -0.25 -0.61
pixel: 80 63
world: 1.75 -0.27 -0.61
pixel: 80 64
world: 1.75 -0.29 -0.61
pixel: 80 65
world: 1.75 -0.31 -0.61
pixel: 80 66
world: 1.75 -0.33 -0.61
pixel: 80 67
world: 1.75 -0.35 -0.61
pixel: 80 68
world: 1.75 -0.37 -0.61
pixel: 80 69
world: 1.75 -0.39 -0.61
pixel: 80 70
world: 1.75 -0.41 -0.61
pixel: 80 71
world: 1.75 -0.43 -0.61
pixel: 80 72
world: 1.75 -0.45 -0.61
pixel: 80 73
world: 1.75 -0.47 -0.61
pixel: 80 74
world: 1.75 -0.49 -0.61
pixel: 80 75
world: 1.75 -0.51 -0.61
pixel: 80 76
world: 1.75 -0.53 -0.61
pixel: 80 77
world: 1.75 -0.55 -0.61
pixel: 80 78
world: 1.75 -0.57 -0.61
pixel: 80 79
world: 1.75 -0.59 -0.61
pixel: 80 80
world: 1.75 -0.61 -0.61
pixel: 80 81
world: 1.75 -0.63 -0.61
pixel: 80 82
world: 1.75 -0.65 -0.61
pixel: 80 83
world: 1.75 -0.67 -0.61
pixel: 80 84
world: 1.75 -0.69 -0.61
pixel: 80 85
world: 1.75 -0.71 -0.61
pixel: 80 86
world: 1.75 -0.73 -0.61
pixel: 80 87
world: 1.75 -0.75 -0.61
pixel: 80 88
world: 1.75 -0.77 -0.61
pixel: 80 89
world: 1.75 -0.79 -0.61
pixel: 80 90
world: 1.75 -0.81 -0.61
pixel: 80 91
world: 1.75 -0.83 -0.61
pixel: 80 92
world: 1.75 -0.85 -0.61
pixel: 80 93
world: 1.75 -0.87 -0.61
pixel: 80 94
world: 1.75 -0.89 -0.61
pixel: 80 95
world: 1.75 -0.91 -0.61
pixel: 80 96
world: 1.75 -0.93 -0.61
pixel: 80 97
world: 1.75 -0.95 -0.61
pixel: 80 98
world: 1.75 -0.97 -0.61
pixel: 80 99
world: 1.75 -0.99 -0.61
pixel: 81 0
world: 1.75 0.99 -0.63
pixel: 81 1
world: 1.75 0.97 -0.63
pixel: 81 2
world: 1.75 0.95 -0.63
pixel: 81 3
world: 1.75 0.93 -0.63
pixel: 81 4
world: 1.75 0.91 -0.63
pixel: 81 5
world: 1.75 0.89 -0.63
pixel: 81 6
world: 1.75 0.87 -0.63
pixel: 81 7
world: 1.75 0.85 -0.63
pixel: 81 8
world: 1.75 0.83 -0.63
pixel: 81 9
world: 1.75 0.81 -0.63
pixel: 81 10
world: 1.75 0.79 -0.63
pixel: 81 11
world: 1.75 0.77 -0.63
pixel: 81 12
world: 1.75 0.75 -0.63
pixel: 81 13
world: 1.75 0.73 -0.63
pixel: 81 14
world: 1.75 0.71 -0.63
pixel: 81 15
world: 1.75 0.69 -0.63
pixel: 81 16
world: 1.75 0.67 -0.63
pixel: 81 17
world: 1.75 0.65 -0.63
pixel: 81 18
world: 1.75 0.63 -0.63
pixel: 81 19
world: 1.75 0.61 -0.63
pixel: 81 20
world: 1.75 0.59 -0.63
pixel: 81 21
world: 1.75 0.57 -0.63
pixel: 81 22
world: 1.75 0.55 -0.63
pixel: 81 23
world: 1.75 0.53 -0.63
pixel: 81 24
world: 1.75 0.51 -0.63
pixel: 81 25
world: 1.75 0.49 -0.63
pixel: 81 26
world: 1.75 0.47 -0.63
pixel: 81 27
world: 1.75 0.45 -0.63
pixel: 81 28
world: 1.75 0.43 -0.63
pixel: 81 29
world: 1.75 0.41 -0.63
pixel: 81 30
world: 1.75 0.39 -0.63
pixel: 81 31
world: 1.75 0.37 -0.63
pixel: 81 32
world: 1.75 0.35 -0.63
pixel: 81 33
world: 1.75 0.33 -0.63
pixel: 81 34
world: 1.75 0.31 -0.63
pixel: 81 35
world: 1.75 0.29 -0.63
pixel: 81 36
world: 1.75 0.27 -0.63
pixel: 81 37
world: 1.75 0.25 -0.63
pixel: 81 38
world: 1.75 0.23 -0.63
pixel: 81 39
world: 1.75 0.21 -0.63
pixel: 81 40
world: 1.75 0.19 -0.63
pixel: 81 41
world: 1.75 0.17 -0.63
pixel: 81 42
world: 1.75 0.15 -0.63
pixel: 81 43
world: 1.75 0.13 -0.63
pixel: 81 44
world: 1.75 0.11 -0.63
pixel: 81 45
world: 1.75 0.0899999 -0.63
pixel: 81 46
world: 1.75 0.0699999 -0.63
pixel: 81 47
world: 1.75 0.0499999 -0.63
pixel: 81 48
world: 1.75 0.03 -0.63
pixel: 81 49
world: 1.75 0.00999999 -0.63
pixel: 81 50
world: 1.75 -0.00999999 -0.63
pixel: 81 51
world: 1.75 -0.03 -0.63
pixel: 81 52
world: 1.75 -0.0499999 -0.63
pixel: 81 53
world: 1.75 -0.07 -0.63
pixel: 81 54
world: 1.75 -0.09 -0.63
pixel: 81 55
world: 1.75 -0.11 -0.63
pixel: 81 56
world: 1.75 -0.13 -0.63
pixel: 81 57
world: 1.75 -0.15 -0.63
pixel: 81 58
world: 1.75 -0.17 -0.63
pixel: 81 59
world: 1.75 -0.19 -0.63
pixel: 81 60
world: 1.75 -0.21 -0.63
pixel: 81 61
world: 1.75 -0.23 -0.63
pixel: 81 62
world: 1.75 -0.25 -0.63
pixel: 81 63
world: 1.75 -0.27 -0.63
pixel: 81 64
world: 1.75 -0.29 -0.63
pixel: 81 65
world: 1.75 -0.31 -0.63
pixel: 81 66
world: 1.75 -0.33 -0.63
pixel: 81 67
world: 1.75 -0.35 -0.63
pixel: 81 68
world: 1.75 -0.37 -0.63
pixel: 81 69
world: 1.75 -0.39 -0.63
pixel: 81 70
world: 1.75 -0.41 -0.63
pixel: 81 71
world: 1.75 -0.43 -0.63
pixel: 81 72
world: 1.75 -0.45 -0.63
pixel: 81 73
world: 1.75 -0.47 -0.63
pixel: 81 74
world: 1.75 -0.49 -0.63
pixel: 81 75
world: 1.75 -0.51 -0.63
pixel: 81 76
world: 1.75 -0.53 -0.63
pixel: 81 77
world: 1.75 -0.55 -0.63
pixel: 81 78
world: 1.75 -0.57 -0.63
pixel: 81 79
world: 1.75 -0.59 -0.63
pixel: 81 80
world: 1.75 -0.61 -0.63
pixel: 81 81
world: 1.75 -0.63 -0.63
pixel: 81 82
world: 1.75 -0.65 -0.63
pixel: 81 83
world: 1.75 -0.67 -0.63
pixel: 81 84
world: 1.75 -0.69 -0.63
pixel: 81 85
world: 1.75 -0.71 -0.63
pixel: 81 86
world: 1.75 -0.73 -0.63
pixel: 81 87
world: 1.75 -0.75 -0.63
pixel: 81 88
world: 1.75 -0.77 -0.63
pixel: 81 89
world: 1.75 -0.79 -0.63
pixel: 81 90
world: 1.75 -0.81 -0.63
pixel: 81 91
world: 1.75 -0.83 -0.63
pixel: 81 92
world: 1.75 -0.85 -0.63
pixel: 81 93
world: 1.75 -0.87 -0.63
pixel: 81 94
world: 1.75 -0.89 -0.63
pixel: 81 95
world: 1.75 -0.91 -0.63
pixel: 81 96
world: 1.75 -0.93 -0.63
pixel: 81 97
world: 1.75 -0.95 -0.63
pixel: 81 98
world: 1.75 -0.97 -0.63
pixel: 81 99
world: 1.75 -0.99 -0.63
pixel: 82 0
world: 1.75 0.99 -0.65
pixel: 82 1
world: 1.75 0.97 -0.65
pixel: 82 2
world: 1.75 0.95 -0.65
pixel: 82 3
world: 1.75 0.93 -0.65
pixel: 82 4
world: 1.75 0.91 -0.65
pixel: 82 5
world: 1.75 0.89 -0.65
pixel: 82 6
world: 1.75 0.87 -0.65
pixel: 82 7
world: 1.75 0.85 -0.65
pixel: 82 8
world: 1.75 0.83 -0.65
pixel: 82 9
world: 1.75 0.81 -0.65
pixel: 82 10
world: 1.75 0.79 -0.65
pixel: 82 11
world: 1.75 0.77 -0.65
pixel: 82 12
world: 1.75 0.75 -0.65
pixel: 82 13
world: 1.75 0.73 -0.65
pixel: 82 14
world: 1.75 0.71 -0.65
pixel: 82 15
world: 1.75 0.69 -0.65
pixel: 82 16
world: 1.75 0.67 -0.65
pixel: 82 17
world: 1.75 0.65 -0.65
pixel: 82 18
world: 1.75 0.63 -0.65
pixel: 82 19
world: 1.75 0.61 -0.65
pixel: 82 20
world: 1.75 0.59 -0.65
pixel: 82 21
world: 1.75 0.57 -0.65
pixel: 82 22
world: 1.75 0.55 -0.65
pixel: 82 23
world: 1.75 0.53 -0.65
pixel: 82 24
world: 1.75 0.51 -0.65
pixel: 82 25
world: 1.75 0.49 -0.65
pixel: 82 26
world: 1.75 0.47 -0.65
pixel: 82 27
world: 1.75 0.45 -0.65
pixel: 82 28
world: 1.75 0.43 -0.65
pixel: 82 29
world: 1.75 0.41 -0.65
pixel: 82 30
world: 1.75 0.39 -0.65
pixel: 82 31
world: 1.75 0.37 -0.65
pixel: 82 32
world: 1.75 0.35 -0.65
pixel: 82 33
world: 1.75 0.33 -0.65
pixel: 82 34
world: 1.75 0.31 -0.65
pixel: 82 35
world: 1.75 0.29 -0.65
pixel: 82 36
world: 1.75 0.27 -0.65
pixel: 82 37
world: 1.75 0.25 -0.65
pixel: 82 38
world: 1.75 0.23 -0.65
pixel: 82 39
world: 1.75 0.21 -0.65
pixel: 82 40
world: 1.75 0.19 -0.65
pixel: 82 41
world: 1.75 0.17 -0.65
pixel: 82 42
world: 1.75 0.15 -0.65
pixel: 82 43
world: 1.75 0.13 -0.65
pixel: 82 44
world: 1.75 0.11 -0.65
pixel: 82 45
world: 1.75 0.0899999 -0.65
pixel: 82 46
world: 1.75 0.0699999 -0.65
pixel: 82 47
world: 1.75 0.0499999 -0.65
pixel: 82 48
world: 1.75 0.03 -0.65
pixel: 82 49
world: 1.75 0.00999999 -0.65
pixel: 82 50
world: 1.75 -0.00999999 -0.65
pixel: 82 51
world: 1.75 -0.03 -0.65
pixel: 82 52
world: 1.75 -0.0499999 -0.65
pixel: 82 53
world: 1.75 -0.07 -0.65
pixel: 82 54
world: 1.75 -0.09 -0.65
pixel: 82 55
world: 1.75 -0.11 -0.65
pixel: 82 56
world: 1.75 -0.13 -0.65
pixel: 82 57
world: 1.75 -0.15 -0.65
pixel: 82 58
world: 1.75 -0.17 -0.65
pixel: 82 59
world: 1.75 -0.19 -0.65
pixel: 82 60
world: 1.75 -0.21 -0.65
pixel: 82 61
world: 1.75 -0.23 -0.65
pixel: 82 62
world: 1.75 -0.25 -0.65
pixel: 82 63
world: 1.75 -0.27 -0.65
pixel: 82 64
world: 1.75 -0.29 -0.65
pixel: 82 65
world: 1.75 -0.31 -0.65
pixel: 82 66
world: 1.75 -0.33 -0.65
pixel: 82 67
world: 1.75 -0.35 -0.65
pixel: 82 68
world: 1.75 -0.37 -0.65
pixel: 82 69
world: 1.75 -0.39 -0.65
pixel: 82 70
world: 1.75 -0.41 -0.65
pixel: 82 71
world: 1.75 -0.43 -0.65
pixel: 82 72
world: 1.75 -0.45 -0.65
pixel: 82 73
world: 1.75 -0.47 -0.65
pixel: 82 74
world: 1.75 -0.49 -0.65
pixel: 82 75
world: 1.75 -0.51 -0.65
pixel: 82 76
world: 1.75 -0.53 -0.65
pixel: 82 77
world: 1.75 -0.55 -0.65
pixel: 82 78
world: 1.75 -0.57 -0.65
pixel: 82 79
world: 1.75 -0.59 -0.65
pixel: 82 80
world: 1.75 -0.61 -0.65
pixel: 82 81
world: 1.75 -0.63 -0.65
pixel: 82 82
world: 1.75 -0.65 -0.65
pixel: 82 83
world: 1.75 -0.67 -0.65
pixel: 82 84
world: 1.75 -0.69 -0.65
pixel: 82 85
world: 1.75 -0.71 -0.65
pixel: 82 86
world: 1.75 -0.73 -0.65
pixel: 82 87
world: 1.75 -0.75 -0.65
pixel: 82 88
world: 1.75 -0.77 -0.65
pixel: 82 89
world: 1.75 -0.79 -0.65
pixel: 82 90
world: 1.75 -0.81 -0.65
pixel: 82 91
world: 1.75 -0.83 -0.65
pixel: 82 92
world: 1.75 -0.85 -0.65
pixel: 82 93
world: 1.75 -0.87 -0.65
pixel: 82 94
world: 1.75 -0.89 -0.65
pixel: 82 95
world: 1.75 -0.91 -0.65
pixel: 82 96
world: 1.75 -0.93 -0.65
pixel: 82 97
world: 1.75 -0.95 -0.65
pixel: 82 98
world: 1.75 -0.97 -0.65
pixel: 82 99
world: 1.75 -0.99 -0.65
pixel: 83 0
world: 1.75 0.99 -0.67
pixel: 83 1
world: 1.75 0.97 -0.67
pixel: 83 2
world: 1.75 0.95 -0.67
pixel: 83 3
world: 1.75 0.93 -0.67
pixel: 83 4
world: 1.75 0.91 -0.67
pixel: 83 5
world: 1.75 0.89 -0.67
pixel: 83 6
world: 1.75 0.87 -0.67
pixel: 83 7
world: 1.75 0.85 -0.67
pixel: 83 8
world: 1.75 0.83 -0.67
pixel: 83 9
world: 1.75 0.81 -0.67
pixel: 83 10
world: 1.75 0.79 -0.67
pixel: 83 11
world: 1.75 0.77 -0.67
pixel: 83 12
world: 1.75 0.75 -0.67
pixel: 83 13
world: 1.75 0.73 -0.67
pixel: 83 14
world: 1.75 0.71 -0.67
pixel: 83 15
world: 1.75 0.69 -0.67
pixel: 83 16
world: 1.75 0.67 -0.67
pixel: 83 17
world: 1.75 0.65 -0.67
pixel: 83 18
world: 1.75 0.63 -0.67
pixel: 83 19
world: 1.75 0.61 -0.67
pixel: 83 20
world: 1.75 0.59 -0.67
pixel: 83 21
world: 1.75 0.57 -0.67
pixel: 83 22
world: 1.75 0.55 -0.67
pixel: 83 23
world: 1.75 0.53 -0.67
pixel: 83 24
world: 1.75 0.51 -0.67
pixel: 83 25
world: 1.75 0.49 -0.67
pixel: 83 26
world: 1.75 0.47 -0.67
pixel: 83 27
world: 1.75 0.45 -0.67
pixel: 83 28
world: 1.75 0.43 -0.67
pixel: 83 29
world: 1.75 0.41 -0.67
pixel: 83 30
world: 1.75 0.39 -0.67
pixel: 83 31
world: 1.75 0.37 -0.67
pixel: 83 32
world: 1.75 0.35 -0.67
pixel: 83 33
world: 1.75 0.33 -0.67
pixel: 83 34
world: 1.75 0.31 -0.67
pixel: 83 35
world: 1.75 0.29 -0.67
pixel: 83 36
world: 1.75 0.27 -0.67
pixel: 83 37
world: 1.75 0.25 -0.67
pixel: 83 38
world: 1.75 0.23 -0.67
pixel: 83 39
world: 1.75 0.21 -0.67
pixel: 83 40
world: 1.75 0.19 -0.67
pixel: 83 41
world: 1.75 0.17 -0.67
pixel: 83 42
world: 1.75 0.15 -0.67
pixel: 83 43
world: 1.75 0.13 -0.67
pixel: 83 44
world: 1.75 0.11 -0.67
pixel: 83 45
world: 1.75 0.0899999 -0.67
pixel: 83 46
world: 1.75 0.0699999 -0.67
pixel: 83 47
world: 1.75 0.0499999 -0.67
pixel: 83 48
world: 1.75 0.03 -0.67
pixel: 83 49
world: 1.75 0.00999999 -0.67
pixel: 83 50
world: 1.75 -0.00999999 -0.67
pixel: 83 51
world: 1.75 -0.03 -0.67
pixel: 83 52
world: 1.75 -0.0499999 -0.67
pixel: 83 53
world: 1.75 -0.07 -0.67
pixel: 83 54
world: 1.75 -0.09 -0.67
pixel: 83 55
world: 1.75 -0.11 -0.67
pixel: 83 56
world: 1.75 -0.13 -0.67
pixel: 83 57
world: 1.75 -0.15 -0.67
pixel: 83 58
world: 1.75 -0.17 -0.67
pixel: 83 59
world: 1.75 -0.19 -0.67
pixel: 83 60
world: 1.75 -0.21 -0.67
pixel: 83 61
world: 1.75 -0.23 -0.67
pixel: 83 62
world: 1.75 -0.25 -0.67
pixel: 83 63
world: 1.75 -0.27 -0.67
pixel: 83 64
world: 1.75 -0.29 -0.67
pixel: 83 65
world: 1.75 -0.31 -0.67
pixel: 83 66
world: 1.75 -0.33 -0.67
pixel: 83 67
world: 1.75 -0.35 -0.67
pixel: 83 68
world: 1.75 -0.37 -0.67
pixel: 83 69
world: 1.75 -0.39 -0.67
pixel: 83 70
world: 1.75 -0.41 -0.67
pixel: 83 71
world: 1.75 -0.43 -0.67
pixel: 83 72
world: 1.75 -0.45 -0.67
pixel: 83 73
world: 1.75 -0.47 -0.67
pixel: 83 74
world: 1.75 -0.49 -0.67
pixel: 83 75
world: 1.75 -0.51 -0.67
pixel: 83 76
world: 1.75 -0.53 -0.67
pixel: 83 77
world: 1.75 -0.55 -0.67
pixel: 83 78
world: 1.75 -0.57 -0.67
pixel: 83 79
world: 1.75 -0.59 -0.67
pixel: 83 80
world: 1.75 -0.61 -0.67
pixel: 83 81
world: 1.75 -0.63 -0.67
pixel: 83 82
world: 1.75 -0.65 -0.67
pixel: 83 83
world: 1.75 -0.67 -0.67
pixel: 83 84
world: 1.75 -0.69 -0.67
pixel: 83 85
world: 1.75 -0.71 -0.67
pixel: 83 86
world: 1.75 -0.73 -0.67
pixel: 83 87
world: 1.75 -0.75 -0.67
pixel: 83 88
world: 1.75 -0.77 -0.67
pixel: 83 89
world: 1.75 -0.79 -0.67
pixel: 83 90
world: 1.75 -0.81 -0.67
pixel: 83 91
world: 1.75 -0.83 -0.67
pixel: 83 92
world: 1.75 -0.85 -0.67
pixel: 83 93
world: 1.75 -0.87 -0.67
pixel: 83 94
world: 1.75 -0.89 -0.67
pixel: 83 95
world: 1.75 -0.91 -0.67
pixel: 83 96
world: 1.75 -0.93 -0.67
pixel: 83 97
world: 1.75 -0.95 -0.67
pixel: 83 98
world: 1.75 -0.97 -0.67
pixel: 83 99
world: 1.75 -0.99 -0.67
pixel: 84 0
world: 1.75 0.99 -0.69
pixel: 84 1
world: 1.75 0.97 -0.69
pixel: 84 2
world: 1.75 0.95 -0.69
pixel: 84 3
world: 1.75 0.93 -0.69
pixel: 84 4
world: 1.75 0.91 -0.69
pixel: 84 5
world: 1.75 0.89 -0.69
pixel: 84 6
world: 1.75 0.87 -0.69
pixel: 84 7
world: 1.75 0.85 -0.69
pixel: 84 8
world: 1.75 0.83 -0.69
pixel: 84 9
world: 1.75 0.81 -0.69
pixel: 84 10
world: 1.75 0.79 -0.69
pixel: 84 11
world: 1.75 0.77 -0.69
pixel: 84 12
world: 1.75 0.75 -0.69
pixel: 84 13
world: 1.75 0.73 -0.69
pixel: 84 14
world: 1.75 0.71 -0.69
pixel: 84 15
world: 1.75 0.69 -0.69
pixel: 84 16
world: 1.75 0.67 -0.69
pixel: 84 17
world: 1.75 0.65 -0.69
pixel: 84 18
world: 1.75 0.63 -0.69
pixel: 84 19
world: 1.75 0.61 -0.69
pixel: 84 20
world: 1.75 0.59 -0.69
pixel: 84 21
world: 1.75 0.57 -0.69
pixel: 84 22
world: 1.75 0.55 -0.69
pixel: 84 23
world: 1.75 0.53 -0.69
pixel: 84 24
world: 1.75 0.51 -0.69
pixel: 84 25
world: 1.75 0.49 -0.69
pixel: 84 26
world: 1.75 0.47 -0.69
pixel: 84 27
world: 1.75 0.45 -0.69
pixel: 84 28
world: 1.75 0.43 -0.69
pixel: 84 29
world: 1.75 0.41 -0.69
pixel: 84 30
world: 1.75 0.39 -0.69
pixel: 84 31
world: 1.75 0.37 -0.69
pixel: 84 32
world: 1.75 0.35 -0.69
pixel: 84 33
world: 1.75 0.33 -0.69
pixel: 84 34
world: 1.75 0.31 -0.69
pixel: 84 35
world: 1.75 0.29 -0.69
pixel: 84 36
world: 1.75 0.27 -0.69
pixel: 84 37
world: 1.75 0.25 -0.69
pixel: 84 38
world: 1.75 0.23 -0.69
pixel: 84 39
world: 1.75 0.21 -0.69
pixel: 84 40
world: 1.75 0.19 -0.69
pixel: 84 41
world: 1.75 0.17 -0.69
pixel: 84 42
world: 1.75 0.15 -0.69
pixel: 84 43
world: 1.75 0.13 -0.69
pixel: 84 44
world: 1.75 0.11 -0.69
pixel: 84 45
world: 1.75 0.0899999 -0.69
pixel: 84 46
world: 1.75 0.0699999 -0.69
pixel: 84 47
world: 1.75 0.0499999 -0.69
pixel: 84 48
world: 1.75 0.03 -0.69
pixel: 84 49
world: 1.75 0.00999999 -0.69
pixel: 84 50
world: 1.75 -0.00999999 -0.69
pixel: 84 51
world: 1.75 -0.03 -0.69
pixel: 84 52
world: 1.75 -0.0499999 -0.69
pixel: 84 53
world: 1.75 -0.07 -0.69
pixel: 84 54
world: 1.75 -0.09 -0.69
pixel: 84 55
world: 1.75 -0.11 -0.69
pixel: 84 56
world: 1.75 -0.13 -0.69
pixel: 84 57
world: 1.75 -0.15 -0.69
pixel: 84 58
world: 1.75 -0.17 -0.69
pixel: 84 59
world: 1.75 -0.19 -0.69
pixel: 84 60
world: 1.75 -0.21 -0.69
pixel: 84 61
world: 1.75 -0.23 -0.69
pixel: 84 62
world: 1.75 -0.25 -0.69
pixel: 84 63
world: 1.75 -0.27 -0.69
pixel: 84 64
world: 1.75 -0.29 -0.69
pixel: 84 65
world: 1.75 -0.31 -0.69
pixel: 84 66
world: 1.75 -0.33 -0.69
pixel: 84 67
world: 1.75 -0.35 -0.69
pixel: 84 68
world: 1.75 -0.37 -0.69
pixel: 84 69
world: 1.75 -0.39 -0.69
pixel: 84 70
world: 1.75 -0.41 -0.69
pixel: 84 71
world: 1.75 -0.43 -0.69
pixel: 84 72
world: 1.75 -0.45 -0.69
pixel: 84 73
world: 1.75 -0.47 -0.69
pixel: 84 74
world: 1.75 -0.49 -0.69
pixel: 84 75
world: 1.75 -0.51 -0.69
pixel: 84 76
world: 1.75 -0.53 -0.69
pixel: 84 77
world: 1.75 -0.55 -0.69
pixel: 84 78
world: 1.75 -0.57 -0.69
pixel: 84 79
world: 1.75 -0.59 -0.69
pixel: 84 80
world: 1.75 -0.61 -0.69
pixel: 84 81
world: 1.75 -0.63 -0.69
pixel: 84 82
world: 1.75 -0.65 -0.69
pixel: 84 83
world: 1.75 -0.67 -0.69
pixel: 84 84
world: 1.75 -0.69 -0.69
pixel: 84 85
world: 1.75 -0.71 -0.69
pixel: 84 86
world: 1.75 -0.73 -0.69
pixel: 84 87
world: 1.75 -0.75 -0.69
pixel: 84 88
world: 1.75 -0.77 -0.69
pixel: 84 89
world: 1.75 -0.79 -0.69
pixel: 84 90
world: 1.75 -0.81 -0.69
pixel: 84 91
world: 1.75 -0.83 -0.69
pixel: 84 92
world: 1.75 -0.85 -0.69
pixel: 84 93
world: 1.75 -0.87 -0.69
pixel: 84 94
world: 1.75 -0.89 -0.69
pixel: 84 95
world: 1.75 -0.91 -0.69
pixel: 84 96
world: 1.75 -0.93 -0.69
pixel: 84 97
world: 1.75 -0.95 -0.69
pixel: 84 98
world: 1.75 -0.97 -0.69
pixel: 84 99
world: 1.75 -0.99 -0.69
pixel: 85 0
world: 1.75 0.99 -0.71
pixel: 85 1
world: 1.75 0.97 -0.71
pixel: 85 2
world: 1.75 0.95 -0.71
pixel: 85 3
world: 1.75 0.93 -0.71
pixel: 85 4
world: 1.75 0.91 -0.71
pixel: 85 5
world: 1.75 0.89 -0.71
pixel: 85 6
world: 1.75 0.87 -0.71
pixel: 85 7
world: 1.75 0.85 -0.71
pixel: 85 8
world: 1.75 0.83 -0.71
pixel: 85 9
world: 1.75 0.81 -0.71
pixel: 85 10
world: 1.75 0.79 -0.71
pixel: 85 11
world: 1.75 0.77 -0.71
pixel: 85 12
world: 1.75 0.75 -0.71
pixel: 85 13
world: 1.75 0.73 -0.71
pixel: 85 14
world: 1.75 0.71 -0.71
pixel: 85 15
world: 1.75 0.69 -0.71
pixel: 85 16
world: 1.75 0.67 -0.71
pixel: 85 17
world: 1.75 0.65 -0.71
pixel: 85 18
world: 1.75 0.63 -0.71
pixel: 85 19
world: 1.75 0.61 -0.71
pixel: 85 20
world: 1.75 0.59 -0.71
pixel: 85 21
world: 1.75 0.57 -0.71
pixel: 85 22
world: 1.75 0.55 -0.71
pixel: 85 23
world: 1.75 0.53 -0.71
pixel: 85 24
world: 1.75 0.51 -0.71
pixel: 85 25
world: 1.75 0.49 -0.71
pixel: 85 26
world: 1.75 0.47 -0.71
pixel: 85 27
world: 1.75 0.45 -0.71
pixel: 85 28
world: 1.75 0.43 -0.71
pixel: 85 29
world: 1.75 0.41 -0.71
pixel: 85 30
world: 1.75 0.39 -0.71
pixel: 85 31
world: 1.75 0.37 -0.71
pixel: 85 32
world: 1.75 0.35 -0.71
pixel: 85 33
world: 1.75 0.33 -0.71
pixel: 85 34
world: 1.75 0.31 -0.71
pixel: 85 35
world: 1.75 0.29 -0.71
pixel: 85 36
world: 1.75 0.27 -0.71
pixel: 85 37
world: 1.75 0.25 -0.71
pixel: 85 38
world: 1.75 0.23 -0.71
pixel: 85 39
world: 1.75 0.21 -0.71
pixel: 85 40
world: 1.75 0.19 -0.71
pixel: 85 41
world: 1.75 0.17 -0.71
pixel: 85 42
world: 1.75 0.15 -0.71
pixel: 85 43
world: 1.75 0.13 -0.71
pixel: 85 44
world: 1.75 0.11 -0.71
pixel: 85 45
world: 1.75 0.0899999 -0.71
pixel: 85 46
world: 1.75 0.0699999 -0.71
pixel: 85 47
world: 1.75 0.0499999 -0.71
pixel: 85 48
world: 1.75 0.03 -0.71
pixel: 85 49
world: 1.75 0.00999999 -0.71
pixel: 85 50
world: 1.75 -0.00999999 -0.71
pixel: 85 51
world: 1.75 -0.03 -0.71
pixel: 85 52
world: 1.75 -0.0499999 -0.71
pixel: 85 53
world: 1.75 -0.07 -0.71
pixel: 85 54
world: 1.75 -0.09 -0.71
pixel: 85 55
world: 1.75 -0.11 -0.71
pixel: 85 56
world: 1.75 -0.13 -0.71
pixel: 85 57
world: 1.75 -0.15 -0.71
pixel: 85 58
world: 1.75 -0.17 -0.71
pixel: 85 59
world: 1.75 -0.19 -0.71
pixel: 85 60
world: 1.75 -0.21 -0.71
pixel: 85 61
world: 1.75 -0.23 -0.71
pixel: 85 62
world: 1.75 -0.25 -0.71
pixel: 85 63
world: 1.75 -0.27 -0.71
pixel: 85 64
world: 1.75 -0.29 -0.71
pixel: 85 65
world: 1.75 -0.31 -0.71
pixel: 85 66
world: 1.75 -0.33 -0.71
pixel: 85 67
world: 1.75 -0.35 -0.71
pixel: 85 68
world: 1.75 -0.37 -0.71
pixel: 85 69
world: 1.75 -0.39 -0.71
pixel: 85 70
world: 1.75 -0.41 -0.71
pixel: 85 71
world: 1.75 -0.43 -0.71
pixel: 85 72
world: 1.75 -0.45 -0.71
pixel: 85 73
world: 1.75 -0.47 -0.71
pixel: 85 74
world: 1.75 -0.49 -0.71
pixel: 85 75
world: 1.75 -0.51 -0.71
pixel: 85 76
world: 1.75 -0.53 -0.71
pixel: 85 77
world: 1.75 -0.55 -0.71
pixel: 85 78
world: 1.75 -0.57 -0.71
pixel: 85 79
world: 1.75 -0.59 -0.71
pixel: 85 80
world: 1.75 -0.61 -0.71
pixel: 85 81
world: 1.75 -0.63 -0.71
pixel: 85 82
world: 1.75 -0.65 -0.71
pixel: 85 83
world: 1.75 -0.67 -0.71
pixel: 85 84
world: 1.75 -0.69 -0.71
pixel: 85 85
world: 1.75 -0.71 -0.71
pixel: 85 86
world: 1.75 -0.73 -0.71
pixel: 85 87
world: 1.75 -0.75 -0.71
pixel: 85 88
world: 1.75 -0.77 -0.71
pixel: 85 89
world: 1.75 -0.79 -0.71
pixel: 85 90
world: 1.75 -0.81 -0.71
pixel: 85 91
world: 1.75 -0.83 -0.71
pixel: 85 92
world: 1.75 -0.85 -0.71
pixel: 85 93
world: 1.75 -0.87 -0.71
pixel: 85 94
world: 1.75 -0.89 -0.71
pixel: 85 95
world: 1.75 -0.91 -0.71
pixel: 85 96
world: 1.75 -0.93 -0.71
pixel: 85 97
world: 1.75 -0.95 -0.71
pixel: 85 98
world: 1.75 -0.97 -0.71
pixel: 85 99
world: 1.75 -0.99 -0.71
pixel: 86 0
world: 1.75 0.99 -0.73
pixel: 86 1
world: 1.75 0.97 -0.73
pixel: 86 2
world: 1.75 0.95 -0.73
pixel: 86 3
world: 1.75 0.93 -0.73
pixel: 86 4
world: 1.75 0.91 -0.73
pixel: 86 5
world: 1.75 0.89 -0.73
pixel: 86 6
world: 1.75 0.87 -0.73
pixel: 86 7
world: 1.75 0.85 -0.73
pixel: 86 8
world: 1.75 0.83 -0.73
pixel: 86 9
world: 1.75 0.81 -0.73
pixel: 86 10
world: 1.75 0.79 -0.73
pixel: 86 11
world: 1.75 0.77 -0.73
pixel: 86 12
world: 1.75 0.75 -0.73
pixel: 86 13
world: 1.75 0.73 -0.73
pixel: 86 14
world: 1.75 0.71 -0.73
pixel: 86 15
world: 1.75 0.69 -0.73
pixel: 86 16
world: 1.75 0.67 -0.73
pixel: 86 17
world: 1.75 0.65 -0.73
pixel: 86 18
world: 1.75 0.63 -0.73
pixel: 86 19
world: 1.75 0.61 -0.73
pixel: 86 20
world: 1.75 0.59 -0.73
pixel: 86 21
world: 1.75 0.57 -0.73
pixel: 86 22
world: 1.75 0.55 -0.73
pixel: 86 23
world: 1.75 0.53 -0.73
pixel: 86 24
world: 1.75 0.51 -0.73
pixel: 86 25
world: 1.75 0.49 -0.73
pixel: 86 26
world: 1.75 0.47 -0.73
pixel: 86 27
world: 1.75 0.45 -0.73
pixel: 86 28
world: 1.75 0.43 -0.73
pixel: 86 29
world: 1.75 0.41 -0.73
pixel: 86 30
world: 1.75 0.39 -0.73
pixel: 86 31
world: 1.75 0.37 -0.73
pixel: 86 32
world: 1.75 0.35 -0.73
pixel: 86 33
world: 1.75 0.33 -0.73
pixel: 86 34
world: 1.75 0.31 -0.73
pixel: 86 35
world: 1.75 0.29 -0.73
pixel: 86 36
world: 1.75 0.27 -0.73
pixel: 86 37
world: 1.75 0.25 -0.73
pixel: 86 38
world: 1.75 0.23 -0.73
pixel: 86 39
world: 1.75 0.21 -0.73
pixel: 86 40
world: 1.75 0.19 -0.73
pixel: 86 41
world: 1.75 0.17 -0.73
pixel: 86 42
world: 1.75 0.15 -0.73
pixel: 86 43
world: 1.75 0.13 -0.73
pixel: 86 44
world: 1.75 0.11 -0.73
pixel: 86 45
world: 1.75 0.0899999 -0.73
pixel: 86 46
world: 1.75 0.0699999 -0.73
pixel: 86 47
world: 1.75 0.0499999 -0.73
pixel: 86 48
world: 1.75 0.03 -0.73
pixel: 86 49
world: 1.75 0.00999999 -0.73
pixel: 86 50
world: 1.75 -0.00999999 -0.73
pixel: 86 51
world: 1.75 -0.03 -0.73
pixel: 86 52
world: 1.75 -0.0499999 -0.73
pixel: 86 53
world: 1.75 -0.07 -0.73
pixel: 86 54
world: 1.75 -0.09 -0.73
pixel: 86 55
world: 1.75 -0.11 -0.73
pixel: 86 56
world: 1.75 -0.13 -0.73
pixel: 86 57
world: 1.75 -0.15 -0.73
pixel: 86 58
world: 1.75 -0.17 -0.73
pixel: 86 59
world: 1.75 -0.19 -0.73
pixel: 86 60
world: 1.75 -0.21 -0.73
pixel: 86 61
world: 1.75 -0.23 -0.73
pixel: 86 62
world: 1.75 -0.25 -0.73
pixel: 86 63
world: 1.75 -0.27 -0.73
pixel: 86 64
world: 1.75 -0.29 -0.73
pixel: 86 65
world: 1.75 -0.31 -0.73
pixel: 86 66
world: 1.75 -0.33 -0.73
pixel: 86 67
world: 1.75 -0.35 -0.73
pixel: 86 68
world: 1.75 -0.37 -0.73
pixel: 86 69
world: 1.75 -0.39 -0.73
pixel: 86 70
world: 1.75 -0.41 -0.73
pixel: 86 71
world: 1.75 -0.43 -0.73
pixel: 86 72
world: 1.75 -0.45 -0.73
pixel: 86 73
world: 1.75 -0.47 -0.73
pixel: 86 74
world: 1.75 -0.49 -0.73
pixel: 86 75
world: 1.75 -0.51 -0.73
pixel: 86 76
world: 1.75 -0.53 -0.73
pixel: 86 77
world: 1.75 -0.55 -0.73
pixel: 86 78
world: 1.75 -0.57 -0.73
pixel: 86 79
world: 1.75 -0.59 -0.73
pixel: 86 80
world: 1.75 -0.61 -0.73
pixel: 86 81
world: 1.75 -0.63 -0.73
pixel: 86 82
world: 1.75 -0.65 -0.73
pixel: 86 83
world: 1.75 -0.67 -0.73
pixel: 86 84
world: 1.75 -0.69 -0.73
pixel: 86 85
world: 1.75 -0.71 -0.73
pixel: 86 86
world: 1.75 -0.73 -0.73
pixel: 86 87
world: 1.75 -0.75 -0.73
pixel: 86 88
world: 1.75 -0.77 -0.73
pixel: 86 89
world: 1.75 -0.79 -0.73
pixel: 86 90
world: 1.75 -0.81 -0.73
pixel: 86 91
world: 1.75 -0.83 -0.73
pixel: 86 92
world: 1.75 -0.85 -0.73
pixel: 86 93
world: 1.75 -0.87 -0.73
pixel: 86 94
world: 1.75 -0.89 -0.73
pixel: 86 95
world: 1.75 -0.91 -0.73
pixel: 86 96
world: 1.75 -0.93 -0.73
pixel: 86 97
world: 1.75 -0.95 -0.73
pixel: 86 98
world: 1.75 -0.97 -0.73
pixel: 86 99
world: 1.75 -0.99 -0.73
pixel: 87 0
world: 1.75 0.99 -0.75
pixel: 87 1
world: 1.75 0.97 -0.75
pixel: 87 2
world: 1.75 0.95 -0.75
pixel: 87 3
world: 1.75 0.93 -0.75
pixel: 87 4
world: 1.75 0.91 -0.75
pixel: 87 5
world: 1.75 0.89 -0.75
pixel: 87 6
world: 1.75 0.87 -0.75
pixel: 87 7
world: 1.75 0.85 -0.75
pixel: 87 8
world: 1.75 0.83 -0.75
pixel: 87 9
world: 1.75 0.81 -0.75
pixel: 87 10
world: 1.75 0.79 -0.75
pixel: 87 11
world: 1.75 0.77 -0.75
pixel: 87 12
world: 1.75 0.75 -0.75
pixel: 87 13
world: 1.75 0.73 -0.75
pixel: 87 14
world: 1.75 0.71 -0.75
pixel: 87 15
world: 1.75 0.69 -0.75
pixel: 87 16
world: 1.75 0.67 -0.75
pixel: 87 17
world: 1.75 0.65 -0.75
pixel: 87 18
world: 1.75 0.63 -0.75
pixel: 87 19
world: 1.75 0.61 -0.75
pixel: 87 20
world: 1.75 0.59 -0.75
pixel: 87 21
world: 1.75 0.57 -0.75
pixel: 87 22
world: 1.75 0.55 -0.75
pixel: 87 23
world: 1.75 0.53 -0.75
pixel: 87 24
world: 1.75 0.51 -0.75
pixel: 87 25
world: 1.75 0.49 -0.75
pixel: 87 26
world: 1.75 0.47 -0.75
pixel: 87 27
world: 1.75 0.45 -0.75
pixel: 87 28
world: 1.75 0.43 -0.75
pixel: 87 29
world: 1.75 0.41 -0.75
pixel: 87 30
world: 1.75 0.39 -0.75
pixel: 87 31
world: 1.75 0.37 -0.75
pixel: 87 32
world: 1.75 0.35 -0.75
pixel: 87 33
world: 1.75 0.33 -0.75
pixel: 87 34
world: 1.75 0.31 -0.75
pixel: 87 35
world: 1.75 0.29 -0.75
pixel: 87 36
world: 1.75 0.27 -0.75
pixel: 87 37
world: 1.75 0.25 -0.75
pixel: 87 38
world: 1.75 0.23 -0.75
pixel: 87 39
world: 1.75 0.21 -0.75
pixel: 87 40
world: 1.75 0.19 -0.75
pixel: 87 41
world: 1.75 0.17 -0.75
pixel: 87 42
world: 1.75 0.15 -0.75
pixel: 87 43
world: 1.75 0.13 -0.75
pixel: 87 44
world: 1.75 0.11 -0.75
pixel: 87 45
world: 1.75 0.0899999 -0.75
pixel: 87 46
world: 1.75 0.0699999 -0.75
pixel: 87 47
world: 1.75 0.0499999 -0.75
pixel: 87 48
world: 1.75 0.03 -0.75
pixel: 87 49
world: 1.75 0.00999999 -0.75
pixel: 87 50
world: 1.75 -0.00999999 -0.75
pixel: 87 51
world: 1.75 -0.03 -0.75
pixel: 87 52
world: 1.75 -0.0499999 -0.75
pixel: 87 53
world: 1.75 -0.07 -0.75
pixel: 87 54
world: 1.75 -0.09 -0.75
pixel: 87 55
world: 1.75 -0.11 -0.75
pixel: 87 56
world: 1.75 -0.13 -0.75
pixel: 87 57
world: 1.75 -0.15 -0.75
pixel: 87 58
world: 1.75 -0.17 -0.75
pixel: 87 59
world: 1.75 -0.19 -0.75
pixel: 87 60
world: 1.75 -0.21 -0.75
pixel: 87 61
world: 1.75 -0.23 -0.75
pixel: 87 62
world: 1.75 -0.25 -0.75
pixel: 87 63
world: 1.75 -0.27 -0.75
pixel: 87 64
world: 1.75 -0.29 -0.75
pixel: 87 65
world: 1.75 -0.31 -0.75
pixel: 87 66
world: 1.75 -0.33 -0.75
pixel: 87 67
world: 1.75 -0.35 -0.75
pixel: 87 68
world: 1.75 -0.37 -0.75
pixel: 87 69
world: 1.75 -0.39 -0.75
pixel: 87 70
world: 1.75 -0.41 -0.75
pixel: 87 71
world: 1.75 -0.43 -0.75
pixel: 87 72
world: 1.75 -0.45 -0.75
pixel: 87 73
world: 1.75 -0.47 -0.75
pixel: 87 74
world: 1.75 -0.49 -0.75
pixel: 87 75
world: 1.75 -0.51 -0.75
pixel: 87 76
world: 1.75 -0.53 -0.75
pixel: 87 77
world: 1.75 -0.55 -0.75
pixel: 87 78
world: 1.75 -0.57 -0.75
pixel: 87 79
world: 1.75 -0.59 -0.75
pixel: 87 80
world: 1.75 -0.61 -0.75
pixel: 87 81
world: 1.75 -0.63 -0.75
pixel: 87 82
world: 1.75 -0.65 -0.75
pixel: 87 83
world: 1.75 -0.67 -0.75
pixel: 87 84
world: 1.75 -0.69 -0.75
pixel: 87 85
world: 1.75 -0.71 -0.75
pixel: 87 86
world: 1.75 -0.73 -0.75
pixel: 87 87
world: 1.75 -0.75 -0.75
pixel: 87 88
world: 1.75 -0.77 -0.75
pixel: 87 89
world: 1.75 -0.79 -0.75
pixel: 87 90
world: 1.75 -0.81 -0.75
pixel: 87 91
world: 1.75 -0.83 -0.75
pixel: 87 92
world: 1.75 -0.85 -0.75
pixel: 87 93
world: 1.75 -0.87 -0.75
pixel: 87 94
world: 1.75 -0.89 -0.75
pixel: 87 95
world: 1.75 -0.91 -0.75
pixel: 87 96
world: 1.75 -0.93 -0.75
pixel: 87 97
world: 1.75 -0.95 -0.75
pixel: 87 98
world: 1.75 -0.97 -0.75
pixel: 87 99
world: 1.75 -0.99 -0.75
pixel: 88 0
world: 1.75 0.99 -0.77
pixel: 88 1
world: 1.75 0.97 -0.77
pixel: 88 2
world: 1.75 0.95 -0.77
pixel: 88 3
world: 1.75 0.93 -0.77
pixel: 88 4
world: 1.75 0.91 -0.77
pixel: 88 5
world: 1.75 0.89 -0.77
pixel: 88 6
world: 1.75 0.87 -0.77
pixel: 88 7
world: 1.75 0.85 -0.77
pixel: 88 8
world: 1.75 0.83 -0.77
pixel: 88 9
world: 1.75 0.81 -0.77
pixel: 88 10
world: 1.75 0.79 -0.77
pixel: 88 11
world: 1.75 0.77 -0.77
pixel: 88 12
world: 1.75 0.75 -0.77
pixel: 88 13
world: 1.75 0.73 -0.77
pixel: 88 14
world: 1.75 0.71 -0.77
pixel: 88 15
world: 1.75 0.69 -0.77
pixel: 88 16
world: 1.75 0.67 -0.77
pixel: 88 17
world: 1.75 0.65 -0.77
pixel: 88 18
world: 1.75 0.63 -0.77
pixel: 88 19
world: 1.75 0.61 -0.77
pixel: 88 20
world: 1.75 0.59 -0.77
pixel: 88 21
world: 1.75 0.57 -0.77
pixel: 88 22
world: 1.75 0.55 -0.77
pixel: 88 23
world: 1.75 0.53 -0.77
pixel: 88 24
world: 1.75 0.51 -0.77
pixel: 88 25
world: 1.75 0.49 -0.77
pixel: 88 26
world: 1.75 0.47 -0.77
pixel: 88 27
world: 1.75 0.45 -0.77
pixel: 88 28
world: 1.75 0.43 -0.77
pixel: 88 29
world: 1.75 0.41 -0.77
pixel: 88 30
world: 1.75 0.39 -0.77
pixel: 88 31
world: 1.75 0.37 -0.77
pixel: 88 32
world: 1.75 0.35 -0.77
pixel: 88 33
world: 1.75 0.33 -0.77
pixel: 88 34
world: 1.75 0.31 -0.77
pixel: 88 35
world: 1.75 0.29 -0.77
pixel: 88 36
world: 1.75 0.27 -0.77
pixel: 88 37
world: 1.75 0.25 -0.77
pixel: 88 38
world: 1.75 0.23 -0.77
pixel: 88 39
world: 1.75 0.21 -0.77
pixel: 88 40
world: 1.75 0.19 -0.77
pixel: 88 41
world: 1.75 0.17 -0.77
pixel: 88 42
world: 1.75 0.15 -0.77
pixel: 88 43
world: 1.75 0.13 -0.77
pixel: 88 44
world: 1.75 0.11 -0.77
pixel: 88 45
world: 1.75 0.0899999 -0.77
pixel: 88 46
world: 1.75 0.0699999 -0.77
pixel: 88 47
world: 1.75 0.0499999 -0.77
pixel: 88 48
world: 1.75 0.03 -0.77
pixel: 88 49
world: 1.75 0.00999999 -0.77
pixel: 88 50
world: 1.75 -0.00999999 -0.77
pixel: 88 51
world: 1.75 -0.03 -0.77
pixel: 88 52
world: 1.75 -0.0499999 -0.77
pixel: 88 53
world: 1.75 -0.07 -0.77
pixel: 88 54
world: 1.75 -0.09 -0.77
pixel: 88 55
world: 1.75 -0.11 -0.77
pixel: 88 56
world: 1.75 -0.13 -0.77
pixel: 88 57
world: 1.75 -0.15 -0.77
pixel: 88 58
world: 1.75 -0.17 -0.77
pixel: 88 59
world: 1.75 -0.19 -0.77
pixel: 88 60
world: 1.75 -0.21 -0.77
pixel: 88 61
world: 1.75 -0.23 -0.77
pixel: 88 62
world: 1.75 -0.25 -0.77
pixel: 88 63
world: 1.75 -0.27 -0.77
pixel: 88 64
world: 1.75 -0.29 -0.77
pixel: 88 65
world: 1.75 -0.31 -0.77
pixel: 88 66
world: 1.75 -0.33 -0.77
pixel: 88 67
world: 1.75 -0.35 -0.77
pixel: 88 68
world: 1.75 -0.37 -0.77
pixel: 88 69
world: 1.75 -0.39 -0.77
pixel: 88 70
world: 1.75 -0.41 -0.77
pixel: 88 71
world: 1.75 -0.43 -0.77
pixel: 88 72
world: 1.75 -0.45 -0.77
pixel: 88 73
world: 1.75 -0.47 -0.77
pixel: 88 74
world: 1.75 -0.49 -0.77
pixel: 88 75
world: 1.75 -0.51 -0.77
pixel: 88 76
world: 1.75 -0.53 -0.77
pixel: 88 77
world: 1.75 -0.55 -0.77
pixel: 88 78
world: 1.75 -0.57 -0.77
pixel: 88 79
world: 1.75 -0.59 -0.77
pixel: 88 80
world: 1.75 -0.61 -0.77
pixel: 88 81
world: 1.75 -0.63 -0.77
pixel: 88 82
world: 1.75 -0.65 -0.77
pixel: 88 83
world: 1.75 -0.67 -0.77
pixel: 88 84
world: 1.75 -0.69 -0.77
pixel: 88 85
world: 1.75 -0.71 -0.77
pixel: 88 86
world: 1.75 -0.73 -0.77
pixel: 88 87
world: 1.75 -0.75 -0.77
pixel: 88 88
world: 1.75 -0.77 -0.77
pixel: 88 89
world: 1.75 -0.79 -0.77
pixel: 88 90
world: 1.75 -0.81 -0.77
pixel: 88 91
world: 1.75 -0.83 -0.77
pixel: 88 92
world: 1.75 -0.85 -0.77
pixel: 88 93
world: 1.75 -0.87 -0.77
pixel: 88 94
world: 1.75 -0.89 -0.77
pixel: 88 95
world: 1.75 -0.91 -0.77
pixel: 88 96
world: 1.75 -0.93 -0.77
pixel: 88 97
world: 1.75 -0.95 -0.77
pixel: 88 98
world: 1.75 -0.97 -0.77
pixel: 88 99
world: 1.75 -0.99 -0.77
pixel: 89 0
world: 1.75 0.99 -0.79
pixel: 89 1
world: 1.75 0.97 -0.79
pixel: 89 2
world: 1.75 0.95 -0.79
pixel: 89 3
world: 1.75 0.93 -0.79
pixel: 89 4
world: 1.75 0.91 -0.79
pixel: 89 5
world: 1.75 0.89 -0.79
pixel: 89 6
world: 1.75 0.87 -0.79
pixel: 89 7
world: 1.75 0.85 -0.79
pixel: 89 8
world: 1.75 0.83 -0.79
pixel: 89 9
world: 1.75 0.81 -0.79
pixel: 89 10
world: 1.75 0.79 -0.79
pixel: 89 11
world: 1.75 0.77 -0.79
pixel: 89 12
world: 1.75 0.75 -0.79
pixel: 89 13
world: 1.75 0.73 -0.79
pixel: 89 14
world: 1.75 0.71 -0.79
pixel: 89 15
world: 1.75 0.69 -0.79
pixel: 89 16
world: 1.75 0.67 -0.79
pixel: 89 17
world: 1.75 0.65 -0.79
pixel: 89 18
world: 1.75 0.63 -0.79
pixel: 89 19
world: 1.75 0.61 -0.79
pixel: 89 20
world: 1.75 0.59 -0.79
pixel: 89 21
world: 1.75 0.57 -0.79
pixel: 89 22
world: 1.75 0.55 -0.79
pixel: 89 23
world: 1.75 0.53 -0.79
pixel: 89 24
world: 1.75 0.51 -0.79
pixel: 89 25
world: 1.75 0.49 -0.79
pixel: 89 26
world: 1.75 0.47 -0.79
pixel: 89 27
world: 1.75 0.45 -0.79
pixel: 89 28
world: 1.75 0.43 -0.79
pixel: 89 29
world: 1.75 0.41 -0.79
pixel: 89 30
world: 1.75 0.39 -0.79
pixel: 89 31
world: 1.75 0.37 -0.79
pixel: 89 32
world: 1.75 0.35 -0.79
pixel: 89 33
world: 1.75 0.33 -0.79
pixel: 89 34
world: 1.75 0.31 -0.79
pixel: 89 35
world: 1.75 0.29 -0.79
pixel: 89 36
world: 1.75 0.27 -0.79
pixel: 89 37
world: 1.75 0.25 -0.79
pixel: 89 38
world: 1.75 0.23 -0.79
pixel: 89 39
world: 1.75 0.21 -0.79
pixel: 89 40
world: 1.75 0.19 -0.79
pixel: 89 41
world: 1.75 0.17 -0.79
pixel: 89 42
world: 1.75 0.15 -0.79
pixel: 89 43
world: 1.75 0.13 -0.79
pixel: 89 44
world: 1.75 0.11 -0.79
pixel: 89 45
world: 1.75 0.0899999 -0.79
pixel: 89 46
world: 1.75 0.0699999 -0.79
pixel: 89 47
world: 1.75 0.0499999 -0.79
pixel: 89 48
world: 1.75 0.03 -0.79
pixel: 89 49
world: 1.75 0.00999999 -0.79
pixel: 89 50
world: 1.75 -0.00999999 -0.79
pixel: 89 51
world: 1.75 -0.03 -0.79
pixel: 89 52
world: 1.75 -0.0499999 -0.79
pixel: 89 53
world: 1.75 -0.07 -0.79
pixel: 89 54
world: 1.75 -0.09 -0.79
pixel: 89 55
world: 1.75 -0.11 -0.79
pixel: 89 56
world: 1.75 -0.13 -0.79
pixel: 89 57
world: 1.75 -0.15 -0.79
pixel: 89 58
world: 1.75 -0.17 -0.79
pixel: 89 59
world: 1.75 -0.19 -0.79
pixel: 89 60
world: 1.75 -0.21 -0.79
pixel: 89 61
world: 1.75 -0.23 -0.79
pixel: 89 62
world: 1.75 -0.25 -0.79
pixel: 89 63
world: 1.75 -0.27 -0.79
pixel: 89 64
world: 1.75 -0.29 -0.79
pixel: 89 65
world: 1.75 -0.31 -0.79
pixel: 89 66
world: 1.75 -0.33 -0.79
pixel: 89 67
world: 1.75 -0.35 -0.79
pixel: 89 68
world: 1.75 -0.37 -0.79
pixel: 89 69
world: 1.75 -0.39 -0.79
pixel: 89 70
world: 1.75 -0.41 -0.79
pixel: 89 71
world: 1.75 -0.43 -0.79
pixel: 89 72
world: 1.75 -0.45 -0.79
pixel: 89 73
world: 1.75 -0.47 -0.79
pixel: 89 74
world: 1.75 -0.49 -0.79
pixel: 89 75
world: 1.75 -0.51 -0.79
pixel: 89 76
world: 1.75 -0.53 -0.79
pixel: 89 77
world: 1.75 -0.55 -0.79
pixel: 89 78
world: 1.75 -0.57 -0.79
pixel: 89 79
world: 1.75 -0.59 -0.79
pixel: 89 80
world: 1.75 -0.61 -0.79
pixel: 89 81
world: 1.75 -0.63 -0.79
pixel: 89 82
world: 1.75 -0.65 -0.79
pixel: 89 83
world: 1.75 -0.67 -0.79
pixel: 89 84
world: 1.75 -0.69 -0.79
pixel: 89 85
world: 1.75 -0.71 -0.79
pixel: 89 86
world: 1.75 -0.73 -0.79
pixel: 89 87
world: 1.75 -0.75 -0.79
pixel: 89 88
world: 1.75 -0.77 -0.79
pixel: 89 89
world: 1.75 -0.79 -0.79
pixel: 89 90
world: 1.75 -0.81 -0.79
pixel: 89 91
world: 1.75 -0.83 -0.79
pixel: 89 92
world: 1.75 -0.85 -0.79
pixel: 89 93
world: 1.75 -0.87 -0.79
pixel: 89 94
world: 1.75 -0.89 -0.79
pixel: 89 95
world: 1.75 -0.91 -0.79
pixel: 89 96
world: 1.75 -0.93 -0.79
pixel: 89 97
world: 1.75 -0.95 -0.79
pixel: 89 98
world: 1.75 -0.97 -0.79
pixel: 89 99
world: 1.75 -0.99 -0.79
pixel: 90 0
world: 1.75 0.99 -0.81
pixel: 90 1
world: 1.75 0.97 -0.81
pixel: 90 2
world: 1.75 0.95 -0.81
pixel: 90 3
world: 1.75 0.93 -0.81
pixel: 90 4
world: 1.75 0.91 -0.81
pixel: 90 5
world: 1.75 0.89 -0.81
pixel: 90 6
world: 1.75 0.87 -0.81
pixel: 90 7
world: 1.75 0.85 -0.81
pixel: 90 8
world: 1.75 0.83 -0.81
pixel: 90 9
world: 1.75 0.81 -0.81
pixel: 90 10
world: 1.75 0.79 -0.81
pixel: 90 11
world: 1.75 0.77 -0.81
pixel: 90 12
world: 1.75 0.75 -0.81
pixel: 90 13
world: 1.75 0.73 -0.81
pixel: 90 14
world: 1.75 0.71 -0.81
pixel: 90 15
world: 1.75 0.69 -0.81
pixel: 90 16
world: 1.75 0.67 -0.81
pixel: 90 17
world: 1.75 0.65 -0.81
pixel: 90 18
world: 1.75 0.63 -0.81
pixel: 90 19
world: 1.75 0.61 -0.81
pixel: 90 20
world: 1.75 0.59 -0.81
pixel: 90 21
world: 1.75 0.57 -0.81
pixel: 90 22
world: 1.75 0.55 -0.81
pixel: 90 23
world: 1.75 0.53 -0.81
pixel: 90 24
world: 1.75 0.51 -0.81
pixel: 90 25
world: 1.75 0.49 -0.81
pixel: 90 26
world: 1.75 0.47 -0.81
pixel: 90 27
world: 1.75 0.45 -0.81
pixel: 90 28
world: 1.75 0.43 -0.81
pixel: 90 29
world: 1.75 0.41 -0.81
pixel: 90 30
world: 1.75 0.39 -0.81
pixel: 90 31
world: 1.75 0.37 -0.81
pixel: 90 32
world: 1.75 0.35 -0.81
pixel: 90 33
world: 1.75 0.33 -0.81
pixel: 90 34
world: 1.75 0.31 -0.81
pixel: 90 35
world: 1.75 0.29 -0.81
pixel: 90 36
world: 1.75 0.27 -0.81
pixel: 90 37
world: 1.75 0.25 -0.81
pixel: 90 38
world: 1.75 0.23 -0.81
pixel: 90 39
world: 1.75 0.21 -0.81
pixel: 90 40
world: 1.75 0.19 -0.81
pixel: 90 41
world: 1.75 0.17 -0.81
pixel: 90 42
world: 1.75 0.15 -0.81
pixel: 90 43
world: 1.75 0.13 -0.81
pixel: 90 44
world: 1.75 0.11 -0.81
pixel: 90 45
world: 1.75 0.0899999 -0.81
pixel: 90 46
world: 1.75 0.0699999 -0.81
pixel: 90 47
world: 1.75 0.0499999 -0.81
pixel: 90 48
world: 1.75 0.03 -0.81
pixel: 90 49
world: 1.75 0.00999999 -0.81
pixel: 90 50
world: 1.75 -0.00999999 -0.81
pixel: 90 51
world: 1.75 -0.03 -0.81
pixel: 90 52
world: 1.75 -0.0499999 -0.81
pixel: 90 53
world: 1.75 -0.07 -0.81
pixel: 90 54
world: 1.75 -0.09 -0.81
pixel: 90 55
world: 1.75 -0.11 -0.81
pixel: 90 56
world: 1.75 -0.13 -0.81
pixel: 90 57
world: 1.75 -0.15 -0.81
pixel: 90 58
world: 1.75 -0.17 -0.81
pixel: 90 59
world: 1.75 -0.19 -0.81
pixel: 90 60
world: 1.75 -0.21 -0.81
pixel: 90 61
world: 1.75 -0.23 -0.81
pixel: 90 62
world: 1.75 -0.25 -0.81
pixel: 90 63
world: 1.75 -0.27 -0.81
pixel: 90 64
world: 1.75 -0.29 -0.81
pixel: 90 65
world: 1.75 -0.31 -0.81
pixel: 90 66
world: 1.75 -0.33 -0.81
pixel: 90 67
world: 1.75 -0.35 -0.81
pixel: 90 68
world: 1.75 -0.37 -0.81
pixel: 90 69
world: 1.75 -0.39 -0.81
pixel: 90 70
world: 1.75 -0.41 -0.81
pixel: 90 71
world: 1.75 -0.43 -0.81
pixel: 90 72
world: 1.75 -0.45 -0.81
pixel: 90 73
world: 1.75 -0.47 -0.81
pixel: 90 74
world: 1.75 -0.49 -0.81
pixel: 90 75
world: 1.75 -0.51 -0.81
pixel: 90 76
world: 1.75 -0.53 -0.81
pixel: 90 77
world: 1.75 -0.55 -0.81
pixel: 90 78
world: 1.75 -0.57 -0.81
pixel: 90 79
world: 1.75 -0.59 -0.81
pixel: 90 80
world: 1.75 -0.61 -0.81
pixel: 90 81
world: 1.75 -0.63 -0.81
pixel: 90 82
world: 1.75 -0.65 -0.81
pixel: 90 83
world: 1.75 -0.67 -0.81
pixel: 90 84
world: 1.75 -0.69 -0.81
pixel: 90 85
world: 1.75 -0.71 -0.81
pixel: 90 86
world: 1.75 -0.73 -0.81
pixel: 90 87
world: 1.75 -0.75 -0.81
pixel: 90 88
world: 1.75 -0.77 -0.81
pixel: 90 89
world: 1.75 -0.79 -0.81
pixel: 90 90
world: 1.75 -0.81 -0.81
pixel: 90 91
world: 1.75 -0.83 -0.81
pixel: 90 92
world: 1.75 -0.85 -0.81
pixel: 90 93
world: 1.75 -0.87 -0.81
pixel: 90 94
world: 1.75 -0.89 -0.81
pixel: 90 95
world: 1.75 -0.91 -0.81
pixel: 90 96
world: 1.75 -0.93 -0.81
pixel: 90 97
world: 1.75 -0.95 -0.81
pixel: 90 98
world: 1.75 -0.97 -0.81
pixel: 90 99
world: 1.75 -0.99 -0.81
pixel: 91 0
world: 1.75 0.99 -0.83
pixel: 91 1
world: 1.75 0.97 -0.83
pixel: 91 2
world: 1.75 0.95 -0.83
pixel: 91 3
world: 1.75 0.93 -0.83
pixel: 91 4
world: 1.75 0.91 -0.83
pixel: 91 5
world: 1.75 0.89 -0.83
pixel: 91 6
world: 1.75 0.87 -0.83
pixel: 91 7
world: 1.75 0.85 -0.83
pixel: 91 8
world: 1.75 0.83 -0.83
pixel: 91 9
world: 1.75 0.81 -0.83
pixel: 91 10
world: 1.75 0.79 -0.83
pixel: 91 11
world: 1.75 0.77 -0.83
pixel: 91 12
world: 1.75 0.75 -0.83
pixel: 91 13
world: 1.75 0.73 -0.83
pixel: 91 14
world: 1.75 0.71 -0.83
pixel: 91 15
world: 1.75 0.69 -0.83
pixel: 91 16
world: 1.75 0.67 -0.83
pixel: 91 17
world: 1.75 0.65 -0.83
pixel: 91 18
world: 1.75 0.63 -0.83
pixel: 91 19
world: 1.75 0.61 -0.83
pixel: 91 20
world: 1.75 0.59 -0.83
pixel: 91 21
world: 1.75 0.57 -0.83
pixel: 91 22
world: 1.75 0.55 -0.83
pixel: 91 23
world: 1.75 0.53 -0.83
pixel: 91 24
world: 1.75 0.51 -0.83
pixel: 91 25
world: 1.75 0.49 -0.83
pixel: 91 26
world: 1.75 0.47 -0.83
pixel: 91 27
world: 1.75 0.45 -0.83
pixel: 91 28
world: 1.75 0.43 -0.83
pixel: 91 29
world: 1.75 0.41 -0.83
pixel: 91 30
world: 1.75 0.39 -0.83
pixel: 91 31
world: 1.75 0.37 -0.83
pixel: 91 32
world: 1.75 0.35 -0.83
pixel: 91 33
world: 1.75 0.33 -0.83
pixel: 91 34
world: 1.75 0.31 -0.83
pixel: 91 35
world: 1.75 0.29 -0.83
pixel: 91 36
world: 1.75 0.27 -0.83
pixel: 91 37
world: 1.75 0.25 -0.83
pixel: 91 38
world: 1.75 0.23 -0.83
pixel: 91 39
world: 1.75 0.21 -0.83
pixel: 91 40
world: 1.75 0.19 -0.83
pixel: 91 41
world: 1.75 0.17 -0.83
pixel: 91 42
world: 1.75 0.15 -0.83
pixel: 91 43
world: 1.75 0.13 -0.83
pixel: 91 44
world: 1.75 0.11 -0.83
pixel: 91 45
world: 1.75 0.0899999 -0.83
pixel: 91 46
world: 1.75 0.0699999 -0.83
pixel: 91 47
world: 1.75 0.0499999 -0.83
pixel: 91 48
world: 1.75 0.03 -0.83
pixel: 91 49
world: 1.75 0.00999999 -0.83
pixel: 91 50
world: 1.75 -0.00999999 -0.83
pixel: 91 51
world: 1.75 -0.03 -0.83
pixel: 91 52
world: 1.75 -0.0499999 -0.83
pixel: 91 53
world: 1.75 -0.07 -0.83
pixel: 91 54
world: 1.75 -0.09 -0.83
pixel: 91 55
world: 1.75 -0.11 -0.83
pixel: 91 56
world: 1.75 -0.13 -0.83
pixel: 91 57
world: 1.75 -0.15 -0.83
pixel: 91 58
world: 1.75 -0.17 -0.83
pixel: 91 59
world: 1.75 -0.19 -0.83
pixel: 91 60
world: 1.75 -0.21 -0.83
pixel: 91 61
world: 1.75 -0.23 -0.83
pixel: 91 62
world: 1.75 -0.25 -0.83
pixel: 91 63
world: 1.75 -0.27 -0.83
pixel: 91 64
world: 1.75 -0.29 -0.83
pixel: 91 65
world: 1.75 -0.31 -0.83
pixel: 91 66
world: 1.75 -0.33 -0.83
pixel: 91 67
world: 1.75 -0.35 -0.83
pixel: 91 68
world: 1.75 -0.37 -0.83
pixel: 91 69
world: 1.75 -0.39 -0.83
pixel: 91 70
world: 1.75 -0.41 -0.83
pixel: 91 71
world: 1.75 -0.43 -0.83
pixel: 91 72
world: 1.75 -0.45 -0.83
pixel: 91 73
world: 1.75 -0.47 -0.83
pixel: 91 74
world: 1.75 -0.49 -0.83
pixel: 91 75
world: 1.75 -0.51 -0.83
pixel: 91 76
world: 1.75 -0.53 -0.83
pixel: 91 77
world: 1.75 -0.55 -0.83
pixel: 91 78
world: 1.75 -0.57 -0.83
pixel: 91 79
world: 1.75 -0.59 -0.83
pixel: 91 80
world: 1.75 -0.61 -0.83
pixel: 91 81
world: 1.75 -0.63 -0.83
pixel: 91 82
world: 1.75 -0.65 -0.83
pixel: 91 83
world: 1.75 -0.67 -0.83
pixel: 91 84
world: 1.75 -0.69 -0.83
pixel: 91 85
world: 1.75 -0.71 -0.83
pixel: 91 86
world: 1.75 -0.73 -0.83
pixel: 91 87
world: 1.75 -0.75 -0.83
pixel: 91 88
world: 1.75 -0.77 -0.83
pixel: 91 89
world: 1.75 -0.79 -0.83
pixel: 91 90
world: 1.75 -0.81 -0.83
pixel: 91 91
world: 1.75 -0.83 -0.83
pixel: 91 92
world: 1.75 -0.85 -0.83
pixel: 91 93
world: 1.75 -0.87 -0.83
pixel: 91 94
world: 1.75 -0.89 -0.83
pixel: 91 95
world: 1.75 -0.91 -0.83
pixel: 91 96
world: 1.75 -0.93 -0.83
pixel: 91 97
world: 1.75 -0.95 -0.83
pixel: 91 98
world: 1.75 -0.97 -0.83
pixel: 91 99
world: 1.75 -0.99 -0.83
pixel: 92 0
world: 1.75 0.99 -0.85
pixel: 92 1
world: 1.75 0.97 -0.85
pixel: 92 2
world: 1.75 0.95 -0.85
pixel: 92 3
world: 1.75 0.93 -0.85
pixel: 92 4
world: 1.75 0.91 -0.85
pixel: 92 5
world: 1.75 0.89 -0.85
pixel: 92 6
world: 1.75 0.87 -0.85
pixel: 92 7
world: 1.75 0.85 -0.85
pixel: 92 8
world: 1.75 0.83 -0.85
pixel: 92 9
world: 1.75 0.81 -0.85
pixel: 92 10
world: 1.75 0.79 -0.85
pixel: 92 11
world: 1.75 0.77 -0.85
pixel: 92 12
world: 1.75 0.75 -0.85
pixel: 92 13
world: 1.75 0.73 -0.85
pixel: 92 14
world: 1.75 0.71 -0.85
pixel: 92 15
world: 1.75 0.69 -0.85
pixel: 92 16
world: 1.75 0.67 -0.85
pixel: 92 17
world: 1.75 0.65 -0.85
pixel: 92 18
world: 1.75 0.63 -0.85
pixel: 92 19
world: 1.75 0.61 -0.85
pixel: 92 20
world: 1.75 0.59 -0.85
pixel: 92 21
world: 1.75 0.57 -0.85
pixel: 92 22
world: 1.75 0.55 -0.85
pixel: 92 23
world: 1.75 0.53 -0.85
pixel: 92 24
world: 1.75 0.51 -0.85
pixel: 92 25
world: 1.75 0.49 -0.85
pixel: 92 26
world: 1.75 0.47 -0.85
pixel: 92 27
world: 1.75 0.45 -0.85
pixel: 92 28
world: 1.75 0.43 -0.85
pixel: 92 29
world: 1.75 0.41 -0.85
pixel: 92 30
world: 1.75 0.39 -0.85
pixel: 92 31
world: 1.75 0.37 -0.85
pixel: 92 32
world: 1.75 0.35 -0.85
pixel: 92 33
world: 1.75 0.33 -0.85
pixel: 92 34
world: 1.75 0.31 -0.85
pixel: 92 35
world: 1.75 0.29 -0.85
pixel: 92 36
world: 1.75 0.27 -0.85
pixel: 92 37
world: 1.75 0.25 -0.85
pixel: 92 38
world: 1.75 0.23 -0.85
pixel: 92 39
world: 1.75 0.21 -0.85
pixel: 92 40
world: 1.75 0.19 -0.85
pixel: 92 41
world: 1.75 0.17 -0.85
pixel: 92 42
world: 1.75 0.15 -0.85
pixel: 92 43
world: 1.75 0.13 -0.85
pixel: 92 44
world: 1.75 0.11 -0.85
pixel: 92 45
world: 1.75 0.0899999 -0.85
pixel: 92 46
world: 1.75 0.0699999 -0.85
pixel: 92 47
world: 1.75 0.0499999 -0.85
pixel: 92 48
world: 1.75 0.03 -0.85
pixel: 92 49
world: 1.75 0.00999999 -0.85
pixel: 92 50
world: 1.75 -0.00999999 -0.85
pixel: 92 51
world: 1.75 -0.03 -0.85
pixel: 92 52
world: 1.75 -0.0499999 -0.85
pixel: 92 53
world: 1.75 -0.07 -0.85
pixel: 92 54
world: 1.75 -0.09 -0.85
pixel: 92 55
world: 1.75 -0.11 -0.85
pixel: 92 56
world: 1.75 -0.13 -0.85
pixel: 92 57
world: 1.75 -0.15 -0.85
pixel: 92 58
world: 1.75 -0.17 -0.85
pixel: 92 59
world: 1.75 -0.19 -0.85
pixel: 92 60
world: 1.75 -0.21 -0.85
pixel: 92 61
world: 1.75 -0.23 -0.85
pixel: 92 62
world: 1.75 -0.25 -0.85
pixel: 92 63
world: 1.75 -0.27 -0.85
pixel: 92 64
world: 1.75 -0.29 -0.85
pixel: 92 65
world: 1.75 -0.31 -0.85
pixel: 92 66
world: 1.75 -0.33 -0.85
pixel: 92 67
world: 1.75 -0.35 -0.85
pixel: 92 68
world: 1.75 -0.37 -0.85
pixel: 92 69
world: 1.75 -0.39 -0.85
pixel: 92 70
world: 1.75 -0.41 -0.85
pixel: 92 71
world: 1.75 -0.43 -0.85
pixel: 92 72
world: 1.75 -0.45 -0.85
pixel: 92 73
world: 1.75 -0.47 -0.85
pixel: 92 74
world: 1.75 -0.49 -0.85
pixel: 92 75
world: 1.75 -0.51 -0.85
pixel: 92 76
world: 1.75 -0.53 -0.85
pixel: 92 77
world: 1.75 -0.55 -0.85
pixel: 92 78
world: 1.75 -0.57 -0.85
pixel: 92 79
world: 1.75 -0.59 -0.85
pixel: 92 80
world: 1.75 -0.61 -0.85
pixel: 92 81
world: 1.75 -0.63 -0.85
pixel: 92 82
world: 1.75 -0.65 -0.85
pixel: 92 83
world: 1.75 -0.67 -0.85
pixel: 92 84
world: 1.75 -0.69 -0.85
pixel: 92 85
world: 1.75 -0.71 -0.85
pixel: 92 86
world: 1.75 -0.73 -0.85
pixel: 92 87
world: 1.75 -0.75 -0.85
pixel: 92 88
world: 1.75 -0.77 -0.85
pixel: 92 89
world: 1.75 -0.79 -0.85
pixel: 92 90
world: 1.75 -0.81 -0.85
pixel: 92 91
world: 1.75 -0.83 -0.85
pixel: 92 92
world: 1.75 -0.85 -0.85
pixel: 92 93
world: 1.75 -0.87 -0.85
pixel: 92 94
world: 1.75 -0.89 -0.85
pixel: 92 95
world: 1.75 -0.91 -0.85
pixel: 92 96
world: 1.75 -0.93 -0.85
pixel: 92 97
world: 1.75 -0.95 -0.85
pixel: 92 98
world: 1.75 -0.97 -0.85
pixel: 92 99
world: 1.75 -0.99 -0.85
pixel: 93 0
world: 1.75 0.99 -0.87
pixel: 93 1
world: 1.75 0.97 -0.87
pixel: 93 2
world: 1.75 0.95 -0.87
pixel: 93 3
world: 1.75 0.93 -0.87
pixel: 93 4
world: 1.75 0.91 -0.87
pixel: 93 5
world: 1.75 0.89 -0.87
pixel: 93 6
world: 1.75 0.87 -0.87
pixel: 93 7
world: 1.75 0.85 -0.87
pixel: 93 8
world: 1.75 0.83 -0.87
pixel: 93 9
world: 1.75 0.81 -0.87
pixel: 93 10
world: 1.75 0.79 -0.87
pixel: 93 11
world: 1.75 0.77 -0.87
pixel: 93 12
world: 1.75 0.75 -0.87
pixel: 93 13
world: 1.75 0.73 -0.87
pixel: 93 14
world: 1.75 0.71 -0.87
pixel: 93 15
world: 1.75 0.69 -0.87
pixel: 93 16
world: 1.75 0.67 -0.87
pixel: 93 17
world: 1.75 0.65 -0.87
pixel: 93 18
world: 1.75 0.63 -0.87
pixel: 93 19
world: 1.75 0.61 -0.87
pixel: 93 20
world: 1.75 0.59 -0.87
pixel: 93 21
world: 1.75 0.57 -0.87
pixel: 93 22
world: 1.75 0.55 -0.87
pixel: 93 23
world: 1.75 0.53 -0.87
pixel: 93 24
world: 1.75 0.51 -0.87
pixel: 93 25
world: 1.75 0.49 -0.87
pixel: 93 26
world: 1.75 0.47 -0.87
pixel: 93 27
world: 1.75 0.45 -0.87
pixel: 93 28
world: 1.75 0.43 -0.87
pixel: 93 29
world: 1.75 0.41 -0.87
pixel: 93 30
world: 1.75 0.39 -0.87
pixel: 93 31
world: 1.75 0.37 -0.87
pixel: 93 32
world: 1.75 0.35 -0.87
pixel: 93 33
world: 1.75 0.33 -0.87
pixel: 93 34
world: 1.75 0.31 -0.87
pixel: 93 35
world: 1.75 0.29 -0.87
pixel: 93 36
world: 1.75 0.27 -0.87
pixel: 93 37
world: 1.75 0.25 -0.87
pixel: 93 38
world: 1.75 0.23 -0.87
pixel: 93 39
world: 1.75 0.21 -0.87
pixel: 93 40
world: 1.75 0.19 -0.87
pixel: 93 41
world: 1.75 0.17 -0.87
pixel: 93 42
world: 1.75 0.15 -0.87
pixel: 93 43
world: 1.75 0.13 -0.87
pixel: 93 44
world: 1.75 0.11 -0.87
pixel: 93 45
world: 1.75 0.0899999 -0.87
pixel: 93 46
world: 1.75 0.0699999 -0.87
pixel: 93 47
world: 1.75 0.0499999 -0.87
pixel: 93 48
world: 1.75 0.03 -0.87
pixel: 93 49
world: 1.75 0.00999999 -0.87
pixel: 93 50
world: 1.75 -0.00999999 -0.87
pixel: 93 51
world: 1.75 -0.03 -0.87
pixel: 93 52
world: 1.75 -0.0499999 -0.87
pixel: 93 53
world: 1.75 -0.07 -0.87
pixel: 93 54
world: 1.75 -0.09 -0.87
pixel: 93 55
world: 1.75 -0.11 -0.87
pixel: 93 56
world: 1.75 -0.13 -0.87
pixel: 93 57
world: 1.75 -0.15 -0.87
pixel: 93 58
world: 1.75 -0.17 -0.87
pixel: 93 59
world: 1.75 -0.19 -0.87
pixel: 93 60
world: 1.75 -0.21 -0.87
pixel: 93 61
world: 1.75 -0.23 -0.87
pixel: 93 62
world: 1.75 -0.25 -0.87
pixel: 93 63
world: 1.75 -0.27 -0.87
pixel: 93 64
world: 1.75 -0.29 -0.87
pixel: 93 65
world: 1.75 -0.31 -0.87
pixel: 93 66
world: 1.75 -0.33 -0.87
pixel: 93 67
world: 1.75 -0.35 -0.87
pixel: 93 68
world: 1.75 -0.37 -0.87
pixel: 93 69
world: 1.75 -0.39 -0.87
pixel: 93 70
world: 1.75 -0.41 -0.87
pixel: 93 71
world: 1.75 -0.43 -0.87
pixel: 93 72
world: 1.75 -0.45 -0.87
pixel: 93 73
world: 1.75 -0.47 -0.87
pixel: 93 74
world: 1.75 -0.49 -0.87
pixel: 93 75
world: 1.75 -0.51 -0.87
pixel: 93 76
world: 1.75 -0.53 -0.87
pixel: 93 77
world: 1.75 -0.55 -0.87
pixel: 93 78
world: 1.75 -0.57 -0.87
pixel: 93 79
world: 1.75 -0.59 -0.87
pixel: 93 80
world: 1.75 -0.61 -0.87
pixel: 93 81
world: 1.75 -0.63 -0.87
pixel: 93 82
world: 1.75 -0.65 -0.87
pixel: 93 83
world: 1.75 -0.67 -0.87
pixel: 93 84
world: 1.75 -0.69 -0.87
pixel: 93 85
world: 1.75 -0.71 -0.87
pixel: 93 86
world: 1.75 -0.73 -0.87
pixel: 93 87
world: 1.75 -0.75 -0.87
pixel: 93 88
world: 1.75 -0.77 -0.87
pixel: 93 89
world: 1.75 -0.79 -0.87
pixel: 93 90
world: 1.75 -0.81 -0.87
pixel: 93 91
world: 1.75 -0.83 -0.87
pixel: 93 92
world: 1.75 -0.85 -0.87
pixel: 93 93
world: 1.75 -0.87 -0.87
pixel: 93 94
world: 1.75 -0.89 -0.87
pixel: 93 95
world: 1.75 -0.91 -0.87
pixel: 93 96
world: 1.75 -0.93 -0.87
pixel: 93 97
world: 1.75 -0.95 -0.87
pixel: 93 98
world: 1.75 -0.97 -0.87
pixel: 93 99
world: 1.75 -0.99 -0.87
pixel: 94 0
world: 1.75 0.99 -0.89
pixel: 94 1
world: 1.75 0.97 -0.89
pixel: 94 2
world: 1.75 0.95 -0.89
pixel: 94 3
world: 1.75 0.93 -0.89
pixel: 94 4
world: 1.75 0.91 -0.89
pixel: 94 5
world: 1.75 0.89 -0.89
pixel: 94 6
world: 1.75 0.87 -0.89
pixel: 94 7
world: 1.75 0.85 -0.89
pixel: 94 8
world: 1.75 0.83 -0.89
pixel: 94 9
world: 1.75 0.81 -0.89
pixel: 94 10
world: 1.75 0.79 -0.89
pixel: 94 11
world: 1.75 0.77 -0.89
pixel: 94 12
world: 1.75 0.75 -0.89
pixel: 94 13
world: 1.75 0.73 -0.89
pixel: 94 14
world: 1.75 0.71 -0.89
pixel: 94 15
world: 1.75 0.69 -0.89
pixel: 94 16
world: 1.75 0.67 -0.89
pixel: 94 17
world: 1.75 0.65 -0.89
pixel: 94 18
world: 1.75 0.63 -0.89
pixel: 94 19
world: 1.75 0.61 -0.89
pixel: 94 20
world: 1.75 0.59 -0.89
pixel: 94 21
world: 1.75 0.57 -0.89
pixel: 94 22
world: 1.75 0.55 -0.89
pixel: 94 23
world: 1.75 0.53 -0.89
pixel: 94 24
world: 1.75 0.51 -0.89
pixel: 94 25
world: 1.75 0.49 -0.89
pixel: 94 26
world: 1.75 0.47 -0.89
pixel: 94 27
world: 1.75 0.45 -0.89
pixel: 94 28
world: 1.75 0.43 -0.89
pixel: 94 29
world: 1.75 0.41 -0.89
pixel: 94 30
world: 1.75 0.39 -0.89
pixel: 94 31
world: 1.75 0.37 -0.89
pixel: 94 32
world: 1.75 0.35 -0.89
pixel: 94 33
world: 1.75 0.33 -0.89
pixel: 94 34
world: 1.75 0.31 -0.89
pixel: 94 35
world: 1.75 0.29 -0.89
pixel: 94 36
world: 1.75 0.27 -0.89
pixel: 94 37
world: 1.75 0.25 -0.89
pixel: 94 38
world: 1.75 0.23 -0.89
pixel: 94 39
world: 1.75 0.21 -0.89
pixel: 94 40
world: 1.75 0.19 -0.89
pixel: 94 41
world: 1.75 0.17 -0.89
pixel: 94 42
world: 1.75 0.15 -0.89
pixel: 94 43
world: 1.75 0.13 -0.89
pixel: 94 44
world: 1.75 0.11 -0.89
pixel: 94 45
world: 1.75 0.0899999 -0.89
pixel: 94 46
world: 1.75 0.0699999 -0.89
pixel: 94 47
world: 1.75 0.0499999 -0.89
pixel: 94 48
world: 1.75 0.03 -0.89
pixel: 94 49
world: 1.75 0.00999999 -0.89
pixel: 94 50
world: 1.75 -0.00999999 -0.89
pixel: 94 51
world: 1.75 -0.03 -0.89
pixel: 94 52
world: 1.75 -0.0499999 -0.89
pixel: 94 53
world: 1.75 -0.07 -0.89
pixel: 94 54
world: 1.75 -0.09 -0.89
pixel: 94 55
world: 1.75 -0.11 -0.89
pixel: 94 56
world: 1.75 -0.13 -0.89
pixel: 94 57
world: 1.75 -0.15 -0.89
pixel: 94 58
world: 1.75 -0.17 -0.89
pixel: 94 59
world: 1.75 -0.19 -0.89
pixel: 94 60
world: 1.75 -0.21 -0.89
pixel: 94 61
world: 1.75 -0.23 -0.89
pixel: 94 62
world: 1.75 -0.25 -0.89
pixel: 94 63
world: 1.75 -0.27 -0.89
pixel: 94 64
world: 1.75 -0.29 -0.89
pixel: 94 65
world: 1.75 -0.31 -0.89
pixel: 94 66
world: 1.75 -0.33 -0.89
pixel: 94 67
world: 1.75 -0.35 -0.89
pixel: 94 68
world: 1.75 -0.37 -0.89
pixel: 94 69
world: 1.75 -0.39 -0.89
pixel: 94 70
world: 1.75 -0.41 -0.89
pixel: 94 71
world: 1.75 -0.43 -0.89
pixel: 94 72
world: 1.75 -0.45 -0.89
pixel: 94 73
world: 1.75 -0.47 -0.89
pixel: 94 74
world: 1.75 -0.49 -0.89
pixel: 94 75
world: 1.75 -0.51 -0.89
pixel: 94 76
world: 1.75 -0.53 -0.89
pixel: 94 77
world: 1.75 -0.55 -0.89
pixel: 94 78
world: 1.75 -0.57 -0.89
pixel: 94 79
world: 1.75 -0.59 -0.89
pixel: 94 80
world: 1.75 -0.61 -0.89
pixel: 94 81
world: 1.75 -0.63 -0.89
pixel: 94 82
world: 1.75 -0.65 -0.89
pixel: 94 83
world: 1.75 -0.67 -0.89
pixel: 94 84
world: 1.75 -0.69 -0.89
pixel: 94 85
world: 1.75 -0.71 -0.89
pixel: 94 86
world: 1.75 -0.73 -0.89
pixel: 94 87
world: 1.75 -0.75 -0.89
pixel: 94 88
world: 1.75 -0.77 -0.89
pixel: 94 89
world: 1.75 -0.79 -0.89
pixel: 94 90
world: 1.75 -0.81 -0.89
pixel: 94 91
world: 1.75 -0.83 -0.89
pixel: 94 92
world: 1.75 -0.85 -0.89
pixel: 94 93
world: 1.75 -0.87 -0.89
pixel: 94 94
world: 1.75 -0.89 -0.89
pixel: 94 95
world: 1.75 -0.91 -0.89
pixel: 94 96
world: 1.75 -0.93 -0.89
pixel: 94 97
world: 1.75 -0.95 -0.89
pixel: 94 98
world: 1.75 -0.97 -0.89
pixel: 94 99
world: 1.75 -0.99 -0.89
pixel: 95 0
world: 1.75 0.99 -0.91
pixel: 95 1
world: 1.75 0.97 -0.91
pixel: 95 2
world: 1.75 0.95 -0.91
pixel: 95 3
world: 1.75 0.93 -0.91
pixel: 95 4
world: 1.75 0.91 -0.91
pixel: 95 5
world: 1.75 0.89 -0.91
pixel: 95 6
world: 1.75 0.87 -0.91
pixel: 95 7
world: 1.75 0.85 -0.91
pixel: 95 8
world: 1.75 0.83 -0.91
pixel: 95 9
world: 1.75 0.81 -0.91
pixel: 95 10
world: 1.75 0.79 -0.91
pixel: 95 11
world: 1.75 0.77 -0.91
pixel: 95 12
world: 1.75 0.75 -0.91
pixel: 95 13
world: 1.75 0.73 -0.91
pixel: 95 14
world: 1.75 0.71 -0.91
pixel: 95 15
world: 1.75 0.69 -0.91
pixel: 95 16
world: 1.75 0.67 -0.91
pixel: 95 17
world: 1.75 0.65 -0.91
pixel: 95 18
world: 1.75 0.63 -0.91
pixel: 95 19
world: 1.75 0.61 -0.91
pixel: 95 20
world: 1.75 0.59 -0.91
pixel: 95 21
world: 1.75 0.57 -0.91
pixel: 95 22
world: 1.75 0.55 -0.91
pixel: 95 23
world: 1.75 0.53 -0.91
pixel: 95 24
world: 1.75 0.51 -0.91
pixel: 95 25
world: 1.75 0.49 -0.91
pixel: 95 26
world: 1.75 0.47 -0.91
pixel: 95 27
world: 1.75 0.45 -0.91
pixel: 95 28
world: 1.75 0.43 -0.91
pixel: 95 29
world: 1.75 0.41 -0.91
pixel: 95 30
world: 1.75 0.39 -0.91
pixel: 95 31
world: 1.75 0.37 -0.91
pixel: 95 32
world: 1.75 0.35 -0.91
pixel: 95 33
world: 1.75 0.33 -0.91
pixel: 95 34
world: 1.75 0.31 -0.91
pixel: 95 35
world: 1.75 0.29 -0.91
pixel: 95 36
world: 1.75 0.27 -0.91
pixel: 95 37
world: 1.75 0.25 -0.91
pixel: 95 38
world: 1.75 0.23 -0.91
pixel: 95 39
world: 1.75 0.21 -0.91
pixel: 95 40
world: 1.75 0.19 -0.91
pixel: 95 41
world: 1.75 0.17 -0.91
pixel: 95 42
world: 1.75 0.15 -0.91
pixel: 95 43
world: 1.75 0.13 -0.91
pixel: 95 44
world: 1.75 0.11 -0.91
pixel: 95 45
world: 1.75 0.0899999 -0.91
pixel: 95 46
world: 1.75 0.0699999 -0.91
pixel: 95 47
world: 1.75 0.0499999 -0.91
pixel: 95 48
world: 1.75 0.03 -0.91
pixel: 95 49
world: 1.75 0.00999999 -0.91
pixel: 95 50
world: 1.75 -0.00999999 -0.91
pixel: 95 51
world: 1.75 -0.03 -0.91
pixel: 95 52
world: 1.75 -0.0499999 -0.91
pixel: 95 53
world: 1.75 -0.07 -0.91
pixel: 95 54
world: 1.75 -0.09 -0.91
pixel: 95 55
world: 1.75 -0.11 -0.91
pixel: 95 56
world: 1.75 -0.13 -0.91
pixel: 95 57
world: 1.75 -0.15 -0.91
pixel: 95 58
world: 1.75 -0.17 -0.91
pixel: 95 59
world: 1.75 -0.19 -0.91
pixel: 95 60
world: 1.75 -0.21 -0.91
pixel: 95 61
world: 1.75 -0.23 -0.91
pixel: 95 62
world: 1.75 -0.25 -0.91
pixel: 95 63
world: 1.75 -0.27 -0.91
pixel: 95 64
world: 1.75 -0.29 -0.91
pixel: 95 65
world: 1.75 -0.31 -0.91
pixel: 95 66
world: 1.75 -0.33 -0.91
pixel: 95 67
world: 1.75 -0.35 -0.91
pixel: 95 68
world: 1.75 -0.37 -0.91
pixel: 95 69
world: 1.75 -0.39 -0.91
pixel: 95 70
world: 1.75 -0.41 -0.91
pixel: 95 71
world: 1.75 -0.43 -0.91
pixel: 95 72
world: 1.75 -0.45 -0.91
pixel: 95 73
world: 1.75 -0.47 -0.91
pixel: 95 74
world: 1.75 -0.49 -0.91
pixel: 95 75
world: 1.75 -0.51 -0.91
pixel: 95 76
world: 1.75 -0.53 -0.91
pixel: 95 77
world: 1.75 -0.55 -0.91
pixel: 95 78
world: 1.75 -0.57 -0.91
pixel: 95 79
world: 1.75 -0.59 -0.91
pixel: 95 80
world: 1.75 -0.61 -0.91
pixel: 95 81
world: 1.75 -0.63 -0.91
pixel: 95 82
world: 1.75 -0.65 -0.91
pixel: 95 83
world: 1.75 -0.67 -0.91
pixel: 95 84
world: 1.75 -0.69 -0.91
pixel: 95 85
world: 1.75 -0.71 -0.91
pixel: 95 86
world: 1.75 -0.73 -0.91
pixel: 95 87
world: 1.75 -0.75 -0.91
pixel: 95 88
world: 1.75 -0.77 -0.91
pixel: 95 89
world: 1.75 -0.79 -0.91
pixel: 95 90
world: 1.75 -0.81 -0.91
pixel: 95 91
world: 1.75 -0.83 -0.91
pixel: 95 92
world: 1.75 -0.85 -0.91
pixel: 95 93
world: 1.75 -0.87 -0.91
pixel: 95 94
world: 1.75 -0.89 -0.91
pixel: 95 95
world: 1.75 -0.91 -0.91
pixel: 95 96
world: 1.75 -0.93 -0.91
pixel: 95 97
world: 1.75 -0.95 -0.91
pixel: 95 98
world: 1.75 -0.97 -0.91
pixel: 95 99
world: 1.75 -0.99 -0.91
pixel: 96 0
world: 1.75 0.99 -0.93
pixel: 96 1
world: 1.75 0.97 -0.93
pixel: 96 2
world: 1.75 0.95 -0.93
pixel: 96 3
world: 1.75 0.93 -0.93
pixel: 96 4
world: 1.75 0.91 -0.93
pixel: 96 5
world: 1.75 0.89 -0.93
pixel: 96 6
world: 1.75 0.87 -0.93
pixel: 96 7
world: 1.75 0.85 -0.93
pixel: 96 8
world: 1.75 0.83 -0.93
pixel: 96 9
world: 1.75 0.81 -0.93
pixel: 96 10
world: 1.75 0.79 -0.93
pixel: 96 11
world: 1.75 0.77 -0.93
pixel: 96 12
world: 1.75 0.75 -0.93
pixel: 96 13
world: 1.75 0.73 -0.93
pixel: 96 14
world: 1.75 0.71 -0.93
pixel: 96 15
world: 1.75 0.69 -0.93
pixel: 96 16
world: 1.75 0.67 -0.93
pixel: 96 17
world: 1.75 0.65 -0.93
pixel: 96 18
world: 1.75 0.63 -0.93
pixel: 96 19
world: 1.75 0.61 -0.93
pixel: 96 20
world: 1.75 0.59 -0.93
pixel: 96 21
world: 1.75 0.57 -0.93
pixel: 96 22
world: 1.75 0.55 -0.93
pixel: 96 23
world: 1.75 0.53 -0.93
pixel: 96 24
world: 1.75 0.51 -0.93
pixel: 96 25
world: 1.75 0.49 -0.93
pixel: 96 26
world: 1.75 0.47 -0.93
pixel: 96 27
world: 1.75 0.45 -0.93
pixel: 96 28
world: 1.75 0.43 -0.93
pixel: 96 29
world: 1.75 0.41 -0.93
pixel: 96 30
world: 1.75 0.39 -0.93
pixel: 96 31
world: 1.75 0.37 -0.93
pixel: 96 32
world: 1.75 0.35 -0.93
pixel: 96 33
world: 1.75 0.33 -0.93
pixel: 96 34
world: 1.75 0.31 -0.93
pixel: 96 35
world: 1.75 0.29 -0.93
pixel: 96 36
world: 1.75 0.27 -0.93
pixel: 96 37
world: 1.75 0.25 -0.93
pixel: 96 38
world: 1.75 0.23 -0.93
pixel: 96 39
world: 1.75 0.21 -0.93
pixel: 96 40
world: 1.75 0.19 -0.93
pixel: 96 41
world: 1.75 0.17 -0.93
pixel: 96 42
world: 1.75 0.15 -0.93
pixel: 96 43
world: 1.75 0.13 -0.93
pixel: 96 44
world: 1.75 0.11 -0.93
pixel: 96 45
world: 1.75 0.0899999 -0.93
pixel: 96 46
world: 1.75 0.0699999 -0.93
pixel: 96 47
world: 1.75 0.0499999 -0.93
pixel: 96 48
world: 1.75 0.03 -0.93
pixel: 96 49
world: 1.75 0.00999999 -0.93
pixel: 96 50
world: 1.75 -0.00999999 -0.93
pixel: 96 51
world: 1.75 -0.03 -0.93
pixel: 96 52
world: 1.75 -0.0499999 -0.93
pixel: 96 53
world: 1.75 -0.07 -0.93
pixel: 96 54
world: 1.75 -0.09 -0.93
pixel: 96 55
world: 1.75 -0.11 -0.93
pixel: 96 56
world: 1.75 -0.13 -0.93
pixel: 96 57
world: 1.75 -0.15 -0.93
pixel: 96 58
world: 1.75 -0.17 -0.93
pixel: 96 59
world: 1.75 -0.19 -0.93
pixel: 96 60
world: 1.75 -0.21 -0.93
pixel: 96 61
world: 1.75 -0.23 -0.93
pixel: 96 62
world: 1.75 -0.25 -0.93
pixel: 96 63
world: 1.75 -0.27 -0.93
pixel: 96 64
world: 1.75 -0.29 -0.93
pixel: 96 65
world: 1.75 -0.31 -0.93
pixel: 96 66
world: 1.75 -0.33 -0.93
pixel: 96 67
world: 1.75 -0.35 -0.93
pixel: 96 68
world: 1.75 -0.37 -0.93
pixel: 96 69
world: 1.75 -0.39 -0.93
pixel: 96 70
world: 1.75 -0.41 -0.93
pixel: 96 71
world: 1.75 -0.43 -0.93
pixel: 96 72
world: 1.75 -0.45 -0.93
pixel: 96 73
world: 1.75 -0.47 -0.93
pixel: 96 74
world: 1.75 -0.49 -0.93
pixel: 96 75
world: 1.75 -0.51 -0.93
pixel: 96 76
world: 1.75 -0.53 -0.93
pixel: 96 77
world: 1.75 -0.55 -0.93
pixel: 96 78
world: 1.75 -0.57 -0.93
pixel: 96 79
world: 1.75 -0.59 -0.93
pixel: 96 80
world: 1.75 -0.61 -0.93
pixel: 96 81
world: 1.75 -0.63 -0.93
pixel: 96 82
world: 1.75 -0.65 -0.93
pixel: 96 83
world: 1.75 -0.67 -0.93
pixel: 96 84
world: 1.75 -0.69 -0.93
pixel: 96 85
world: 1.75 -0.71 -0.93
pixel: 96 86
world: 1.75 -0.73 -0.93
pixel: 96 87
world: 1.75 -0.75 -0.93
pixel: 96 88
world: 1.75 -0.77 -0.93
pixel: 96 89
world: 1.75 -0.79 -0.93
pixel: 96 90
world: 1.75 -0.81 -0.93
pixel: 96 91
world: 1.75 -0.83 -0.93
pixel: 96 92
world: 1.75 -0.85 -0.93
pixel: 96 93
world: 1.75 -0.87 -0.93
pixel: 96 94
world: 1.75 -0.89 -0.93
pixel: 96 95
world: 1.75 -0.91 -0.93
pixel: 96 96
world: 1.75 -0.93 -0.93
pixel: 96 97
world: 1.75 -0.95 -0.93
pixel: 96 98
world: 1.75 -0.97 -0.93
pixel: 96 99
world: 1.75 -0.99 -0.93
pixel: 97 0
world: 1.75 0.99 -0.95
pixel: 97 1
world: 1.75 0.97 -0.95
pixel: 97 2
world: 1.75 0.95 -0.95
pixel: 97 3
world: 1.75 0.93 -0.95
pixel: 97 4
world: 1.75 0.91 -0.95
pixel: 97 5
world: 1.75 0.89 -0.95
pixel: 97 6
world: 1.75 0.87 -0.95
pixel: 97 7
world: 1.75 0.85 -0.95
pixel: 97 8
world: 1.75 0.83 -0.95
pixel: 97 9
world: 1.75 0.81 -0.95
pixel: 97 10
world: 1.75 0.79 -0.95
pixel: 97 11
world: 1.75 0.77 -0.95
pixel: 97 12
world: 1.75 0.75 -0.95
pixel: 97 13
world: 1.75 0.73 -0.95
pixel: 97 14
world: 1.75 0.71 -0.95
pixel: 97 15
world: 1.75 0.69 -0.95
pixel: 97 16
world: 1.75 0.67 -0.95
pixel: 97 17
world: 1.75 0.65 -0.95
pixel: 97 18
world: 1.75 0.63 -0.95
pixel: 97 19
world: 1.75 0.61 -0.95
pixel: 97 20
world: 1.75 0.59 -0.95
pixel: 97 21
world: 1.75 0.57 -0.95
pixel: 97 22
world: 1.75 0.55 -0.95
pixel: 97 23
world: 1.75 0.53 -0.95
pixel: 97 24
world: 1.75 0.51 -0.95
pixel: 97 25
world: 1.75 0.49 -0.95
pixel: 97 26
world: 1.75 0.47 -0.95
pixel: 97 27
world: 1.75 0.45 -0.95
pixel: 97 28
world: 1.75 0.43 -0.95
pixel: 97 29
world: 1.75 0.41 -0.95
pixel: 97 30
world: 1.75 0.39 -0.95
pixel: 97 31
world: 1.75 0.37 -0.95
pixel: 97 32
world: 1.75 0.35 -0.95
pixel: 97 33
world: 1.75 0.33 -0.95
pixel: 97 34
world: 1.75 0.31 -0.95
pixel: 97 35
world: 1.75 0.29 -0.95
pixel: 97 36
world: 1.75 0.27 -0.95
pixel: 97 37
world: 1.75 0.25 -0.95
pixel: 97 38
world: 1.75 0.23 -0.95
pixel: 97 39
world: 1.75 0.21 -0.95
pixel: 97 40
world: 1.75 0.19 -0.95
pixel: 97 41
world: 1.75 0.17 -0.95
pixel: 97 42
world: 1.75 0.15 -0.95
pixel: 97 43
world: 1.75 0.13 -0.95
pixel: 97 44
world: 1.75 0.11 -0.95
pixel: 97 45
world: 1.75 0.0899999 -0.95
pixel: 97 46
world: 1.75 0.0699999 -0.95
pixel: 97 47
world: 1.75 0.0499999 -0.95
pixel: 97 48
world: 1.75 0.03 -0.95
pixel: 97 49
world: 1.75 0.00999999 -0.95
pixel: 97 50
world: 1.75 -0.00999999 -0.95
pixel: 97 51
world: 1.75 -0.03 -0.95
pixel: 97 52
world: 1.75 -0.0499999 -0.95
pixel: 97 53
world: 1.75 -0.07 -0.95
pixel: 97 54
world: 1.75 -0.09 -0.95
pixel: 97 55
world: 1.75 -0.11 -0.95
pixel: 97 56
world: 1.75 -0.13 -0.95
pixel: 97 57
world: 1.75 -0.15 -0.95
pixel: 97 58
world: 1.75 -0.17 -0.95
pixel: 97 59
world: 1.75 -0.19 -0.95
pixel: 97 60
world: 1.75 -0.21 -0.95
pixel: 97 61
world: 1.75 -0.23 -0.95
pixel: 97 62
world: 1.75 -0.25 -0.95
pixel: 97 63
world: 1.75 -0.27 -0.95
pixel: 97 64
world: 1.75 -0.29 -0.95
pixel: 97 65
world: 1.75 -0.31 -0.95
pixel: 97 66
world: 1.75 -0.33 -0.95
pixel: 97 67
world: 1.75 -0.35 -0.95
pixel: 97 68
world: 1.75 -0.37 -0.95
pixel: 97 69
world: 1.75 -0.39 -0.95
pixel: 97 70
world: 1.75 -0.41 -0.95
pixel: 97 71
world: 1.75 -0.43 -0.95
pixel: 97 72
world: 1.75 -0.45 -0.95
pixel: 97 73
world: 1.75 -0.47 -0.95
pixel: 97 74
world: 1.75 -0.49 -0.95
pixel: 97 75
world: 1.75 -0.51 -0.95
pixel: 97 76
world: 1.75 -0.53 -0.95
pixel: 97 77
world: 1.75 -0.55 -0.95
pixel: 97 78
world: 1.75 -0.57 -0.95
pixel: 97 79
world: 1.75 -0.59 -0.95
pixel: 97 80
world: 1.75 -0.61 -0.95
pixel: 97 81
world: 1.75 -0.63 -0.95
pixel: 97 82
world: 1.75 -0.65 -0.95
pixel: 97 83
world: 1.75 -0.67 -0.95
pixel: 97 84
world: 1.75 -0.69 -0.95
pixel: 97 85
world: 1.75 -0.71 -0.95
pixel: 97 86
world: 1.75 -0.73 -0.95
pixel: 97 87
world: 1.75 -0.75 -0.95
pixel: 97 88
world: 1.75 -0.77 -0.95
pixel: 97 89
world: 1.75 -0.79 -0.95
pixel: 97 90
world: 1.75 -0.81 -0.95
pixel: 97 91
world: 1.75 -0.83 -0.95
pixel: 97 92
world: 1.75 -0.85 -0.95
pixel: 97 93
world: 1.75 -0.87 -0.95
pixel: 97 94
world: 1.75 -0.89 -0.95
pixel: 97 95
world: 1.75 -0.91 -0.95
pixel: 97 96
world: 1.75 -0.93 -0.95
pixel: 97 97
world: 1.75 -0.95 -0.95
pixel: 97 98
world: 1.75 -0.97 -0.95
pixel: 97 99
world: 1.75 -0.99 -0.95
pixel: 98 0
world: 1.75 0.99 -0.97
pixel: 98 1
world: 1.75 0.97 -0.97
pixel: 98 2
world: 1.75 0.95 -0.97
pixel: 98 3
world: 1.75 0.93 -0.97
pixel: 98 4
world: 1.75 0.91 -0.97
pixel: 98 5
world: 1.75 0.89 -0.97
pixel: 98 6
world: 1.75 0.87 -0.97
pixel: 98 7
world: 1.75 0.85 -0.97
pixel: 98 8
world: 1.75 0.83 -0.97
pixel: 98 9
world: 1.75 0.81 -0.97
pixel: 98 10
world: 1.75 0.79 -0.97
pixel: 98 11
world: 1.75 0.77 -0.97
pixel: 98 12
world: 1.75 0.75 -0.97
pixel: 98 13
world: 1.75 0.73 -0.97
pixel: 98 14
world: 1.75 0.71 -0.97
pixel: 98 15
world: 1.75 0.69 -0.97
pixel: 98 16
world: 1.75 0.67 -0.97
pixel: 98 17
world: 1.75 0.65 -0.97
pixel: 98 18
world: 1.75 0.63 -0.97
pixel: 98 19
world: 1.75 0.61 -0.97
pixel: 98 20
world: 1.75 0.59 -0.97
pixel: 98 21
world: 1.75 0.57 -0.97
pixel: 98 22
world: 1.75 0.55 -0.97
pixel: 98 23
world: 1.75 0.53 -0.97
pixel: 98 24
world: 1.75 0.51 -0.97
pixel: 98 25
world: 1.75 0.49 -0.97
pixel: 98 26
world: 1.75 0.47 -0.97
pixel: 98 27
world: 1.75 0.45 -0.97
pixel: 98 28
world: 1.75 0.43 -0.97
pixel: 98 29
world: 1.75 0.41 -0.97
pixel: 98 30
world: 1.75 0.39 -0.97
pixel: 98 31
world: 1.75 0.37 -0.97
pixel: 98 32
world: 1.75 0.35 -0.97
pixel: 98 33
world: 1.75 0.33 -0.97
pixel: 98 34
world: 1.75 0.31 -0.97
pixel: 98 35
world: 1.75 0.29 -0.97
pixel: 98 36
world: 1.75 0.27 -0.97
pixel: 98 37
world: 1.75 0.25 -0.97
pixel: 98 38
world: 1.75 0.23 -0.97
pixel: 98 39
world: 1.75 0.21 -0.97
pixel: 98 40
world: 1.75 0.19 -0.97
pixel: 98 41
world: 1.75 0.17 -0.97
pixel: 98 42
world: 1.75 0.15 -0.97
pixel: 98 43
world: 1.75 0.13 -0.97
pixel: 98 44
world: 1.75 0.11 -0.97
pixel: 98 45
world: 1.75 0.0899999 -0.97
pixel: 98 46
world: 1.75 0.0699999 -0.97
pixel: 98 47
world: 1.75 0.0499999 -0.97
pixel: 98 48
world: 1.75 0.03 -0.97
pixel: 98 49
world: 1.75 0.00999999 -0.97
pixel: 98 50
world: 1.75 -0.00999999 -0.97
pixel: 98 51
world: 1.75 -0.03 -0.97
pixel: 98 52
world: 1.75 -0.0499999 -0.97
pixel: 98 53
world: 1.75 -0.07 -0.97
pixel: 98 54
world: 1.75 -0.09 -0.97
pixel: 98 55
world: 1.75 -0.11 -0.97
pixel: 98 56
world: 1.75 -0.13 -0.97
pixel: 98 57
world: 1.75 -0.15 -0.97
pixel: 98 58
world: 1.75 -0.17 -0.97
pixel: 98 59
world: 1.75 -0.19 -0.97
pixel: 98 60
world: 1.75 -0.21 -0.97
pixel: 98 61
world: 1.75 -0.23 -0.97
pixel: 98 62
world: 1.75 -0.25 -0.97
pixel: 98 63
world: 1.75 -0.27 -0.97
pixel: 98 64
world: 1.75 -0.29 -0.97
pixel: 98 65
world: 1.75 -0.31 -0.97
pixel: 98 66
world: 1.75 -0.33 -0.97
pixel: 98 67
world: 1.75 -0.35 -0.97
pixel: 98 68
world: 1.75 -0.37 -0.97
pixel: 98 69
world: 1.75 -0.39 -0.97
pixel: 98 70
world: 1.75 -0.41 -0.97
pixel: 98 71
world: 1.75 -0.43 -0.97
pixel: 98 72
world: 1.75 -0.45 -0.97
pixel: 98 73
world: 1.75 -0.47 -0.97
pixel: 98 74
world: 1.75 -0.49 -0.97
pixel: 98 75
world: 1.75 -0.51 -0.97
pixel: 98 76
world: 1.75 -0.53 -0.97
pixel: 98 77
world: 1.75 -0.55 -0.97
pixel: 98 78
world: 1.75 -0.57 -0.97
pixel: 98 79
world: 1.75 -0.59 -0.97
pixel: 98 80
world: 1.75 -0.61 -0.97
pixel: 98 81
world: 1.75 -0.63 -0.97
pixel: 98 82
world: 1.75 -0.65 -0.97
pixel: 98 83
world: 1.75 -0.67 -0.97
pixel: 98 84
world: 1.75 -0.69 -0.97
pixel: 98 85
world: 1.75 -0.71 -0.97
pixel: 98 86
world: 1.75 -0.73 -0.97
pixel: 98 87
world: 1.75 -0.75 -0.97
pixel: 98 88
world: 1.75 -0.77 -0.97
pixel: 98 89
world: 1.75 -0.79 -0.97
pixel: 98 90
world: 1.75 -0.81 -0.97
pixel: 98 91
world: 1.75 -0.83 -0.97
pixel: 98 92
world: 1.75 -0.85 -0.97
pixel: 98 93
world: 1.75 -0.87 -0.97
pixel: 98 94
world: 1.75 -0.89 -0.97
pixel: 98 95
world: 1.75 -0.91 -0.97
pixel: 98 96
world: 1.75 -0.93 -0.97
pixel: 98 97
world: 1.75 -0.95 -0.97
pixel: 98 98
world: 1.75 -0.97 -0.97
pixel: 98 99
world: 1.75 -0.99 -0.97
pixel: 99 0
world: 1.75 0.99 -0.99
pixel: 99 1
world: 1.75 0.97 -0.99
pixel: 99 2
world: 1.75 0.95 -0.99
pixel: 99 3
world: 1.75 0.93 -0.99
pixel: 99 4
world: 1.75 0.91 -0.99
pixel: 99 5
world: 1.75 0.89 -0.99
pixel: 99 6
world: 1.75 0.87 -0.99
pixel: 99 7
world: 1.75 0.85 -0.99
pixel: 99 8
world: 1.75 0.83 -0.99
pixel: 99 9
world: 1.75 0.81 -0.99
pixel: 99 10
world: 1.75 0.79 -0.99
pixel: 99 11
world: 1.75 0.77 -0.99
pixel: 99 12
world: 1.75 0.75 -0.99
pixel: 99 13
world: 1.75 0.73 -0.99
pixel: 99 14
world: 1.75 0.71 -0.99
pixel: 99 15
world: 1.75 0.69 -0.99
pixel: 99 16
world: 1.75 0.67 -0.99
pixel: 99 17
world: 1.75 0.65 -0.99
pixel: 99 18
world: 1.75 0.63 -0.99
pixel: 99 19
world: 1.75 0.61 -0.99
pixel: 99 20
world: 1.75 0.59 -0.99
pixel: 99 21
world: 1.75 0.57 -0.99
pixel: 99 22
world: 1.75 0.55 -0.99
pixel: 99 23
world: 1.75 0.53 -0.99
pixel: 99 24
world: 1.75 0.51 -0.99
pixel: 99 25
world: 1.75 0.49 -0.99
pixel: 99 26
world: 1.75 0.47 -0.99
pixel: 99 27
world: 1.75 0.45 -0.99
pixel: 99 28
world: 1.75 0.43 -0.99
pixel: 99 29
world: 1.75 0.41 -0.99
pixel: 99 30
world: 1.75 0.39 -0.99
pixel: 99 31
world: 1.75 0.37 -0.99
pixel: 99 32
world: 1.75 0.35 -0.99
pixel: 99 33
world: 1.75 0.33 -0.99
pixel: 99 34
world: 1.75 0.31 -0.99
pixel: 99 35
world: 1.75 0.29 -0.99
pixel: 99 36
world: 1.75 0.27 -0.99
pixel: 99 37
world: 1.75 0.25 -0.99
pixel: 99 38
world: 1.75 0.23 -0.99
pixel: 99 39
world: 1.75 0.21 -0.99
pixel: 99 40
world: 1.75 0.19 -0.99
pixel: 99 41
world: 1.75 0.17 -0.99
pixel: 99 42
world: 1.75 0.15 -0.99
pixel: 99 43
world: 1.75 0.13 -0.99
pixel: 99 44
world: 1.75 0.11 -0.99
pixel: 99 45
world: 1.75 0.0899999 -0.99
pixel: 99 46
world: 1.75 0.0699999 -0.99
pixel: 99 47
world: 1.75 0.0499999 -0.99
pixel: 99 48
world: 1.75 0.03 -0.99
pixel: 99 49
world: 1.75 0.00999999 -0.99
pixel: 99 50
world: 1.75 -0.00999999 -0.99
pixel: 99 51
world: 1.75 -0.03 -0.99
pixel: 99 52
world: 1.75 -0.0499999 -0.99
pixel: 99 53
world: 1.75 -0.07 -0.99
pixel: 99 54
world: 1.75 -0.09 -0.99
pixel: 99 55
world: 1.75 -0.11 -0.99
pixel: 99 56
world: 1.75 -0.13 -0.99
pixel: 99 57
world: 1.75 -0.15 -0.99
pixel: 99 58
world: 1.75 -0.17 -0.99
pixel: 99 59
world: 1.75 -0.19 -0.99
pixel: 99 60
world: 1.75 -0.21 -0.99
pixel: 99 61
world: 1.75 -0.23 -0.99
pixel: 99 62
world: 1.75 -0.25 -0.99
pixel: 99 63
world: 1.75 -0.27 -0.99
pixel: 99 64
world: 1.75 -0.29 -0.99
pixel: 99 65
world: 1.75 -0.31 -0.99
pixel: 99 66
world: 1.75 -0.33 -0.99
pixel: 99 67
world: 1.75 -0.35 -0.99
pixel: 99 68
world: 1.75 -0.37 -0.99
pixel: 99 69
world: 1.75 -0.39 -0.99
pixel: 99 70
world: 1.75 -0.41 -0.99
pixel: 99 71
world: 1.75 -0.43 -0.99
pixel: 99 72
world: 1.75 -0.45 -0.99
pixel: 99 73
world: 1.75 -0.47 -0.99
pixel: 99 74
world: 1.75 -0.49 -0.99
pixel: 99 75
world: 1.75 -0.51 -0.99
pixel: 99 76
world: 1.75 -0.53 -0.99
pixel: 99 77
world: 1.75 -0.55 -0.99
pixel: 99 78
world: 1.75 -0.57 -0.99
pixel: 99 79
world: 1.75 -0.59 -0.99
pixel: 99 80
world: 1.75 -0.61 -0.99
pixel: 99 81
world: 1.75 -0.63 -0.99
pixel: 99 82
world: 1.75 -0.65 -0.99
pixel: 99 83
world: 1.75 -0.67 -0.99
pixel: 99 84
world: 1.75 -0.69 -0.99
pixel: 99 85
world: 1.75 -0.71 -0.99
pixel: 99 86
world: 1.75 -0.73 -0.99
pixel: 99 87
world: 1.75 -0.75 -0.99
pixel: 99 88
world: 1.75 -0.77 -0.99
pixel: 99 89
world: 1.75 -0.79 -0.99
pixel: 99 90
world: 1.75 -0.81 -0.99
pixel: 99 91
world: 1.75 -0.83 -0.99
pixel: 99 92
world: 1.75 -0.85 -0.99
pixel: 99 93
world: 1.75 -0.87 -0.99
pixel: 99 94
world: 1.75 -0.89 -0.99
pixel: 99 95
world: 1.75 -0.91 -0.99
pixel: 99 96
world: 1.75 -0.93 -0.99
pixel: 99 97
world: 1.75 -0.95 -0.99
pixel: 99 98
world: 1.75 -0.97 -0.99
pixel: 99 99
world: 1.75 -0.99 -0.99
