pixel: 0 0
pixel: 0 1
pixel: 0 2
pixel: 0 3
pixel: 0 4
pixel: 0 5
pixel: 0 6
pixel: 0 7
pixel: 0 8
pixel: 0 9
pixel: 0 10
pixel: 0 11
pixel: 0 12
pixel: 0 13
pixel: 0 14
pixel: 0 15
pixel: 0 16
pixel: 0 17
pixel: 0 18
pixel: 0 19
pixel: 0 20
pixel: 0 21
pixel: 0 22
pixel: 0 23
pixel: 0 24
pixel: 0 25
pixel: 0 26
pixel: 0 27
pixel: 0 28
pixel: 0 29
pixel: 0 30
pixel: 0 31
pixel: 0 32
pixel: 0 33
pixel: 0 34
pixel: 0 35
pixel: 0 36
pixel: 0 37
pixel: 0 38
pixel: 0 39
pixel: 0 40
pixel: 0 41
pixel: 0 42
pixel: 0 43
pixel: 0 44
pixel: 0 45
pixel: 0 46
pixel: 0 47
pixel: 0 48
pixel: 0 49
pixel: 0 50
pixel: 0 51
pixel: 0 52
pixel: 0 53
pixel: 0 54
pixel: 0 55
pixel: 0 56
pixel: 0 57
pixel: 0 58
pixel: 0 59
pixel: 0 60
pixel: 0 61
pixel: 0 62
pixel: 0 63
pixel: 0 64
pixel: 0 65
pixel: 0 66
pixel: 0 67
pixel: 0 68
pixel: 0 69
pixel: 0 70
pixel: 0 71
pixel: 0 72
pixel: 0 73
pixel: 0 74
pixel: 0 75
pixel: 0 76
pixel: 0 77
pixel: 0 78
pixel: 0 79
pixel: 0 80
pixel: 0 81
pixel: 0 82
pixel: 0 83
pixel: 0 84
pixel: 0 85
pixel: 0 86
pixel: 0 87
pixel: 0 88
pixel: 0 89
pixel: 0 90
pixel: 0 91
pixel: 0 92
pixel: 0 93
pixel: 0 94
pixel: 0 95
pixel: 0 96
pixel: 0 97
pixel: 0 98
pixel: 0 99
pixel: 0 100
pixel: 0 101
pixel: 0 102
pixel: 0 103
pixel: 0 104
pixel: 0 105
pixel: 0 106
pixel: 0 107
pixel: 0 108
pixel: 0 109
pixel: 0 110
pixel: 0 111
pixel: 0 112
pixel: 0 113
pixel: 0 114
pixel: 0 115
pixel: 0 116
pixel: 0 117
pixel: 0 118
pixel: 0 119
pixel: 0 120
pixel: 0 121
pixel: 0 122
pixel: 0 123
pixel: 0 124
pixel: 0 125
pixel: 0 126
pixel: 0 127
pixel: 0 128
pixel: 0 129
pixel: 0 130
pixel: 0 131
pixel: 0 132
pixel: 0 133
pixel: 0 134
pixel: 0 135
pixel: 0 136
pixel: 0 137
pixel: 0 138
pixel: 0 139
pixel: 0 140
pixel: 0 141
pixel: 0 142
pixel: 0 143
pixel: 0 144
pixel: 0 145
pixel: 0 146
pixel: 0 147
pixel: 0 148
pixel: 0 149
pixel: 0 150
pixel: 0 151
pixel: 0 152
pixel: 0 153
pixel: 0 154
pixel: 0 155
pixel: 0 156
pixel: 0 157
pixel: 0 158
pixel: 0 159
pixel: 0 160
pixel: 0 161
pixel: 0 162
pixel: 0 163
pixel: 0 164
pixel: 0 165
pixel: 0 166
pixel: 0 167
pixel: 0 168
pixel: 0 169
pixel: 0 170
pixel: 0 171
pixel: 0 172
pixel: 0 173
pixel: 0 174
pixel: 0 175
pixel: 0 176
pixel: 0 177
pixel: 0 178
pixel: 0 179
pixel: 0 180
pixel: 0 181
pixel: 0 182
pixel: 0 183
pixel: 0 184
pixel: 0 185
pixel: 0 186
pixel: 0 187
pixel: 0 188
pixel: 0 189
pixel: 0 190
pixel: 0 191
pixel: 0 192
pixel: 0 193
pixel: 0 194
pixel: 0 195
pixel: 0 196
pixel: 0 197
pixel: 0 198
pixel: 0 199
pixel: 1 0
pixel: 1 1
pixel: 1 2
pixel: 1 3
pixel: 1 4
pixel: 1 5
pixel: 1 6
pixel: 1 7
pixel: 1 8
pixel: 1 9
pixel: 1 10
pixel: 1 11
pixel: 1 12
pixel: 1 13
pixel: 1 14
pixel: 1 15
pixel: 1 16
pixel: 1 17
pixel: 1 18
pixel: 1 19
pixel: 1 20
pixel: 1 21
pixel: 1 22
pixel: 1 23
pixel: 1 24
pixel: 1 25
pixel: 1 26
pixel: 1 27
pixel: 1 28
pixel: 1 29
pixel: 1 30
pixel: 1 31
pixel: 1 32
pixel: 1 33
pixel: 1 34
pixel: 1 35
pixel: 1 36
pixel: 1 37
pixel: 1 38
pixel: 1 39
pixel: 1 40
pixel: 1 41
pixel: 1 42
pixel: 1 43
pixel: 1 44
pixel: 1 45
pixel: 1 46
pixel: 1 47
pixel: 1 48
pixel: 1 49
pixel: 1 50
pixel: 1 51
pixel: 1 52
pixel: 1 53
pixel: 1 54
pixel: 1 55
pixel: 1 56
pixel: 1 57
pixel: 1 58
pixel: 1 59
pixel: 1 60
pixel: 1 61
pixel: 1 62
pixel: 1 63
pixel: 1 64
pixel: 1 65
pixel: 1 66
pixel: 1 67
pixel: 1 68
pixel: 1 69
pixel: 1 70
pixel: 1 71
pixel: 1 72
pixel: 1 73
pixel: 1 74
pixel: 1 75
pixel: 1 76
pixel: 1 77
pixel: 1 78
pixel: 1 79
pixel: 1 80
pixel: 1 81
pixel: 1 82
pixel: 1 83
pixel: 1 84
pixel: 1 85
pixel: 1 86
pixel: 1 87
pixel: 1 88
pixel: 1 89
pixel: 1 90
pixel: 1 91
pixel: 1 92
pixel: 1 93
pixel: 1 94
pixel: 1 95
pixel: 1 96
pixel: 1 97
pixel: 1 98
pixel: 1 99
pixel: 1 100
pixel: 1 101
pixel: 1 102
pixel: 1 103
pixel: 1 104
pixel: 1 105
pixel: 1 106
pixel: 1 107
pixel: 1 108
pixel: 1 109
pixel: 1 110
pixel: 1 111
pixel: 1 112
pixel: 1 113
pixel: 1 114
pixel: 1 115
pixel: 1 116
pixel: 1 117
pixel: 1 118
pixel: 1 119
pixel: 1 120
pixel: 1 121
pixel: 1 122
pixel: 1 123
pixel: 1 124
pixel: 1 125
pixel: 1 126
pixel: 1 127
pixel: 1 128
pixel: 1 129
pixel: 1 130
pixel: 1 131
pixel: 1 132
pixel: 1 133
pixel: 1 134
pixel: 1 135
pixel: 1 136
pixel: 1 137
pixel: 1 138
pixel: 1 139
pixel: 1 140
pixel: 1 141
pixel: 1 142
pixel: 1 143
pixel: 1 144
pixel: 1 145
pixel: 1 146
pixel: 1 147
pixel: 1 148
pixel: 1 149
pixel: 1 150
pixel: 1 151
pixel: 1 152
pixel: 1 153
pixel: 1 154
pixel: 1 155
pixel: 1 156
pixel: 1 157
pixel: 1 158
pixel: 1 159
pixel: 1 160
pixel: 1 161
pixel: 1 162
pixel: 1 163
pixel: 1 164
pixel: 1 165
pixel: 1 166
pixel: 1 167
pixel: 1 168
pixel: 1 169
pixel: 1 170
pixel: 1 171
pixel: 1 172
pixel: 1 173
pixel: 1 174
pixel: 1 175
pixel: 1 176
pixel: 1 177
pixel: 1 178
pixel: 1 179
pixel: 1 180
pixel: 1 181
pixel: 1 182
pixel: 1 183
pixel: 1 184
pixel: 1 185
pixel: 1 186
pixel: 1 187
pixel: 1 188
pixel: 1 189
pixel: 1 190
pixel: 1 191
pixel: 1 192
pixel: 1 193
pixel: 1 194
pixel: 1 195
pixel: 1 196
pixel: 1 197
pixel: 1 198
pixel: 1 199
pixel: 2 0
pixel: 2 1
pixel: 2 2
pixel: 2 3
pixel: 2 4
pixel: 2 5
pixel: 2 6
pixel: 2 7
pixel: 2 8
pixel: 2 9
pixel: 2 10
pixel: 2 11
pixel: 2 12
pixel: 2 13
pixel: 2 14
pixel: 2 15
pixel: 2 16
pixel: 2 17
pixel: 2 18
pixel: 2 19
pixel: 2 20
pixel: 2 21
pixel: 2 22
pixel: 2 23
pixel: 2 24
pixel: 2 25
pixel: 2 26
pixel: 2 27
pixel: 2 28
pixel: 2 29
pixel: 2 30
pixel: 2 31
pixel: 2 32
pixel: 2 33
pixel: 2 34
pixel: 2 35
pixel: 2 36
pixel: 2 37
pixel: 2 38
pixel: 2 39
pixel: 2 40
pixel: 2 41
pixel: 2 42
pixel: 2 43
pixel: 2 44
pixel: 2 45
pixel: 2 46
pixel: 2 47
pixel: 2 48
pixel: 2 49
pixel: 2 50
pixel: 2 51
pixel: 2 52
pixel: 2 53
pixel: 2 54
pixel: 2 55
pixel: 2 56
pixel: 2 57
pixel: 2 58
pixel: 2 59
pixel: 2 60
pixel: 2 61
pixel: 2 62
pixel: 2 63
pixel: 2 64
pixel: 2 65
pixel: 2 66
pixel: 2 67
pixel: 2 68
pixel: 2 69
pixel: 2 70
pixel: 2 71
pixel: 2 72
pixel: 2 73
pixel: 2 74
pixel: 2 75
pixel: 2 76
pixel: 2 77
pixel: 2 78
pixel: 2 79
pixel: 2 80
pixel: 2 81
pixel: 2 82
pixel: 2 83
pixel: 2 84
pixel: 2 85
pixel: 2 86
pixel: 2 87
pixel: 2 88
pixel: 2 89
pixel: 2 90
pixel: 2 91
pixel: 2 92
pixel: 2 93
pixel: 2 94
pixel: 2 95
pixel: 2 96
pixel: 2 97
pixel: 2 98
pixel: 2 99
pixel: 2 100
pixel: 2 101
pixel: 2 102
pixel: 2 103
pixel: 2 104
pixel: 2 105
pixel: 2 106
pixel: 2 107
pixel: 2 108
pixel: 2 109
pixel: 2 110
pixel: 2 111
pixel: 2 112
pixel: 2 113
pixel: 2 114
pixel: 2 115
pixel: 2 116
pixel: 2 117
pixel: 2 118
pixel: 2 119
pixel: 2 120
pixel: 2 121
pixel: 2 122
pixel: 2 123
pixel: 2 124
pixel: 2 125
pixel: 2 126
pixel: 2 127
pixel: 2 128
pixel: 2 129
pixel: 2 130
pixel: 2 131
pixel: 2 132
pixel: 2 133
pixel: 2 134
pixel: 2 135
pixel: 2 136
pixel: 2 137
pixel: 2 138
pixel: 2 139
pixel: 2 140
pixel: 2 141
pixel: 2 142
pixel: 2 143
pixel: 2 144
pixel: 2 145
pixel: 2 146
pixel: 2 147
pixel: 2 148
pixel: 2 149
pixel: 2 150
pixel: 2 151
pixel: 2 152
pixel: 2 153
pixel: 2 154
pixel: 2 155
pixel: 2 156
pixel: 2 157
pixel: 2 158
pixel: 2 159
pixel: 2 160
pixel: 2 161
pixel: 2 162
pixel: 2 163
pixel: 2 164
pixel: 2 165
pixel: 2 166
pixel: 2 167
pixel: 2 168
pixel: 2 169
pixel: 2 170
pixel: 2 171
pixel: 2 172
pixel: 2 173
pixel: 2 174
pixel: 2 175
pixel: 2 176
pixel: 2 177
pixel: 2 178
pixel: 2 179
pixel: 2 180
pixel: 2 181
pixel: 2 182
pixel: 2 183
pixel: 2 184
pixel: 2 185
pixel: 2 186
pixel: 2 187
pixel: 2 188
pixel: 2 189
pixel: 2 190
pixel: 2 191
pixel: 2 192
pixel: 2 193
pixel: 2 194
pixel: 2 195
pixel: 2 196
pixel: 2 197
pixel: 2 198
pixel: 2 199
pixel: 3 0
pixel: 3 1
pixel: 3 2
pixel: 3 3
pixel: 3 4
pixel: 3 5
pixel: 3 6
pixel: 3 7
pixel: 3 8
pixel: 3 9
pixel: 3 10
pixel: 3 11
pixel: 3 12
pixel: 3 13
pixel: 3 14
pixel: 3 15
pixel: 3 16
pixel: 3 17
pixel: 3 18
pixel: 3 19
pixel: 3 20
pixel: 3 21
pixel: 3 22
pixel: 3 23
pixel: 3 24
pixel: 3 25
pixel: 3 26
pixel: 3 27
pixel: 3 28
pixel: 3 29
pixel: 3 30
pixel: 3 31
pixel: 3 32
pixel: 3 33
pixel: 3 34
pixel: 3 35
pixel: 3 36
pixel: 3 37
pixel: 3 38
pixel: 3 39
pixel: 3 40
pixel: 3 41
pixel: 3 42
pixel: 3 43
pixel: 3 44
pixel: 3 45
pixel: 3 46
pixel: 3 47
pixel: 3 48
pixel: 3 49
pixel: 3 50
pixel: 3 51
pixel: 3 52
pixel: 3 53
pixel: 3 54
pixel: 3 55
pixel: 3 56
pixel: 3 57
pixel: 3 58
pixel: 3 59
pixel: 3 60
pixel: 3 61
pixel: 3 62
pixel: 3 63
pixel: 3 64
pixel: 3 65
pixel: 3 66
pixel: 3 67
pixel: 3 68
pixel: 3 69
pixel: 3 70
pixel: 3 71
pixel: 3 72
pixel: 3 73
pixel: 3 74
pixel: 3 75
pixel: 3 76
pixel: 3 77
pixel: 3 78
pixel: 3 79
pixel: 3 80
pixel: 3 81
pixel: 3 82
pixel: 3 83
pixel: 3 84
pixel: 3 85
pixel: 3 86
pixel: 3 87
pixel: 3 88
pixel: 3 89
pixel: 3 90
pixel: 3 91
pixel: 3 92
pixel: 3 93
pixel: 3 94
pixel: 3 95
pixel: 3 96
pixel: 3 97
pixel: 3 98
pixel: 3 99
pixel: 3 100
pixel: 3 101
pixel: 3 102
pixel: 3 103
pixel: 3 104
pixel: 3 105
pixel: 3 106
pixel: 3 107
pixel: 3 108
pixel: 3 109
pixel: 3 110
pixel: 3 111
pixel: 3 112
pixel: 3 113
pixel: 3 114
pixel: 3 115
pixel: 3 116
pixel: 3 117
pixel: 3 118
pixel: 3 119
pixel: 3 120
pixel: 3 121
pixel: 3 122
pixel: 3 123
pixel: 3 124
pixel: 3 125
pixel: 3 126
pixel: 3 127
pixel: 3 128
pixel: 3 129
pixel: 3 130
pixel: 3 131
pixel: 3 132
pixel: 3 133
pixel: 3 134
pixel: 3 135
pixel: 3 136
pixel: 3 137
pixel: 3 138
pixel: 3 139
pixel: 3 140
pixel: 3 141
pixel: 3 142
pixel: 3 143
pixel: 3 144
pixel: 3 145
pixel: 3 146
pixel: 3 147
pixel: 3 148
pixel: 3 149
pixel: 3 150
pixel: 3 151
pixel: 3 152
pixel: 3 153
pixel: 3 154
pixel: 3 155
pixel: 3 156
pixel: 3 157
pixel: 3 158
pixel: 3 159
pixel: 3 160
pixel: 3 161
pixel: 3 162
pixel: 3 163
pixel: 3 164
pixel: 3 165
pixel: 3 166
pixel: 3 167
pixel: 3 168
pixel: 3 169
pixel: 3 170
pixel: 3 171
pixel: 3 172
pixel: 3 173
pixel: 3 174
pixel: 3 175
pixel: 3 176
pixel: 3 177
pixel: 3 178
pixel: 3 179
pixel: 3 180
pixel: 3 181
pixel: 3 182
pixel: 3 183
pixel: 3 184
pixel: 3 185
pixel: 3 186
pixel: 3 187
pixel: 3 188
pixel: 3 189
pixel: 3 190
pixel: 3 191
pixel: 3 192
pixel: 3 193
pixel: 3 194
pixel: 3 195
pixel: 3 196
pixel: 3 197
pixel: 3 198
pixel: 3 199
pixel: 4 0
pixel: 4 1
pixel: 4 2
pixel: 4 3
pixel: 4 4
pixel: 4 5
pixel: 4 6
pixel: 4 7
pixel: 4 8
pixel: 4 9
pixel: 4 10
pixel: 4 11
pixel: 4 12
pixel: 4 13
pixel: 4 14
pixel: 4 15
pixel: 4 16
pixel: 4 17
pixel: 4 18
pixel: 4 19
pixel: 4 20
pixel: 4 21
pixel: 4 22
pixel: 4 23
pixel: 4 24
pixel: 4 25
pixel: 4 26
pixel: 4 27
pixel: 4 28
pixel: 4 29
pixel: 4 30
pixel: 4 31
pixel: 4 32
pixel: 4 33
pixel: 4 34
pixel: 4 35
pixel: 4 36
pixel: 4 37
pixel: 4 38
pixel: 4 39
pixel: 4 40
pixel: 4 41
pixel: 4 42
pixel: 4 43
pixel: 4 44
pixel: 4 45
pixel: 4 46
pixel: 4 47
pixel: 4 48
pixel: 4 49
pixel: 4 50
pixel: 4 51
pixel: 4 52
pixel: 4 53
pixel: 4 54
pixel: 4 55
pixel: 4 56
pixel: 4 57
pixel: 4 58
pixel: 4 59
pixel: 4 60
pixel: 4 61
pixel: 4 62
pixel: 4 63
pixel: 4 64
pixel: 4 65
pixel: 4 66
pixel: 4 67
pixel: 4 68
pixel: 4 69
pixel: 4 70
pixel: 4 71
pixel: 4 72
pixel: 4 73
pixel: 4 74
pixel: 4 75
pixel: 4 76
pixel: 4 77
pixel: 4 78
pixel: 4 79
pixel: 4 80
pixel: 4 81
pixel: 4 82
pixel: 4 83
pixel: 4 84
pixel: 4 85
pixel: 4 86
pixel: 4 87
pixel: 4 88
pixel: 4 89
pixel: 4 90
pixel: 4 91
pixel: 4 92
pixel: 4 93
pixel: 4 94
pixel: 4 95
pixel: 4 96
pixel: 4 97
pixel: 4 98
pixel: 4 99
pixel: 4 100
pixel: 4 101
pixel: 4 102
pixel: 4 103
pixel: 4 104
pixel: 4 105
pixel: 4 106
pixel: 4 107
pixel: 4 108
pixel: 4 109
pixel: 4 110
pixel: 4 111
pixel: 4 112
pixel: 4 113
pixel: 4 114
pixel: 4 115
pixel: 4 116
pixel: 4 117
pixel: 4 118
pixel: 4 119
pixel: 4 120
pixel: 4 121
pixel: 4 122
pixel: 4 123
pixel: 4 124
pixel: 4 125
pixel: 4 126
pixel: 4 127
pixel: 4 128
pixel: 4 129
pixel: 4 130
pixel: 4 131
pixel: 4 132
pixel: 4 133
pixel: 4 134
pixel: 4 135
pixel: 4 136
pixel: 4 137
pixel: 4 138
pixel: 4 139
pixel: 4 140
pixel: 4 141
pixel: 4 142
pixel: 4 143
pixel: 4 144
pixel: 4 145
pixel: 4 146
pixel: 4 147
pixel: 4 148
pixel: 4 149
pixel: 4 150
pixel: 4 151
pixel: 4 152
pixel: 4 153
pixel: 4 154
pixel: 4 155
pixel: 4 156
pixel: 4 157
pixel: 4 158
pixel: 4 159
pixel: 4 160
pixel: 4 161
pixel: 4 162
pixel: 4 163
pixel: 4 164
pixel: 4 165
pixel: 4 166
pixel: 4 167
pixel: 4 168
pixel: 4 169
pixel: 4 170
pixel: 4 171
pixel: 4 172
pixel: 4 173
pixel: 4 174
pixel: 4 175
pixel: 4 176
pixel: 4 177
pixel: 4 178
pixel: 4 179
pixel: 4 180
pixel: 4 181
pixel: 4 182
pixel: 4 183
pixel: 4 184
pixel: 4 185
pixel: 4 186
pixel: 4 187
pixel: 4 188
pixel: 4 189
pixel: 4 190
pixel: 4 191
pixel: 4 192
pixel: 4 193
pixel: 4 194
pixel: 4 195
pixel: 4 196
pixel: 4 197
pixel: 4 198
pixel: 4 199
pixel: 5 0
pixel: 5 1
pixel: 5 2
pixel: 5 3
pixel: 5 4
pixel: 5 5
pixel: 5 6
pixel: 5 7
pixel: 5 8
pixel: 5 9
pixel: 5 10
pixel: 5 11
pixel: 5 12
pixel: 5 13
pixel: 5 14
pixel: 5 15
pixel: 5 16
pixel: 5 17
pixel: 5 18
pixel: 5 19
pixel: 5 20
pixel: 5 21
pixel: 5 22
pixel: 5 23
pixel: 5 24
pixel: 5 25
pixel: 5 26
pixel: 5 27
pixel: 5 28
pixel: 5 29
pixel: 5 30
pixel: 5 31
pixel: 5 32
pixel: 5 33
pixel: 5 34
pixel: 5 35
pixel: 5 36
pixel: 5 37
pixel: 5 38
pixel: 5 39
pixel: 5 40
pixel: 5 41
pixel: 5 42
pixel: 5 43
pixel: 5 44
pixel: 5 45
pixel: 5 46
pixel: 5 47
pixel: 5 48
pixel: 5 49
pixel: 5 50
pixel: 5 51
pixel: 5 52
pixel: 5 53
pixel: 5 54
pixel: 5 55
pixel: 5 56
pixel: 5 57
pixel: 5 58
pixel: 5 59
pixel: 5 60
pixel: 5 61
pixel: 5 62
pixel: 5 63
pixel: 5 64
pixel: 5 65
pixel: 5 66
pixel: 5 67
pixel: 5 68
pixel: 5 69
pixel: 5 70
pixel: 5 71
pixel: 5 72
pixel: 5 73
pixel: 5 74
pixel: 5 75
pixel: 5 76
pixel: 5 77
pixel: 5 78
pixel: 5 79
pixel: 5 80
pixel: 5 81
pixel: 5 82
pixel: 5 83
pixel: 5 84
pixel: 5 85
pixel: 5 86
pixel: 5 87
pixel: 5 88
pixel: 5 89
pixel: 5 90
pixel: 5 91
pixel: 5 92
pixel: 5 93
pixel: 5 94
pixel: 5 95
pixel: 5 96
pixel: 5 97
pixel: 5 98
pixel: 5 99
pixel: 5 100
pixel: 5 101
pixel: 5 102
pixel: 5 103
pixel: 5 104
pixel: 5 105
pixel: 5 106
pixel: 5 107
pixel: 5 108
pixel: 5 109
pixel: 5 110
pixel: 5 111
pixel: 5 112
pixel: 5 113
pixel: 5 114
pixel: 5 115
pixel: 5 116
pixel: 5 117
pixel: 5 118
pixel: 5 119
pixel: 5 120
pixel: 5 121
pixel: 5 122
pixel: 5 123
pixel: 5 124
pixel: 5 125
pixel: 5 126
pixel: 5 127
pixel: 5 128
pixel: 5 129
pixel: 5 130
pixel: 5 131
pixel: 5 132
pixel: 5 133
pixel: 5 134
pixel: 5 135
pixel: 5 136
pixel: 5 137
pixel: 5 138
pixel: 5 139
pixel: 5 140
pixel: 5 141
pixel: 5 142
pixel: 5 143
pixel: 5 144
pixel: 5 145
pixel: 5 146
pixel: 5 147
pixel: 5 148
pixel: 5 149
pixel: 5 150
pixel: 5 151
pixel: 5 152
pixel: 5 153
pixel: 5 154
pixel: 5 155
pixel: 5 156
pixel: 5 157
pixel: 5 158
pixel: 5 159
pixel: 5 160
pixel: 5 161
pixel: 5 162
pixel: 5 163
pixel: 5 164
pixel: 5 165
pixel: 5 166
pixel: 5 167
pixel: 5 168
pixel: 5 169
pixel: 5 170
pixel: 5 171
pixel: 5 172
pixel: 5 173
pixel: 5 174
pixel: 5 175
pixel: 5 176
pixel: 5 177
pixel: 5 178
pixel: 5 179
pixel: 5 180
pixel: 5 181
pixel: 5 182
pixel: 5 183
pixel: 5 184
pixel: 5 185
pixel: 5 186
pixel: 5 187
pixel: 5 188
pixel: 5 189
pixel: 5 190
pixel: 5 191
pixel: 5 192
pixel: 5 193
pixel: 5 194
pixel: 5 195
pixel: 5 196
pixel: 5 197
pixel: 5 198
pixel: 5 199
pixel: 6 0
pixel: 6 1
pixel: 6 2
pixel: 6 3
pixel: 6 4
pixel: 6 5
pixel: 6 6
pixel: 6 7
pixel: 6 8
pixel: 6 9
pixel: 6 10
pixel: 6 11
pixel: 6 12
pixel: 6 13
pixel: 6 14
pixel: 6 15
pixel: 6 16
pixel: 6 17
pixel: 6 18
pixel: 6 19
pixel: 6 20
pixel: 6 21
pixel: 6 22
pixel: 6 23
pixel: 6 24
pixel: 6 25
pixel: 6 26
pixel: 6 27
pixel: 6 28
pixel: 6 29
pixel: 6 30
pixel: 6 31
pixel: 6 32
pixel: 6 33
pixel: 6 34
pixel: 6 35
pixel: 6 36
pixel: 6 37
pixel: 6 38
pixel: 6 39
pixel: 6 40
pixel: 6 41
pixel: 6 42
pixel: 6 43
pixel: 6 44
pixel: 6 45
pixel: 6 46
pixel: 6 47
pixel: 6 48
pixel: 6 49
pixel: 6 50
pixel: 6 51
pixel: 6 52
pixel: 6 53
pixel: 6 54
pixel: 6 55
pixel: 6 56
pixel: 6 57
pixel: 6 58
pixel: 6 59
pixel: 6 60
pixel: 6 61
pixel: 6 62
pixel: 6 63
pixel: 6 64
pixel: 6 65
pixel: 6 66
pixel: 6 67
pixel: 6 68
pixel: 6 69
pixel: 6 70
pixel: 6 71
pixel: 6 72
pixel: 6 73
pixel: 6 74
pixel: 6 75
pixel: 6 76
pixel: 6 77
pixel: 6 78
pixel: 6 79
pixel: 6 80
pixel: 6 81
pixel: 6 82
pixel: 6 83
pixel: 6 84
pixel: 6 85
pixel: 6 86
pixel: 6 87
pixel: 6 88
pixel: 6 89
pixel: 6 90
pixel: 6 91
pixel: 6 92
pixel: 6 93
pixel: 6 94
pixel: 6 95
pixel: 6 96
pixel: 6 97
pixel: 6 98
pixel: 6 99
pixel: 6 100
pixel: 6 101
pixel: 6 102
pixel: 6 103
pixel: 6 104
pixel: 6 105
pixel: 6 106
pixel: 6 107
pixel: 6 108
pixel: 6 109
pixel: 6 110
pixel: 6 111
pixel: 6 112
pixel: 6 113
pixel: 6 114
pixel: 6 115
pixel: 6 116
pixel: 6 117
pixel: 6 118
pixel: 6 119
pixel: 6 120
pixel: 6 121
pixel: 6 122
pixel: 6 123
pixel: 6 124
pixel: 6 125
pixel: 6 126
pixel: 6 127
pixel: 6 128
pixel: 6 129
pixel: 6 130
pixel: 6 131
pixel: 6 132
pixel: 6 133
pixel: 6 134
pixel: 6 135
pixel: 6 136
pixel: 6 137
pixel: 6 138
pixel: 6 139
pixel: 6 140
pixel: 6 141
pixel: 6 142
pixel: 6 143
pixel: 6 144
pixel: 6 145
pixel: 6 146
pixel: 6 147
pixel: 6 148
pixel: 6 149
pixel: 6 150
pixel: 6 151
pixel: 6 152
pixel: 6 153
pixel: 6 154
pixel: 6 155
pixel: 6 156
pixel: 6 157
pixel: 6 158
pixel: 6 159
pixel: 6 160
pixel: 6 161
pixel: 6 162
pixel: 6 163
pixel: 6 164
pixel: 6 165
pixel: 6 166
pixel: 6 167
pixel: 6 168
pixel: 6 169
pixel: 6 170
pixel: 6 171
pixel: 6 172
pixel: 6 173
pixel: 6 174
pixel: 6 175
pixel: 6 176
pixel: 6 177
pixel: 6 178
pixel: 6 179
pixel: 6 180
pixel: 6 181
pixel: 6 182
pixel: 6 183
pixel: 6 184
pixel: 6 185
pixel: 6 186
pixel: 6 187
pixel: 6 188
pixel: 6 189
pixel: 6 190
pixel: 6 191
pixel: 6 192
pixel: 6 193
pixel: 6 194
pixel: 6 195
pixel: 6 196
pixel: 6 197
pixel: 6 198
pixel: 6 199
pixel: 7 0
pixel: 7 1
pixel: 7 2
pixel: 7 3
pixel: 7 4
pixel: 7 5
pixel: 7 6
pixel: 7 7
pixel: 7 8
pixel: 7 9
pixel: 7 10
pixel: 7 11
pixel: 7 12
pixel: 7 13
pixel: 7 14
pixel: 7 15
pixel: 7 16
pixel: 7 17
pixel: 7 18
pixel: 7 19
pixel: 7 20
pixel: 7 21
pixel: 7 22
pixel: 7 23
pixel: 7 24
pixel: 7 25
pixel: 7 26
pixel: 7 27
pixel: 7 28
pixel: 7 29
pixel: 7 30
pixel: 7 31
pixel: 7 32
pixel: 7 33
pixel: 7 34
pixel: 7 35
pixel: 7 36
pixel: 7 37
pixel: 7 38
pixel: 7 39
pixel: 7 40
pixel: 7 41
pixel: 7 42
pixel: 7 43
pixel: 7 44
pixel: 7 45
pixel: 7 46
pixel: 7 47
pixel: 7 48
pixel: 7 49
pixel: 7 50
pixel: 7 51
pixel: 7 52
pixel: 7 53
pixel: 7 54
pixel: 7 55
pixel: 7 56
pixel: 7 57
pixel: 7 58
pixel: 7 59
pixel: 7 60
pixel: 7 61
pixel: 7 62
pixel: 7 63
pixel: 7 64
pixel: 7 65
pixel: 7 66
pixel: 7 67
pixel: 7 68
pixel: 7 69
pixel: 7 70
pixel: 7 71
pixel: 7 72
pixel: 7 73
pixel: 7 74
pixel: 7 75
pixel: 7 76
pixel: 7 77
pixel: 7 78
pixel: 7 79
pixel: 7 80
pixel: 7 81
pixel: 7 82
pixel: 7 83
pixel: 7 84
pixel: 7 85
pixel: 7 86
pixel: 7 87
pixel: 7 88
pixel: 7 89
pixel: 7 90
pixel: 7 91
pixel: 7 92
pixel: 7 93
pixel: 7 94
pixel: 7 95
pixel: 7 96
pixel: 7 97
pixel: 7 98
pixel: 7 99
pixel: 7 100
pixel: 7 101
pixel: 7 102
pixel: 7 103
pixel: 7 104
pixel: 7 105
pixel: 7 106
pixel: 7 107
pixel: 7 108
pixel: 7 109
pixel: 7 110
pixel: 7 111
pixel: 7 112
pixel: 7 113
pixel: 7 114
pixel: 7 115
pixel: 7 116
pixel: 7 117
pixel: 7 118
pixel: 7 119
pixel: 7 120
pixel: 7 121
pixel: 7 122
pixel: 7 123
pixel: 7 124
pixel: 7 125
pixel: 7 126
pixel: 7 127
pixel: 7 128
pixel: 7 129
pixel: 7 130
pixel: 7 131
pixel: 7 132
pixel: 7 133
pixel: 7 134
pixel: 7 135
pixel: 7 136
pixel: 7 137
pixel: 7 138
pixel: 7 139
pixel: 7 140
pixel: 7 141
pixel: 7 142
pixel: 7 143
pixel: 7 144
pixel: 7 145
pixel: 7 146
pixel: 7 147
pixel: 7 148
pixel: 7 149
pixel: 7 150
pixel: 7 151
pixel: 7 152
pixel: 7 153
pixel: 7 154
pixel: 7 155
pixel: 7 156
pixel: 7 157
pixel: 7 158
pixel: 7 159
pixel: 7 160
pixel: 7 161
pixel: 7 162
pixel: 7 163
pixel: 7 164
pixel: 7 165
pixel: 7 166
pixel: 7 167
pixel: 7 168
pixel: 7 169
pixel: 7 170
pixel: 7 171
pixel: 7 172
pixel: 7 173
pixel: 7 174
pixel: 7 175
pixel: 7 176
pixel: 7 177
pixel: 7 178
pixel: 7 179
pixel: 7 180
pixel: 7 181
pixel: 7 182
pixel: 7 183
pixel: 7 184
pixel: 7 185
pixel: 7 186
pixel: 7 187
pixel: 7 188
pixel: 7 189
pixel: 7 190
pixel: 7 191
pixel: 7 192
pixel: 7 193
pixel: 7 194
pixel: 7 195
pixel: 7 196
pixel: 7 197
pixel: 7 198
pixel: 7 199
pixel: 8 0
pixel: 8 1
pixel: 8 2
pixel: 8 3
pixel: 8 4
pixel: 8 5
pixel: 8 6
pixel: 8 7
pixel: 8 8
pixel: 8 9
pixel: 8 10
pixel: 8 11
pixel: 8 12
pixel: 8 13
pixel: 8 14
pixel: 8 15
pixel: 8 16
pixel: 8 17
pixel: 8 18
pixel: 8 19
pixel: 8 20
pixel: 8 21
pixel: 8 22
pixel: 8 23
pixel: 8 24
pixel: 8 25
pixel: 8 26
pixel: 8 27
pixel: 8 28
pixel: 8 29
pixel: 8 30
pixel: 8 31
pixel: 8 32
pixel: 8 33
pixel: 8 34
pixel: 8 35
pixel: 8 36
pixel: 8 37
pixel: 8 38
pixel: 8 39
pixel: 8 40
pixel: 8 41
pixel: 8 42
pixel: 8 43
pixel: 8 44
pixel: 8 45
pixel: 8 46
pixel: 8 47
pixel: 8 48
pixel: 8 49
pixel: 8 50
pixel: 8 51
pixel: 8 52
pixel: 8 53
pixel: 8 54
pixel: 8 55
pixel: 8 56
pixel: 8 57
pixel: 8 58
pixel: 8 59
pixel: 8 60
pixel: 8 61
pixel: 8 62
pixel: 8 63
pixel: 8 64
pixel: 8 65
pixel: 8 66
pixel: 8 67
pixel: 8 68
pixel: 8 69
pixel: 8 70
pixel: 8 71
pixel: 8 72
pixel: 8 73
pixel: 8 74
pixel: 8 75
pixel: 8 76
pixel: 8 77
pixel: 8 78
pixel: 8 79
pixel: 8 80
pixel: 8 81
pixel: 8 82
pixel: 8 83
pixel: 8 84
pixel: 8 85
pixel: 8 86
pixel: 8 87
pixel: 8 88
pixel: 8 89
pixel: 8 90
pixel: 8 91
pixel: 8 92
pixel: 8 93
pixel: 8 94
pixel: 8 95
pixel: 8 96
pixel: 8 97
pixel: 8 98
pixel: 8 99
pixel: 8 100
pixel: 8 101
pixel: 8 102
pixel: 8 103
pixel: 8 104
pixel: 8 105
pixel: 8 106
pixel: 8 107
pixel: 8 108
pixel: 8 109
pixel: 8 110
pixel: 8 111
pixel: 8 112
pixel: 8 113
pixel: 8 114
pixel: 8 115
pixel: 8 116
pixel: 8 117
pixel: 8 118
pixel: 8 119
pixel: 8 120
pixel: 8 121
pixel: 8 122
pixel: 8 123
pixel: 8 124
pixel: 8 125
pixel: 8 126
pixel: 8 127
pixel: 8 128
pixel: 8 129
pixel: 8 130
pixel: 8 131
pixel: 8 132
pixel: 8 133
pixel: 8 134
pixel: 8 135
pixel: 8 136
pixel: 8 137
pixel: 8 138
pixel: 8 139
pixel: 8 140
pixel: 8 141
pixel: 8 142
pixel: 8 143
pixel: 8 144
pixel: 8 145
pixel: 8 146
pixel: 8 147
pixel: 8 148
pixel: 8 149
pixel: 8 150
pixel: 8 151
pixel: 8 152
pixel: 8 153
pixel: 8 154
pixel: 8 155
pixel: 8 156
pixel: 8 157
pixel: 8 158
pixel: 8 159
pixel: 8 160
pixel: 8 161
pixel: 8 162
pixel: 8 163
pixel: 8 164
pixel: 8 165
pixel: 8 166
pixel: 8 167
pixel: 8 168
pixel: 8 169
pixel: 8 170
pixel: 8 171
pixel: 8 172
pixel: 8 173
pixel: 8 174
pixel: 8 175
pixel: 8 176
pixel: 8 177
pixel: 8 178
pixel: 8 179
pixel: 8 180
pixel: 8 181
pixel: 8 182
pixel: 8 183
pixel: 8 184
pixel: 8 185
pixel: 8 186
pixel: 8 187
pixel: 8 188
pixel: 8 189
pixel: 8 190
pixel: 8 191
pixel: 8 192
pixel: 8 193
pixel: 8 194
pixel: 8 195
pixel: 8 196
pixel: 8 197
pixel: 8 198
pixel: 8 199
pixel: 9 0
pixel: 9 1
pixel: 9 2
pixel: 9 3
pixel: 9 4
pixel: 9 5
pixel: 9 6
pixel: 9 7
pixel: 9 8
pixel: 9 9
pixel: 9 10
pixel: 9 11
pixel: 9 12
pixel: 9 13
pixel: 9 14
pixel: 9 15
pixel: 9 16
pixel: 9 17
pixel: 9 18
pixel: 9 19
pixel: 9 20
pixel: 9 21
pixel: 9 22
pixel: 9 23
pixel: 9 24
pixel: 9 25
pixel: 9 26
pixel: 9 27
pixel: 9 28
pixel: 9 29
pixel: 9 30
pixel: 9 31
pixel: 9 32
pixel: 9 33
pixel: 9 34
pixel: 9 35
pixel: 9 36
pixel: 9 37
pixel: 9 38
pixel: 9 39
pixel: 9 40
pixel: 9 41
pixel: 9 42
pixel: 9 43
pixel: 9 44
pixel: 9 45
pixel: 9 46
pixel: 9 47
pixel: 9 48
pixel: 9 49
pixel: 9 50
pixel: 9 51
pixel: 9 52
pixel: 9 53
pixel: 9 54
pixel: 9 55
pixel: 9 56
pixel: 9 57
pixel: 9 58
pixel: 9 59
pixel: 9 60
pixel: 9 61
pixel: 9 62
pixel: 9 63
pixel: 9 64
pixel: 9 65
pixel: 9 66
pixel: 9 67
pixel: 9 68
pixel: 9 69
pixel: 9 70
pixel: 9 71
pixel: 9 72
pixel: 9 73
pixel: 9 74
pixel: 9 75
pixel: 9 76
pixel: 9 77
pixel: 9 78
pixel: 9 79
pixel: 9 80
pixel: 9 81
pixel: 9 82
pixel: 9 83
pixel: 9 84
pixel: 9 85
pixel: 9 86
pixel: 9 87
pixel: 9 88
pixel: 9 89
pixel: 9 90
pixel: 9 91
pixel: 9 92
pixel: 9 93
pixel: 9 94
pixel: 9 95
pixel: 9 96
pixel: 9 97
pixel: 9 98
pixel: 9 99
pixel: 9 100
pixel: 9 101
pixel: 9 102
pixel: 9 103
pixel: 9 104
pixel: 9 105
pixel: 9 106
pixel: 9 107
pixel: 9 108
pixel: 9 109
pixel: 9 110
pixel: 9 111
pixel: 9 112
pixel: 9 113
pixel: 9 114
pixel: 9 115
pixel: 9 116
pixel: 9 117
pixel: 9 118
pixel: 9 119
pixel: 9 120
pixel: 9 121
pixel: 9 122
pixel: 9 123
pixel: 9 124
pixel: 9 125
pixel: 9 126
pixel: 9 127
pixel: 9 128
pixel: 9 129
pixel: 9 130
pixel: 9 131
pixel: 9 132
pixel: 9 133
pixel: 9 134
pixel: 9 135
pixel: 9 136
pixel: 9 137
pixel: 9 138
pixel: 9 139
pixel: 9 140
pixel: 9 141
pixel: 9 142
pixel: 9 143
pixel: 9 144
pixel: 9 145
pixel: 9 146
pixel: 9 147
pixel: 9 148
pixel: 9 149
pixel: 9 150
pixel: 9 151
pixel: 9 152
pixel: 9 153
pixel: 9 154
pixel: 9 155
pixel: 9 156
pixel: 9 157
pixel: 9 158
pixel: 9 159
pixel: 9 160
pixel: 9 161
pixel: 9 162
pixel: 9 163
pixel: 9 164
pixel: 9 165
pixel: 9 166
pixel: 9 167
pixel: 9 168
pixel: 9 169
pixel: 9 170
pixel: 9 171
pixel: 9 172
pixel: 9 173
pixel: 9 174
pixel: 9 175
pixel: 9 176
pixel: 9 177
pixel: 9 178
pixel: 9 179
pixel: 9 180
pixel: 9 181
pixel: 9 182
pixel: 9 183
pixel: 9 184
pixel: 9 185
pixel: 9 186
pixel: 9 187
pixel: 9 188
pixel: 9 189
pixel: 9 190
pixel: 9 191
pixel: 9 192
pixel: 9 193
pixel: 9 194
pixel: 9 195
pixel: 9 196
pixel: 9 197
pixel: 9 198
pixel: 9 199
pixel: 10 0
pixel: 10 1
pixel: 10 2
pixel: 10 3
pixel: 10 4
pixel: 10 5
pixel: 10 6
pixel: 10 7
pixel: 10 8
pixel: 10 9
pixel: 10 10
pixel: 10 11
pixel: 10 12
pixel: 10 13
pixel: 10 14
pixel: 10 15
pixel: 10 16
pixel: 10 17
pixel: 10 18
pixel: 10 19
pixel: 10 20
pixel: 10 21
pixel: 10 22
pixel: 10 23
pixel: 10 24
pixel: 10 25
pixel: 10 26
pixel: 10 27
pixel: 10 28
pixel: 10 29
pixel: 10 30
pixel: 10 31
pixel: 10 32
pixel: 10 33
pixel: 10 34
pixel: 10 35
pixel: 10 36
pixel: 10 37
pixel: 10 38
pixel: 10 39
pixel: 10 40
pixel: 10 41
pixel: 10 42
pixel: 10 43
pixel: 10 44
pixel: 10 45
pixel: 10 46
pixel: 10 47
pixel: 10 48
pixel: 10 49
pixel: 10 50
pixel: 10 51
pixel: 10 52
pixel: 10 53
pixel: 10 54
pixel: 10 55
pixel: 10 56
pixel: 10 57
pixel: 10 58
pixel: 10 59
pixel: 10 60
pixel: 10 61
pixel: 10 62
pixel: 10 63
pixel: 10 64
pixel: 10 65
pixel: 10 66
pixel: 10 67
pixel: 10 68
pixel: 10 69
pixel: 10 70
pixel: 10 71
pixel: 10 72
pixel: 10 73
pixel: 10 74
pixel: 10 75
pixel: 10 76
pixel: 10 77
pixel: 10 78
pixel: 10 79
pixel: 10 80
pixel: 10 81
pixel: 10 82
pixel: 10 83
pixel: 10 84
pixel: 10 85
pixel: 10 86
pixel: 10 87
pixel: 10 88
pixel: 10 89
pixel: 10 90
pixel: 10 91
pixel: 10 92
pixel: 10 93
pixel: 10 94
pixel: 10 95
pixel: 10 96
pixel: 10 97
pixel: 10 98
pixel: 10 99
pixel: 10 100
pixel: 10 101
pixel: 10 102
pixel: 10 103
pixel: 10 104
pixel: 10 105
pixel: 10 106
pixel: 10 107
pixel: 10 108
pixel: 10 109
pixel: 10 110
pixel: 10 111
pixel: 10 112
pixel: 10 113
pixel: 10 114
pixel: 10 115
pixel: 10 116
pixel: 10 117
pixel: 10 118
pixel: 10 119
pixel: 10 120
pixel: 10 121
pixel: 10 122
pixel: 10 123
pixel: 10 124
pixel: 10 125
pixel: 10 126
pixel: 10 127
pixel: 10 128
pixel: 10 129
pixel: 10 130
pixel: 10 131
pixel: 10 132
pixel: 10 133
pixel: 10 134
pixel: 10 135
pixel: 10 136
pixel: 10 137
pixel: 10 138
pixel: 10 139
pixel: 10 140
pixel: 10 141
pixel: 10 142
pixel: 10 143
pixel: 10 144
pixel: 10 145
pixel: 10 146
pixel: 10 147
pixel: 10 148
pixel: 10 149
pixel: 10 150
pixel: 10 151
pixel: 10 152
pixel: 10 153
pixel: 10 154
pixel: 10 155
pixel: 10 156
pixel: 10 157
pixel: 10 158
pixel: 10 159
pixel: 10 160
pixel: 10 161
pixel: 10 162
pixel: 10 163
pixel: 10 164
pixel: 10 165
pixel: 10 166
pixel: 10 167
pixel: 10 168
pixel: 10 169
pixel: 10 170
pixel: 10 171
pixel: 10 172
pixel: 10 173
pixel: 10 174
pixel: 10 175
pixel: 10 176
pixel: 10 177
pixel: 10 178
pixel: 10 179
pixel: 10 180
pixel: 10 181
pixel: 10 182
pixel: 10 183
pixel: 10 184
pixel: 10 185
pixel: 10 186
pixel: 10 187
pixel: 10 188
pixel: 10 189
pixel: 10 190
pixel: 10 191
pixel: 10 192
pixel: 10 193
pixel: 10 194
pixel: 10 195
pixel: 10 196
pixel: 10 197
pixel: 10 198
pixel: 10 199
pixel: 11 0
pixel: 11 1
pixel: 11 2
pixel: 11 3
pixel: 11 4
pixel: 11 5
pixel: 11 6
pixel: 11 7
pixel: 11 8
pixel: 11 9
pixel: 11 10
pixel: 11 11
pixel: 11 12
pixel: 11 13
pixel: 11 14
pixel: 11 15
pixel: 11 16
pixel: 11 17
pixel: 11 18
pixel: 11 19
pixel: 11 20
pixel: 11 21
pixel: 11 22
pixel: 11 23
pixel: 11 24
pixel: 11 25
pixel: 11 26
pixel: 11 27
pixel: 11 28
pixel: 11 29
pixel: 11 30
pixel: 11 31
pixel: 11 32
pixel: 11 33
pixel: 11 34
pixel: 11 35
pixel: 11 36
pixel: 11 37
pixel: 11 38
pixel: 11 39
pixel: 11 40
pixel: 11 41
pixel: 11 42
pixel: 11 43
pixel: 11 44
pixel: 11 45
pixel: 11 46
pixel: 11 47
pixel: 11 48
pixel: 11 49
pixel: 11 50
pixel: 11 51
pixel: 11 52
pixel: 11 53
pixel: 11 54
pixel: 11 55
pixel: 11 56
pixel: 11 57
pixel: 11 58
pixel: 11 59
pixel: 11 60
pixel: 11 61
pixel: 11 62
pixel: 11 63
pixel: 11 64
pixel: 11 65
pixel: 11 66
pixel: 11 67
pixel: 11 68
pixel: 11 69
pixel: 11 70
pixel: 11 71
pixel: 11 72
pixel: 11 73
pixel: 11 74
pixel: 11 75
pixel: 11 76
pixel: 11 77
pixel: 11 78
pixel: 11 79
pixel: 11 80
pixel: 11 81
pixel: 11 82
pixel: 11 83
pixel: 11 84
pixel: 11 85
pixel: 11 86
pixel: 11 87
pixel: 11 88
pixel: 11 89
pixel: 11 90
pixel: 11 91
pixel: 11 92
pixel: 11 93
pixel: 11 94
pixel: 11 95
pixel: 11 96
pixel: 11 97
pixel: 11 98
pixel: 11 99
pixel: 11 100
pixel: 11 101
pixel: 11 102
pixel: 11 103
pixel: 11 104
pixel: 11 105
pixel: 11 106
pixel: 11 107
pixel: 11 108
pixel: 11 109
pixel: 11 110
pixel: 11 111
pixel: 11 112
pixel: 11 113
pixel: 11 114
pixel: 11 115
pixel: 11 116
pixel: 11 117
pixel: 11 118
pixel: 11 119
pixel: 11 120
pixel: 11 121
pixel: 11 122
pixel: 11 123
pixel: 11 124
pixel: 11 125
pixel: 11 126
pixel: 11 127
pixel: 11 128
pixel: 11 129
pixel: 11 130
pixel: 11 131
pixel: 11 132
pixel: 11 133
pixel: 11 134
pixel: 11 135
pixel: 11 136
pixel: 11 137
pixel: 11 138
pixel: 11 139
pixel: 11 140
pixel: 11 141
pixel: 11 142
pixel: 11 143
pixel: 11 144
pixel: 11 145
pixel: 11 146
pixel: 11 147
pixel: 11 148
pixel: 11 149
pixel: 11 150
pixel: 11 151
pixel: 11 152
pixel: 11 153
pixel: 11 154
pixel: 11 155
pixel: 11 156
pixel: 11 157
pixel: 11 158
pixel: 11 159
pixel: 11 160
pixel: 11 161
pixel: 11 162
pixel: 11 163
pixel: 11 164
pixel: 11 165
pixel: 11 166
pixel: 11 167
pixel: 11 168
pixel: 11 169
pixel: 11 170
pixel: 11 171
pixel: 11 172
pixel: 11 173
pixel: 11 174
pixel: 11 175
pixel: 11 176
pixel: 11 177
pixel: 11 178
pixel: 11 179
pixel: 11 180
pixel: 11 181
pixel: 11 182
pixel: 11 183
pixel: 11 184
pixel: 11 185
pixel: 11 186
pixel: 11 187
pixel: 11 188
pixel: 11 189
pixel: 11 190
pixel: 11 191
pixel: 11 192
pixel: 11 193
pixel: 11 194
pixel: 11 195
pixel: 11 196
pixel: 11 197
pixel: 11 198
pixel: 11 199
pixel: 12 0
pixel: 12 1
pixel: 12 2
pixel: 12 3
pixel: 12 4
pixel: 12 5
pixel: 12 6
pixel: 12 7
pixel: 12 8
pixel: 12 9
pixel: 12 10
pixel: 12 11
pixel: 12 12
pixel: 12 13
pixel: 12 14
pixel: 12 15
pixel: 12 16
pixel: 12 17
pixel: 12 18
pixel: 12 19
pixel: 12 20
pixel: 12 21
pixel: 12 22
pixel: 12 23
pixel: 12 24
pixel: 12 25
pixel: 12 26
pixel: 12 27
pixel: 12 28
pixel: 12 29
pixel: 12 30
pixel: 12 31
pixel: 12 32
pixel: 12 33
pixel: 12 34
pixel: 12 35
pixel: 12 36
pixel: 12 37
pixel: 12 38
pixel: 12 39
pixel: 12 40
pixel: 12 41
pixel: 12 42
pixel: 12 43
pixel: 12 44
pixel: 12 45
pixel: 12 46
pixel: 12 47
pixel: 12 48
pixel: 12 49
pixel: 12 50
pixel: 12 51
pixel: 12 52
pixel: 12 53
pixel: 12 54
pixel: 12 55
pixel: 12 56
pixel: 12 57
pixel: 12 58
pixel: 12 59
pixel: 12 60
pixel: 12 61
pixel: 12 62
pixel: 12 63
pixel: 12 64
pixel: 12 65
pixel: 12 66
pixel: 12 67
pixel: 12 68
pixel: 12 69
pixel: 12 70
pixel: 12 71
pixel: 12 72
pixel: 12 73
pixel: 12 74
pixel: 12 75
pixel: 12 76
pixel: 12 77
pixel: 12 78
pixel: 12 79
pixel: 12 80
pixel: 12 81
pixel: 12 82
pixel: 12 83
pixel: 12 84
pixel: 12 85
pixel: 12 86
pixel: 12 87
pixel: 12 88
pixel: 12 89
pixel: 12 90
pixel: 12 91
pixel: 12 92
pixel: 12 93
pixel: 12 94
pixel: 12 95
pixel: 12 96
pixel: 12 97
pixel: 12 98
pixel: 12 99
pixel: 12 100
pixel: 12 101
pixel: 12 102
pixel: 12 103
pixel: 12 104
pixel: 12 105
pixel: 12 106
pixel: 12 107
pixel: 12 108
pixel: 12 109
pixel: 12 110
pixel: 12 111
pixel: 12 112
pixel: 12 113
pixel: 12 114
pixel: 12 115
pixel: 12 116
pixel: 12 117
pixel: 12 118
pixel: 12 119
pixel: 12 120
pixel: 12 121
pixel: 12 122
pixel: 12 123
pixel: 12 124
pixel: 12 125
pixel: 12 126
pixel: 12 127
pixel: 12 128
pixel: 12 129
pixel: 12 130
pixel: 12 131
pixel: 12 132
pixel: 12 133
pixel: 12 134
pixel: 12 135
pixel: 12 136
pixel: 12 137
pixel: 12 138
pixel: 12 139
pixel: 12 140
pixel: 12 141
pixel: 12 142
pixel: 12 143
pixel: 12 144
pixel: 12 145
pixel: 12 146
pixel: 12 147
pixel: 12 148
pixel: 12 149
pixel: 12 150
pixel: 12 151
pixel: 12 152
pixel: 12 153
pixel: 12 154
pixel: 12 155
pixel: 12 156
pixel: 12 157
pixel: 12 158
pixel: 12 159
pixel: 12 160
pixel: 12 161
pixel: 12 162
pixel: 12 163
pixel: 12 164
pixel: 12 165
pixel: 12 166
pixel: 12 167
pixel: 12 168
pixel: 12 169
pixel: 12 170
pixel: 12 171
pixel: 12 172
pixel: 12 173
pixel: 12 174
pixel: 12 175
pixel: 12 176
pixel: 12 177
pixel: 12 178
pixel: 12 179
pixel: 12 180
pixel: 12 181
pixel: 12 182
pixel: 12 183
pixel: 12 184
pixel: 12 185
pixel: 12 186
pixel: 12 187
pixel: 12 188
pixel: 12 189
pixel: 12 190
pixel: 12 191
pixel: 12 192
pixel: 12 193
pixel: 12 194
pixel: 12 195
pixel: 12 196
pixel: 12 197
pixel: 12 198
pixel: 12 199
pixel: 13 0
pixel: 13 1
pixel: 13 2
pixel: 13 3
pixel: 13 4
pixel: 13 5
pixel: 13 6
pixel: 13 7
pixel: 13 8
pixel: 13 9
pixel: 13 10
pixel: 13 11
pixel: 13 12
pixel: 13 13
pixel: 13 14
pixel: 13 15
pixel: 13 16
pixel: 13 17
pixel: 13 18
pixel: 13 19
pixel: 13 20
pixel: 13 21
pixel: 13 22
pixel: 13 23
pixel: 13 24
pixel: 13 25
pixel: 13 26
pixel: 13 27
pixel: 13 28
pixel: 13 29
pixel: 13 30
pixel: 13 31
pixel: 13 32
pixel: 13 33
pixel: 13 34
pixel: 13 35
pixel: 13 36
pixel: 13 37
pixel: 13 38
pixel: 13 39
pixel: 13 40
pixel: 13 41
pixel: 13 42
pixel: 13 43
pixel: 13 44
pixel: 13 45
pixel: 13 46
pixel: 13 47
pixel: 13 48
pixel: 13 49
pixel: 13 50
pixel: 13 51
pixel: 13 52
pixel: 13 53
pixel: 13 54
pixel: 13 55
pixel: 13 56
pixel: 13 57
pixel: 13 58
pixel: 13 59
pixel: 13 60
pixel: 13 61
pixel: 13 62
pixel: 13 63
pixel: 13 64
pixel: 13 65
pixel: 13 66
pixel: 13 67
pixel: 13 68
pixel: 13 69
pixel: 13 70
pixel: 13 71
pixel: 13 72
pixel: 13 73
pixel: 13 74
pixel: 13 75
pixel: 13 76
pixel: 13 77
pixel: 13 78
pixel: 13 79
pixel: 13 80
pixel: 13 81
pixel: 13 82
pixel: 13 83
pixel: 13 84
pixel: 13 85
pixel: 13 86
pixel: 13 87
pixel: 13 88
pixel: 13 89
pixel: 13 90
pixel: 13 91
pixel: 13 92
pixel: 13 93
pixel: 13 94
pixel: 13 95
pixel: 13 96
pixel: 13 97
pixel: 13 98
pixel: 13 99
pixel: 13 100
pixel: 13 101
pixel: 13 102
pixel: 13 103
pixel: 13 104
pixel: 13 105
pixel: 13 106
pixel: 13 107
pixel: 13 108
pixel: 13 109
pixel: 13 110
pixel: 13 111
pixel: 13 112
pixel: 13 113
pixel: 13 114
pixel: 13 115
pixel: 13 116
pixel: 13 117
pixel: 13 118
pixel: 13 119
pixel: 13 120
pixel: 13 121
pixel: 13 122
pixel: 13 123
pixel: 13 124
pixel: 13 125
pixel: 13 126
pixel: 13 127
pixel: 13 128
pixel: 13 129
pixel: 13 130
pixel: 13 131
pixel: 13 132
pixel: 13 133
pixel: 13 134
pixel: 13 135
pixel: 13 136
pixel: 13 137
pixel: 13 138
pixel: 13 139
pixel: 13 140
pixel: 13 141
pixel: 13 142
pixel: 13 143
pixel: 13 144
pixel: 13 145
pixel: 13 146
pixel: 13 147
pixel: 13 148
pixel: 13 149
pixel: 13 150
pixel: 13 151
pixel: 13 152
pixel: 13 153
pixel: 13 154
pixel: 13 155
pixel: 13 156
pixel: 13 157
pixel: 13 158
pixel: 13 159
pixel: 13 160
pixel: 13 161
pixel: 13 162
pixel: 13 163
pixel: 13 164
pixel: 13 165
pixel: 13 166
pixel: 13 167
pixel: 13 168
pixel: 13 169
pixel: 13 170
pixel: 13 171
pixel: 13 172
pixel: 13 173
pixel: 13 174
pixel: 13 175
pixel: 13 176
pixel: 13 177
pixel: 13 178
pixel: 13 179
pixel: 13 180
pixel: 13 181
pixel: 13 182
pixel: 13 183
pixel: 13 184
pixel: 13 185
pixel: 13 186
pixel: 13 187
pixel: 13 188
pixel: 13 189
pixel: 13 190
pixel: 13 191
pixel: 13 192
pixel: 13 193
pixel: 13 194
pixel: 13 195
pixel: 13 196
pixel: 13 197
pixel: 13 198
pixel: 13 199
pixel: 14 0
pixel: 14 1
pixel: 14 2
pixel: 14 3
pixel: 14 4
pixel: 14 5
pixel: 14 6
pixel: 14 7
pixel: 14 8
pixel: 14 9
pixel: 14 10
pixel: 14 11
pixel: 14 12
pixel: 14 13
pixel: 14 14
pixel: 14 15
pixel: 14 16
pixel: 14 17
pixel: 14 18
pixel: 14 19
pixel: 14 20
pixel: 14 21
pixel: 14 22
pixel: 14 23
pixel: 14 24
pixel: 14 25
pixel: 14 26
pixel: 14 27
pixel: 14 28
pixel: 14 29
pixel: 14 30
pixel: 14 31
pixel: 14 32
pixel: 14 33
pixel: 14 34
pixel: 14 35
pixel: 14 36
pixel: 14 37
pixel: 14 38
pixel: 14 39
pixel: 14 40
pixel: 14 41
pixel: 14 42
pixel: 14 43
pixel: 14 44
pixel: 14 45
pixel: 14 46
pixel: 14 47
pixel: 14 48
pixel: 14 49
pixel: 14 50
pixel: 14 51
pixel: 14 52
pixel: 14 53
pixel: 14 54
pixel: 14 55
pixel: 14 56
pixel: 14 57
pixel: 14 58
pixel: 14 59
pixel: 14 60
pixel: 14 61
pixel: 14 62
pixel: 14 63
pixel: 14 64
pixel: 14 65
pixel: 14 66
pixel: 14 67
pixel: 14 68
pixel: 14 69
pixel: 14 70
pixel: 14 71
pixel: 14 72
pixel: 14 73
pixel: 14 74
pixel: 14 75
pixel: 14 76
pixel: 14 77
pixel: 14 78
pixel: 14 79
pixel: 14 80
pixel: 14 81
pixel: 14 82
pixel: 14 83
pixel: 14 84
pixel: 14 85
pixel: 14 86
pixel: 14 87
pixel: 14 88
pixel: 14 89
pixel: 14 90
pixel: 14 91
pixel: 14 92
pixel: 14 93
pixel: 14 94
pixel: 14 95
pixel: 14 96
pixel: 14 97
pixel: 14 98
pixel: 14 99
pixel: 14 100
pixel: 14 101
pixel: 14 102
pixel: 14 103
pixel: 14 104
pixel: 14 105
pixel: 14 106
pixel: 14 107
pixel: 14 108
pixel: 14 109
pixel: 14 110
pixel: 14 111
pixel: 14 112
pixel: 14 113
pixel: 14 114
pixel: 14 115
pixel: 14 116
pixel: 14 117
pixel: 14 118
pixel: 14 119
pixel: 14 120
pixel: 14 121
pixel: 14 122
pixel: 14 123
pixel: 14 124
pixel: 14 125
pixel: 14 126
pixel: 14 127
pixel: 14 128
pixel: 14 129
pixel: 14 130
pixel: 14 131
pixel: 14 132
pixel: 14 133
pixel: 14 134
pixel: 14 135
pixel: 14 136
pixel: 14 137
pixel: 14 138
pixel: 14 139
pixel: 14 140
pixel: 14 141
pixel: 14 142
pixel: 14 143
pixel: 14 144
pixel: 14 145
pixel: 14 146
pixel: 14 147
pixel: 14 148
pixel: 14 149
pixel: 14 150
pixel: 14 151
pixel: 14 152
pixel: 14 153
pixel: 14 154
pixel: 14 155
pixel: 14 156
pixel: 14 157
pixel: 14 158
pixel: 14 159
pixel: 14 160
pixel: 14 161
pixel: 14 162
pixel: 14 163
pixel: 14 164
pixel: 14 165
pixel: 14 166
pixel: 14 167
pixel: 14 168
pixel: 14 169
pixel: 14 170
pixel: 14 171
pixel: 14 172
pixel: 14 173
pixel: 14 174
pixel: 14 175
pixel: 14 176
pixel: 14 177
pixel: 14 178
pixel: 14 179
pixel: 14 180
pixel: 14 181
pixel: 14 182
pixel: 14 183
pixel: 14 184
pixel: 14 185
pixel: 14 186
pixel: 14 187
pixel: 14 188
pixel: 14 189
pixel: 14 190
pixel: 14 191
pixel: 14 192
pixel: 14 193
pixel: 14 194
pixel: 14 195
pixel: 14 196
pixel: 14 197
pixel: 14 198
pixel: 14 199
pixel: 15 0
pixel: 15 1
pixel: 15 2
pixel: 15 3
pixel: 15 4
pixel: 15 5
pixel: 15 6
pixel: 15 7
pixel: 15 8
pixel: 15 9
pixel: 15 10
pixel: 15 11
pixel: 15 12
pixel: 15 13
pixel: 15 14
pixel: 15 15
pixel: 15 16
pixel: 15 17
pixel: 15 18
pixel: 15 19
pixel: 15 20
pixel: 15 21
pixel: 15 22
pixel: 15 23
pixel: 15 24
pixel: 15 25
pixel: 15 26
pixel: 15 27
pixel: 15 28
pixel: 15 29
pixel: 15 30
pixel: 15 31
pixel: 15 32
pixel: 15 33
pixel: 15 34
pixel: 15 35
pixel: 15 36
pixel: 15 37
pixel: 15 38
pixel: 15 39
pixel: 15 40
pixel: 15 41
pixel: 15 42
pixel: 15 43
pixel: 15 44
pixel: 15 45
pixel: 15 46
pixel: 15 47
pixel: 15 48
pixel: 15 49
pixel: 15 50
pixel: 15 51
pixel: 15 52
pixel: 15 53
pixel: 15 54
pixel: 15 55
pixel: 15 56
pixel: 15 57
pixel: 15 58
pixel: 15 59
pixel: 15 60
pixel: 15 61
pixel: 15 62
pixel: 15 63
pixel: 15 64
pixel: 15 65
pixel: 15 66
pixel: 15 67
pixel: 15 68
pixel: 15 69
pixel: 15 70
pixel: 15 71
pixel: 15 72
pixel: 15 73
pixel: 15 74
pixel: 15 75
pixel: 15 76
pixel: 15 77
pixel: 15 78
pixel: 15 79
pixel: 15 80
pixel: 15 81
pixel: 15 82
pixel: 15 83
pixel: 15 84
pixel: 15 85
pixel: 15 86
pixel: 15 87
pixel: 15 88
pixel: 15 89
pixel: 15 90
pixel: 15 91
pixel: 15 92
pixel: 15 93
pixel: 15 94
pixel: 15 95
pixel: 15 96
pixel: 15 97
pixel: 15 98
pixel: 15 99
pixel: 15 100
pixel: 15 101
pixel: 15 102
pixel: 15 103
pixel: 15 104
pixel: 15 105
pixel: 15 106
pixel: 15 107
pixel: 15 108
pixel: 15 109
pixel: 15 110
pixel: 15 111
pixel: 15 112
pixel: 15 113
pixel: 15 114
pixel: 15 115
pixel: 15 116
pixel: 15 117
pixel: 15 118
pixel: 15 119
pixel: 15 120
pixel: 15 121
pixel: 15 122
pixel: 15 123
pixel: 15 124
pixel: 15 125
pixel: 15 126
pixel: 15 127
pixel: 15 128
pixel: 15 129
pixel: 15 130
pixel: 15 131
pixel: 15 132
pixel: 15 133
pixel: 15 134
pixel: 15 135
pixel: 15 136
pixel: 15 137
pixel: 15 138
pixel: 15 139
pixel: 15 140
pixel: 15 141
pixel: 15 142
pixel: 15 143
pixel: 15 144
pixel: 15 145
pixel: 15 146
pixel: 15 147
pixel: 15 148
pixel: 15 149
pixel: 15 150
pixel: 15 151
pixel: 15 152
pixel: 15 153
pixel: 15 154
pixel: 15 155
pixel: 15 156
pixel: 15 157
pixel: 15 158
pixel: 15 159
pixel: 15 160
pixel: 15 161
pixel: 15 162
pixel: 15 163
pixel: 15 164
pixel: 15 165
pixel: 15 166
pixel: 15 167
pixel: 15 168
pixel: 15 169
pixel: 15 170
pixel: 15 171
pixel: 15 172
pixel: 15 173
pixel: 15 174
pixel: 15 175
pixel: 15 176
pixel: 15 177
pixel: 15 178
pixel: 15 179
pixel: 15 180
pixel: 15 181
pixel: 15 182
pixel: 15 183
pixel: 15 184
pixel: 15 185
pixel: 15 186
pixel: 15 187
pixel: 15 188
pixel: 15 189
pixel: 15 190
pixel: 15 191
pixel: 15 192
pixel: 15 193
pixel: 15 194
pixel: 15 195
pixel: 15 196
pixel: 15 197
pixel: 15 198
pixel: 15 199
pixel: 16 0
pixel: 16 1
pixel: 16 2
pixel: 16 3
pixel: 16 4
pixel: 16 5
pixel: 16 6
pixel: 16 7
pixel: 16 8
pixel: 16 9
pixel: 16 10
pixel: 16 11
pixel: 16 12
pixel: 16 13
pixel: 16 14
pixel: 16 15
pixel: 16 16
pixel: 16 17
pixel: 16 18
pixel: 16 19
pixel: 16 20
pixel: 16 21
pixel: 16 22
pixel: 16 23
pixel: 16 24
pixel: 16 25
pixel: 16 26
pixel: 16 27
pixel: 16 28
pixel: 16 29
pixel: 16 30
pixel: 16 31
pixel: 16 32
pixel: 16 33
pixel: 16 34
pixel: 16 35
pixel: 16 36
pixel: 16 37
pixel: 16 38
pixel: 16 39
pixel: 16 40
pixel: 16 41
pixel: 16 42
pixel: 16 43
pixel: 16 44
pixel: 16 45
pixel: 16 46
pixel: 16 47
pixel: 16 48
pixel: 16 49
pixel: 16 50
pixel: 16 51
pixel: 16 52
pixel: 16 53
pixel: 16 54
pixel: 16 55
pixel: 16 56
pixel: 16 57
pixel: 16 58
pixel: 16 59
pixel: 16 60
pixel: 16 61
pixel: 16 62
pixel: 16 63
pixel: 16 64
pixel: 16 65
pixel: 16 66
pixel: 16 67
pixel: 16 68
pixel: 16 69
pixel: 16 70
pixel: 16 71
pixel: 16 72
pixel: 16 73
pixel: 16 74
pixel: 16 75
pixel: 16 76
pixel: 16 77
pixel: 16 78
pixel: 16 79
pixel: 16 80
pixel: 16 81
pixel: 16 82
pixel: 16 83
pixel: 16 84
pixel: 16 85
pixel: 16 86
pixel: 16 87
pixel: 16 88
pixel: 16 89
pixel: 16 90
pixel: 16 91
pixel: 16 92
pixel: 16 93
pixel: 16 94
pixel: 16 95
pixel: 16 96
pixel: 16 97
pixel: 16 98
pixel: 16 99
pixel: 16 100
pixel: 16 101
pixel: 16 102
pixel: 16 103
pixel: 16 104
pixel: 16 105
pixel: 16 106
pixel: 16 107
pixel: 16 108
pixel: 16 109
pixel: 16 110
pixel: 16 111
pixel: 16 112
pixel: 16 113
pixel: 16 114
pixel: 16 115
pixel: 16 116
pixel: 16 117
pixel: 16 118
pixel: 16 119
pixel: 16 120
pixel: 16 121
pixel: 16 122
pixel: 16 123
pixel: 16 124
pixel: 16 125
pixel: 16 126
pixel: 16 127
pixel: 16 128
pixel: 16 129
pixel: 16 130
pixel: 16 131
pixel: 16 132
pixel: 16 133
pixel: 16 134
pixel: 16 135
pixel: 16 136
pixel: 16 137
pixel: 16 138
pixel: 16 139
pixel: 16 140
pixel: 16 141
pixel: 16 142
pixel: 16 143
pixel: 16 144
pixel: 16 145
pixel: 16 146
pixel: 16 147
pixel: 16 148
pixel: 16 149
pixel: 16 150
pixel: 16 151
pixel: 16 152
pixel: 16 153
pixel: 16 154
pixel: 16 155
pixel: 16 156
pixel: 16 157
pixel: 16 158
pixel: 16 159
pixel: 16 160
pixel: 16 161
pixel: 16 162
pixel: 16 163
pixel: 16 164
pixel: 16 165
pixel: 16 166
pixel: 16 167
pixel: 16 168
pixel: 16 169
pixel: 16 170
pixel: 16 171
pixel: 16 172
pixel: 16 173
pixel: 16 174
pixel: 16 175
pixel: 16 176
pixel: 16 177
pixel: 16 178
pixel: 16 179
pixel: 16 180
pixel: 16 181
pixel: 16 182
pixel: 16 183
pixel: 16 184
pixel: 16 185
pixel: 16 186
pixel: 16 187
pixel: 16 188
pixel: 16 189
pixel: 16 190
pixel: 16 191
pixel: 16 192
pixel: 16 193
pixel: 16 194
pixel: 16 195
pixel: 16 196
pixel: 16 197
pixel: 16 198
pixel: 16 199
pixel: 17 0
pixel: 17 1
pixel: 17 2
pixel: 17 3
pixel: 17 4
pixel: 17 5
pixel: 17 6
pixel: 17 7
pixel: 17 8
pixel: 17 9
pixel: 17 10
pixel: 17 11
pixel: 17 12
pixel: 17 13
pixel: 17 14
pixel: 17 15
pixel: 17 16
pixel: 17 17
pixel: 17 18
pixel: 17 19
pixel: 17 20
pixel: 17 21
pixel: 17 22
pixel: 17 23
pixel: 17 24
pixel: 17 25
pixel: 17 26
pixel: 17 27
pixel: 17 28
pixel: 17 29
pixel: 17 30
pixel: 17 31
pixel: 17 32
pixel: 17 33
pixel: 17 34
pixel: 17 35
pixel: 17 36
pixel: 17 37
pixel: 17 38
pixel: 17 39
pixel: 17 40
pixel: 17 41
pixel: 17 42
pixel: 17 43
pixel: 17 44
pixel: 17 45
pixel: 17 46
pixel: 17 47
pixel: 17 48
pixel: 17 49
pixel: 17 50
pixel: 17 51
pixel: 17 52
pixel: 17 53
pixel: 17 54
pixel: 17 55
pixel: 17 56
pixel: 17 57
pixel: 17 58
pixel: 17 59
pixel: 17 60
pixel: 17 61
pixel: 17 62
pixel: 17 63
pixel: 17 64
pixel: 17 65
pixel: 17 66
pixel: 17 67
pixel: 17 68
pixel: 17 69
pixel: 17 70
pixel: 17 71
pixel: 17 72
pixel: 17 73
pixel: 17 74
pixel: 17 75
pixel: 17 76
pixel: 17 77
pixel: 17 78
pixel: 17 79
pixel: 17 80
pixel: 17 81
pixel: 17 82
pixel: 17 83
pixel: 17 84
pixel: 17 85
pixel: 17 86
pixel: 17 87
pixel: 17 88
pixel: 17 89
pixel: 17 90
pixel: 17 91
pixel: 17 92
pixel: 17 93
pixel: 17 94
pixel: 17 95
pixel: 17 96
pixel: 17 97
pixel: 17 98
pixel: 17 99
pixel: 17 100
pixel: 17 101
pixel: 17 102
pixel: 17 103
pixel: 17 104
pixel: 17 105
pixel: 17 106
pixel: 17 107
pixel: 17 108
pixel: 17 109
pixel: 17 110
pixel: 17 111
pixel: 17 112
pixel: 17 113
pixel: 17 114
pixel: 17 115
pixel: 17 116
pixel: 17 117
pixel: 17 118
pixel: 17 119
pixel: 17 120
pixel: 17 121
pixel: 17 122
pixel: 17 123
pixel: 17 124
pixel: 17 125
pixel: 17 126
pixel: 17 127
pixel: 17 128
pixel: 17 129
pixel: 17 130
pixel: 17 131
pixel: 17 132
pixel: 17 133
pixel: 17 134
pixel: 17 135
pixel: 17 136
pixel: 17 137
pixel: 17 138
pixel: 17 139
pixel: 17 140
pixel: 17 141
pixel: 17 142
pixel: 17 143
pixel: 17 144
pixel: 17 145
pixel: 17 146
pixel: 17 147
pixel: 17 148
pixel: 17 149
pixel: 17 150
pixel: 17 151
pixel: 17 152
pixel: 17 153
pixel: 17 154
pixel: 17 155
pixel: 17 156
pixel: 17 157
pixel: 17 158
pixel: 17 159
pixel: 17 160
pixel: 17 161
pixel: 17 162
pixel: 17 163
pixel: 17 164
pixel: 17 165
pixel: 17 166
pixel: 17 167
pixel: 17 168
pixel: 17 169
pixel: 17 170
pixel: 17 171
pixel: 17 172
pixel: 17 173
pixel: 17 174
pixel: 17 175
pixel: 17 176
pixel: 17 177
pixel: 17 178
pixel: 17 179
pixel: 17 180
pixel: 17 181
pixel: 17 182
pixel: 17 183
pixel: 17 184
pixel: 17 185
pixel: 17 186
pixel: 17 187
pixel: 17 188
pixel: 17 189
pixel: 17 190
pixel: 17 191
pixel: 17 192
pixel: 17 193
pixel: 17 194
pixel: 17 195
pixel: 17 196
pixel: 17 197
pixel: 17 198
pixel: 17 199
pixel: 18 0
pixel: 18 1
pixel: 18 2
pixel: 18 3
pixel: 18 4
pixel: 18 5
pixel: 18 6
pixel: 18 7
pixel: 18 8
pixel: 18 9
pixel: 18 10
pixel: 18 11
pixel: 18 12
pixel: 18 13
pixel: 18 14
pixel: 18 15
pixel: 18 16
pixel: 18 17
pixel: 18 18
pixel: 18 19
pixel: 18 20
pixel: 18 21
pixel: 18 22
pixel: 18 23
pixel: 18 24
pixel: 18 25
pixel: 18 26
pixel: 18 27
pixel: 18 28
pixel: 18 29
pixel: 18 30
pixel: 18 31
pixel: 18 32
pixel: 18 33
pixel: 18 34
pixel: 18 35
pixel: 18 36
pixel: 18 37
pixel: 18 38
pixel: 18 39
pixel: 18 40
pixel: 18 41
pixel: 18 42
pixel: 18 43
pixel: 18 44
pixel: 18 45
pixel: 18 46
pixel: 18 47
pixel: 18 48
pixel: 18 49
pixel: 18 50
pixel: 18 51
pixel: 18 52
pixel: 18 53
pixel: 18 54
pixel: 18 55
pixel: 18 56
pixel: 18 57
pixel: 18 58
pixel: 18 59
pixel: 18 60
pixel: 18 61
pixel: 18 62
pixel: 18 63
pixel: 18 64
pixel: 18 65
pixel: 18 66
pixel: 18 67
pixel: 18 68
pixel: 18 69
pixel: 18 70
pixel: 18 71
pixel: 18 72
pixel: 18 73
pixel: 18 74
pixel: 18 75
pixel: 18 76
pixel: 18 77
pixel: 18 78
pixel: 18 79
pixel: 18 80
pixel: 18 81
pixel: 18 82
pixel: 18 83
pixel: 18 84
pixel: 18 85
pixel: 18 86
pixel: 18 87
pixel: 18 88
pixel: 18 89
pixel: 18 90
pixel: 18 91
pixel: 18 92
pixel: 18 93
pixel: 18 94
pixel: 18 95
pixel: 18 96
pixel: 18 97
pixel: 18 98
pixel: 18 99
pixel: 18 100
pixel: 18 101
pixel: 18 102
pixel: 18 103
pixel: 18 104
pixel: 18 105
pixel: 18 106
pixel: 18 107
pixel: 18 108
pixel: 18 109
pixel: 18 110
pixel: 18 111
pixel: 18 112
pixel: 18 113
pixel: 18 114
pixel: 18 115
pixel: 18 116
pixel: 18 117
pixel: 18 118
pixel: 18 119
pixel: 18 120
pixel: 18 121
pixel: 18 122
pixel: 18 123
pixel: 18 124
pixel: 18 125
pixel: 18 126
pixel: 18 127
pixel: 18 128
pixel: 18 129
pixel: 18 130
pixel: 18 131
pixel: 18 132
pixel: 18 133
pixel: 18 134
pixel: 18 135
pixel: 18 136
pixel: 18 137
pixel: 18 138
pixel: 18 139
pixel: 18 140
pixel: 18 141
pixel: 18 142
pixel: 18 143
pixel: 18 144
pixel: 18 145
pixel: 18 146
pixel: 18 147
pixel: 18 148
pixel: 18 149
pixel: 18 150
pixel: 18 151
pixel: 18 152
pixel: 18 153
pixel: 18 154
pixel: 18 155
pixel: 18 156
pixel: 18 157
pixel: 18 158
pixel: 18 159
pixel: 18 160
pixel: 18 161
pixel: 18 162
pixel: 18 163
pixel: 18 164
pixel: 18 165
pixel: 18 166
pixel: 18 167
pixel: 18 168
pixel: 18 169
pixel: 18 170
pixel: 18 171
pixel: 18 172
pixel: 18 173
pixel: 18 174
pixel: 18 175
pixel: 18 176
pixel: 18 177
pixel: 18 178
pixel: 18 179
pixel: 18 180
pixel: 18 181
pixel: 18 182
pixel: 18 183
pixel: 18 184
pixel: 18 185
pixel: 18 186
pixel: 18 187
pixel: 18 188
pixel: 18 189
pixel: 18 190
pixel: 18 191
pixel: 18 192
pixel: 18 193
pixel: 18 194
pixel: 18 195
pixel: 18 196
pixel: 18 197
pixel: 18 198
pixel: 18 199
pixel: 19 0
pixel: 19 1
pixel: 19 2
pixel: 19 3
pixel: 19 4
pixel: 19 5
pixel: 19 6
pixel: 19 7
pixel: 19 8
pixel: 19 9
pixel: 19 10
pixel: 19 11
pixel: 19 12
pixel: 19 13
pixel: 19 14
pixel: 19 15
pixel: 19 16
pixel: 19 17
pixel: 19 18
pixel: 19 19
pixel: 19 20
pixel: 19 21
pixel: 19 22
pixel: 19 23
pixel: 19 24
pixel: 19 25
pixel: 19 26
pixel: 19 27
pixel: 19 28
pixel: 19 29
pixel: 19 30
pixel: 19 31
pixel: 19 32
pixel: 19 33
pixel: 19 34
pixel: 19 35
pixel: 19 36
pixel: 19 37
pixel: 19 38
pixel: 19 39
pixel: 19 40
pixel: 19 41
pixel: 19 42
pixel: 19 43
pixel: 19 44
pixel: 19 45
pixel: 19 46
pixel: 19 47
pixel: 19 48
pixel: 19 49
pixel: 19 50
pixel: 19 51
pixel: 19 52
pixel: 19 53
pixel: 19 54
pixel: 19 55
pixel: 19 56
pixel: 19 57
pixel: 19 58
pixel: 19 59
pixel: 19 60
pixel: 19 61
pixel: 19 62
pixel: 19 63
pixel: 19 64
pixel: 19 65
pixel: 19 66
pixel: 19 67
pixel: 19 68
pixel: 19 69
pixel: 19 70
pixel: 19 71
pixel: 19 72
pixel: 19 73
pixel: 19 74
pixel: 19 75
pixel: 19 76
pixel: 19 77
pixel: 19 78
pixel: 19 79
pixel: 19 80
pixel: 19 81
pixel: 19 82
pixel: 19 83
pixel: 19 84
pixel: 19 85
pixel: 19 86
pixel: 19 87
pixel: 19 88
pixel: 19 89
pixel: 19 90
pixel: 19 91
pixel: 19 92
pixel: 19 93
pixel: 19 94
pixel: 19 95
pixel: 19 96
pixel: 19 97
pixel: 19 98
pixel: 19 99
pixel: 19 100
pixel: 19 101
pixel: 19 102
pixel: 19 103
pixel: 19 104
pixel: 19 105
pixel: 19 106
pixel: 19 107
pixel: 19 108
pixel: 19 109
pixel: 19 110
pixel: 19 111
pixel: 19 112
pixel: 19 113
pixel: 19 114
pixel: 19 115
pixel: 19 116
pixel: 19 117
pixel: 19 118
pixel: 19 119
pixel: 19 120
pixel: 19 121
pixel: 19 122
pixel: 19 123
pixel: 19 124
pixel: 19 125
pixel: 19 126
pixel: 19 127
pixel: 19 128
pixel: 19 129
pixel: 19 130
pixel: 19 131
pixel: 19 132
pixel: 19 133
pixel: 19 134
pixel: 19 135
pixel: 19 136
pixel: 19 137
pixel: 19 138
pixel: 19 139
pixel: 19 140
pixel: 19 141
pixel: 19 142
pixel: 19 143
pixel: 19 144
pixel: 19 145
pixel: 19 146
pixel: 19 147
pixel: 19 148
pixel: 19 149
pixel: 19 150
pixel: 19 151
pixel: 19 152
pixel: 19 153
pixel: 19 154
pixel: 19 155
pixel: 19 156
pixel: 19 157
pixel: 19 158
pixel: 19 159
pixel: 19 160
pixel: 19 161
pixel: 19 162
pixel: 19 163
pixel: 19 164
pixel: 19 165
pixel: 19 166
pixel: 19 167
pixel: 19 168
pixel: 19 169
pixel: 19 170
pixel: 19 171
pixel: 19 172
pixel: 19 173
pixel: 19 174
pixel: 19 175
pixel: 19 176
pixel: 19 177
pixel: 19 178
pixel: 19 179
pixel: 19 180
pixel: 19 181
pixel: 19 182
pixel: 19 183
pixel: 19 184
pixel: 19 185
pixel: 19 186
pixel: 19 187
pixel: 19 188
pixel: 19 189
pixel: 19 190
pixel: 19 191
pixel: 19 192
pixel: 19 193
pixel: 19 194
pixel: 19 195
pixel: 19 196
pixel: 19 197
pixel: 19 198
pixel: 19 199
pixel: 20 0
pixel: 20 1
pixel: 20 2
pixel: 20 3
pixel: 20 4
pixel: 20 5
pixel: 20 6
pixel: 20 7
pixel: 20 8
pixel: 20 9
pixel: 20 10
pixel: 20 11
pixel: 20 12
pixel: 20 13
pixel: 20 14
pixel: 20 15
pixel: 20 16
pixel: 20 17
pixel: 20 18
pixel: 20 19
pixel: 20 20
pixel: 20 21
pixel: 20 22
pixel: 20 23
pixel: 20 24
pixel: 20 25
pixel: 20 26
pixel: 20 27
pixel: 20 28
pixel: 20 29
pixel: 20 30
pixel: 20 31
pixel: 20 32
pixel: 20 33
pixel: 20 34
pixel: 20 35
pixel: 20 36
pixel: 20 37
pixel: 20 38
pixel: 20 39
pixel: 20 40
pixel: 20 41
pixel: 20 42
pixel: 20 43
pixel: 20 44
pixel: 20 45
pixel: 20 46
pixel: 20 47
pixel: 20 48
pixel: 20 49
pixel: 20 50
pixel: 20 51
pixel: 20 52
pixel: 20 53
pixel: 20 54
pixel: 20 55
pixel: 20 56
pixel: 20 57
pixel: 20 58
pixel: 20 59
pixel: 20 60
pixel: 20 61
pixel: 20 62
pixel: 20 63
pixel: 20 64
pixel: 20 65
pixel: 20 66
pixel: 20 67
pixel: 20 68
pixel: 20 69
pixel: 20 70
pixel: 20 71
pixel: 20 72
pixel: 20 73
pixel: 20 74
pixel: 20 75
pixel: 20 76
pixel: 20 77
pixel: 20 78
pixel: 20 79
pixel: 20 80
pixel: 20 81
pixel: 20 82
pixel: 20 83
pixel: 20 84
pixel: 20 85
pixel: 20 86
pixel: 20 87
pixel: 20 88
pixel: 20 89
pixel: 20 90
pixel: 20 91
pixel: 20 92
pixel: 20 93
pixel: 20 94
pixel: 20 95
pixel: 20 96
pixel: 20 97
pixel: 20 98
pixel: 20 99
pixel: 20 100
pixel: 20 101
pixel: 20 102
pixel: 20 103
pixel: 20 104
pixel: 20 105
pixel: 20 106
pixel: 20 107
pixel: 20 108
pixel: 20 109
pixel: 20 110
pixel: 20 111
pixel: 20 112
pixel: 20 113
pixel: 20 114
pixel: 20 115
pixel: 20 116
pixel: 20 117
pixel: 20 118
pixel: 20 119
pixel: 20 120
pixel: 20 121
pixel: 20 122
pixel: 20 123
pixel: 20 124
pixel: 20 125
pixel: 20 126
pixel: 20 127
pixel: 20 128
pixel: 20 129
pixel: 20 130
pixel: 20 131
pixel: 20 132
pixel: 20 133
pixel: 20 134
pixel: 20 135
pixel: 20 136
pixel: 20 137
pixel: 20 138
pixel: 20 139
pixel: 20 140
pixel: 20 141
pixel: 20 142
pixel: 20 143
pixel: 20 144
pixel: 20 145
pixel: 20 146
pixel: 20 147
pixel: 20 148
pixel: 20 149
pixel: 20 150
pixel: 20 151
pixel: 20 152
pixel: 20 153
pixel: 20 154
pixel: 20 155
pixel: 20 156
pixel: 20 157
pixel: 20 158
pixel: 20 159
pixel: 20 160
pixel: 20 161
pixel: 20 162
pixel: 20 163
pixel: 20 164
pixel: 20 165
pixel: 20 166
pixel: 20 167
pixel: 20 168
pixel: 20 169
pixel: 20 170
pixel: 20 171
pixel: 20 172
pixel: 20 173
pixel: 20 174
pixel: 20 175
pixel: 20 176
pixel: 20 177
pixel: 20 178
pixel: 20 179
pixel: 20 180
pixel: 20 181
pixel: 20 182
pixel: 20 183
pixel: 20 184
pixel: 20 185
pixel: 20 186
pixel: 20 187
pixel: 20 188
pixel: 20 189
pixel: 20 190
pixel: 20 191
pixel: 20 192
pixel: 20 193
pixel: 20 194
pixel: 20 195
pixel: 20 196
pixel: 20 197
pixel: 20 198
pixel: 20 199
pixel: 21 0
pixel: 21 1
pixel: 21 2
pixel: 21 3
pixel: 21 4
pixel: 21 5
pixel: 21 6
pixel: 21 7
pixel: 21 8
pixel: 21 9
pixel: 21 10
pixel: 21 11
pixel: 21 12
pixel: 21 13
pixel: 21 14
pixel: 21 15
pixel: 21 16
pixel: 21 17
pixel: 21 18
pixel: 21 19
pixel: 21 20
pixel: 21 21
pixel: 21 22
pixel: 21 23
pixel: 21 24
pixel: 21 25
pixel: 21 26
pixel: 21 27
pixel: 21 28
pixel: 21 29
pixel: 21 30
pixel: 21 31
pixel: 21 32
pixel: 21 33
pixel: 21 34
pixel: 21 35
pixel: 21 36
pixel: 21 37
pixel: 21 38
pixel: 21 39
pixel: 21 40
pixel: 21 41
pixel: 21 42
pixel: 21 43
pixel: 21 44
pixel: 21 45
pixel: 21 46
pixel: 21 47
pixel: 21 48
pixel: 21 49
pixel: 21 50
pixel: 21 51
pixel: 21 52
pixel: 21 53
pixel: 21 54
pixel: 21 55
pixel: 21 56
pixel: 21 57
pixel: 21 58
pixel: 21 59
pixel: 21 60
pixel: 21 61
pixel: 21 62
pixel: 21 63
pixel: 21 64
pixel: 21 65
pixel: 21 66
pixel: 21 67
pixel: 21 68
pixel: 21 69
pixel: 21 70
pixel: 21 71
pixel: 21 72
pixel: 21 73
pixel: 21 74
pixel: 21 75
pixel: 21 76
pixel: 21 77
pixel: 21 78
pixel: 21 79
pixel: 21 80
pixel: 21 81
pixel: 21 82
pixel: 21 83
pixel: 21 84
pixel: 21 85
pixel: 21 86
pixel: 21 87
pixel: 21 88
pixel: 21 89
pixel: 21 90
pixel: 21 91
pixel: 21 92
pixel: 21 93
pixel: 21 94
pixel: 21 95
pixel: 21 96
pixel: 21 97
pixel: 21 98
pixel: 21 99
pixel: 21 100
pixel: 21 101
pixel: 21 102
pixel: 21 103
pixel: 21 104
pixel: 21 105
pixel: 21 106
pixel: 21 107
pixel: 21 108
pixel: 21 109
pixel: 21 110
pixel: 21 111
pixel: 21 112
pixel: 21 113
pixel: 21 114
pixel: 21 115
pixel: 21 116
pixel: 21 117
pixel: 21 118
pixel: 21 119
pixel: 21 120
pixel: 21 121
pixel: 21 122
pixel: 21 123
pixel: 21 124
pixel: 21 125
pixel: 21 126
pixel: 21 127
pixel: 21 128
pixel: 21 129
pixel: 21 130
pixel: 21 131
pixel: 21 132
pixel: 21 133
pixel: 21 134
pixel: 21 135
pixel: 21 136
pixel: 21 137
pixel: 21 138
pixel: 21 139
pixel: 21 140
pixel: 21 141
pixel: 21 142
pixel: 21 143
pixel: 21 144
pixel: 21 145
pixel: 21 146
pixel: 21 147
pixel: 21 148
pixel: 21 149
pixel: 21 150
pixel: 21 151
pixel: 21 152
pixel: 21 153
pixel: 21 154
pixel: 21 155
pixel: 21 156
pixel: 21 157
pixel: 21 158
pixel: 21 159
pixel: 21 160
pixel: 21 161
pixel: 21 162
pixel: 21 163
pixel: 21 164
pixel: 21 165
pixel: 21 166
pixel: 21 167
pixel: 21 168
pixel: 21 169
pixel: 21 170
pixel: 21 171
pixel: 21 172
pixel: 21 173
pixel: 21 174
pixel: 21 175
pixel: 21 176
pixel: 21 177
pixel: 21 178
pixel: 21 179
pixel: 21 180
pixel: 21 181
pixel: 21 182
pixel: 21 183
pixel: 21 184
pixel: 21 185
pixel: 21 186
pixel: 21 187
pixel: 21 188
pixel: 21 189
pixel: 21 190
pixel: 21 191
pixel: 21 192
pixel: 21 193
pixel: 21 194
pixel: 21 195
pixel: 21 196
pixel: 21 197
pixel: 21 198
pixel: 21 199
pixel: 22 0
pixel: 22 1
pixel: 22 2
pixel: 22 3
pixel: 22 4
pixel: 22 5
pixel: 22 6
pixel: 22 7
pixel: 22 8
pixel: 22 9
pixel: 22 10
pixel: 22 11
pixel: 22 12
pixel: 22 13
pixel: 22 14
pixel: 22 15
pixel: 22 16
pixel: 22 17
pixel: 22 18
pixel: 22 19
pixel: 22 20
pixel: 22 21
pixel: 22 22
pixel: 22 23
pixel: 22 24
pixel: 22 25
pixel: 22 26
pixel: 22 27
pixel: 22 28
pixel: 22 29
pixel: 22 30
pixel: 22 31
pixel: 22 32
pixel: 22 33
pixel: 22 34
pixel: 22 35
pixel: 22 36
pixel: 22 37
pixel: 22 38
pixel: 22 39
pixel: 22 40
pixel: 22 41
pixel: 22 42
pixel: 22 43
pixel: 22 44
pixel: 22 45
pixel: 22 46
pixel: 22 47
pixel: 22 48
pixel: 22 49
pixel: 22 50
pixel: 22 51
pixel: 22 52
pixel: 22 53
pixel: 22 54
pixel: 22 55
pixel: 22 56
pixel: 22 57
pixel: 22 58
pixel: 22 59
pixel: 22 60
pixel: 22 61
pixel: 22 62
pixel: 22 63
pixel: 22 64
pixel: 22 65
pixel: 22 66
pixel: 22 67
pixel: 22 68
pixel: 22 69
pixel: 22 70
pixel: 22 71
pixel: 22 72
pixel: 22 73
pixel: 22 74
pixel: 22 75
pixel: 22 76
pixel: 22 77
pixel: 22 78
pixel: 22 79
pixel: 22 80
pixel: 22 81
pixel: 22 82
pixel: 22 83
pixel: 22 84
pixel: 22 85
pixel: 22 86
pixel: 22 87
pixel: 22 88
pixel: 22 89
pixel: 22 90
pixel: 22 91
pixel: 22 92
pixel: 22 93
pixel: 22 94
pixel: 22 95
pixel: 22 96
pixel: 22 97
pixel: 22 98
pixel: 22 99
pixel: 22 100
pixel: 22 101
pixel: 22 102
pixel: 22 103
pixel: 22 104
pixel: 22 105
pixel: 22 106
pixel: 22 107
pixel: 22 108
pixel: 22 109
pixel: 22 110
pixel: 22 111
pixel: 22 112
pixel: 22 113
pixel: 22 114
pixel: 22 115
pixel: 22 116
pixel: 22 117
pixel: 22 118
pixel: 22 119
pixel: 22 120
pixel: 22 121
pixel: 22 122
pixel: 22 123
pixel: 22 124
pixel: 22 125
pixel: 22 126
pixel: 22 127
pixel: 22 128
pixel: 22 129
pixel: 22 130
pixel: 22 131
pixel: 22 132
pixel: 22 133
pixel: 22 134
pixel: 22 135
pixel: 22 136
pixel: 22 137
pixel: 22 138
pixel: 22 139
pixel: 22 140
pixel: 22 141
pixel: 22 142
pixel: 22 143
pixel: 22 144
pixel: 22 145
pixel: 22 146
pixel: 22 147
pixel: 22 148
pixel: 22 149
pixel: 22 150
pixel: 22 151
pixel: 22 152
pixel: 22 153
pixel: 22 154
pixel: 22 155
pixel: 22 156
pixel: 22 157
pixel: 22 158
pixel: 22 159
pixel: 22 160
pixel: 22 161
pixel: 22 162
pixel: 22 163
pixel: 22 164
pixel: 22 165
pixel: 22 166
pixel: 22 167
pixel: 22 168
pixel: 22 169
pixel: 22 170
pixel: 22 171
pixel: 22 172
pixel: 22 173
pixel: 22 174
pixel: 22 175
pixel: 22 176
pixel: 22 177
pixel: 22 178
pixel: 22 179
pixel: 22 180
pixel: 22 181
pixel: 22 182
pixel: 22 183
pixel: 22 184
pixel: 22 185
pixel: 22 186
pixel: 22 187
pixel: 22 188
pixel: 22 189
pixel: 22 190
pixel: 22 191
pixel: 22 192
pixel: 22 193
pixel: 22 194
pixel: 22 195
pixel: 22 196
pixel: 22 197
pixel: 22 198
pixel: 22 199
pixel: 23 0
pixel: 23 1
pixel: 23 2
pixel: 23 3
pixel: 23 4
pixel: 23 5
pixel: 23 6
pixel: 23 7
pixel: 23 8
pixel: 23 9
pixel: 23 10
pixel: 23 11
pixel: 23 12
pixel: 23 13
pixel: 23 14
pixel: 23 15
pixel: 23 16
pixel: 23 17
pixel: 23 18
pixel: 23 19
pixel: 23 20
pixel: 23 21
pixel: 23 22
pixel: 23 23
pixel: 23 24
pixel: 23 25
pixel: 23 26
pixel: 23 27
pixel: 23 28
pixel: 23 29
pixel: 23 30
pixel: 23 31
pixel: 23 32
pixel: 23 33
pixel: 23 34
pixel: 23 35
pixel: 23 36
pixel: 23 37
pixel: 23 38
pixel: 23 39
pixel: 23 40
pixel: 23 41
pixel: 23 42
pixel: 23 43
pixel: 23 44
pixel: 23 45
pixel: 23 46
pixel: 23 47
pixel: 23 48
pixel: 23 49
pixel: 23 50
pixel: 23 51
pixel: 23 52
pixel: 23 53
pixel: 23 54
pixel: 23 55
pixel: 23 56
pixel: 23 57
pixel: 23 58
pixel: 23 59
pixel: 23 60
pixel: 23 61
pixel: 23 62
pixel: 23 63
pixel: 23 64
pixel: 23 65
pixel: 23 66
pixel: 23 67
pixel: 23 68
pixel: 23 69
pixel: 23 70
pixel: 23 71
pixel: 23 72
pixel: 23 73
pixel: 23 74
pixel: 23 75
pixel: 23 76
pixel: 23 77
pixel: 23 78
pixel: 23 79
pixel: 23 80
pixel: 23 81
pixel: 23 82
pixel: 23 83
pixel: 23 84
pixel: 23 85
pixel: 23 86
pixel: 23 87
pixel: 23 88
pixel: 23 89
pixel: 23 90
pixel: 23 91
pixel: 23 92
pixel: 23 93
pixel: 23 94
pixel: 23 95
pixel: 23 96
pixel: 23 97
pixel: 23 98
pixel: 23 99
pixel: 23 100
pixel: 23 101
pixel: 23 102
pixel: 23 103
pixel: 23 104
pixel: 23 105
pixel: 23 106
pixel: 23 107
pixel: 23 108
pixel: 23 109
pixel: 23 110
pixel: 23 111
pixel: 23 112
pixel: 23 113
pixel: 23 114
pixel: 23 115
pixel: 23 116
pixel: 23 117
pixel: 23 118
pixel: 23 119
pixel: 23 120
pixel: 23 121
pixel: 23 122
pixel: 23 123
pixel: 23 124
pixel: 23 125
pixel: 23 126
pixel: 23 127
pixel: 23 128
pixel: 23 129
pixel: 23 130
pixel: 23 131
pixel: 23 132
pixel: 23 133
pixel: 23 134
pixel: 23 135
pixel: 23 136
pixel: 23 137
pixel: 23 138
pixel: 23 139
pixel: 23 140
pixel: 23 141
pixel: 23 142
pixel: 23 143
pixel: 23 144
pixel: 23 145
pixel: 23 146
pixel: 23 147
pixel: 23 148
pixel: 23 149
pixel: 23 150
pixel: 23 151
pixel: 23 152
pixel: 23 153
pixel: 23 154
pixel: 23 155
pixel: 23 156
pixel: 23 157
pixel: 23 158
pixel: 23 159
pixel: 23 160
pixel: 23 161
pixel: 23 162
pixel: 23 163
pixel: 23 164
pixel: 23 165
pixel: 23 166
pixel: 23 167
pixel: 23 168
pixel: 23 169
pixel: 23 170
pixel: 23 171
pixel: 23 172
pixel: 23 173
pixel: 23 174
pixel: 23 175
pixel: 23 176
pixel: 23 177
pixel: 23 178
pixel: 23 179
pixel: 23 180
pixel: 23 181
pixel: 23 182
pixel: 23 183
pixel: 23 184
pixel: 23 185
pixel: 23 186
pixel: 23 187
pixel: 23 188
pixel: 23 189
pixel: 23 190
pixel: 23 191
pixel: 23 192
pixel: 23 193
pixel: 23 194
pixel: 23 195
pixel: 23 196
pixel: 23 197
pixel: 23 198
pixel: 23 199
pixel: 24 0
pixel: 24 1
pixel: 24 2
pixel: 24 3
pixel: 24 4
pixel: 24 5
pixel: 24 6
pixel: 24 7
pixel: 24 8
pixel: 24 9
pixel: 24 10
pixel: 24 11
pixel: 24 12
pixel: 24 13
pixel: 24 14
pixel: 24 15
pixel: 24 16
pixel: 24 17
pixel: 24 18
pixel: 24 19
pixel: 24 20
pixel: 24 21
pixel: 24 22
pixel: 24 23
pixel: 24 24
pixel: 24 25
pixel: 24 26
pixel: 24 27
pixel: 24 28
pixel: 24 29
pixel: 24 30
pixel: 24 31
pixel: 24 32
pixel: 24 33
pixel: 24 34
pixel: 24 35
pixel: 24 36
pixel: 24 37
pixel: 24 38
pixel: 24 39
pixel: 24 40
pixel: 24 41
pixel: 24 42
pixel: 24 43
pixel: 24 44
pixel: 24 45
pixel: 24 46
pixel: 24 47
pixel: 24 48
pixel: 24 49
pixel: 24 50
pixel: 24 51
pixel: 24 52
pixel: 24 53
pixel: 24 54
pixel: 24 55
pixel: 24 56
pixel: 24 57
pixel: 24 58
pixel: 24 59
pixel: 24 60
pixel: 24 61
pixel: 24 62
pixel: 24 63
pixel: 24 64
pixel: 24 65
pixel: 24 66
pixel: 24 67
pixel: 24 68
pixel: 24 69
pixel: 24 70
pixel: 24 71
pixel: 24 72
pixel: 24 73
pixel: 24 74
pixel: 24 75
pixel: 24 76
pixel: 24 77
pixel: 24 78
pixel: 24 79
pixel: 24 80
pixel: 24 81
pixel: 24 82
pixel: 24 83
pixel: 24 84
pixel: 24 85
pixel: 24 86
pixel: 24 87
pixel: 24 88
pixel: 24 89
pixel: 24 90
pixel: 24 91
pixel: 24 92
pixel: 24 93
pixel: 24 94
pixel: 24 95
pixel: 24 96
pixel: 24 97
pixel: 24 98
pixel: 24 99
pixel: 24 100
pixel: 24 101
pixel: 24 102
pixel: 24 103
pixel: 24 104
pixel: 24 105
pixel: 24 106
pixel: 24 107
pixel: 24 108
pixel: 24 109
pixel: 24 110
pixel: 24 111
pixel: 24 112
pixel: 24 113
pixel: 24 114
pixel: 24 115
pixel: 24 116
pixel: 24 117
pixel: 24 118
pixel: 24 119
pixel: 24 120
pixel: 24 121
pixel: 24 122
pixel: 24 123
pixel: 24 124
pixel: 24 125
pixel: 24 126
pixel: 24 127
pixel: 24 128
pixel: 24 129
pixel: 24 130
pixel: 24 131
pixel: 24 132
pixel: 24 133
pixel: 24 134
pixel: 24 135
pixel: 24 136
pixel: 24 137
pixel: 24 138
pixel: 24 139
pixel: 24 140
pixel: 24 141
pixel: 24 142
pixel: 24 143
pixel: 24 144
pixel: 24 145
pixel: 24 146
pixel: 24 147
pixel: 24 148
pixel: 24 149
pixel: 24 150
pixel: 24 151
pixel: 24 152
pixel: 24 153
pixel: 24 154
pixel: 24 155
pixel: 24 156
pixel: 24 157
pixel: 24 158
pixel: 24 159
pixel: 24 160
pixel: 24 161
pixel: 24 162
pixel: 24 163
pixel: 24 164
pixel: 24 165
pixel: 24 166
pixel: 24 167
pixel: 24 168
pixel: 24 169
pixel: 24 170
pixel: 24 171
pixel: 24 172
pixel: 24 173
pixel: 24 174
pixel: 24 175
pixel: 24 176
pixel: 24 177
pixel: 24 178
pixel: 24 179
pixel: 24 180
pixel: 24 181
pixel: 24 182
pixel: 24 183
pixel: 24 184
pixel: 24 185
pixel: 24 186
pixel: 24 187
pixel: 24 188
pixel: 24 189
pixel: 24 190
pixel: 24 191
pixel: 24 192
pixel: 24 193
pixel: 24 194
pixel: 24 195
pixel: 24 196
pixel: 24 197
pixel: 24 198
pixel: 24 199
pixel: 25 0
pixel: 25 1
pixel: 25 2
pixel: 25 3
pixel: 25 4
pixel: 25 5
pixel: 25 6
pixel: 25 7
pixel: 25 8
pixel: 25 9
pixel: 25 10
pixel: 25 11
pixel: 25 12
pixel: 25 13
pixel: 25 14
pixel: 25 15
pixel: 25 16
pixel: 25 17
pixel: 25 18
pixel: 25 19
pixel: 25 20
pixel: 25 21
pixel: 25 22
pixel: 25 23
pixel: 25 24
pixel: 25 25
pixel: 25 26
pixel: 25 27
pixel: 25 28
pixel: 25 29
pixel: 25 30
pixel: 25 31
pixel: 25 32
pixel: 25 33
pixel: 25 34
pixel: 25 35
pixel: 25 36
pixel: 25 37
pixel: 25 38
pixel: 25 39
pixel: 25 40
pixel: 25 41
pixel: 25 42
pixel: 25 43
pixel: 25 44
pixel: 25 45
pixel: 25 46
pixel: 25 47
pixel: 25 48
pixel: 25 49
pixel: 25 50
pixel: 25 51
pixel: 25 52
pixel: 25 53
pixel: 25 54
pixel: 25 55
pixel: 25 56
pixel: 25 57
pixel: 25 58
pixel: 25 59
pixel: 25 60
pixel: 25 61
pixel: 25 62
pixel: 25 63
pixel: 25 64
pixel: 25 65
pixel: 25 66
pixel: 25 67
pixel: 25 68
pixel: 25 69
pixel: 25 70
pixel: 25 71
pixel: 25 72
pixel: 25 73
pixel: 25 74
pixel: 25 75
pixel: 25 76
pixel: 25 77
pixel: 25 78
pixel: 25 79
pixel: 25 80
pixel: 25 81
pixel: 25 82
pixel: 25 83
pixel: 25 84
pixel: 25 85
pixel: 25 86
pixel: 25 87
pixel: 25 88
pixel: 25 89
pixel: 25 90
pixel: 25 91
pixel: 25 92
pixel: 25 93
pixel: 25 94
pixel: 25 95
pixel: 25 96
pixel: 25 97
pixel: 25 98
pixel: 25 99
pixel: 25 100
pixel: 25 101
pixel: 25 102
pixel: 25 103
pixel: 25 104
pixel: 25 105
pixel: 25 106
pixel: 25 107
pixel: 25 108
pixel: 25 109
pixel: 25 110
pixel: 25 111
pixel: 25 112
pixel: 25 113
pixel: 25 114
pixel: 25 115
pixel: 25 116
pixel: 25 117
pixel: 25 118
pixel: 25 119
pixel: 25 120
pixel: 25 121
pixel: 25 122
pixel: 25 123
pixel: 25 124
pixel: 25 125
pixel: 25 126
pixel: 25 127
pixel: 25 128
pixel: 25 129
pixel: 25 130
pixel: 25 131
pixel: 25 132
pixel: 25 133
pixel: 25 134
pixel: 25 135
pixel: 25 136
pixel: 25 137
pixel: 25 138
pixel: 25 139
pixel: 25 140
pixel: 25 141
pixel: 25 142
pixel: 25 143
pixel: 25 144
pixel: 25 145
pixel: 25 146
pixel: 25 147
pixel: 25 148
pixel: 25 149
pixel: 25 150
pixel: 25 151
pixel: 25 152
pixel: 25 153
pixel: 25 154
pixel: 25 155
pixel: 25 156
pixel: 25 157
pixel: 25 158
pixel: 25 159
pixel: 25 160
pixel: 25 161
pixel: 25 162
pixel: 25 163
pixel: 25 164
pixel: 25 165
pixel: 25 166
pixel: 25 167
pixel: 25 168
pixel: 25 169
pixel: 25 170
pixel: 25 171
pixel: 25 172
pixel: 25 173
pixel: 25 174
pixel: 25 175
pixel: 25 176
pixel: 25 177
pixel: 25 178
pixel: 25 179
pixel: 25 180
pixel: 25 181
pixel: 25 182
pixel: 25 183
pixel: 25 184
pixel: 25 185
pixel: 25 186
pixel: 25 187
pixel: 25 188
pixel: 25 189
pixel: 25 190
pixel: 25 191
pixel: 25 192
pixel: 25 193
pixel: 25 194
pixel: 25 195
pixel: 25 196
pixel: 25 197
pixel: 25 198
pixel: 25 199
pixel: 26 0
pixel: 26 1
pixel: 26 2
pixel: 26 3
pixel: 26 4
pixel: 26 5
pixel: 26 6
pixel: 26 7
pixel: 26 8
pixel: 26 9
pixel: 26 10
pixel: 26 11
pixel: 26 12
pixel: 26 13
pixel: 26 14
pixel: 26 15
pixel: 26 16
pixel: 26 17
pixel: 26 18
pixel: 26 19
pixel: 26 20
pixel: 26 21
pixel: 26 22
pixel: 26 23
pixel: 26 24
pixel: 26 25
pixel: 26 26
pixel: 26 27
pixel: 26 28
pixel: 26 29
pixel: 26 30
pixel: 26 31
pixel: 26 32
pixel: 26 33
pixel: 26 34
pixel: 26 35
pixel: 26 36
pixel: 26 37
pixel: 26 38
pixel: 26 39
pixel: 26 40
pixel: 26 41
pixel: 26 42
pixel: 26 43
pixel: 26 44
pixel: 26 45
pixel: 26 46
pixel: 26 47
pixel: 26 48
pixel: 26 49
pixel: 26 50
pixel: 26 51
pixel: 26 52
pixel: 26 53
pixel: 26 54
pixel: 26 55
pixel: 26 56
pixel: 26 57
pixel: 26 58
pixel: 26 59
pixel: 26 60
pixel: 26 61
pixel: 26 62
pixel: 26 63
pixel: 26 64
pixel: 26 65
pixel: 26 66
pixel: 26 67
pixel: 26 68
pixel: 26 69
pixel: 26 70
pixel: 26 71
pixel: 26 72
pixel: 26 73
pixel: 26 74
pixel: 26 75
pixel: 26 76
pixel: 26 77
pixel: 26 78
pixel: 26 79
pixel: 26 80
pixel: 26 81
pixel: 26 82
pixel: 26 83
pixel: 26 84
pixel: 26 85
pixel: 26 86
pixel: 26 87
pixel: 26 88
pixel: 26 89
pixel: 26 90
pixel: 26 91
pixel: 26 92
pixel: 26 93
pixel: 26 94
pixel: 26 95
pixel: 26 96
pixel: 26 97
pixel: 26 98
pixel: 26 99
pixel: 26 100
pixel: 26 101
pixel: 26 102
pixel: 26 103
pixel: 26 104
pixel: 26 105
pixel: 26 106
pixel: 26 107
pixel: 26 108
pixel: 26 109
pixel: 26 110
pixel: 26 111
pixel: 26 112
pixel: 26 113
pixel: 26 114
pixel: 26 115
pixel: 26 116
pixel: 26 117
pixel: 26 118
pixel: 26 119
pixel: 26 120
pixel: 26 121
pixel: 26 122
pixel: 26 123
pixel: 26 124
pixel: 26 125
pixel: 26 126
pixel: 26 127
pixel: 26 128
pixel: 26 129
pixel: 26 130
pixel: 26 131
pixel: 26 132
pixel: 26 133
pixel: 26 134
pixel: 26 135
pixel: 26 136
pixel: 26 137
pixel: 26 138
pixel: 26 139
pixel: 26 140
pixel: 26 141
pixel: 26 142
pixel: 26 143
pixel: 26 144
pixel: 26 145
pixel: 26 146
pixel: 26 147
pixel: 26 148
pixel: 26 149
pixel: 26 150
pixel: 26 151
pixel: 26 152
pixel: 26 153
pixel: 26 154
pixel: 26 155
pixel: 26 156
pixel: 26 157
pixel: 26 158
pixel: 26 159
pixel: 26 160
pixel: 26 161
pixel: 26 162
pixel: 26 163
pixel: 26 164
pixel: 26 165
pixel: 26 166
pixel: 26 167
pixel: 26 168
pixel: 26 169
pixel: 26 170
pixel: 26 171
pixel: 26 172
pixel: 26 173
pixel: 26 174
pixel: 26 175
pixel: 26 176
pixel: 26 177
pixel: 26 178
pixel: 26 179
pixel: 26 180
pixel: 26 181
pixel: 26 182
pixel: 26 183
pixel: 26 184
pixel: 26 185
pixel: 26 186
pixel: 26 187
pixel: 26 188
pixel: 26 189
pixel: 26 190
pixel: 26 191
pixel: 26 192
pixel: 26 193
pixel: 26 194
pixel: 26 195
pixel: 26 196
pixel: 26 197
pixel: 26 198
pixel: 26 199
pixel: 27 0
pixel: 27 1
pixel: 27 2
pixel: 27 3
pixel: 27 4
pixel: 27 5
pixel: 27 6
pixel: 27 7
pixel: 27 8
pixel: 27 9
pixel: 27 10
pixel: 27 11
pixel: 27 12
pixel: 27 13
pixel: 27 14
pixel: 27 15
pixel: 27 16
pixel: 27 17
pixel: 27 18
pixel: 27 19
pixel: 27 20
pixel: 27 21
pixel: 27 22
pixel: 27 23
pixel: 27 24
pixel: 27 25
pixel: 27 26
pixel: 27 27
pixel: 27 28
pixel: 27 29
pixel: 27 30
pixel: 27 31
pixel: 27 32
pixel: 27 33
pixel: 27 34
pixel: 27 35
pixel: 27 36
pixel: 27 37
pixel: 27 38
pixel: 27 39
pixel: 27 40
pixel: 27 41
pixel: 27 42
pixel: 27 43
pixel: 27 44
pixel: 27 45
pixel: 27 46
pixel: 27 47
pixel: 27 48
pixel: 27 49
pixel: 27 50
pixel: 27 51
pixel: 27 52
pixel: 27 53
pixel: 27 54
pixel: 27 55
pixel: 27 56
pixel: 27 57
pixel: 27 58
pixel: 27 59
pixel: 27 60
pixel: 27 61
pixel: 27 62
pixel: 27 63
pixel: 27 64
pixel: 27 65
pixel: 27 66
pixel: 27 67
pixel: 27 68
pixel: 27 69
pixel: 27 70
pixel: 27 71
pixel: 27 72
pixel: 27 73
pixel: 27 74
pixel: 27 75
pixel: 27 76
pixel: 27 77
pixel: 27 78
pixel: 27 79
pixel: 27 80
pixel: 27 81
pixel: 27 82
pixel: 27 83
pixel: 27 84
pixel: 27 85
pixel: 27 86
pixel: 27 87
pixel: 27 88
pixel: 27 89
pixel: 27 90
pixel: 27 91
pixel: 27 92
pixel: 27 93
pixel: 27 94
pixel: 27 95
pixel: 27 96
pixel: 27 97
pixel: 27 98
pixel: 27 99
pixel: 27 100
pixel: 27 101
pixel: 27 102
pixel: 27 103
pixel: 27 104
pixel: 27 105
pixel: 27 106
pixel: 27 107
pixel: 27 108
pixel: 27 109
pixel: 27 110
pixel: 27 111
pixel: 27 112
pixel: 27 113
pixel: 27 114
pixel: 27 115
pixel: 27 116
pixel: 27 117
pixel: 27 118
pixel: 27 119
pixel: 27 120
pixel: 27 121
pixel: 27 122
pixel: 27 123
pixel: 27 124
pixel: 27 125
pixel: 27 126
pixel: 27 127
pixel: 27 128
pixel: 27 129
pixel: 27 130
pixel: 27 131
pixel: 27 132
pixel: 27 133
pixel: 27 134
pixel: 27 135
pixel: 27 136
pixel: 27 137
pixel: 27 138
pixel: 27 139
pixel: 27 140
pixel: 27 141
pixel: 27 142
pixel: 27 143
pixel: 27 144
pixel: 27 145
pixel: 27 146
pixel: 27 147
pixel: 27 148
pixel: 27 149
pixel: 27 150
pixel: 27 151
pixel: 27 152
pixel: 27 153
pixel: 27 154
pixel: 27 155
pixel: 27 156
pixel: 27 157
pixel: 27 158
pixel: 27 159
pixel: 27 160
pixel: 27 161
pixel: 27 162
pixel: 27 163
pixel: 27 164
pixel: 27 165
pixel: 27 166
pixel: 27 167
pixel: 27 168
pixel: 27 169
pixel: 27 170
pixel: 27 171
pixel: 27 172
pixel: 27 173
pixel: 27 174
pixel: 27 175
pixel: 27 176
pixel: 27 177
pixel: 27 178
pixel: 27 179
pixel: 27 180
pixel: 27 181
pixel: 27 182
pixel: 27 183
pixel: 27 184
pixel: 27 185
pixel: 27 186
pixel: 27 187
pixel: 27 188
pixel: 27 189
pixel: 27 190
pixel: 27 191
pixel: 27 192
pixel: 27 193
pixel: 27 194
pixel: 27 195
pixel: 27 196
pixel: 27 197
pixel: 27 198
pixel: 27 199
pixel: 28 0
pixel: 28 1
pixel: 28 2
pixel: 28 3
pixel: 28 4
pixel: 28 5
pixel: 28 6
pixel: 28 7
pixel: 28 8
pixel: 28 9
pixel: 28 10
pixel: 28 11
pixel: 28 12
pixel: 28 13
pixel: 28 14
pixel: 28 15
pixel: 28 16
pixel: 28 17
pixel: 28 18
pixel: 28 19
pixel: 28 20
pixel: 28 21
pixel: 28 22
pixel: 28 23
pixel: 28 24
pixel: 28 25
pixel: 28 26
pixel: 28 27
pixel: 28 28
pixel: 28 29
pixel: 28 30
pixel: 28 31
pixel: 28 32
pixel: 28 33
pixel: 28 34
pixel: 28 35
pixel: 28 36
pixel: 28 37
pixel: 28 38
pixel: 28 39
pixel: 28 40
pixel: 28 41
pixel: 28 42
pixel: 28 43
pixel: 28 44
pixel: 28 45
pixel: 28 46
pixel: 28 47
pixel: 28 48
pixel: 28 49
pixel: 28 50
pixel: 28 51
pixel: 28 52
pixel: 28 53
pixel: 28 54
pixel: 28 55
pixel: 28 56
pixel: 28 57
pixel: 28 58
pixel: 28 59
pixel: 28 60
pixel: 28 61
pixel: 28 62
pixel: 28 63
pixel: 28 64
pixel: 28 65
pixel: 28 66
pixel: 28 67
pixel: 28 68
pixel: 28 69
pixel: 28 70
pixel: 28 71
pixel: 28 72
pixel: 28 73
pixel: 28 74
pixel: 28 75
pixel: 28 76
pixel: 28 77
pixel: 28 78
pixel: 28 79
pixel: 28 80
pixel: 28 81
pixel: 28 82
pixel: 28 83
pixel: 28 84
pixel: 28 85
pixel: 28 86
pixel: 28 87
pixel: 28 88
pixel: 28 89
pixel: 28 90
pixel: 28 91
pixel: 28 92
pixel: 28 93
pixel: 28 94
pixel: 28 95
pixel: 28 96
pixel: 28 97
pixel: 28 98
pixel: 28 99
pixel: 28 100
pixel: 28 101
pixel: 28 102
pixel: 28 103
pixel: 28 104
pixel: 28 105
pixel: 28 106
pixel: 28 107
pixel: 28 108
pixel: 28 109
pixel: 28 110
pixel: 28 111
pixel: 28 112
pixel: 28 113
pixel: 28 114
pixel: 28 115
pixel: 28 116
pixel: 28 117
pixel: 28 118
pixel: 28 119
pixel: 28 120
pixel: 28 121
pixel: 28 122
pixel: 28 123
pixel: 28 124
pixel: 28 125
pixel: 28 126
pixel: 28 127
pixel: 28 128
pixel: 28 129
pixel: 28 130
pixel: 28 131
pixel: 28 132
pixel: 28 133
pixel: 28 134
pixel: 28 135
pixel: 28 136
pixel: 28 137
pixel: 28 138
pixel: 28 139
pixel: 28 140
pixel: 28 141
pixel: 28 142
pixel: 28 143
pixel: 28 144
pixel: 28 145
pixel: 28 146
pixel: 28 147
pixel: 28 148
pixel: 28 149
pixel: 28 150
pixel: 28 151
pixel: 28 152
pixel: 28 153
pixel: 28 154
pixel: 28 155
pixel: 28 156
pixel: 28 157
pixel: 28 158
pixel: 28 159
pixel: 28 160
pixel: 28 161
pixel: 28 162
pixel: 28 163
pixel: 28 164
pixel: 28 165
pixel: 28 166
pixel: 28 167
pixel: 28 168
pixel: 28 169
pixel: 28 170
pixel: 28 171
pixel: 28 172
pixel: 28 173
pixel: 28 174
pixel: 28 175
pixel: 28 176
pixel: 28 177
pixel: 28 178
pixel: 28 179
pixel: 28 180
pixel: 28 181
pixel: 28 182
pixel: 28 183
pixel: 28 184
pixel: 28 185
pixel: 28 186
pixel: 28 187
pixel: 28 188
pixel: 28 189
pixel: 28 190
pixel: 28 191
pixel: 28 192
pixel: 28 193
pixel: 28 194
pixel: 28 195
pixel: 28 196
pixel: 28 197
pixel: 28 198
pixel: 28 199
pixel: 29 0
pixel: 29 1
pixel: 29 2
pixel: 29 3
pixel: 29 4
pixel: 29 5
pixel: 29 6
pixel: 29 7
pixel: 29 8
pixel: 29 9
pixel: 29 10
pixel: 29 11
pixel: 29 12
pixel: 29 13
pixel: 29 14
pixel: 29 15
pixel: 29 16
pixel: 29 17
pixel: 29 18
pixel: 29 19
pixel: 29 20
pixel: 29 21
pixel: 29 22
pixel: 29 23
pixel: 29 24
pixel: 29 25
pixel: 29 26
pixel: 29 27
pixel: 29 28
pixel: 29 29
pixel: 29 30
pixel: 29 31
pixel: 29 32
pixel: 29 33
pixel: 29 34
pixel: 29 35
pixel: 29 36
pixel: 29 37
pixel: 29 38
pixel: 29 39
pixel: 29 40
pixel: 29 41
pixel: 29 42
pixel: 29 43
pixel: 29 44
pixel: 29 45
pixel: 29 46
pixel: 29 47
pixel: 29 48
pixel: 29 49
pixel: 29 50
pixel: 29 51
pixel: 29 52
pixel: 29 53
pixel: 29 54
pixel: 29 55
pixel: 29 56
pixel: 29 57
pixel: 29 58
pixel: 29 59
pixel: 29 60
pixel: 29 61
pixel: 29 62
pixel: 29 63
pixel: 29 64
pixel: 29 65
pixel: 29 66
pixel: 29 67
pixel: 29 68
pixel: 29 69
pixel: 29 70
pixel: 29 71
pixel: 29 72
pixel: 29 73
pixel: 29 74
pixel: 29 75
pixel: 29 76
pixel: 29 77
pixel: 29 78
pixel: 29 79
pixel: 29 80
pixel: 29 81
pixel: 29 82
pixel: 29 83
pixel: 29 84
pixel: 29 85
pixel: 29 86
pixel: 29 87
pixel: 29 88
pixel: 29 89
pixel: 29 90
pixel: 29 91
pixel: 29 92
pixel: 29 93
pixel: 29 94
pixel: 29 95
pixel: 29 96
pixel: 29 97
pixel: 29 98
pixel: 29 99
pixel: 29 100
pixel: 29 101
pixel: 29 102
pixel: 29 103
pixel: 29 104
pixel: 29 105
pixel: 29 106
pixel: 29 107
pixel: 29 108
pixel: 29 109
pixel: 29 110
pixel: 29 111
pixel: 29 112
pixel: 29 113
pixel: 29 114
pixel: 29 115
pixel: 29 116
pixel: 29 117
pixel: 29 118
pixel: 29 119
pixel: 29 120
pixel: 29 121
pixel: 29 122
pixel: 29 123
pixel: 29 124
pixel: 29 125
pixel: 29 126
pixel: 29 127
pixel: 29 128
pixel: 29 129
pixel: 29 130
pixel: 29 131
pixel: 29 132
pixel: 29 133
pixel: 29 134
pixel: 29 135
pixel: 29 136
pixel: 29 137
pixel: 29 138
pixel: 29 139
pixel: 29 140
pixel: 29 141
pixel: 29 142
pixel: 29 143
pixel: 29 144
pixel: 29 145
pixel: 29 146
pixel: 29 147
pixel: 29 148
pixel: 29 149
pixel: 29 150
pixel: 29 151
pixel: 29 152
pixel: 29 153
pixel: 29 154
pixel: 29 155
pixel: 29 156
pixel: 29 157
pixel: 29 158
pixel: 29 159
pixel: 29 160
pixel: 29 161
pixel: 29 162
pixel: 29 163
pixel: 29 164
pixel: 29 165
pixel: 29 166
pixel: 29 167
pixel: 29 168
pixel: 29 169
pixel: 29 170
pixel: 29 171
pixel: 29 172
pixel: 29 173
pixel: 29 174
pixel: 29 175
pixel: 29 176
pixel: 29 177
pixel: 29 178
pixel: 29 179
pixel: 29 180
pixel: 29 181
pixel: 29 182
pixel: 29 183
pixel: 29 184
pixel: 29 185
pixel: 29 186
pixel: 29 187
pixel: 29 188
pixel: 29 189
pixel: 29 190
pixel: 29 191
pixel: 29 192
pixel: 29 193
pixel: 29 194
pixel: 29 195
pixel: 29 196
pixel: 29 197
pixel: 29 198
pixel: 29 199
pixel: 30 0
pixel: 30 1
pixel: 30 2
pixel: 30 3
pixel: 30 4
pixel: 30 5
pixel: 30 6
pixel: 30 7
pixel: 30 8
pixel: 30 9
pixel: 30 10
pixel: 30 11
pixel: 30 12
pixel: 30 13
pixel: 30 14
pixel: 30 15
pixel: 30 16
pixel: 30 17
pixel: 30 18
pixel: 30 19
pixel: 30 20
pixel: 30 21
pixel: 30 22
pixel: 30 23
pixel: 30 24
pixel: 30 25
pixel: 30 26
pixel: 30 27
pixel: 30 28
pixel: 30 29
pixel: 30 30
pixel: 30 31
pixel: 30 32
pixel: 30 33
pixel: 30 34
pixel: 30 35
pixel: 30 36
pixel: 30 37
pixel: 30 38
pixel: 30 39
pixel: 30 40
pixel: 30 41
pixel: 30 42
pixel: 30 43
pixel: 30 44
pixel: 30 45
pixel: 30 46
pixel: 30 47
pixel: 30 48
pixel: 30 49
pixel: 30 50
pixel: 30 51
pixel: 30 52
pixel: 30 53
pixel: 30 54
pixel: 30 55
pixel: 30 56
pixel: 30 57
pixel: 30 58
pixel: 30 59
pixel: 30 60
pixel: 30 61
pixel: 30 62
pixel: 30 63
pixel: 30 64
pixel: 30 65
pixel: 30 66
pixel: 30 67
pixel: 30 68
pixel: 30 69
pixel: 30 70
pixel: 30 71
pixel: 30 72
pixel: 30 73
pixel: 30 74
pixel: 30 75
pixel: 30 76
pixel: 30 77
pixel: 30 78
pixel: 30 79
pixel: 30 80
pixel: 30 81
pixel: 30 82
pixel: 30 83
pixel: 30 84
pixel: 30 85
pixel: 30 86
pixel: 30 87
pixel: 30 88
pixel: 30 89
pixel: 30 90
pixel: 30 91
pixel: 30 92
pixel: 30 93
pixel: 30 94
pixel: 30 95
pixel: 30 96
pixel: 30 97
pixel: 30 98
pixel: 30 99
pixel: 30 100
pixel: 30 101
pixel: 30 102
pixel: 30 103
pixel: 30 104
pixel: 30 105
pixel: 30 106
pixel: 30 107
pixel: 30 108
pixel: 30 109
pixel: 30 110
pixel: 30 111
pixel: 30 112
pixel: 30 113
pixel: 30 114
pixel: 30 115
pixel: 30 116
pixel: 30 117
pixel: 30 118
pixel: 30 119
pixel: 30 120
pixel: 30 121
pixel: 30 122
pixel: 30 123
pixel: 30 124
pixel: 30 125
pixel: 30 126
pixel: 30 127
pixel: 30 128
pixel: 30 129
pixel: 30 130
pixel: 30 131
pixel: 30 132
pixel: 30 133
pixel: 30 134
pixel: 30 135
pixel: 30 136
pixel: 30 137
pixel: 30 138
pixel: 30 139
pixel: 30 140
pixel: 30 141
pixel: 30 142
pixel: 30 143
pixel: 30 144
pixel: 30 145
pixel: 30 146
pixel: 30 147
pixel: 30 148
pixel: 30 149
pixel: 30 150
pixel: 30 151
pixel: 30 152
pixel: 30 153
pixel: 30 154
pixel: 30 155
pixel: 30 156
pixel: 30 157
pixel: 30 158
pixel: 30 159
pixel: 30 160
pixel: 30 161
pixel: 30 162
pixel: 30 163
pixel: 30 164
pixel: 30 165
pixel: 30 166
pixel: 30 167
pixel: 30 168
pixel: 30 169
pixel: 30 170
pixel: 30 171
pixel: 30 172
pixel: 30 173
pixel: 30 174
pixel: 30 175
pixel: 30 176
pixel: 30 177
pixel: 30 178
pixel: 30 179
pixel: 30 180
pixel: 30 181
pixel: 30 182
pixel: 30 183
pixel: 30 184
pixel: 30 185
pixel: 30 186
pixel: 30 187
pixel: 30 188
pixel: 30 189
pixel: 30 190
pixel: 30 191
pixel: 30 192
pixel: 30 193
pixel: 30 194
pixel: 30 195
pixel: 30 196
pixel: 30 197
pixel: 30 198
pixel: 30 199
pixel: 31 0
pixel: 31 1
pixel: 31 2
pixel: 31 3
pixel: 31 4
pixel: 31 5
pixel: 31 6
pixel: 31 7
pixel: 31 8
pixel: 31 9
pixel: 31 10
pixel: 31 11
pixel: 31 12
pixel: 31 13
pixel: 31 14
pixel: 31 15
pixel: 31 16
pixel: 31 17
pixel: 31 18
pixel: 31 19
pixel: 31 20
pixel: 31 21
pixel: 31 22
pixel: 31 23
pixel: 31 24
pixel: 31 25
pixel: 31 26
pixel: 31 27
pixel: 31 28
pixel: 31 29
pixel: 31 30
pixel: 31 31
pixel: 31 32
pixel: 31 33
pixel: 31 34
pixel: 31 35
pixel: 31 36
pixel: 31 37
pixel: 31 38
pixel: 31 39
pixel: 31 40
pixel: 31 41
pixel: 31 42
pixel: 31 43
pixel: 31 44
pixel: 31 45
pixel: 31 46
pixel: 31 47
pixel: 31 48
pixel: 31 49
pixel: 31 50
pixel: 31 51
pixel: 31 52
pixel: 31 53
pixel: 31 54
pixel: 31 55
pixel: 31 56
pixel: 31 57
pixel: 31 58
pixel: 31 59
pixel: 31 60
pixel: 31 61
pixel: 31 62
pixel: 31 63
pixel: 31 64
pixel: 31 65
pixel: 31 66
pixel: 31 67
pixel: 31 68
pixel: 31 69
pixel: 31 70
pixel: 31 71
pixel: 31 72
pixel: 31 73
pixel: 31 74
pixel: 31 75
pixel: 31 76
pixel: 31 77
pixel: 31 78
pixel: 31 79
pixel: 31 80
pixel: 31 81
pixel: 31 82
pixel: 31 83
pixel: 31 84
pixel: 31 85
pixel: 31 86
pixel: 31 87
pixel: 31 88
pixel: 31 89
pixel: 31 90
pixel: 31 91
pixel: 31 92
pixel: 31 93
pixel: 31 94
pixel: 31 95
pixel: 31 96
pixel: 31 97
pixel: 31 98
pixel: 31 99
pixel: 31 100
pixel: 31 101
pixel: 31 102
pixel: 31 103
pixel: 31 104
pixel: 31 105
pixel: 31 106
pixel: 31 107
pixel: 31 108
pixel: 31 109
pixel: 31 110
pixel: 31 111
pixel: 31 112
pixel: 31 113
pixel: 31 114
pixel: 31 115
pixel: 31 116
pixel: 31 117
pixel: 31 118
pixel: 31 119
pixel: 31 120
pixel: 31 121
pixel: 31 122
pixel: 31 123
pixel: 31 124
pixel: 31 125
pixel: 31 126
pixel: 31 127
pixel: 31 128
pixel: 31 129
pixel: 31 130
pixel: 31 131
pixel: 31 132
pixel: 31 133
pixel: 31 134
pixel: 31 135
pixel: 31 136
pixel: 31 137
pixel: 31 138
pixel: 31 139
pixel: 31 140
pixel: 31 141
pixel: 31 142
pixel: 31 143
pixel: 31 144
pixel: 31 145
pixel: 31 146
pixel: 31 147
pixel: 31 148
pixel: 31 149
pixel: 31 150
pixel: 31 151
pixel: 31 152
pixel: 31 153
pixel: 31 154
pixel: 31 155
pixel: 31 156
pixel: 31 157
pixel: 31 158
pixel: 31 159
pixel: 31 160
pixel: 31 161
pixel: 31 162
pixel: 31 163
pixel: 31 164
pixel: 31 165
pixel: 31 166
pixel: 31 167
pixel: 31 168
pixel: 31 169
pixel: 31 170
pixel: 31 171
pixel: 31 172
pixel: 31 173
pixel: 31 174
pixel: 31 175
pixel: 31 176
pixel: 31 177
pixel: 31 178
pixel: 31 179
pixel: 31 180
pixel: 31 181
pixel: 31 182
pixel: 31 183
pixel: 31 184
pixel: 31 185
pixel: 31 186
pixel: 31 187
pixel: 31 188
pixel: 31 189
pixel: 31 190
pixel: 31 191
pixel: 31 192
pixel: 31 193
pixel: 31 194
pixel: 31 195
pixel: 31 196
pixel: 31 197
pixel: 31 198
pixel: 31 199
pixel: 32 0
pixel: 32 1
pixel: 32 2
pixel: 32 3
pixel: 32 4
pixel: 32 5
pixel: 32 6
pixel: 32 7
pixel: 32 8
pixel: 32 9
pixel: 32 10
pixel: 32 11
pixel: 32 12
pixel: 32 13
pixel: 32 14
pixel: 32 15
pixel: 32 16
pixel: 32 17
pixel: 32 18
pixel: 32 19
pixel: 32 20
pixel: 32 21
pixel: 32 22
pixel: 32 23
pixel: 32 24
pixel: 32 25
pixel: 32 26
pixel: 32 27
pixel: 32 28
pixel: 32 29
pixel: 32 30
pixel: 32 31
pixel: 32 32
pixel: 32 33
pixel: 32 34
pixel: 32 35
pixel: 32 36
pixel: 32 37
pixel: 32 38
pixel: 32 39
pixel: 32 40
pixel: 32 41
pixel: 32 42
pixel: 32 43
pixel: 32 44
pixel: 32 45
pixel: 32 46
pixel: 32 47
pixel: 32 48
pixel: 32 49
pixel: 32 50
pixel: 32 51
pixel: 32 52
pixel: 32 53
pixel: 32 54
pixel: 32 55
pixel: 32 56
pixel: 32 57
pixel: 32 58
pixel: 32 59
pixel: 32 60
pixel: 32 61
pixel: 32 62
pixel: 32 63
pixel: 32 64
pixel: 32 65
pixel: 32 66
pixel: 32 67
pixel: 32 68
pixel: 32 69
pixel: 32 70
pixel: 32 71
pixel: 32 72
pixel: 32 73
pixel: 32 74
pixel: 32 75
pixel: 32 76
pixel: 32 77
pixel: 32 78
pixel: 32 79
pixel: 32 80
pixel: 32 81
pixel: 32 82
pixel: 32 83
pixel: 32 84
pixel: 32 85
pixel: 32 86
pixel: 32 87
pixel: 32 88
pixel: 32 89
pixel: 32 90
pixel: 32 91
pixel: 32 92
pixel: 32 93
pixel: 32 94
pixel: 32 95
pixel: 32 96
pixel: 32 97
pixel: 32 98
pixel: 32 99
pixel: 32 100
pixel: 32 101
pixel: 32 102
pixel: 32 103
pixel: 32 104
pixel: 32 105
pixel: 32 106
pixel: 32 107
pixel: 32 108
pixel: 32 109
pixel: 32 110
pixel: 32 111
pixel: 32 112
pixel: 32 113
pixel: 32 114
pixel: 32 115
pixel: 32 116
pixel: 32 117
pixel: 32 118
pixel: 32 119
pixel: 32 120
pixel: 32 121
pixel: 32 122
pixel: 32 123
pixel: 32 124
pixel: 32 125
pixel: 32 126
pixel: 32 127
pixel: 32 128
pixel: 32 129
pixel: 32 130
pixel: 32 131
pixel: 32 132
pixel: 32 133
pixel: 32 134
pixel: 32 135
pixel: 32 136
pixel: 32 137
pixel: 32 138
pixel: 32 139
pixel: 32 140
pixel: 32 141
pixel: 32 142
pixel: 32 143
pixel: 32 144
pixel: 32 145
pixel: 32 146
pixel: 32 147
pixel: 32 148
pixel: 32 149
pixel: 32 150
pixel: 32 151
pixel: 32 152
pixel: 32 153
pixel: 32 154
pixel: 32 155
pixel: 32 156
pixel: 32 157
pixel: 32 158
pixel: 32 159
pixel: 32 160
pixel: 32 161
pixel: 32 162
pixel: 32 163
pixel: 32 164
pixel: 32 165
pixel: 32 166
pixel: 32 167
pixel: 32 168
pixel: 32 169
pixel: 32 170
pixel: 32 171
pixel: 32 172
pixel: 32 173
pixel: 32 174
pixel: 32 175
pixel: 32 176
pixel: 32 177
pixel: 32 178
pixel: 32 179
pixel: 32 180
pixel: 32 181
pixel: 32 182
pixel: 32 183
pixel: 32 184
pixel: 32 185
pixel: 32 186
pixel: 32 187
pixel: 32 188
pixel: 32 189
pixel: 32 190
pixel: 32 191
pixel: 32 192
pixel: 32 193
pixel: 32 194
pixel: 32 195
pixel: 32 196
pixel: 32 197
pixel: 32 198
pixel: 32 199
pixel: 33 0
pixel: 33 1
pixel: 33 2
pixel: 33 3
pixel: 33 4
pixel: 33 5
pixel: 33 6
pixel: 33 7
pixel: 33 8
pixel: 33 9
pixel: 33 10
pixel: 33 11
pixel: 33 12
pixel: 33 13
pixel: 33 14
pixel: 33 15
pixel: 33 16
pixel: 33 17
pixel: 33 18
pixel: 33 19
pixel: 33 20
pixel: 33 21
pixel: 33 22
pixel: 33 23
pixel: 33 24
pixel: 33 25
pixel: 33 26
pixel: 33 27
pixel: 33 28
pixel: 33 29
pixel: 33 30
pixel: 33 31
pixel: 33 32
pixel: 33 33
pixel: 33 34
pixel: 33 35
pixel: 33 36
pixel: 33 37
pixel: 33 38
pixel: 33 39
pixel: 33 40
pixel: 33 41
pixel: 33 42
pixel: 33 43
pixel: 33 44
pixel: 33 45
pixel: 33 46
pixel: 33 47
pixel: 33 48
pixel: 33 49
pixel: 33 50
pixel: 33 51
pixel: 33 52
pixel: 33 53
pixel: 33 54
pixel: 33 55
pixel: 33 56
pixel: 33 57
pixel: 33 58
pixel: 33 59
pixel: 33 60
pixel: 33 61
pixel: 33 62
pixel: 33 63
pixel: 33 64
pixel: 33 65
pixel: 33 66
pixel: 33 67
pixel: 33 68
pixel: 33 69
pixel: 33 70
pixel: 33 71
pixel: 33 72
pixel: 33 73
pixel: 33 74
pixel: 33 75
pixel: 33 76
pixel: 33 77
pixel: 33 78
pixel: 33 79
pixel: 33 80
pixel: 33 81
pixel: 33 82
pixel: 33 83
pixel: 33 84
pixel: 33 85
pixel: 33 86
pixel: 33 87
pixel: 33 88
pixel: 33 89
pixel: 33 90
pixel: 33 91
pixel: 33 92
pixel: 33 93
pixel: 33 94
pixel: 33 95
pixel: 33 96
pixel: 33 97
pixel: 33 98
pixel: 33 99
pixel: 33 100
pixel: 33 101
pixel: 33 102
pixel: 33 103
pixel: 33 104
pixel: 33 105
pixel: 33 106
pixel: 33 107
pixel: 33 108
pixel: 33 109
pixel: 33 110
pixel: 33 111
pixel: 33 112
pixel: 33 113
pixel: 33 114
pixel: 33 115
pixel: 33 116
pixel: 33 117
pixel: 33 118
pixel: 33 119
pixel: 33 120
pixel: 33 121
pixel: 33 122
pixel: 33 123
pixel: 33 124
pixel: 33 125
pixel: 33 126
pixel: 33 127
pixel: 33 128
pixel: 33 129
pixel: 33 130
pixel: 33 131
pixel: 33 132
pixel: 33 133
pixel: 33 134
pixel: 33 135
pixel: 33 136
pixel: 33 137
pixel: 33 138
pixel: 33 139
pixel: 33 140
pixel: 33 141
pixel: 33 142
pixel: 33 143
pixel: 33 144
pixel: 33 145
pixel: 33 146
pixel: 33 147
pixel: 33 148
pixel: 33 149
pixel: 33 150
pixel: 33 151
pixel: 33 152
pixel: 33 153
pixel: 33 154
pixel: 33 155
pixel: 33 156
pixel: 33 157
pixel: 33 158
pixel: 33 159
pixel: 33 160
pixel: 33 161
pixel: 33 162
pixel: 33 163
pixel: 33 164
pixel: 33 165
pixel: 33 166
pixel: 33 167
pixel: 33 168
pixel: 33 169
pixel: 33 170
pixel: 33 171
pixel: 33 172
pixel: 33 173
pixel: 33 174
pixel: 33 175
pixel: 33 176
pixel: 33 177
pixel: 33 178
pixel: 33 179
pixel: 33 180
pixel: 33 181
pixel: 33 182
pixel: 33 183
pixel: 33 184
pixel: 33 185
pixel: 33 186
pixel: 33 187
pixel: 33 188
pixel: 33 189
pixel: 33 190
pixel: 33 191
pixel: 33 192
pixel: 33 193
pixel: 33 194
pixel: 33 195
pixel: 33 196
pixel: 33 197
pixel: 33 198
pixel: 33 199
pixel: 34 0
pixel: 34 1
pixel: 34 2
pixel: 34 3
pixel: 34 4
pixel: 34 5
pixel: 34 6
pixel: 34 7
pixel: 34 8
pixel: 34 9
pixel: 34 10
pixel: 34 11
pixel: 34 12
pixel: 34 13
pixel: 34 14
pixel: 34 15
pixel: 34 16
pixel: 34 17
pixel: 34 18
pixel: 34 19
pixel: 34 20
pixel: 34 21
pixel: 34 22
pixel: 34 23
pixel: 34 24
pixel: 34 25
pixel: 34 26
pixel: 34 27
pixel: 34 28
pixel: 34 29
pixel: 34 30
pixel: 34 31
pixel: 34 32
pixel: 34 33
pixel: 34 34
pixel: 34 35
pixel: 34 36
pixel: 34 37
pixel: 34 38
pixel: 34 39
pixel: 34 40
pixel: 34 41
pixel: 34 42
pixel: 34 43
pixel: 34 44
pixel: 34 45
pixel: 34 46
pixel: 34 47
pixel: 34 48
pixel: 34 49
pixel: 34 50
pixel: 34 51
pixel: 34 52
pixel: 34 53
pixel: 34 54
pixel: 34 55
pixel: 34 56
pixel: 34 57
pixel: 34 58
pixel: 34 59
pixel: 34 60
pixel: 34 61
pixel: 34 62
pixel: 34 63
pixel: 34 64
pixel: 34 65
pixel: 34 66
pixel: 34 67
pixel: 34 68
pixel: 34 69
pixel: 34 70
pixel: 34 71
pixel: 34 72
pixel: 34 73
pixel: 34 74
pixel: 34 75
pixel: 34 76
pixel: 34 77
pixel: 34 78
pixel: 34 79
pixel: 34 80
pixel: 34 81
pixel: 34 82
pixel: 34 83
pixel: 34 84
pixel: 34 85
pixel: 34 86
pixel: 34 87
pixel: 34 88
pixel: 34 89
pixel: 34 90
pixel: 34 91
pixel: 34 92
pixel: 34 93
pixel: 34 94
pixel: 34 95
pixel: 34 96
pixel: 34 97
pixel: 34 98
pixel: 34 99
pixel: 34 100
pixel: 34 101
pixel: 34 102
pixel: 34 103
pixel: 34 104
pixel: 34 105
pixel: 34 106
pixel: 34 107
pixel: 34 108
pixel: 34 109
pixel: 34 110
pixel: 34 111
pixel: 34 112
pixel: 34 113
pixel: 34 114
pixel: 34 115
pixel: 34 116
pixel: 34 117
pixel: 34 118
pixel: 34 119
pixel: 34 120
pixel: 34 121
pixel: 34 122
pixel: 34 123
pixel: 34 124
pixel: 34 125
pixel: 34 126
pixel: 34 127
pixel: 34 128
pixel: 34 129
pixel: 34 130
pixel: 34 131
pixel: 34 132
pixel: 34 133
pixel: 34 134
pixel: 34 135
pixel: 34 136
pixel: 34 137
pixel: 34 138
pixel: 34 139
pixel: 34 140
pixel: 34 141
pixel: 34 142
pixel: 34 143
pixel: 34 144
pixel: 34 145
pixel: 34 146
pixel: 34 147
pixel: 34 148
pixel: 34 149
pixel: 34 150
pixel: 34 151
pixel: 34 152
pixel: 34 153
pixel: 34 154
pixel: 34 155
pixel: 34 156
pixel: 34 157
pixel: 34 158
pixel: 34 159
pixel: 34 160
pixel: 34 161
pixel: 34 162
pixel: 34 163
pixel: 34 164
pixel: 34 165
pixel: 34 166
pixel: 34 167
pixel: 34 168
pixel: 34 169
pixel: 34 170
pixel: 34 171
pixel: 34 172
pixel: 34 173
pixel: 34 174
pixel: 34 175
pixel: 34 176
pixel: 34 177
pixel: 34 178
pixel: 34 179
pixel: 34 180
pixel: 34 181
pixel: 34 182
pixel: 34 183
pixel: 34 184
pixel: 34 185
pixel: 34 186
pixel: 34 187
pixel: 34 188
pixel: 34 189
pixel: 34 190
pixel: 34 191
pixel: 34 192
pixel: 34 193
pixel: 34 194
pixel: 34 195
pixel: 34 196
pixel: 34 197
pixel: 34 198
pixel: 34 199
pixel: 35 0
pixel: 35 1
pixel: 35 2
pixel: 35 3
pixel: 35 4
pixel: 35 5
pixel: 35 6
pixel: 35 7
pixel: 35 8
pixel: 35 9
pixel: 35 10
pixel: 35 11
pixel: 35 12
pixel: 35 13
pixel: 35 14
pixel: 35 15
pixel: 35 16
pixel: 35 17
pixel: 35 18
pixel: 35 19
pixel: 35 20
pixel: 35 21
pixel: 35 22
pixel: 35 23
pixel: 35 24
pixel: 35 25
pixel: 35 26
pixel: 35 27
pixel: 35 28
pixel: 35 29
pixel: 35 30
pixel: 35 31
pixel: 35 32
pixel: 35 33
pixel: 35 34
pixel: 35 35
pixel: 35 36
pixel: 35 37
pixel: 35 38
pixel: 35 39
pixel: 35 40
pixel: 35 41
pixel: 35 42
pixel: 35 43
pixel: 35 44
pixel: 35 45
pixel: 35 46
pixel: 35 47
pixel: 35 48
pixel: 35 49
pixel: 35 50
pixel: 35 51
pixel: 35 52
pixel: 35 53
pixel: 35 54
pixel: 35 55
pixel: 35 56
pixel: 35 57
pixel: 35 58
pixel: 35 59
pixel: 35 60
pixel: 35 61
pixel: 35 62
pixel: 35 63
pixel: 35 64
pixel: 35 65
pixel: 35 66
pixel: 35 67
pixel: 35 68
pixel: 35 69
pixel: 35 70
pixel: 35 71
pixel: 35 72
pixel: 35 73
pixel: 35 74
pixel: 35 75
pixel: 35 76
pixel: 35 77
pixel: 35 78
pixel: 35 79
pixel: 35 80
pixel: 35 81
pixel: 35 82
pixel: 35 83
pixel: 35 84
pixel: 35 85
pixel: 35 86
pixel: 35 87
pixel: 35 88
pixel: 35 89
pixel: 35 90
pixel: 35 91
pixel: 35 92
pixel: 35 93
pixel: 35 94
pixel: 35 95
pixel: 35 96
pixel: 35 97
pixel: 35 98
pixel: 35 99
pixel: 35 100
pixel: 35 101
pixel: 35 102
pixel: 35 103
pixel: 35 104
pixel: 35 105
pixel: 35 106
pixel: 35 107
pixel: 35 108
pixel: 35 109
pixel: 35 110
pixel: 35 111
pixel: 35 112
pixel: 35 113
pixel: 35 114
pixel: 35 115
pixel: 35 116
pixel: 35 117
pixel: 35 118
pixel: 35 119
pixel: 35 120
pixel: 35 121
pixel: 35 122
pixel: 35 123
pixel: 35 124
pixel: 35 125
pixel: 35 126
pixel: 35 127
pixel: 35 128
pixel: 35 129
pixel: 35 130
pixel: 35 131
pixel: 35 132
pixel: 35 133
pixel: 35 134
pixel: 35 135
pixel: 35 136
pixel: 35 137
pixel: 35 138
pixel: 35 139
pixel: 35 140
pixel: 35 141
pixel: 35 142
pixel: 35 143
pixel: 35 144
pixel: 35 145
pixel: 35 146
pixel: 35 147
pixel: 35 148
pixel: 35 149
pixel: 35 150
pixel: 35 151
pixel: 35 152
pixel: 35 153
pixel: 35 154
pixel: 35 155
pixel: 35 156
pixel: 35 157
pixel: 35 158
pixel: 35 159
pixel: 35 160
pixel: 35 161
pixel: 35 162
pixel: 35 163
pixel: 35 164
pixel: 35 165
pixel: 35 166
pixel: 35 167
pixel: 35 168
pixel: 35 169
pixel: 35 170
pixel: 35 171
pixel: 35 172
pixel: 35 173
pixel: 35 174
pixel: 35 175
pixel: 35 176
pixel: 35 177
pixel: 35 178
pixel: 35 179
pixel: 35 180
pixel: 35 181
pixel: 35 182
pixel: 35 183
pixel: 35 184
pixel: 35 185
pixel: 35 186
pixel: 35 187
pixel: 35 188
pixel: 35 189
pixel: 35 190
pixel: 35 191
pixel: 35 192
pixel: 35 193
pixel: 35 194
pixel: 35 195
pixel: 35 196
pixel: 35 197
pixel: 35 198
pixel: 35 199
pixel: 36 0
pixel: 36 1
pixel: 36 2
pixel: 36 3
pixel: 36 4
pixel: 36 5
pixel: 36 6
pixel: 36 7
pixel: 36 8
pixel: 36 9
pixel: 36 10
pixel: 36 11
pixel: 36 12
pixel: 36 13
pixel: 36 14
pixel: 36 15
pixel: 36 16
pixel: 36 17
pixel: 36 18
pixel: 36 19
pixel: 36 20
pixel: 36 21
pixel: 36 22
pixel: 36 23
pixel: 36 24
pixel: 36 25
pixel: 36 26
pixel: 36 27
pixel: 36 28
pixel: 36 29
pixel: 36 30
pixel: 36 31
pixel: 36 32
pixel: 36 33
pixel: 36 34
pixel: 36 35
pixel: 36 36
pixel: 36 37
pixel: 36 38
pixel: 36 39
pixel: 36 40
pixel: 36 41
pixel: 36 42
pixel: 36 43
pixel: 36 44
pixel: 36 45
pixel: 36 46
pixel: 36 47
pixel: 36 48
pixel: 36 49
pixel: 36 50
pixel: 36 51
pixel: 36 52
pixel: 36 53
pixel: 36 54
pixel: 36 55
pixel: 36 56
pixel: 36 57
pixel: 36 58
pixel: 36 59
pixel: 36 60
pixel: 36 61
pixel: 36 62
pixel: 36 63
pixel: 36 64
pixel: 36 65
pixel: 36 66
pixel: 36 67
pixel: 36 68
pixel: 36 69
pixel: 36 70
pixel: 36 71
pixel: 36 72
pixel: 36 73
pixel: 36 74
pixel: 36 75
pixel: 36 76
pixel: 36 77
pixel: 36 78
pixel: 36 79
pixel: 36 80
pixel: 36 81
pixel: 36 82
pixel: 36 83
pixel: 36 84
pixel: 36 85
pixel: 36 86
pixel: 36 87
pixel: 36 88
pixel: 36 89
pixel: 36 90
pixel: 36 91
pixel: 36 92
pixel: 36 93
pixel: 36 94
pixel: 36 95
pixel: 36 96
pixel: 36 97
pixel: 36 98
pixel: 36 99
pixel: 36 100
pixel: 36 101
pixel: 36 102
pixel: 36 103
pixel: 36 104
pixel: 36 105
pixel: 36 106
pixel: 36 107
pixel: 36 108
pixel: 36 109
pixel: 36 110
pixel: 36 111
pixel: 36 112
pixel: 36 113
pixel: 36 114
pixel: 36 115
pixel: 36 116
pixel: 36 117
pixel: 36 118
pixel: 36 119
pixel: 36 120
pixel: 36 121
pixel: 36 122
pixel: 36 123
pixel: 36 124
pixel: 36 125
pixel: 36 126
pixel: 36 127
pixel: 36 128
pixel: 36 129
pixel: 36 130
pixel: 36 131
pixel: 36 132
pixel: 36 133
pixel: 36 134
pixel: 36 135
pixel: 36 136
pixel: 36 137
pixel: 36 138
pixel: 36 139
pixel: 36 140
pixel: 36 141
pixel: 36 142
pixel: 36 143
pixel: 36 144
pixel: 36 145
pixel: 36 146
pixel: 36 147
pixel: 36 148
pixel: 36 149
pixel: 36 150
pixel: 36 151
pixel: 36 152
pixel: 36 153
pixel: 36 154
pixel: 36 155
pixel: 36 156
pixel: 36 157
pixel: 36 158
pixel: 36 159
pixel: 36 160
pixel: 36 161
pixel: 36 162
pixel: 36 163
pixel: 36 164
pixel: 36 165
pixel: 36 166
pixel: 36 167
pixel: 36 168
pixel: 36 169
pixel: 36 170
pixel: 36 171
pixel: 36 172
pixel: 36 173
pixel: 36 174
pixel: 36 175
pixel: 36 176
pixel: 36 177
pixel: 36 178
pixel: 36 179
pixel: 36 180
pixel: 36 181
pixel: 36 182
pixel: 36 183
pixel: 36 184
pixel: 36 185
pixel: 36 186
pixel: 36 187
pixel: 36 188
pixel: 36 189
pixel: 36 190
pixel: 36 191
pixel: 36 192
pixel: 36 193
pixel: 36 194
pixel: 36 195
pixel: 36 196
pixel: 36 197
pixel: 36 198
pixel: 36 199
pixel: 37 0
pixel: 37 1
pixel: 37 2
pixel: 37 3
pixel: 37 4
pixel: 37 5
pixel: 37 6
pixel: 37 7
pixel: 37 8
pixel: 37 9
pixel: 37 10
pixel: 37 11
pixel: 37 12
pixel: 37 13
pixel: 37 14
pixel: 37 15
pixel: 37 16
pixel: 37 17
pixel: 37 18
pixel: 37 19
pixel: 37 20
pixel: 37 21
pixel: 37 22
pixel: 37 23
pixel: 37 24
pixel: 37 25
pixel: 37 26
pixel: 37 27
pixel: 37 28
pixel: 37 29
pixel: 37 30
pixel: 37 31
pixel: 37 32
pixel: 37 33
pixel: 37 34
pixel: 37 35
pixel: 37 36
pixel: 37 37
pixel: 37 38
pixel: 37 39
pixel: 37 40
pixel: 37 41
pixel: 37 42
pixel: 37 43
pixel: 37 44
pixel: 37 45
pixel: 37 46
pixel: 37 47
pixel: 37 48
pixel: 37 49
pixel: 37 50
pixel: 37 51
pixel: 37 52
pixel: 37 53
pixel: 37 54
pixel: 37 55
pixel: 37 56
pixel: 37 57
pixel: 37 58
pixel: 37 59
pixel: 37 60
pixel: 37 61
pixel: 37 62
pixel: 37 63
pixel: 37 64
pixel: 37 65
pixel: 37 66
pixel: 37 67
pixel: 37 68
pixel: 37 69
pixel: 37 70
pixel: 37 71
pixel: 37 72
pixel: 37 73
pixel: 37 74
pixel: 37 75
pixel: 37 76
pixel: 37 77
pixel: 37 78
pixel: 37 79
pixel: 37 80
pixel: 37 81
pixel: 37 82
pixel: 37 83
pixel: 37 84
pixel: 37 85
pixel: 37 86
pixel: 37 87
pixel: 37 88
pixel: 37 89
pixel: 37 90
pixel: 37 91
pixel: 37 92
pixel: 37 93
pixel: 37 94
pixel: 37 95
pixel: 37 96
pixel: 37 97
pixel: 37 98
pixel: 37 99
pixel: 37 100
pixel: 37 101
pixel: 37 102
pixel: 37 103
pixel: 37 104
pixel: 37 105
pixel: 37 106
pixel: 37 107
pixel: 37 108
pixel: 37 109
pixel: 37 110
pixel: 37 111
pixel: 37 112
pixel: 37 113
pixel: 37 114
pixel: 37 115
pixel: 37 116
pixel: 37 117
pixel: 37 118
pixel: 37 119
pixel: 37 120
pixel: 37 121
pixel: 37 122
pixel: 37 123
pixel: 37 124
pixel: 37 125
pixel: 37 126
pixel: 37 127
pixel: 37 128
pixel: 37 129
pixel: 37 130
pixel: 37 131
pixel: 37 132
pixel: 37 133
pixel: 37 134
pixel: 37 135
pixel: 37 136
pixel: 37 137
pixel: 37 138
pixel: 37 139
pixel: 37 140
pixel: 37 141
pixel: 37 142
pixel: 37 143
pixel: 37 144
pixel: 37 145
pixel: 37 146
pixel: 37 147
pixel: 37 148
pixel: 37 149
pixel: 37 150
pixel: 37 151
pixel: 37 152
pixel: 37 153
pixel: 37 154
pixel: 37 155
pixel: 37 156
pixel: 37 157
pixel: 37 158
pixel: 37 159
pixel: 37 160
pixel: 37 161
pixel: 37 162
pixel: 37 163
pixel: 37 164
pixel: 37 165
pixel: 37 166
pixel: 37 167
pixel: 37 168
pixel: 37 169
pixel: 37 170
pixel: 37 171
pixel: 37 172
pixel: 37 173
pixel: 37 174
pixel: 37 175
pixel: 37 176
pixel: 37 177
pixel: 37 178
pixel: 37 179
pixel: 37 180
pixel: 37 181
pixel: 37 182
pixel: 37 183
pixel: 37 184
pixel: 37 185
pixel: 37 186
pixel: 37 187
pixel: 37 188
pixel: 37 189
pixel: 37 190
pixel: 37 191
pixel: 37 192
pixel: 37 193
pixel: 37 194
pixel: 37 195
pixel: 37 196
pixel: 37 197
pixel: 37 198
pixel: 37 199
pixel: 38 0
pixel: 38 1
pixel: 38 2
pixel: 38 3
pixel: 38 4
pixel: 38 5
pixel: 38 6
pixel: 38 7
pixel: 38 8
pixel: 38 9
pixel: 38 10
pixel: 38 11
pixel: 38 12
pixel: 38 13
pixel: 38 14
pixel: 38 15
pixel: 38 16
pixel: 38 17
pixel: 38 18
pixel: 38 19
pixel: 38 20
pixel: 38 21
pixel: 38 22
pixel: 38 23
pixel: 38 24
pixel: 38 25
pixel: 38 26
pixel: 38 27
pixel: 38 28
pixel: 38 29
pixel: 38 30
pixel: 38 31
pixel: 38 32
pixel: 38 33
pixel: 38 34
pixel: 38 35
pixel: 38 36
pixel: 38 37
pixel: 38 38
pixel: 38 39
pixel: 38 40
pixel: 38 41
pixel: 38 42
pixel: 38 43
pixel: 38 44
pixel: 38 45
pixel: 38 46
pixel: 38 47
pixel: 38 48
pixel: 38 49
pixel: 38 50
pixel: 38 51
pixel: 38 52
pixel: 38 53
pixel: 38 54
pixel: 38 55
pixel: 38 56
pixel: 38 57
pixel: 38 58
pixel: 38 59
pixel: 38 60
pixel: 38 61
pixel: 38 62
pixel: 38 63
pixel: 38 64
pixel: 38 65
pixel: 38 66
pixel: 38 67
pixel: 38 68
pixel: 38 69
pixel: 38 70
pixel: 38 71
pixel: 38 72
pixel: 38 73
pixel: 38 74
pixel: 38 75
pixel: 38 76
pixel: 38 77
pixel: 38 78
pixel: 38 79
pixel: 38 80
pixel: 38 81
pixel: 38 82
pixel: 38 83
pixel: 38 84
pixel: 38 85
pixel: 38 86
pixel: 38 87
pixel: 38 88
pixel: 38 89
pixel: 38 90
pixel: 38 91
pixel: 38 92
pixel: 38 93
pixel: 38 94
pixel: 38 95
pixel: 38 96
pixel: 38 97
pixel: 38 98
pixel: 38 99
pixel: 38 100
pixel: 38 101
pixel: 38 102
pixel: 38 103
pixel: 38 104
pixel: 38 105
pixel: 38 106
pixel: 38 107
pixel: 38 108
pixel: 38 109
pixel: 38 110
pixel: 38 111
pixel: 38 112
pixel: 38 113
pixel: 38 114
pixel: 38 115
pixel: 38 116
pixel: 38 117
pixel: 38 118
pixel: 38 119
pixel: 38 120
pixel: 38 121
pixel: 38 122
pixel: 38 123
pixel: 38 124
pixel: 38 125
pixel: 38 126
pixel: 38 127
pixel: 38 128
pixel: 38 129
pixel: 38 130
pixel: 38 131
pixel: 38 132
pixel: 38 133
pixel: 38 134
pixel: 38 135
pixel: 38 136
pixel: 38 137
pixel: 38 138
pixel: 38 139
pixel: 38 140
pixel: 38 141
pixel: 38 142
pixel: 38 143
pixel: 38 144
pixel: 38 145
pixel: 38 146
pixel: 38 147
pixel: 38 148
pixel: 38 149
pixel: 38 150
pixel: 38 151
pixel: 38 152
pixel: 38 153
pixel: 38 154
pixel: 38 155
pixel: 38 156
pixel: 38 157
pixel: 38 158
pixel: 38 159
pixel: 38 160
pixel: 38 161
pixel: 38 162
pixel: 38 163
pixel: 38 164
pixel: 38 165
pixel: 38 166
pixel: 38 167
pixel: 38 168
pixel: 38 169
pixel: 38 170
pixel: 38 171
pixel: 38 172
pixel: 38 173
pixel: 38 174
pixel: 38 175
pixel: 38 176
pixel: 38 177
pixel: 38 178
pixel: 38 179
pixel: 38 180
pixel: 38 181
pixel: 38 182
pixel: 38 183
pixel: 38 184
pixel: 38 185
pixel: 38 186
pixel: 38 187
pixel: 38 188
pixel: 38 189
pixel: 38 190
pixel: 38 191
pixel: 38 192
pixel: 38 193
pixel: 38 194
pixel: 38 195
pixel: 38 196
pixel: 38 197
pixel: 38 198
pixel: 38 199
pixel: 39 0
pixel: 39 1
pixel: 39 2
pixel: 39 3
pixel: 39 4
pixel: 39 5
pixel: 39 6
pixel: 39 7
pixel: 39 8
pixel: 39 9
pixel: 39 10
pixel: 39 11
pixel: 39 12
pixel: 39 13
pixel: 39 14
pixel: 39 15
pixel: 39 16
pixel: 39 17
pixel: 39 18
pixel: 39 19
pixel: 39 20
pixel: 39 21
pixel: 39 22
pixel: 39 23
pixel: 39 24
pixel: 39 25
pixel: 39 26
pixel: 39 27
pixel: 39 28
pixel: 39 29
pixel: 39 30
pixel: 39 31
pixel: 39 32
pixel: 39 33
pixel: 39 34
pixel: 39 35
pixel: 39 36
pixel: 39 37
pixel: 39 38
pixel: 39 39
pixel: 39 40
pixel: 39 41
pixel: 39 42
pixel: 39 43
pixel: 39 44
pixel: 39 45
pixel: 39 46
pixel: 39 47
pixel: 39 48
pixel: 39 49
pixel: 39 50
pixel: 39 51
pixel: 39 52
pixel: 39 53
pixel: 39 54
pixel: 39 55
pixel: 39 56
pixel: 39 57
pixel: 39 58
pixel: 39 59
pixel: 39 60
pixel: 39 61
pixel: 39 62
pixel: 39 63
pixel: 39 64
pixel: 39 65
pixel: 39 66
pixel: 39 67
pixel: 39 68
pixel: 39 69
pixel: 39 70
pixel: 39 71
pixel: 39 72
pixel: 39 73
pixel: 39 74
pixel: 39 75
pixel: 39 76
pixel: 39 77
pixel: 39 78
pixel: 39 79
pixel: 39 80
pixel: 39 81
pixel: 39 82
pixel: 39 83
pixel: 39 84
pixel: 39 85
pixel: 39 86
pixel: 39 87
pixel: 39 88
pixel: 39 89
pixel: 39 90
pixel: 39 91
pixel: 39 92
pixel: 39 93
pixel: 39 94
pixel: 39 95
pixel: 39 96
pixel: 39 97
pixel: 39 98
pixel: 39 99
pixel: 39 100
pixel: 39 101
pixel: 39 102
pixel: 39 103
pixel: 39 104
pixel: 39 105
pixel: 39 106
pixel: 39 107
pixel: 39 108
pixel: 39 109
pixel: 39 110
pixel: 39 111
pixel: 39 112
pixel: 39 113
pixel: 39 114
pixel: 39 115
pixel: 39 116
pixel: 39 117
pixel: 39 118
pixel: 39 119
pixel: 39 120
pixel: 39 121
pixel: 39 122
pixel: 39 123
pixel: 39 124
pixel: 39 125
pixel: 39 126
pixel: 39 127
pixel: 39 128
pixel: 39 129
pixel: 39 130
pixel: 39 131
pixel: 39 132
pixel: 39 133
pixel: 39 134
pixel: 39 135
pixel: 39 136
pixel: 39 137
pixel: 39 138
pixel: 39 139
pixel: 39 140
pixel: 39 141
pixel: 39 142
pixel: 39 143
pixel: 39 144
pixel: 39 145
pixel: 39 146
pixel: 39 147
pixel: 39 148
pixel: 39 149
pixel: 39 150
pixel: 39 151
pixel: 39 152
pixel: 39 153
pixel: 39 154
pixel: 39 155
pixel: 39 156
pixel: 39 157
pixel: 39 158
pixel: 39 159
pixel: 39 160
pixel: 39 161
pixel: 39 162
pixel: 39 163
pixel: 39 164
pixel: 39 165
pixel: 39 166
pixel: 39 167
pixel: 39 168
pixel: 39 169
pixel: 39 170
pixel: 39 171
pixel: 39 172
pixel: 39 173
pixel: 39 174
pixel: 39 175
pixel: 39 176
pixel: 39 177
pixel: 39 178
pixel: 39 179
pixel: 39 180
pixel: 39 181
pixel: 39 182
pixel: 39 183
pixel: 39 184
pixel: 39 185
pixel: 39 186
pixel: 39 187
pixel: 39 188
pixel: 39 189
pixel: 39 190
pixel: 39 191
pixel: 39 192
pixel: 39 193
pixel: 39 194
pixel: 39 195
pixel: 39 196
pixel: 39 197
pixel: 39 198
pixel: 39 199
pixel: 40 0
pixel: 40 1
pixel: 40 2
pixel: 40 3
pixel: 40 4
pixel: 40 5
pixel: 40 6
pixel: 40 7
pixel: 40 8
pixel: 40 9
pixel: 40 10
pixel: 40 11
pixel: 40 12
pixel: 40 13
pixel: 40 14
pixel: 40 15
pixel: 40 16
pixel: 40 17
pixel: 40 18
pixel: 40 19
pixel: 40 20
pixel: 40 21
pixel: 40 22
pixel: 40 23
pixel: 40 24
pixel: 40 25
pixel: 40 26
pixel: 40 27
pixel: 40 28
pixel: 40 29
pixel: 40 30
pixel: 40 31
pixel: 40 32
pixel: 40 33
pixel: 40 34
pixel: 40 35
pixel: 40 36
pixel: 40 37
pixel: 40 38
pixel: 40 39
pixel: 40 40
pixel: 40 41
pixel: 40 42
pixel: 40 43
pixel: 40 44
pixel: 40 45
pixel: 40 46
pixel: 40 47
pixel: 40 48
pixel: 40 49
pixel: 40 50
pixel: 40 51
pixel: 40 52
pixel: 40 53
pixel: 40 54
pixel: 40 55
pixel: 40 56
pixel: 40 57
pixel: 40 58
pixel: 40 59
pixel: 40 60
pixel: 40 61
pixel: 40 62
pixel: 40 63
pixel: 40 64
pixel: 40 65
pixel: 40 66
pixel: 40 67
pixel: 40 68
pixel: 40 69
pixel: 40 70
pixel: 40 71
pixel: 40 72
pixel: 40 73
pixel: 40 74
pixel: 40 75
pixel: 40 76
pixel: 40 77
pixel: 40 78
pixel: 40 79
pixel: 40 80
pixel: 40 81
pixel: 40 82
pixel: 40 83
pixel: 40 84
pixel: 40 85
pixel: 40 86
pixel: 40 87
pixel: 40 88
pixel: 40 89
pixel: 40 90
pixel: 40 91
pixel: 40 92
pixel: 40 93
pixel: 40 94
pixel: 40 95
pixel: 40 96
pixel: 40 97
pixel: 40 98
pixel: 40 99
pixel: 40 100
pixel: 40 101
pixel: 40 102
pixel: 40 103
pixel: 40 104
pixel: 40 105
pixel: 40 106
pixel: 40 107
pixel: 40 108
pixel: 40 109
pixel: 40 110
pixel: 40 111
pixel: 40 112
pixel: 40 113
pixel: 40 114
pixel: 40 115
pixel: 40 116
pixel: 40 117
pixel: 40 118
pixel: 40 119
pixel: 40 120
pixel: 40 121
pixel: 40 122
pixel: 40 123
pixel: 40 124
pixel: 40 125
pixel: 40 126
pixel: 40 127
pixel: 40 128
pixel: 40 129
pixel: 40 130
pixel: 40 131
pixel: 40 132
pixel: 40 133
pixel: 40 134
pixel: 40 135
pixel: 40 136
pixel: 40 137
pixel: 40 138
pixel: 40 139
pixel: 40 140
pixel: 40 141
pixel: 40 142
pixel: 40 143
pixel: 40 144
pixel: 40 145
pixel: 40 146
pixel: 40 147
pixel: 40 148
pixel: 40 149
pixel: 40 150
pixel: 40 151
pixel: 40 152
pixel: 40 153
pixel: 40 154
pixel: 40 155
pixel: 40 156
pixel: 40 157
pixel: 40 158
pixel: 40 159
pixel: 40 160
pixel: 40 161
pixel: 40 162
pixel: 40 163
pixel: 40 164
pixel: 40 165
pixel: 40 166
pixel: 40 167
pixel: 40 168
pixel: 40 169
pixel: 40 170
pixel: 40 171
pixel: 40 172
pixel: 40 173
pixel: 40 174
pixel: 40 175
pixel: 40 176
pixel: 40 177
pixel: 40 178
pixel: 40 179
pixel: 40 180
pixel: 40 181
pixel: 40 182
pixel: 40 183
pixel: 40 184
pixel: 40 185
pixel: 40 186
pixel: 40 187
pixel: 40 188
pixel: 40 189
pixel: 40 190
pixel: 40 191
pixel: 40 192
pixel: 40 193
pixel: 40 194
pixel: 40 195
pixel: 40 196
pixel: 40 197
pixel: 40 198
pixel: 40 199
pixel: 41 0
pixel: 41 1
pixel: 41 2
pixel: 41 3
pixel: 41 4
pixel: 41 5
pixel: 41 6
pixel: 41 7
pixel: 41 8
pixel: 41 9
pixel: 41 10
pixel: 41 11
pixel: 41 12
pixel: 41 13
pixel: 41 14
pixel: 41 15
pixel: 41 16
pixel: 41 17
pixel: 41 18
pixel: 41 19
pixel: 41 20
pixel: 41 21
pixel: 41 22
pixel: 41 23
pixel: 41 24
pixel: 41 25
pixel: 41 26
pixel: 41 27
pixel: 41 28
pixel: 41 29
pixel: 41 30
pixel: 41 31
pixel: 41 32
pixel: 41 33
pixel: 41 34
pixel: 41 35
pixel: 41 36
pixel: 41 37
pixel: 41 38
pixel: 41 39
pixel: 41 40
pixel: 41 41
pixel: 41 42
pixel: 41 43
pixel: 41 44
pixel: 41 45
pixel: 41 46
pixel: 41 47
pixel: 41 48
pixel: 41 49
pixel: 41 50
pixel: 41 51
pixel: 41 52
pixel: 41 53
pixel: 41 54
pixel: 41 55
pixel: 41 56
pixel: 41 57
pixel: 41 58
pixel: 41 59
pixel: 41 60
pixel: 41 61
pixel: 41 62
pixel: 41 63
pixel: 41 64
pixel: 41 65
pixel: 41 66
pixel: 41 67
pixel: 41 68
pixel: 41 69
pixel: 41 70
pixel: 41 71
pixel: 41 72
pixel: 41 73
pixel: 41 74
pixel: 41 75
pixel: 41 76
pixel: 41 77
pixel: 41 78
pixel: 41 79
pixel: 41 80
pixel: 41 81
pixel: 41 82
pixel: 41 83
pixel: 41 84
pixel: 41 85
pixel: 41 86
pixel: 41 87
pixel: 41 88
pixel: 41 89
pixel: 41 90
pixel: 41 91
pixel: 41 92
pixel: 41 93
pixel: 41 94
pixel: 41 95
pixel: 41 96
pixel: 41 97
pixel: 41 98
pixel: 41 99
pixel: 41 100
pixel: 41 101
pixel: 41 102
pixel: 41 103
pixel: 41 104
pixel: 41 105
pixel: 41 106
pixel: 41 107
pixel: 41 108
pixel: 41 109
pixel: 41 110
pixel: 41 111
pixel: 41 112
pixel: 41 113
pixel: 41 114
pixel: 41 115
pixel: 41 116
pixel: 41 117
pixel: 41 118
pixel: 41 119
pixel: 41 120
pixel: 41 121
pixel: 41 122
pixel: 41 123
pixel: 41 124
pixel: 41 125
pixel: 41 126
pixel: 41 127
pixel: 41 128
pixel: 41 129
pixel: 41 130
pixel: 41 131
pixel: 41 132
pixel: 41 133
pixel: 41 134
pixel: 41 135
pixel: 41 136
pixel: 41 137
pixel: 41 138
pixel: 41 139
pixel: 41 140
pixel: 41 141
pixel: 41 142
pixel: 41 143
pixel: 41 144
pixel: 41 145
pixel: 41 146
pixel: 41 147
pixel: 41 148
pixel: 41 149
pixel: 41 150
pixel: 41 151
pixel: 41 152
pixel: 41 153
pixel: 41 154
pixel: 41 155
pixel: 41 156
pixel: 41 157
pixel: 41 158
pixel: 41 159
pixel: 41 160
pixel: 41 161
pixel: 41 162
pixel: 41 163
pixel: 41 164
pixel: 41 165
pixel: 41 166
pixel: 41 167
pixel: 41 168
pixel: 41 169
pixel: 41 170
pixel: 41 171
pixel: 41 172
pixel: 41 173
pixel: 41 174
pixel: 41 175
pixel: 41 176
pixel: 41 177
pixel: 41 178
pixel: 41 179
pixel: 41 180
pixel: 41 181
pixel: 41 182
pixel: 41 183
pixel: 41 184
pixel: 41 185
pixel: 41 186
pixel: 41 187
pixel: 41 188
pixel: 41 189
pixel: 41 190
pixel: 41 191
pixel: 41 192
pixel: 41 193
pixel: 41 194
pixel: 41 195
pixel: 41 196
pixel: 41 197
pixel: 41 198
pixel: 41 199
pixel: 42 0
pixel: 42 1
pixel: 42 2
pixel: 42 3
pixel: 42 4
pixel: 42 5
pixel: 42 6
pixel: 42 7
pixel: 42 8
pixel: 42 9
pixel: 42 10
pixel: 42 11
pixel: 42 12
pixel: 42 13
pixel: 42 14
pixel: 42 15
pixel: 42 16
pixel: 42 17
pixel: 42 18
pixel: 42 19
pixel: 42 20
pixel: 42 21
pixel: 42 22
pixel: 42 23
pixel: 42 24
pixel: 42 25
pixel: 42 26
pixel: 42 27
pixel: 42 28
pixel: 42 29
pixel: 42 30
pixel: 42 31
pixel: 42 32
pixel: 42 33
pixel: 42 34
pixel: 42 35
pixel: 42 36
pixel: 42 37
pixel: 42 38
pixel: 42 39
pixel: 42 40
pixel: 42 41
pixel: 42 42
pixel: 42 43
pixel: 42 44
pixel: 42 45
pixel: 42 46
pixel: 42 47
pixel: 42 48
pixel: 42 49
pixel: 42 50
pixel: 42 51
pixel: 42 52
pixel: 42 53
pixel: 42 54
pixel: 42 55
pixel: 42 56
pixel: 42 57
pixel: 42 58
pixel: 42 59
pixel: 42 60
pixel: 42 61
pixel: 42 62
pixel: 42 63
pixel: 42 64
pixel: 42 65
pixel: 42 66
pixel: 42 67
pixel: 42 68
pixel: 42 69
pixel: 42 70
pixel: 42 71
pixel: 42 72
pixel: 42 73
pixel: 42 74
pixel: 42 75
pixel: 42 76
pixel: 42 77
pixel: 42 78
pixel: 42 79
pixel: 42 80
pixel: 42 81
pixel: 42 82
pixel: 42 83
pixel: 42 84
pixel: 42 85
pixel: 42 86
pixel: 42 87
pixel: 42 88
pixel: 42 89
pixel: 42 90
pixel: 42 91
pixel: 42 92
pixel: 42 93
pixel: 42 94
pixel: 42 95
pixel: 42 96
pixel: 42 97
pixel: 42 98
pixel: 42 99
pixel: 42 100
pixel: 42 101
pixel: 42 102
pixel: 42 103
pixel: 42 104
pixel: 42 105
pixel: 42 106
pixel: 42 107
pixel: 42 108
pixel: 42 109
pixel: 42 110
pixel: 42 111
pixel: 42 112
pixel: 42 113
pixel: 42 114
pixel: 42 115
pixel: 42 116
pixel: 42 117
pixel: 42 118
pixel: 42 119
pixel: 42 120
pixel: 42 121
pixel: 42 122
pixel: 42 123
pixel: 42 124
pixel: 42 125
pixel: 42 126
pixel: 42 127
pixel: 42 128
pixel: 42 129
pixel: 42 130
pixel: 42 131
pixel: 42 132
pixel: 42 133
pixel: 42 134
pixel: 42 135
pixel: 42 136
pixel: 42 137
pixel: 42 138
pixel: 42 139
pixel: 42 140
pixel: 42 141
pixel: 42 142
pixel: 42 143
pixel: 42 144
pixel: 42 145
pixel: 42 146
pixel: 42 147
pixel: 42 148
pixel: 42 149
pixel: 42 150
pixel: 42 151
pixel: 42 152
pixel: 42 153
pixel: 42 154
pixel: 42 155
pixel: 42 156
pixel: 42 157
pixel: 42 158
pixel: 42 159
pixel: 42 160
pixel: 42 161
pixel: 42 162
pixel: 42 163
pixel: 42 164
pixel: 42 165
pixel: 42 166
pixel: 42 167
pixel: 42 168
pixel: 42 169
pixel: 42 170
pixel: 42 171
pixel: 42 172
pixel: 42 173
pixel: 42 174
pixel: 42 175
pixel: 42 176
pixel: 42 177
pixel: 42 178
pixel: 42 179
pixel: 42 180
pixel: 42 181
pixel: 42 182
pixel: 42 183
pixel: 42 184
pixel: 42 185
pixel: 42 186
pixel: 42 187
pixel: 42 188
pixel: 42 189
pixel: 42 190
pixel: 42 191
pixel: 42 192
pixel: 42 193
pixel: 42 194
pixel: 42 195
pixel: 42 196
pixel: 42 197
pixel: 42 198
pixel: 42 199
pixel: 43 0
pixel: 43 1
pixel: 43 2
pixel: 43 3
pixel: 43 4
pixel: 43 5
pixel: 43 6
pixel: 43 7
pixel: 43 8
pixel: 43 9
pixel: 43 10
pixel: 43 11
pixel: 43 12
pixel: 43 13
pixel: 43 14
pixel: 43 15
pixel: 43 16
pixel: 43 17
pixel: 43 18
pixel: 43 19
pixel: 43 20
pixel: 43 21
pixel: 43 22
pixel: 43 23
pixel: 43 24
pixel: 43 25
pixel: 43 26
pixel: 43 27
pixel: 43 28
pixel: 43 29
pixel: 43 30
pixel: 43 31
pixel: 43 32
pixel: 43 33
pixel: 43 34
pixel: 43 35
pixel: 43 36
pixel: 43 37
pixel: 43 38
pixel: 43 39
pixel: 43 40
pixel: 43 41
pixel: 43 42
pixel: 43 43
pixel: 43 44
pixel: 43 45
pixel: 43 46
pixel: 43 47
pixel: 43 48
pixel: 43 49
pixel: 43 50
pixel: 43 51
pixel: 43 52
pixel: 43 53
pixel: 43 54
pixel: 43 55
pixel: 43 56
pixel: 43 57
pixel: 43 58
pixel: 43 59
pixel: 43 60
pixel: 43 61
pixel: 43 62
pixel: 43 63
pixel: 43 64
pixel: 43 65
pixel: 43 66
pixel: 43 67
pixel: 43 68
pixel: 43 69
pixel: 43 70
pixel: 43 71
pixel: 43 72
pixel: 43 73
pixel: 43 74
pixel: 43 75
pixel: 43 76
pixel: 43 77
pixel: 43 78
pixel: 43 79
pixel: 43 80
pixel: 43 81
pixel: 43 82
pixel: 43 83
pixel: 43 84
pixel: 43 85
pixel: 43 86
pixel: 43 87
pixel: 43 88
pixel: 43 89
pixel: 43 90
pixel: 43 91
pixel: 43 92
pixel: 43 93
pixel: 43 94
pixel: 43 95
pixel: 43 96
pixel: 43 97
pixel: 43 98
pixel: 43 99
pixel: 43 100
pixel: 43 101
pixel: 43 102
pixel: 43 103
pixel: 43 104
pixel: 43 105
pixel: 43 106
pixel: 43 107
pixel: 43 108
pixel: 43 109
pixel: 43 110
pixel: 43 111
pixel: 43 112
pixel: 43 113
pixel: 43 114
pixel: 43 115
pixel: 43 116
pixel: 43 117
pixel: 43 118
pixel: 43 119
pixel: 43 120
pixel: 43 121
pixel: 43 122
pixel: 43 123
pixel: 43 124
pixel: 43 125
pixel: 43 126
pixel: 43 127
pixel: 43 128
pixel: 43 129
pixel: 43 130
pixel: 43 131
pixel: 43 132
pixel: 43 133
pixel: 43 134
pixel: 43 135
pixel: 43 136
pixel: 43 137
pixel: 43 138
pixel: 43 139
pixel: 43 140
pixel: 43 141
pixel: 43 142
pixel: 43 143
pixel: 43 144
pixel: 43 145
pixel: 43 146
pixel: 43 147
pixel: 43 148
pixel: 43 149
pixel: 43 150
pixel: 43 151
pixel: 43 152
pixel: 43 153
pixel: 43 154
pixel: 43 155
pixel: 43 156
pixel: 43 157
pixel: 43 158
pixel: 43 159
pixel: 43 160
pixel: 43 161
pixel: 43 162
pixel: 43 163
pixel: 43 164
pixel: 43 165
pixel: 43 166
pixel: 43 167
pixel: 43 168
pixel: 43 169
pixel: 43 170
pixel: 43 171
pixel: 43 172
pixel: 43 173
pixel: 43 174
pixel: 43 175
pixel: 43 176
pixel: 43 177
pixel: 43 178
pixel: 43 179
pixel: 43 180
pixel: 43 181
pixel: 43 182
pixel: 43 183
pixel: 43 184
pixel: 43 185
pixel: 43 186
pixel: 43 187
pixel: 43 188
pixel: 43 189
pixel: 43 190
pixel: 43 191
pixel: 43 192
pixel: 43 193
pixel: 43 194
pixel: 43 195
pixel: 43 196
pixel: 43 197
pixel: 43 198
pixel: 43 199
pixel: 44 0
pixel: 44 1
pixel: 44 2
pixel: 44 3
pixel: 44 4
pixel: 44 5
pixel: 44 6
pixel: 44 7
pixel: 44 8
pixel: 44 9
pixel: 44 10
pixel: 44 11
pixel: 44 12
pixel: 44 13
pixel: 44 14
pixel: 44 15
pixel: 44 16
pixel: 44 17
pixel: 44 18
pixel: 44 19
pixel: 44 20
pixel: 44 21
pixel: 44 22
pixel: 44 23
pixel: 44 24
pixel: 44 25
pixel: 44 26
pixel: 44 27
pixel: 44 28
pixel: 44 29
pixel: 44 30
pixel: 44 31
pixel: 44 32
pixel: 44 33
pixel: 44 34
pixel: 44 35
pixel: 44 36
pixel: 44 37
pixel: 44 38
pixel: 44 39
pixel: 44 40
pixel: 44 41
pixel: 44 42
pixel: 44 43
pixel: 44 44
pixel: 44 45
pixel: 44 46
pixel: 44 47
pixel: 44 48
pixel: 44 49
pixel: 44 50
pixel: 44 51
pixel: 44 52
pixel: 44 53
pixel: 44 54
pixel: 44 55
pixel: 44 56
pixel: 44 57
pixel: 44 58
pixel: 44 59
pixel: 44 60
pixel: 44 61
pixel: 44 62
pixel: 44 63
pixel: 44 64
pixel: 44 65
pixel: 44 66
pixel: 44 67
pixel: 44 68
pixel: 44 69
pixel: 44 70
pixel: 44 71
pixel: 44 72
pixel: 44 73
pixel: 44 74
pixel: 44 75
pixel: 44 76
pixel: 44 77
pixel: 44 78
pixel: 44 79
pixel: 44 80
pixel: 44 81
pixel: 44 82
pixel: 44 83
pixel: 44 84
pixel: 44 85
pixel: 44 86
pixel: 44 87
pixel: 44 88
pixel: 44 89
pixel: 44 90
pixel: 44 91
pixel: 44 92
pixel: 44 93
pixel: 44 94
pixel: 44 95
pixel: 44 96
pixel: 44 97
pixel: 44 98
pixel: 44 99
pixel: 44 100
pixel: 44 101
pixel: 44 102
pixel: 44 103
pixel: 44 104
pixel: 44 105
pixel: 44 106
pixel: 44 107
pixel: 44 108
pixel: 44 109
pixel: 44 110
pixel: 44 111
pixel: 44 112
pixel: 44 113
pixel: 44 114
pixel: 44 115
pixel: 44 116
pixel: 44 117
pixel: 44 118
pixel: 44 119
pixel: 44 120
pixel: 44 121
pixel: 44 122
pixel: 44 123
pixel: 44 124
pixel: 44 125
pixel: 44 126
pixel: 44 127
pixel: 44 128
pixel: 44 129
pixel: 44 130
pixel: 44 131
pixel: 44 132
pixel: 44 133
pixel: 44 134
pixel: 44 135
pixel: 44 136
pixel: 44 137
pixel: 44 138
pixel: 44 139
pixel: 44 140
pixel: 44 141
pixel: 44 142
pixel: 44 143
pixel: 44 144
pixel: 44 145
pixel: 44 146
pixel: 44 147
pixel: 44 148
pixel: 44 149
pixel: 44 150
pixel: 44 151
pixel: 44 152
pixel: 44 153
pixel: 44 154
pixel: 44 155
pixel: 44 156
pixel: 44 157
pixel: 44 158
pixel: 44 159
pixel: 44 160
pixel: 44 161
pixel: 44 162
pixel: 44 163
pixel: 44 164
pixel: 44 165
pixel: 44 166
pixel: 44 167
pixel: 44 168
pixel: 44 169
pixel: 44 170
pixel: 44 171
pixel: 44 172
pixel: 44 173
pixel: 44 174
pixel: 44 175
pixel: 44 176
pixel: 44 177
pixel: 44 178
pixel: 44 179
pixel: 44 180
pixel: 44 181
pixel: 44 182
pixel: 44 183
pixel: 44 184
pixel: 44 185
pixel: 44 186
pixel: 44 187
pixel: 44 188
pixel: 44 189
pixel: 44 190
pixel: 44 191
pixel: 44 192
pixel: 44 193
pixel: 44 194
pixel: 44 195
pixel: 44 196
pixel: 44 197
pixel: 44 198
pixel: 44 199
pixel: 45 0
pixel: 45 1
pixel: 45 2
pixel: 45 3
pixel: 45 4
pixel: 45 5
pixel: 45 6
pixel: 45 7
pixel: 45 8
pixel: 45 9
pixel: 45 10
pixel: 45 11
pixel: 45 12
pixel: 45 13
pixel: 45 14
pixel: 45 15
pixel: 45 16
pixel: 45 17
pixel: 45 18
pixel: 45 19
pixel: 45 20
pixel: 45 21
pixel: 45 22
pixel: 45 23
pixel: 45 24
pixel: 45 25
pixel: 45 26
pixel: 45 27
pixel: 45 28
pixel: 45 29
pixel: 45 30
pixel: 45 31
pixel: 45 32
pixel: 45 33
pixel: 45 34
pixel: 45 35
pixel: 45 36
pixel: 45 37
pixel: 45 38
pixel: 45 39
pixel: 45 40
pixel: 45 41
pixel: 45 42
pixel: 45 43
pixel: 45 44
pixel: 45 45
pixel: 45 46
pixel: 45 47
pixel: 45 48
pixel: 45 49
pixel: 45 50
pixel: 45 51
pixel: 45 52
pixel: 45 53
pixel: 45 54
pixel: 45 55
pixel: 45 56
pixel: 45 57
pixel: 45 58
pixel: 45 59
pixel: 45 60
pixel: 45 61
pixel: 45 62
pixel: 45 63
pixel: 45 64
pixel: 45 65
pixel: 45 66
pixel: 45 67
pixel: 45 68
pixel: 45 69
pixel: 45 70
pixel: 45 71
pixel: 45 72
pixel: 45 73
pixel: 45 74
pixel: 45 75
pixel: 45 76
pixel: 45 77
pixel: 45 78
pixel: 45 79
pixel: 45 80
pixel: 45 81
pixel: 45 82
pixel: 45 83
pixel: 45 84
pixel: 45 85
pixel: 45 86
pixel: 45 87
pixel: 45 88
pixel: 45 89
pixel: 45 90
pixel: 45 91
pixel: 45 92
pixel: 45 93
pixel: 45 94
pixel: 45 95
pixel: 45 96
pixel: 45 97
pixel: 45 98
pixel: 45 99
pixel: 45 100
pixel: 45 101
pixel: 45 102
pixel: 45 103
pixel: 45 104
pixel: 45 105
pixel: 45 106
pixel: 45 107
pixel: 45 108
pixel: 45 109
pixel: 45 110
pixel: 45 111
pixel: 45 112
pixel: 45 113
pixel: 45 114
pixel: 45 115
pixel: 45 116
pixel: 45 117
pixel: 45 118
pixel: 45 119
pixel: 45 120
pixel: 45 121
pixel: 45 122
pixel: 45 123
pixel: 45 124
pixel: 45 125
pixel: 45 126
pixel: 45 127
pixel: 45 128
pixel: 45 129
pixel: 45 130
pixel: 45 131
pixel: 45 132
pixel: 45 133
pixel: 45 134
pixel: 45 135
pixel: 45 136
pixel: 45 137
pixel: 45 138
pixel: 45 139
pixel: 45 140
pixel: 45 141
pixel: 45 142
pixel: 45 143
pixel: 45 144
pixel: 45 145
pixel: 45 146
pixel: 45 147
pixel: 45 148
pixel: 45 149
pixel: 45 150
pixel: 45 151
pixel: 45 152
pixel: 45 153
pixel: 45 154
pixel: 45 155
pixel: 45 156
pixel: 45 157
pixel: 45 158
pixel: 45 159
pixel: 45 160
pixel: 45 161
pixel: 45 162
pixel: 45 163
pixel: 45 164
pixel: 45 165
pixel: 45 166
pixel: 45 167
pixel: 45 168
pixel: 45 169
pixel: 45 170
pixel: 45 171
pixel: 45 172
pixel: 45 173
pixel: 45 174
pixel: 45 175
pixel: 45 176
pixel: 45 177
pixel: 45 178
pixel: 45 179
pixel: 45 180
pixel: 45 181
pixel: 45 182
pixel: 45 183
pixel: 45 184
pixel: 45 185
pixel: 45 186
pixel: 45 187
pixel: 45 188
pixel: 45 189
pixel: 45 190
pixel: 45 191
pixel: 45 192
pixel: 45 193
pixel: 45 194
pixel: 45 195
pixel: 45 196
pixel: 45 197
pixel: 45 198
pixel: 45 199
pixel: 46 0
pixel: 46 1
pixel: 46 2
pixel: 46 3
pixel: 46 4
pixel: 46 5
pixel: 46 6
pixel: 46 7
pixel: 46 8
pixel: 46 9
pixel: 46 10
pixel: 46 11
pixel: 46 12
pixel: 46 13
pixel: 46 14
pixel: 46 15
pixel: 46 16
pixel: 46 17
pixel: 46 18
pixel: 46 19
pixel: 46 20
pixel: 46 21
pixel: 46 22
pixel: 46 23
pixel: 46 24
pixel: 46 25
pixel: 46 26
pixel: 46 27
pixel: 46 28
pixel: 46 29
pixel: 46 30
pixel: 46 31
pixel: 46 32
pixel: 46 33
pixel: 46 34
pixel: 46 35
pixel: 46 36
pixel: 46 37
pixel: 46 38
pixel: 46 39
pixel: 46 40
pixel: 46 41
pixel: 46 42
pixel: 46 43
pixel: 46 44
pixel: 46 45
pixel: 46 46
pixel: 46 47
pixel: 46 48
pixel: 46 49
pixel: 46 50
pixel: 46 51
pixel: 46 52
pixel: 46 53
pixel: 46 54
pixel: 46 55
pixel: 46 56
pixel: 46 57
pixel: 46 58
pixel: 46 59
pixel: 46 60
pixel: 46 61
pixel: 46 62
pixel: 46 63
pixel: 46 64
pixel: 46 65
pixel: 46 66
pixel: 46 67
pixel: 46 68
pixel: 46 69
pixel: 46 70
pixel: 46 71
pixel: 46 72
pixel: 46 73
pixel: 46 74
pixel: 46 75
pixel: 46 76
pixel: 46 77
pixel: 46 78
pixel: 46 79
pixel: 46 80
pixel: 46 81
pixel: 46 82
pixel: 46 83
pixel: 46 84
pixel: 46 85
pixel: 46 86
pixel: 46 87
pixel: 46 88
pixel: 46 89
pixel: 46 90
pixel: 46 91
pixel: 46 92
pixel: 46 93
pixel: 46 94
pixel: 46 95
pixel: 46 96
pixel: 46 97
pixel: 46 98
pixel: 46 99
pixel: 46 100
pixel: 46 101
pixel: 46 102
pixel: 46 103
pixel: 46 104
pixel: 46 105
pixel: 46 106
pixel: 46 107
pixel: 46 108
pixel: 46 109
pixel: 46 110
pixel: 46 111
pixel: 46 112
pixel: 46 113
pixel: 46 114
pixel: 46 115
pixel: 46 116
pixel: 46 117
pixel: 46 118
pixel: 46 119
pixel: 46 120
pixel: 46 121
pixel: 46 122
pixel: 46 123
pixel: 46 124
pixel: 46 125
pixel: 46 126
pixel: 46 127
pixel: 46 128
pixel: 46 129
pixel: 46 130
pixel: 46 131
pixel: 46 132
pixel: 46 133
pixel: 46 134
pixel: 46 135
pixel: 46 136
pixel: 46 137
pixel: 46 138
pixel: 46 139
pixel: 46 140
pixel: 46 141
pixel: 46 142
pixel: 46 143
pixel: 46 144
pixel: 46 145
pixel: 46 146
pixel: 46 147
pixel: 46 148
pixel: 46 149
pixel: 46 150
pixel: 46 151
pixel: 46 152
pixel: 46 153
pixel: 46 154
pixel: 46 155
pixel: 46 156
pixel: 46 157
pixel: 46 158
pixel: 46 159
pixel: 46 160
pixel: 46 161
pixel: 46 162
pixel: 46 163
pixel: 46 164
pixel: 46 165
pixel: 46 166
pixel: 46 167
pixel: 46 168
pixel: 46 169
pixel: 46 170
pixel: 46 171
pixel: 46 172
pixel: 46 173
pixel: 46 174
pixel: 46 175
pixel: 46 176
pixel: 46 177
pixel: 46 178
pixel: 46 179
pixel: 46 180
pixel: 46 181
pixel: 46 182
pixel: 46 183
pixel: 46 184
pixel: 46 185
pixel: 46 186
pixel: 46 187
pixel: 46 188
pixel: 46 189
pixel: 46 190
pixel: 46 191
pixel: 46 192
pixel: 46 193
pixel: 46 194
pixel: 46 195
pixel: 46 196
pixel: 46 197
pixel: 46 198
pixel: 46 199
pixel: 47 0
pixel: 47 1
pixel: 47 2
pixel: 47 3
pixel: 47 4
pixel: 47 5
pixel: 47 6
pixel: 47 7
pixel: 47 8
pixel: 47 9
pixel: 47 10
pixel: 47 11
pixel: 47 12
pixel: 47 13
pixel: 47 14
pixel: 47 15
pixel: 47 16
pixel: 47 17
pixel: 47 18
pixel: 47 19
pixel: 47 20
pixel: 47 21
pixel: 47 22
pixel: 47 23
pixel: 47 24
pixel: 47 25
pixel: 47 26
pixel: 47 27
pixel: 47 28
pixel: 47 29
pixel: 47 30
pixel: 47 31
pixel: 47 32
pixel: 47 33
pixel: 47 34
pixel: 47 35
pixel: 47 36
pixel: 47 37
pixel: 47 38
pixel: 47 39
pixel: 47 40
pixel: 47 41
pixel: 47 42
pixel: 47 43
pixel: 47 44
pixel: 47 45
pixel: 47 46
pixel: 47 47
pixel: 47 48
pixel: 47 49
pixel: 47 50
pixel: 47 51
pixel: 47 52
pixel: 47 53
pixel: 47 54
pixel: 47 55
pixel: 47 56
pixel: 47 57
pixel: 47 58
pixel: 47 59
pixel: 47 60
pixel: 47 61
pixel: 47 62
pixel: 47 63
pixel: 47 64
pixel: 47 65
pixel: 47 66
pixel: 47 67
pixel: 47 68
pixel: 47 69
pixel: 47 70
pixel: 47 71
pixel: 47 72
pixel: 47 73
pixel: 47 74
pixel: 47 75
pixel: 47 76
pixel: 47 77
pixel: 47 78
pixel: 47 79
pixel: 47 80
pixel: 47 81
pixel: 47 82
pixel: 47 83
pixel: 47 84
pixel: 47 85
pixel: 47 86
pixel: 47 87
pixel: 47 88
pixel: 47 89
pixel: 47 90
pixel: 47 91
pixel: 47 92
pixel: 47 93
pixel: 47 94
pixel: 47 95
pixel: 47 96
pixel: 47 97
pixel: 47 98
pixel: 47 99
pixel: 47 100
pixel: 47 101
pixel: 47 102
pixel: 47 103
pixel: 47 104
pixel: 47 105
pixel: 47 106
pixel: 47 107
pixel: 47 108
pixel: 47 109
pixel: 47 110
pixel: 47 111
pixel: 47 112
pixel: 47 113
pixel: 47 114
pixel: 47 115
pixel: 47 116
pixel: 47 117
pixel: 47 118
pixel: 47 119
pixel: 47 120
pixel: 47 121
pixel: 47 122
pixel: 47 123
pixel: 47 124
pixel: 47 125
pixel: 47 126
pixel: 47 127
pixel: 47 128
pixel: 47 129
pixel: 47 130
pixel: 47 131
pixel: 47 132
pixel: 47 133
pixel: 47 134
pixel: 47 135
pixel: 47 136
pixel: 47 137
pixel: 47 138
pixel: 47 139
pixel: 47 140
pixel: 47 141
pixel: 47 142
pixel: 47 143
pixel: 47 144
pixel: 47 145
pixel: 47 146
pixel: 47 147
pixel: 47 148
pixel: 47 149
pixel: 47 150
pixel: 47 151
pixel: 47 152
pixel: 47 153
pixel: 47 154
pixel: 47 155
pixel: 47 156
pixel: 47 157
pixel: 47 158
pixel: 47 159
pixel: 47 160
pixel: 47 161
pixel: 47 162
pixel: 47 163
pixel: 47 164
pixel: 47 165
pixel: 47 166
pixel: 47 167
pixel: 47 168
pixel: 47 169
pixel: 47 170
pixel: 47 171
pixel: 47 172
pixel: 47 173
pixel: 47 174
pixel: 47 175
pixel: 47 176
pixel: 47 177
pixel: 47 178
pixel: 47 179
pixel: 47 180
pixel: 47 181
pixel: 47 182
pixel: 47 183
pixel: 47 184
pixel: 47 185
pixel: 47 186
pixel: 47 187
pixel: 47 188
pixel: 47 189
pixel: 47 190
pixel: 47 191
pixel: 47 192
pixel: 47 193
pixel: 47 194
pixel: 47 195
pixel: 47 196
pixel: 47 197
pixel: 47 198
pixel: 47 199
pixel: 48 0
pixel: 48 1
pixel: 48 2
pixel: 48 3
pixel: 48 4
pixel: 48 5
pixel: 48 6
pixel: 48 7
pixel: 48 8
pixel: 48 9
pixel: 48 10
pixel: 48 11
pixel: 48 12
pixel: 48 13
pixel: 48 14
pixel: 48 15
pixel: 48 16
pixel: 48 17
pixel: 48 18
pixel: 48 19
pixel: 48 20
pixel: 48 21
pixel: 48 22
pixel: 48 23
pixel: 48 24
pixel: 48 25
pixel: 48 26
pixel: 48 27
pixel: 48 28
pixel: 48 29
pixel: 48 30
pixel: 48 31
pixel: 48 32
pixel: 48 33
pixel: 48 34
pixel: 48 35
pixel: 48 36
pixel: 48 37
pixel: 48 38
pixel: 48 39
pixel: 48 40
pixel: 48 41
pixel: 48 42
pixel: 48 43
pixel: 48 44
pixel: 48 45
pixel: 48 46
pixel: 48 47
pixel: 48 48
pixel: 48 49
pixel: 48 50
pixel: 48 51
pixel: 48 52
pixel: 48 53
pixel: 48 54
pixel: 48 55
pixel: 48 56
pixel: 48 57
pixel: 48 58
pixel: 48 59
pixel: 48 60
pixel: 48 61
pixel: 48 62
pixel: 48 63
pixel: 48 64
pixel: 48 65
pixel: 48 66
pixel: 48 67
pixel: 48 68
pixel: 48 69
pixel: 48 70
pixel: 48 71
pixel: 48 72
pixel: 48 73
pixel: 48 74
pixel: 48 75
pixel: 48 76
pixel: 48 77
pixel: 48 78
pixel: 48 79
pixel: 48 80
pixel: 48 81
pixel: 48 82
pixel: 48 83
pixel: 48 84
pixel: 48 85
pixel: 48 86
pixel: 48 87
pixel: 48 88
pixel: 48 89
pixel: 48 90
pixel: 48 91
pixel: 48 92
pixel: 48 93
pixel: 48 94
pixel: 48 95
pixel: 48 96
pixel: 48 97
pixel: 48 98
pixel: 48 99
pixel: 48 100
pixel: 48 101
pixel: 48 102
pixel: 48 103
pixel: 48 104
pixel: 48 105
pixel: 48 106
pixel: 48 107
pixel: 48 108
pixel: 48 109
pixel: 48 110
pixel: 48 111
pixel: 48 112
pixel: 48 113
pixel: 48 114
pixel: 48 115
pixel: 48 116
pixel: 48 117
pixel: 48 118
pixel: 48 119
pixel: 48 120
pixel: 48 121
pixel: 48 122
pixel: 48 123
pixel: 48 124
pixel: 48 125
pixel: 48 126
pixel: 48 127
pixel: 48 128
pixel: 48 129
pixel: 48 130
pixel: 48 131
pixel: 48 132
pixel: 48 133
pixel: 48 134
pixel: 48 135
pixel: 48 136
pixel: 48 137
pixel: 48 138
pixel: 48 139
pixel: 48 140
pixel: 48 141
pixel: 48 142
pixel: 48 143
pixel: 48 144
pixel: 48 145
pixel: 48 146
pixel: 48 147
pixel: 48 148
pixel: 48 149
pixel: 48 150
pixel: 48 151
pixel: 48 152
pixel: 48 153
pixel: 48 154
pixel: 48 155
pixel: 48 156
pixel: 48 157
pixel: 48 158
pixel: 48 159
pixel: 48 160
pixel: 48 161
pixel: 48 162
pixel: 48 163
pixel: 48 164
pixel: 48 165
pixel: 48 166
pixel: 48 167
pixel: 48 168
pixel: 48 169
pixel: 48 170
pixel: 48 171
pixel: 48 172
pixel: 48 173
pixel: 48 174
pixel: 48 175
pixel: 48 176
pixel: 48 177
pixel: 48 178
pixel: 48 179
pixel: 48 180
pixel: 48 181
pixel: 48 182
pixel: 48 183
pixel: 48 184
pixel: 48 185
pixel: 48 186
pixel: 48 187
pixel: 48 188
pixel: 48 189
pixel: 48 190
pixel: 48 191
pixel: 48 192
pixel: 48 193
pixel: 48 194
pixel: 48 195
pixel: 48 196
pixel: 48 197
pixel: 48 198
pixel: 48 199
pixel: 49 0
pixel: 49 1
pixel: 49 2
pixel: 49 3
pixel: 49 4
pixel: 49 5
pixel: 49 6
pixel: 49 7
pixel: 49 8
pixel: 49 9
pixel: 49 10
pixel: 49 11
pixel: 49 12
pixel: 49 13
pixel: 49 14
pixel: 49 15
pixel: 49 16
pixel: 49 17
pixel: 49 18
pixel: 49 19
pixel: 49 20
pixel: 49 21
pixel: 49 22
pixel: 49 23
pixel: 49 24
pixel: 49 25
pixel: 49 26
pixel: 49 27
pixel: 49 28
pixel: 49 29
pixel: 49 30
pixel: 49 31
pixel: 49 32
pixel: 49 33
pixel: 49 34
pixel: 49 35
pixel: 49 36
pixel: 49 37
pixel: 49 38
pixel: 49 39
pixel: 49 40
pixel: 49 41
pixel: 49 42
pixel: 49 43
pixel: 49 44
pixel: 49 45
pixel: 49 46
pixel: 49 47
pixel: 49 48
pixel: 49 49
pixel: 49 50
pixel: 49 51
pixel: 49 52
pixel: 49 53
pixel: 49 54
pixel: 49 55
pixel: 49 56
pixel: 49 57
pixel: 49 58
pixel: 49 59
pixel: 49 60
pixel: 49 61
pixel: 49 62
pixel: 49 63
pixel: 49 64
pixel: 49 65
pixel: 49 66
pixel: 49 67
pixel: 49 68
pixel: 49 69
pixel: 49 70
pixel: 49 71
pixel: 49 72
pixel: 49 73
pixel: 49 74
pixel: 49 75
pixel: 49 76
pixel: 49 77
pixel: 49 78
pixel: 49 79
pixel: 49 80
pixel: 49 81
pixel: 49 82
pixel: 49 83
pixel: 49 84
pixel: 49 85
pixel: 49 86
pixel: 49 87
pixel: 49 88
pixel: 49 89
pixel: 49 90
pixel: 49 91
pixel: 49 92
pixel: 49 93
pixel: 49 94
pixel: 49 95
pixel: 49 96
pixel: 49 97
pixel: 49 98
pixel: 49 99
pixel: 49 100
pixel: 49 101
pixel: 49 102
pixel: 49 103
pixel: 49 104
pixel: 49 105
pixel: 49 106
pixel: 49 107
pixel: 49 108
pixel: 49 109
pixel: 49 110
pixel: 49 111
pixel: 49 112
pixel: 49 113
pixel: 49 114
pixel: 49 115
pixel: 49 116
pixel: 49 117
pixel: 49 118
pixel: 49 119
pixel: 49 120
pixel: 49 121
pixel: 49 122
pixel: 49 123
pixel: 49 124
pixel: 49 125
pixel: 49 126
pixel: 49 127
pixel: 49 128
pixel: 49 129
pixel: 49 130
pixel: 49 131
pixel: 49 132
pixel: 49 133
pixel: 49 134
pixel: 49 135
pixel: 49 136
pixel: 49 137
pixel: 49 138
pixel: 49 139
pixel: 49 140
pixel: 49 141
pixel: 49 142
pixel: 49 143
pixel: 49 144
pixel: 49 145
pixel: 49 146
pixel: 49 147
pixel: 49 148
pixel: 49 149
pixel: 49 150
pixel: 49 151
pixel: 49 152
pixel: 49 153
pixel: 49 154
pixel: 49 155
pixel: 49 156
pixel: 49 157
pixel: 49 158
pixel: 49 159
pixel: 49 160
pixel: 49 161
pixel: 49 162
pixel: 49 163
pixel: 49 164
pixel: 49 165
pixel: 49 166
pixel: 49 167
pixel: 49 168
pixel: 49 169
pixel: 49 170
pixel: 49 171
pixel: 49 172
pixel: 49 173
pixel: 49 174
pixel: 49 175
pixel: 49 176
pixel: 49 177
pixel: 49 178
pixel: 49 179
pixel: 49 180
pixel: 49 181
pixel: 49 182
pixel: 49 183
pixel: 49 184
pixel: 49 185
pixel: 49 186
pixel: 49 187
pixel: 49 188
pixel: 49 189
pixel: 49 190
pixel: 49 191
pixel: 49 192
pixel: 49 193
pixel: 49 194
pixel: 49 195
pixel: 49 196
pixel: 49 197
pixel: 49 198
pixel: 49 199
pixel: 50 0
pixel: 50 1
pixel: 50 2
pixel: 50 3
pixel: 50 4
pixel: 50 5
pixel: 50 6
pixel: 50 7
pixel: 50 8
pixel: 50 9
pixel: 50 10
pixel: 50 11
pixel: 50 12
pixel: 50 13
pixel: 50 14
pixel: 50 15
pixel: 50 16
pixel: 50 17
pixel: 50 18
pixel: 50 19
pixel: 50 20
pixel: 50 21
pixel: 50 22
pixel: 50 23
pixel: 50 24
pixel: 50 25
pixel: 50 26
pixel: 50 27
pixel: 50 28
pixel: 50 29
pixel: 50 30
pixel: 50 31
pixel: 50 32
pixel: 50 33
pixel: 50 34
pixel: 50 35
pixel: 50 36
pixel: 50 37
pixel: 50 38
pixel: 50 39
pixel: 50 40
pixel: 50 41
pixel: 50 42
pixel: 50 43
pixel: 50 44
pixel: 50 45
pixel: 50 46
pixel: 50 47
pixel: 50 48
pixel: 50 49
pixel: 50 50
pixel: 50 51
pixel: 50 52
pixel: 50 53
pixel: 50 54
pixel: 50 55
pixel: 50 56
pixel: 50 57
pixel: 50 58
pixel: 50 59
pixel: 50 60
pixel: 50 61
pixel: 50 62
pixel: 50 63
pixel: 50 64
pixel: 50 65
pixel: 50 66
pixel: 50 67
pixel: 50 68
pixel: 50 69
pixel: 50 70
pixel: 50 71
pixel: 50 72
pixel: 50 73
pixel: 50 74
pixel: 50 75
pixel: 50 76
pixel: 50 77
pixel: 50 78
pixel: 50 79
pixel: 50 80
pixel: 50 81
pixel: 50 82
pixel: 50 83
pixel: 50 84
pixel: 50 85
pixel: 50 86
pixel: 50 87
pixel: 50 88
pixel: 50 89
pixel: 50 90
pixel: 50 91
pixel: 50 92
pixel: 50 93
pixel: 50 94
pixel: 50 95
pixel: 50 96
pixel: 50 97
pixel: 50 98
pixel: 50 99
pixel: 50 100
pixel: 50 101
pixel: 50 102
pixel: 50 103
pixel: 50 104
pixel: 50 105
pixel: 50 106
pixel: 50 107
pixel: 50 108
pixel: 50 109
pixel: 50 110
pixel: 50 111
pixel: 50 112
pixel: 50 113
pixel: 50 114
pixel: 50 115
pixel: 50 116
pixel: 50 117
pixel: 50 118
pixel: 50 119
pixel: 50 120
pixel: 50 121
pixel: 50 122
pixel: 50 123
pixel: 50 124
pixel: 50 125
pixel: 50 126
pixel: 50 127
pixel: 50 128
pixel: 50 129
pixel: 50 130
pixel: 50 131
pixel: 50 132
pixel: 50 133
pixel: 50 134
pixel: 50 135
pixel: 50 136
pixel: 50 137
pixel: 50 138
pixel: 50 139
pixel: 50 140
pixel: 50 141
pixel: 50 142
pixel: 50 143
pixel: 50 144
pixel: 50 145
pixel: 50 146
pixel: 50 147
pixel: 50 148
pixel: 50 149
pixel: 50 150
pixel: 50 151
pixel: 50 152
pixel: 50 153
pixel: 50 154
pixel: 50 155
pixel: 50 156
pixel: 50 157
pixel: 50 158
pixel: 50 159
pixel: 50 160
pixel: 50 161
pixel: 50 162
pixel: 50 163
pixel: 50 164
pixel: 50 165
pixel: 50 166
pixel: 50 167
pixel: 50 168
pixel: 50 169
pixel: 50 170
pixel: 50 171
pixel: 50 172
pixel: 50 173
pixel: 50 174
pixel: 50 175
pixel: 50 176
pixel: 50 177
pixel: 50 178
pixel: 50 179
pixel: 50 180
pixel: 50 181
pixel: 50 182
pixel: 50 183
pixel: 50 184
pixel: 50 185
pixel: 50 186
pixel: 50 187
pixel: 50 188
pixel: 50 189
pixel: 50 190
pixel: 50 191
pixel: 50 192
pixel: 50 193
pixel: 50 194
pixel: 50 195
pixel: 50 196
pixel: 50 197
pixel: 50 198
pixel: 50 199
pixel: 51 0
pixel: 51 1
pixel: 51 2
pixel: 51 3
pixel: 51 4
pixel: 51 5
pixel: 51 6
pixel: 51 7
pixel: 51 8
pixel: 51 9
pixel: 51 10
pixel: 51 11
pixel: 51 12
pixel: 51 13
pixel: 51 14
pixel: 51 15
pixel: 51 16
pixel: 51 17
pixel: 51 18
pixel: 51 19
pixel: 51 20
pixel: 51 21
pixel: 51 22
pixel: 51 23
pixel: 51 24
pixel: 51 25
pixel: 51 26
pixel: 51 27
pixel: 51 28
pixel: 51 29
pixel: 51 30
pixel: 51 31
pixel: 51 32
pixel: 51 33
pixel: 51 34
pixel: 51 35
pixel: 51 36
pixel: 51 37
pixel: 51 38
pixel: 51 39
pixel: 51 40
pixel: 51 41
pixel: 51 42
pixel: 51 43
pixel: 51 44
pixel: 51 45
pixel: 51 46
pixel: 51 47
pixel: 51 48
pixel: 51 49
pixel: 51 50
pixel: 51 51
pixel: 51 52
pixel: 51 53
pixel: 51 54
pixel: 51 55
pixel: 51 56
pixel: 51 57
pixel: 51 58
pixel: 51 59
pixel: 51 60
pixel: 51 61
pixel: 51 62
pixel: 51 63
pixel: 51 64
pixel: 51 65
pixel: 51 66
pixel: 51 67
pixel: 51 68
pixel: 51 69
pixel: 51 70
pixel: 51 71
pixel: 51 72
pixel: 51 73
pixel: 51 74
pixel: 51 75
pixel: 51 76
pixel: 51 77
pixel: 51 78
pixel: 51 79
pixel: 51 80
pixel: 51 81
pixel: 51 82
pixel: 51 83
pixel: 51 84
pixel: 51 85
pixel: 51 86
pixel: 51 87
pixel: 51 88
pixel: 51 89
pixel: 51 90
pixel: 51 91
pixel: 51 92
pixel: 51 93
pixel: 51 94
pixel: 51 95
pixel: 51 96
pixel: 51 97
pixel: 51 98
pixel: 51 99
pixel: 51 100
pixel: 51 101
pixel: 51 102
pixel: 51 103
pixel: 51 104
pixel: 51 105
pixel: 51 106
pixel: 51 107
pixel: 51 108
pixel: 51 109
pixel: 51 110
pixel: 51 111
pixel: 51 112
pixel: 51 113
pixel: 51 114
pixel: 51 115
pixel: 51 116
pixel: 51 117
pixel: 51 118
pixel: 51 119
pixel: 51 120
pixel: 51 121
pixel: 51 122
pixel: 51 123
pixel: 51 124
pixel: 51 125
pixel: 51 126
pixel: 51 127
pixel: 51 128
pixel: 51 129
pixel: 51 130
pixel: 51 131
pixel: 51 132
pixel: 51 133
pixel: 51 134
pixel: 51 135
pixel: 51 136
pixel: 51 137
pixel: 51 138
pixel: 51 139
pixel: 51 140
pixel: 51 141
pixel: 51 142
pixel: 51 143
pixel: 51 144
pixel: 51 145
pixel: 51 146
pixel: 51 147
pixel: 51 148
pixel: 51 149
pixel: 51 150
pixel: 51 151
pixel: 51 152
pixel: 51 153
pixel: 51 154
pixel: 51 155
pixel: 51 156
pixel: 51 157
pixel: 51 158
pixel: 51 159
pixel: 51 160
pixel: 51 161
pixel: 51 162
pixel: 51 163
pixel: 51 164
pixel: 51 165
pixel: 51 166
pixel: 51 167
pixel: 51 168
pixel: 51 169
pixel: 51 170
pixel: 51 171
pixel: 51 172
pixel: 51 173
pixel: 51 174
pixel: 51 175
pixel: 51 176
pixel: 51 177
pixel: 51 178
pixel: 51 179
pixel: 51 180
pixel: 51 181
pixel: 51 182
pixel: 51 183
pixel: 51 184
pixel: 51 185
pixel: 51 186
pixel: 51 187
pixel: 51 188
pixel: 51 189
pixel: 51 190
pixel: 51 191
pixel: 51 192
pixel: 51 193
pixel: 51 194
pixel: 51 195
pixel: 51 196
pixel: 51 197
pixel: 51 198
pixel: 51 199
pixel: 52 0
pixel: 52 1
pixel: 52 2
pixel: 52 3
pixel: 52 4
pixel: 52 5
pixel: 52 6
pixel: 52 7
pixel: 52 8
pixel: 52 9
pixel: 52 10
pixel: 52 11
pixel: 52 12
pixel: 52 13
pixel: 52 14
pixel: 52 15
pixel: 52 16
pixel: 52 17
pixel: 52 18
pixel: 52 19
pixel: 52 20
pixel: 52 21
pixel: 52 22
pixel: 52 23
pixel: 52 24
pixel: 52 25
pixel: 52 26
pixel: 52 27
pixel: 52 28
pixel: 52 29
pixel: 52 30
pixel: 52 31
pixel: 52 32
pixel: 52 33
pixel: 52 34
pixel: 52 35
pixel: 52 36
pixel: 52 37
pixel: 52 38
pixel: 52 39
pixel: 52 40
pixel: 52 41
pixel: 52 42
pixel: 52 43
pixel: 52 44
pixel: 52 45
pixel: 52 46
pixel: 52 47
pixel: 52 48
pixel: 52 49
pixel: 52 50
pixel: 52 51
pixel: 52 52
pixel: 52 53
pixel: 52 54
pixel: 52 55
pixel: 52 56
pixel: 52 57
pixel: 52 58
pixel: 52 59
pixel: 52 60
pixel: 52 61
pixel: 52 62
pixel: 52 63
pixel: 52 64
pixel: 52 65
pixel: 52 66
pixel: 52 67
pixel: 52 68
pixel: 52 69
pixel: 52 70
pixel: 52 71
pixel: 52 72
pixel: 52 73
pixel: 52 74
pixel: 52 75
pixel: 52 76
pixel: 52 77
pixel: 52 78
pixel: 52 79
pixel: 52 80
pixel: 52 81
pixel: 52 82
pixel: 52 83
pixel: 52 84
pixel: 52 85
pixel: 52 86
pixel: 52 87
pixel: 52 88
pixel: 52 89
pixel: 52 90
pixel: 52 91
pixel: 52 92
pixel: 52 93
pixel: 52 94
pixel: 52 95
pixel: 52 96
pixel: 52 97
pixel: 52 98
pixel: 52 99
pixel: 52 100
pixel: 52 101
pixel: 52 102
pixel: 52 103
pixel: 52 104
pixel: 52 105
pixel: 52 106
pixel: 52 107
pixel: 52 108
pixel: 52 109
pixel: 52 110
pixel: 52 111
pixel: 52 112
pixel: 52 113
pixel: 52 114
pixel: 52 115
pixel: 52 116
pixel: 52 117
pixel: 52 118
pixel: 52 119
pixel: 52 120
pixel: 52 121
pixel: 52 122
pixel: 52 123
pixel: 52 124
pixel: 52 125
pixel: 52 126
pixel: 52 127
pixel: 52 128
pixel: 52 129
pixel: 52 130
pixel: 52 131
pixel: 52 132
pixel: 52 133
pixel: 52 134
pixel: 52 135
pixel: 52 136
pixel: 52 137
pixel: 52 138
pixel: 52 139
pixel: 52 140
pixel: 52 141
pixel: 52 142
pixel: 52 143
pixel: 52 144
pixel: 52 145
pixel: 52 146
pixel: 52 147
pixel: 52 148
pixel: 52 149
pixel: 52 150
pixel: 52 151
pixel: 52 152
pixel: 52 153
pixel: 52 154
pixel: 52 155
pixel: 52 156
pixel: 52 157
pixel: 52 158
pixel: 52 159
pixel: 52 160
pixel: 52 161
pixel: 52 162
pixel: 52 163
pixel: 52 164
pixel: 52 165
pixel: 52 166
pixel: 52 167
pixel: 52 168
pixel: 52 169
pixel: 52 170
pixel: 52 171
pixel: 52 172
pixel: 52 173
pixel: 52 174
pixel: 52 175
pixel: 52 176
pixel: 52 177
pixel: 52 178
pixel: 52 179
pixel: 52 180
pixel: 52 181
pixel: 52 182
pixel: 52 183
pixel: 52 184
pixel: 52 185
pixel: 52 186
pixel: 52 187
pixel: 52 188
pixel: 52 189
pixel: 52 190
pixel: 52 191
pixel: 52 192
pixel: 52 193
pixel: 52 194
pixel: 52 195
pixel: 52 196
pixel: 52 197
pixel: 52 198
pixel: 52 199
pixel: 53 0
pixel: 53 1
pixel: 53 2
pixel: 53 3
pixel: 53 4
pixel: 53 5
pixel: 53 6
pixel: 53 7
pixel: 53 8
pixel: 53 9
pixel: 53 10
pixel: 53 11
pixel: 53 12
pixel: 53 13
pixel: 53 14
pixel: 53 15
pixel: 53 16
pixel: 53 17
pixel: 53 18
pixel: 53 19
pixel: 53 20
pixel: 53 21
pixel: 53 22
pixel: 53 23
pixel: 53 24
pixel: 53 25
pixel: 53 26
pixel: 53 27
pixel: 53 28
pixel: 53 29
pixel: 53 30
pixel: 53 31
pixel: 53 32
pixel: 53 33
pixel: 53 34
pixel: 53 35
pixel: 53 36
pixel: 53 37
pixel: 53 38
pixel: 53 39
pixel: 53 40
pixel: 53 41
pixel: 53 42
pixel: 53 43
pixel: 53 44
pixel: 53 45
pixel: 53 46
pixel: 53 47
pixel: 53 48
pixel: 53 49
pixel: 53 50
pixel: 53 51
pixel: 53 52
pixel: 53 53
pixel: 53 54
pixel: 53 55
pixel: 53 56
pixel: 53 57
pixel: 53 58
pixel: 53 59
pixel: 53 60
pixel: 53 61
pixel: 53 62
pixel: 53 63
pixel: 53 64
pixel: 53 65
pixel: 53 66
pixel: 53 67
pixel: 53 68
pixel: 53 69
pixel: 53 70
pixel: 53 71
pixel: 53 72
pixel: 53 73
pixel: 53 74
pixel: 53 75
pixel: 53 76
pixel: 53 77
pixel: 53 78
pixel: 53 79
pixel: 53 80
pixel: 53 81
pixel: 53 82
pixel: 53 83
pixel: 53 84
pixel: 53 85
pixel: 53 86
pixel: 53 87
pixel: 53 88
pixel: 53 89
pixel: 53 90
pixel: 53 91
pixel: 53 92
pixel: 53 93
pixel: 53 94
pixel: 53 95
pixel: 53 96
pixel: 53 97
pixel: 53 98
pixel: 53 99
pixel: 53 100
pixel: 53 101
pixel: 53 102
pixel: 53 103
pixel: 53 104
pixel: 53 105
pixel: 53 106
pixel: 53 107
pixel: 53 108
pixel: 53 109
pixel: 53 110
pixel: 53 111
pixel: 53 112
pixel: 53 113
pixel: 53 114
pixel: 53 115
pixel: 53 116
pixel: 53 117
pixel: 53 118
pixel: 53 119
pixel: 53 120
pixel: 53 121
pixel: 53 122
pixel: 53 123
pixel: 53 124
pixel: 53 125
pixel: 53 126
pixel: 53 127
pixel: 53 128
pixel: 53 129
pixel: 53 130
pixel: 53 131
pixel: 53 132
pixel: 53 133
pixel: 53 134
pixel: 53 135
pixel: 53 136
pixel: 53 137
pixel: 53 138
pixel: 53 139
pixel: 53 140
pixel: 53 141
pixel: 53 142
pixel: 53 143
pixel: 53 144
pixel: 53 145
pixel: 53 146
pixel: 53 147
pixel: 53 148
pixel: 53 149
pixel: 53 150
pixel: 53 151
pixel: 53 152
pixel: 53 153
pixel: 53 154
pixel: 53 155
pixel: 53 156
pixel: 53 157
pixel: 53 158
pixel: 53 159
pixel: 53 160
pixel: 53 161
pixel: 53 162
pixel: 53 163
pixel: 53 164
pixel: 53 165
pixel: 53 166
pixel: 53 167
pixel: 53 168
pixel: 53 169
pixel: 53 170
pixel: 53 171
pixel: 53 172
pixel: 53 173
pixel: 53 174
pixel: 53 175
pixel: 53 176
pixel: 53 177
pixel: 53 178
pixel: 53 179
pixel: 53 180
pixel: 53 181
pixel: 53 182
pixel: 53 183
pixel: 53 184
pixel: 53 185
pixel: 53 186
pixel: 53 187
pixel: 53 188
pixel: 53 189
pixel: 53 190
pixel: 53 191
pixel: 53 192
pixel: 53 193
pixel: 53 194
pixel: 53 195
pixel: 53 196
pixel: 53 197
pixel: 53 198
pixel: 53 199
pixel: 54 0
pixel: 54 1
pixel: 54 2
pixel: 54 3
pixel: 54 4
pixel: 54 5
pixel: 54 6
pixel: 54 7
pixel: 54 8
pixel: 54 9
pixel: 54 10
pixel: 54 11
pixel: 54 12
pixel: 54 13
pixel: 54 14
pixel: 54 15
pixel: 54 16
pixel: 54 17
pixel: 54 18
pixel: 54 19
pixel: 54 20
pixel: 54 21
pixel: 54 22
pixel: 54 23
pixel: 54 24
pixel: 54 25
pixel: 54 26
pixel: 54 27
pixel: 54 28
pixel: 54 29
pixel: 54 30
pixel: 54 31
pixel: 54 32
pixel: 54 33
pixel: 54 34
pixel: 54 35
pixel: 54 36
pixel: 54 37
pixel: 54 38
pixel: 54 39
pixel: 54 40
pixel: 54 41
pixel: 54 42
pixel: 54 43
pixel: 54 44
pixel: 54 45
pixel: 54 46
pixel: 54 47
pixel: 54 48
pixel: 54 49
pixel: 54 50
pixel: 54 51
pixel: 54 52
pixel: 54 53
pixel: 54 54
pixel: 54 55
pixel: 54 56
pixel: 54 57
pixel: 54 58
pixel: 54 59
pixel: 54 60
pixel: 54 61
pixel: 54 62
pixel: 54 63
pixel: 54 64
pixel: 54 65
pixel: 54 66
pixel: 54 67
pixel: 54 68
pixel: 54 69
pixel: 54 70
pixel: 54 71
pixel: 54 72
pixel: 54 73
pixel: 54 74
pixel: 54 75
pixel: 54 76
pixel: 54 77
pixel: 54 78
pixel: 54 79
pixel: 54 80
pixel: 54 81
pixel: 54 82
pixel: 54 83
pixel: 54 84
pixel: 54 85
pixel: 54 86
pixel: 54 87
pixel: 54 88
pixel: 54 89
pixel: 54 90
pixel: 54 91
pixel: 54 92
pixel: 54 93
pixel: 54 94
pixel: 54 95
pixel: 54 96
pixel: 54 97
pixel: 54 98
pixel: 54 99
pixel: 54 100
pixel: 54 101
pixel: 54 102
pixel: 54 103
pixel: 54 104
pixel: 54 105
pixel: 54 106
pixel: 54 107
pixel: 54 108
pixel: 54 109
pixel: 54 110
pixel: 54 111
pixel: 54 112
pixel: 54 113
pixel: 54 114
pixel: 54 115
pixel: 54 116
pixel: 54 117
pixel: 54 118
pixel: 54 119
pixel: 54 120
pixel: 54 121
pixel: 54 122
pixel: 54 123
pixel: 54 124
pixel: 54 125
pixel: 54 126
pixel: 54 127
pixel: 54 128
pixel: 54 129
pixel: 54 130
pixel: 54 131
pixel: 54 132
pixel: 54 133
pixel: 54 134
pixel: 54 135
pixel: 54 136
pixel: 54 137
pixel: 54 138
pixel: 54 139
pixel: 54 140
pixel: 54 141
pixel: 54 142
pixel: 54 143
pixel: 54 144
pixel: 54 145
pixel: 54 146
pixel: 54 147
pixel: 54 148
pixel: 54 149
pixel: 54 150
pixel: 54 151
pixel: 54 152
pixel: 54 153
pixel: 54 154
pixel: 54 155
pixel: 54 156
pixel: 54 157
pixel: 54 158
pixel: 54 159
pixel: 54 160
pixel: 54 161
pixel: 54 162
pixel: 54 163
pixel: 54 164
pixel: 54 165
pixel: 54 166
pixel: 54 167
pixel: 54 168
pixel: 54 169
pixel: 54 170
pixel: 54 171
pixel: 54 172
pixel: 54 173
pixel: 54 174
pixel: 54 175
pixel: 54 176
pixel: 54 177
pixel: 54 178
pixel: 54 179
pixel: 54 180
pixel: 54 181
pixel: 54 182
pixel: 54 183
pixel: 54 184
pixel: 54 185
pixel: 54 186
pixel: 54 187
pixel: 54 188
pixel: 54 189
pixel: 54 190
pixel: 54 191
pixel: 54 192
pixel: 54 193
pixel: 54 194
pixel: 54 195
pixel: 54 196
pixel: 54 197
pixel: 54 198
pixel: 54 199
pixel: 55 0
pixel: 55 1
pixel: 55 2
pixel: 55 3
pixel: 55 4
pixel: 55 5
pixel: 55 6
pixel: 55 7
pixel: 55 8
pixel: 55 9
pixel: 55 10
pixel: 55 11
pixel: 55 12
pixel: 55 13
pixel: 55 14
pixel: 55 15
pixel: 55 16
pixel: 55 17
pixel: 55 18
pixel: 55 19
pixel: 55 20
pixel: 55 21
pixel: 55 22
pixel: 55 23
pixel: 55 24
pixel: 55 25
pixel: 55 26
pixel: 55 27
pixel: 55 28
pixel: 55 29
pixel: 55 30
pixel: 55 31
pixel: 55 32
pixel: 55 33
pixel: 55 34
pixel: 55 35
pixel: 55 36
pixel: 55 37
pixel: 55 38
pixel: 55 39
pixel: 55 40
pixel: 55 41
pixel: 55 42
pixel: 55 43
pixel: 55 44
pixel: 55 45
pixel: 55 46
pixel: 55 47
pixel: 55 48
pixel: 55 49
pixel: 55 50
pixel: 55 51
pixel: 55 52
pixel: 55 53
pixel: 55 54
pixel: 55 55
pixel: 55 56
pixel: 55 57
pixel: 55 58
pixel: 55 59
pixel: 55 60
pixel: 55 61
pixel: 55 62
pixel: 55 63
pixel: 55 64
pixel: 55 65
pixel: 55 66
pixel: 55 67
pixel: 55 68
pixel: 55 69
pixel: 55 70
pixel: 55 71
pixel: 55 72
pixel: 55 73
pixel: 55 74
pixel: 55 75
pixel: 55 76
pixel: 55 77
pixel: 55 78
pixel: 55 79
pixel: 55 80
pixel: 55 81
pixel: 55 82
pixel: 55 83
pixel: 55 84
pixel: 55 85
pixel: 55 86
pixel: 55 87
pixel: 55 88
pixel: 55 89
pixel: 55 90
pixel: 55 91
pixel: 55 92
pixel: 55 93
pixel: 55 94
pixel: 55 95
pixel: 55 96
pixel: 55 97
pixel: 55 98
pixel: 55 99
pixel: 55 100
pixel: 55 101
pixel: 55 102
pixel: 55 103
pixel: 55 104
pixel: 55 105
pixel: 55 106
pixel: 55 107
pixel: 55 108
pixel: 55 109
pixel: 55 110
pixel: 55 111
pixel: 55 112
pixel: 55 113
pixel: 55 114
pixel: 55 115
pixel: 55 116
pixel: 55 117
pixel: 55 118
pixel: 55 119
pixel: 55 120
pixel: 55 121
pixel: 55 122
pixel: 55 123
pixel: 55 124
pixel: 55 125
pixel: 55 126
pixel: 55 127
pixel: 55 128
pixel: 55 129
pixel: 55 130
pixel: 55 131
pixel: 55 132
pixel: 55 133
pixel: 55 134
pixel: 55 135
pixel: 55 136
pixel: 55 137
pixel: 55 138
pixel: 55 139
pixel: 55 140
pixel: 55 141
pixel: 55 142
pixel: 55 143
pixel: 55 144
pixel: 55 145
pixel: 55 146
pixel: 55 147
pixel: 55 148
pixel: 55 149
pixel: 55 150
pixel: 55 151
pixel: 55 152
pixel: 55 153
pixel: 55 154
pixel: 55 155
pixel: 55 156
pixel: 55 157
pixel: 55 158
pixel: 55 159
pixel: 55 160
pixel: 55 161
pixel: 55 162
pixel: 55 163
pixel: 55 164
pixel: 55 165
pixel: 55 166
pixel: 55 167
pixel: 55 168
pixel: 55 169
pixel: 55 170
pixel: 55 171
pixel: 55 172
pixel: 55 173
pixel: 55 174
pixel: 55 175
pixel: 55 176
pixel: 55 177
pixel: 55 178
pixel: 55 179
pixel: 55 180
pixel: 55 181
pixel: 55 182
pixel: 55 183
pixel: 55 184
pixel: 55 185
pixel: 55 186
pixel: 55 187
pixel: 55 188
pixel: 55 189
pixel: 55 190
pixel: 55 191
pixel: 55 192
pixel: 55 193
pixel: 55 194
pixel: 55 195
pixel: 55 196
pixel: 55 197
pixel: 55 198
pixel: 55 199
pixel: 56 0
pixel: 56 1
pixel: 56 2
pixel: 56 3
pixel: 56 4
pixel: 56 5
pixel: 56 6
pixel: 56 7
pixel: 56 8
pixel: 56 9
pixel: 56 10
pixel: 56 11
pixel: 56 12
pixel: 56 13
pixel: 56 14
pixel: 56 15
pixel: 56 16
pixel: 56 17
pixel: 56 18
pixel: 56 19
pixel: 56 20
pixel: 56 21
pixel: 56 22
pixel: 56 23
pixel: 56 24
pixel: 56 25
pixel: 56 26
pixel: 56 27
pixel: 56 28
pixel: 56 29
pixel: 56 30
pixel: 56 31
pixel: 56 32
pixel: 56 33
pixel: 56 34
pixel: 56 35
pixel: 56 36
pixel: 56 37
pixel: 56 38
pixel: 56 39
pixel: 56 40
pixel: 56 41
pixel: 56 42
pixel: 56 43
pixel: 56 44
pixel: 56 45
pixel: 56 46
pixel: 56 47
pixel: 56 48
pixel: 56 49
pixel: 56 50
pixel: 56 51
pixel: 56 52
pixel: 56 53
pixel: 56 54
pixel: 56 55
pixel: 56 56
pixel: 56 57
pixel: 56 58
pixel: 56 59
pixel: 56 60
pixel: 56 61
pixel: 56 62
pixel: 56 63
pixel: 56 64
pixel: 56 65
pixel: 56 66
pixel: 56 67
pixel: 56 68
pixel: 56 69
pixel: 56 70
pixel: 56 71
pixel: 56 72
pixel: 56 73
pixel: 56 74
pixel: 56 75
pixel: 56 76
pixel: 56 77
pixel: 56 78
pixel: 56 79
pixel: 56 80
pixel: 56 81
pixel: 56 82
pixel: 56 83
pixel: 56 84
pixel: 56 85
pixel: 56 86
pixel: 56 87
pixel: 56 88
pixel: 56 89
pixel: 56 90
pixel: 56 91
pixel: 56 92
pixel: 56 93
pixel: 56 94
pixel: 56 95
pixel: 56 96
pixel: 56 97
pixel: 56 98
pixel: 56 99
pixel: 56 100
pixel: 56 101
pixel: 56 102
pixel: 56 103
pixel: 56 104
pixel: 56 105
pixel: 56 106
pixel: 56 107
pixel: 56 108
pixel: 56 109
pixel: 56 110
pixel: 56 111
pixel: 56 112
pixel: 56 113
pixel: 56 114
pixel: 56 115
pixel: 56 116
pixel: 56 117
pixel: 56 118
pixel: 56 119
pixel: 56 120
pixel: 56 121
pixel: 56 122
pixel: 56 123
pixel: 56 124
pixel: 56 125
pixel: 56 126
pixel: 56 127
pixel: 56 128
pixel: 56 129
pixel: 56 130
pixel: 56 131
pixel: 56 132
pixel: 56 133
pixel: 56 134
pixel: 56 135
pixel: 56 136
pixel: 56 137
pixel: 56 138
pixel: 56 139
pixel: 56 140
pixel: 56 141
pixel: 56 142
pixel: 56 143
pixel: 56 144
pixel: 56 145
pixel: 56 146
pixel: 56 147
pixel: 56 148
pixel: 56 149
pixel: 56 150
pixel: 56 151
pixel: 56 152
pixel: 56 153
pixel: 56 154
pixel: 56 155
pixel: 56 156
pixel: 56 157
pixel: 56 158
pixel: 56 159
pixel: 56 160
pixel: 56 161
pixel: 56 162
pixel: 56 163
pixel: 56 164
pixel: 56 165
pixel: 56 166
pixel: 56 167
pixel: 56 168
pixel: 56 169
pixel: 56 170
pixel: 56 171
pixel: 56 172
pixel: 56 173
pixel: 56 174
pixel: 56 175
pixel: 56 176
pixel: 56 177
pixel: 56 178
pixel: 56 179
pixel: 56 180
pixel: 56 181
pixel: 56 182
pixel: 56 183
pixel: 56 184
pixel: 56 185
pixel: 56 186
pixel: 56 187
pixel: 56 188
pixel: 56 189
pixel: 56 190
pixel: 56 191
pixel: 56 192
pixel: 56 193
pixel: 56 194
pixel: 56 195
pixel: 56 196
pixel: 56 197
pixel: 56 198
pixel: 56 199
pixel: 57 0
pixel: 57 1
pixel: 57 2
pixel: 57 3
pixel: 57 4
pixel: 57 5
pixel: 57 6
pixel: 57 7
pixel: 57 8
pixel: 57 9
pixel: 57 10
pixel: 57 11
pixel: 57 12
pixel: 57 13
pixel: 57 14
pixel: 57 15
pixel: 57 16
pixel: 57 17
pixel: 57 18
pixel: 57 19
pixel: 57 20
pixel: 57 21
pixel: 57 22
pixel: 57 23
pixel: 57 24
pixel: 57 25
pixel: 57 26
pixel: 57 27
pixel: 57 28
pixel: 57 29
pixel: 57 30
pixel: 57 31
pixel: 57 32
pixel: 57 33
pixel: 57 34
pixel: 57 35
pixel: 57 36
pixel: 57 37
pixel: 57 38
pixel: 57 39
pixel: 57 40
pixel: 57 41
pixel: 57 42
pixel: 57 43
pixel: 57 44
pixel: 57 45
pixel: 57 46
pixel: 57 47
pixel: 57 48
pixel: 57 49
pixel: 57 50
pixel: 57 51
pixel: 57 52
pixel: 57 53
pixel: 57 54
pixel: 57 55
pixel: 57 56
pixel: 57 57
pixel: 57 58
pixel: 57 59
pixel: 57 60
pixel: 57 61
pixel: 57 62
pixel: 57 63
pixel: 57 64
pixel: 57 65
pixel: 57 66
pixel: 57 67
pixel: 57 68
pixel: 57 69
pixel: 57 70
pixel: 57 71
pixel: 57 72
pixel: 57 73
pixel: 57 74
pixel: 57 75
pixel: 57 76
pixel: 57 77
pixel: 57 78
pixel: 57 79
pixel: 57 80
pixel: 57 81
pixel: 57 82
pixel: 57 83
pixel: 57 84
pixel: 57 85
pixel: 57 86
pixel: 57 87
pixel: 57 88
pixel: 57 89
pixel: 57 90
pixel: 57 91
pixel: 57 92
pixel: 57 93
pixel: 57 94
pixel: 57 95
pixel: 57 96
pixel: 57 97
pixel: 57 98
pixel: 57 99
pixel: 57 100
pixel: 57 101
pixel: 57 102
pixel: 57 103
pixel: 57 104
pixel: 57 105
pixel: 57 106
pixel: 57 107
pixel: 57 108
pixel: 57 109
pixel: 57 110
pixel: 57 111
pixel: 57 112
pixel: 57 113
pixel: 57 114
pixel: 57 115
pixel: 57 116
pixel: 57 117
pixel: 57 118
pixel: 57 119
pixel: 57 120
pixel: 57 121
pixel: 57 122
pixel: 57 123
pixel: 57 124
pixel: 57 125
pixel: 57 126
pixel: 57 127
pixel: 57 128
pixel: 57 129
pixel: 57 130
pixel: 57 131
pixel: 57 132
pixel: 57 133
pixel: 57 134
pixel: 57 135
pixel: 57 136
pixel: 57 137
pixel: 57 138
pixel: 57 139
pixel: 57 140
pixel: 57 141
pixel: 57 142
pixel: 57 143
pixel: 57 144
pixel: 57 145
pixel: 57 146
pixel: 57 147
pixel: 57 148
pixel: 57 149
pixel: 57 150
pixel: 57 151
pixel: 57 152
pixel: 57 153
pixel: 57 154
pixel: 57 155
pixel: 57 156
pixel: 57 157
pixel: 57 158
pixel: 57 159
pixel: 57 160
pixel: 57 161
pixel: 57 162
pixel: 57 163
pixel: 57 164
pixel: 57 165
pixel: 57 166
pixel: 57 167
pixel: 57 168
pixel: 57 169
pixel: 57 170
pixel: 57 171
pixel: 57 172
pixel: 57 173
pixel: 57 174
pixel: 57 175
pixel: 57 176
pixel: 57 177
pixel: 57 178
pixel: 57 179
pixel: 57 180
pixel: 57 181
pixel: 57 182
pixel: 57 183
pixel: 57 184
pixel: 57 185
pixel: 57 186
pixel: 57 187
pixel: 57 188
pixel: 57 189
pixel: 57 190
pixel: 57 191
pixel: 57 192
pixel: 57 193
pixel: 57 194
pixel: 57 195
pixel: 57 196
pixel: 57 197
pixel: 57 198
pixel: 57 199
pixel: 58 0
pixel: 58 1
pixel: 58 2
pixel: 58 3
pixel: 58 4
pixel: 58 5
pixel: 58 6
pixel: 58 7
pixel: 58 8
pixel: 58 9
pixel: 58 10
pixel: 58 11
pixel: 58 12
pixel: 58 13
pixel: 58 14
pixel: 58 15
pixel: 58 16
pixel: 58 17
pixel: 58 18
pixel: 58 19
pixel: 58 20
pixel: 58 21
pixel: 58 22
pixel: 58 23
pixel: 58 24
pixel: 58 25
pixel: 58 26
pixel: 58 27
pixel: 58 28
pixel: 58 29
pixel: 58 30
pixel: 58 31
pixel: 58 32
pixel: 58 33
pixel: 58 34
pixel: 58 35
pixel: 58 36
pixel: 58 37
pixel: 58 38
pixel: 58 39
pixel: 58 40
pixel: 58 41
pixel: 58 42
pixel: 58 43
pixel: 58 44
pixel: 58 45
pixel: 58 46
pixel: 58 47
pixel: 58 48
pixel: 58 49
pixel: 58 50
pixel: 58 51
pixel: 58 52
pixel: 58 53
pixel: 58 54
pixel: 58 55
pixel: 58 56
pixel: 58 57
pixel: 58 58
pixel: 58 59
pixel: 58 60
pixel: 58 61
pixel: 58 62
pixel: 58 63
pixel: 58 64
pixel: 58 65
pixel: 58 66
pixel: 58 67
pixel: 58 68
pixel: 58 69
pixel: 58 70
pixel: 58 71
pixel: 58 72
pixel: 58 73
pixel: 58 74
pixel: 58 75
pixel: 58 76
pixel: 58 77
pixel: 58 78
pixel: 58 79
pixel: 58 80
pixel: 58 81
pixel: 58 82
pixel: 58 83
pixel: 58 84
pixel: 58 85
pixel: 58 86
pixel: 58 87
pixel: 58 88
pixel: 58 89
pixel: 58 90
pixel: 58 91
pixel: 58 92
pixel: 58 93
pixel: 58 94
pixel: 58 95
pixel: 58 96
pixel: 58 97
pixel: 58 98
pixel: 58 99
pixel: 58 100
pixel: 58 101
pixel: 58 102
pixel: 58 103
pixel: 58 104
pixel: 58 105
pixel: 58 106
pixel: 58 107
pixel: 58 108
pixel: 58 109
pixel: 58 110
pixel: 58 111
pixel: 58 112
pixel: 58 113
pixel: 58 114
pixel: 58 115
pixel: 58 116
pixel: 58 117
pixel: 58 118
pixel: 58 119
pixel: 58 120
pixel: 58 121
pixel: 58 122
pixel: 58 123
pixel: 58 124
pixel: 58 125
pixel: 58 126
pixel: 58 127
pixel: 58 128
pixel: 58 129
pixel: 58 130
pixel: 58 131
pixel: 58 132
pixel: 58 133
pixel: 58 134
pixel: 58 135
pixel: 58 136
pixel: 58 137
pixel: 58 138
pixel: 58 139
pixel: 58 140
pixel: 58 141
pixel: 58 142
pixel: 58 143
pixel: 58 144
pixel: 58 145
pixel: 58 146
pixel: 58 147
pixel: 58 148
pixel: 58 149
pixel: 58 150
pixel: 58 151
pixel: 58 152
pixel: 58 153
pixel: 58 154
pixel: 58 155
pixel: 58 156
pixel: 58 157
pixel: 58 158
pixel: 58 159
pixel: 58 160
pixel: 58 161
pixel: 58 162
pixel: 58 163
pixel: 58 164
pixel: 58 165
pixel: 58 166
pixel: 58 167
pixel: 58 168
pixel: 58 169
pixel: 58 170
pixel: 58 171
pixel: 58 172
pixel: 58 173
pixel: 58 174
pixel: 58 175
pixel: 58 176
pixel: 58 177
pixel: 58 178
pixel: 58 179
pixel: 58 180
pixel: 58 181
pixel: 58 182
pixel: 58 183
pixel: 58 184
pixel: 58 185
pixel: 58 186
pixel: 58 187
pixel: 58 188
pixel: 58 189
pixel: 58 190
pixel: 58 191
pixel: 58 192
pixel: 58 193
pixel: 58 194
pixel: 58 195
pixel: 58 196
pixel: 58 197
pixel: 58 198
pixel: 58 199
pixel: 59 0
pixel: 59 1
pixel: 59 2
pixel: 59 3
pixel: 59 4
pixel: 59 5
pixel: 59 6
pixel: 59 7
pixel: 59 8
pixel: 59 9
pixel: 59 10
pixel: 59 11
pixel: 59 12
pixel: 59 13
pixel: 59 14
pixel: 59 15
pixel: 59 16
pixel: 59 17
pixel: 59 18
pixel: 59 19
pixel: 59 20
pixel: 59 21
pixel: 59 22
pixel: 59 23
pixel: 59 24
pixel: 59 25
pixel: 59 26
pixel: 59 27
pixel: 59 28
pixel: 59 29
pixel: 59 30
pixel: 59 31
pixel: 59 32
pixel: 59 33
pixel: 59 34
pixel: 59 35
pixel: 59 36
pixel: 59 37
pixel: 59 38
pixel: 59 39
pixel: 59 40
pixel: 59 41
pixel: 59 42
pixel: 59 43
pixel: 59 44
pixel: 59 45
pixel: 59 46
pixel: 59 47
pixel: 59 48
pixel: 59 49
pixel: 59 50
pixel: 59 51
pixel: 59 52
pixel: 59 53
pixel: 59 54
pixel: 59 55
pixel: 59 56
pixel: 59 57
pixel: 59 58
pixel: 59 59
pixel: 59 60
pixel: 59 61
pixel: 59 62
pixel: 59 63
pixel: 59 64
pixel: 59 65
pixel: 59 66
pixel: 59 67
pixel: 59 68
pixel: 59 69
pixel: 59 70
pixel: 59 71
pixel: 59 72
pixel: 59 73
pixel: 59 74
pixel: 59 75
pixel: 59 76
pixel: 59 77
pixel: 59 78
pixel: 59 79
pixel: 59 80
pixel: 59 81
pixel: 59 82
pixel: 59 83
pixel: 59 84
pixel: 59 85
pixel: 59 86
pixel: 59 87
pixel: 59 88
pixel: 59 89
pixel: 59 90
pixel: 59 91
pixel: 59 92
pixel: 59 93
pixel: 59 94
pixel: 59 95
pixel: 59 96
pixel: 59 97
pixel: 59 98
pixel: 59 99
pixel: 59 100
pixel: 59 101
pixel: 59 102
pixel: 59 103
pixel: 59 104
pixel: 59 105
pixel: 59 106
pixel: 59 107
pixel: 59 108
pixel: 59 109
pixel: 59 110
pixel: 59 111
pixel: 59 112
pixel: 59 113
pixel: 59 114
pixel: 59 115
pixel: 59 116
pixel: 59 117
pixel: 59 118
pixel: 59 119
pixel: 59 120
pixel: 59 121
pixel: 59 122
pixel: 59 123
pixel: 59 124
pixel: 59 125
pixel: 59 126
pixel: 59 127
pixel: 59 128
pixel: 59 129
pixel: 59 130
pixel: 59 131
pixel: 59 132
pixel: 59 133
pixel: 59 134
pixel: 59 135
pixel: 59 136
pixel: 59 137
pixel: 59 138
pixel: 59 139
pixel: 59 140
pixel: 59 141
pixel: 59 142
pixel: 59 143
pixel: 59 144
pixel: 59 145
pixel: 59 146
pixel: 59 147
pixel: 59 148
pixel: 59 149
pixel: 59 150
pixel: 59 151
pixel: 59 152
pixel: 59 153
pixel: 59 154
pixel: 59 155
pixel: 59 156
pixel: 59 157
pixel: 59 158
pixel: 59 159
pixel: 59 160
pixel: 59 161
pixel: 59 162
pixel: 59 163
pixel: 59 164
pixel: 59 165
pixel: 59 166
pixel: 59 167
pixel: 59 168
pixel: 59 169
pixel: 59 170
pixel: 59 171
pixel: 59 172
pixel: 59 173
pixel: 59 174
pixel: 59 175
pixel: 59 176
pixel: 59 177
pixel: 59 178
pixel: 59 179
pixel: 59 180
pixel: 59 181
pixel: 59 182
pixel: 59 183
pixel: 59 184
pixel: 59 185
pixel: 59 186
pixel: 59 187
pixel: 59 188
pixel: 59 189
pixel: 59 190
pixel: 59 191
pixel: 59 192
pixel: 59 193
pixel: 59 194
pixel: 59 195
pixel: 59 196
pixel: 59 197
pixel: 59 198
pixel: 59 199
pixel: 60 0
pixel: 60 1
pixel: 60 2
pixel: 60 3
pixel: 60 4
pixel: 60 5
pixel: 60 6
pixel: 60 7
pixel: 60 8
pixel: 60 9
pixel: 60 10
pixel: 60 11
pixel: 60 12
pixel: 60 13
pixel: 60 14
pixel: 60 15
pixel: 60 16
pixel: 60 17
pixel: 60 18
pixel: 60 19
pixel: 60 20
pixel: 60 21
pixel: 60 22
pixel: 60 23
pixel: 60 24
pixel: 60 25
pixel: 60 26
pixel: 60 27
pixel: 60 28
pixel: 60 29
pixel: 60 30
pixel: 60 31
pixel: 60 32
pixel: 60 33
pixel: 60 34
pixel: 60 35
pixel: 60 36
pixel: 60 37
pixel: 60 38
pixel: 60 39
pixel: 60 40
pixel: 60 41
pixel: 60 42
pixel: 60 43
pixel: 60 44
pixel: 60 45
pixel: 60 46
pixel: 60 47
pixel: 60 48
pixel: 60 49
pixel: 60 50
pixel: 60 51
pixel: 60 52
pixel: 60 53
pixel: 60 54
pixel: 60 55
pixel: 60 56
pixel: 60 57
pixel: 60 58
pixel: 60 59
pixel: 60 60
pixel: 60 61
pixel: 60 62
pixel: 60 63
pixel: 60 64
pixel: 60 65
pixel: 60 66
pixel: 60 67
pixel: 60 68
pixel: 60 69
pixel: 60 70
pixel: 60 71
pixel: 60 72
pixel: 60 73
pixel: 60 74
pixel: 60 75
pixel: 60 76
pixel: 60 77
pixel: 60 78
pixel: 60 79
pixel: 60 80
pixel: 60 81
pixel: 60 82
pixel: 60 83
pixel: 60 84
pixel: 60 85
pixel: 60 86
pixel: 60 87
pixel: 60 88
pixel: 60 89
pixel: 60 90
pixel: 60 91
pixel: 60 92
pixel: 60 93
pixel: 60 94
pixel: 60 95
pixel: 60 96
pixel: 60 97
pixel: 60 98
pixel: 60 99
pixel: 60 100
pixel: 60 101
pixel: 60 102
pixel: 60 103
pixel: 60 104
pixel: 60 105
pixel: 60 106
pixel: 60 107
pixel: 60 108
pixel: 60 109
pixel: 60 110
pixel: 60 111
pixel: 60 112
pixel: 60 113
pixel: 60 114
pixel: 60 115
pixel: 60 116
pixel: 60 117
pixel: 60 118
pixel: 60 119
pixel: 60 120
pixel: 60 121
pixel: 60 122
pixel: 60 123
pixel: 60 124
pixel: 60 125
pixel: 60 126
pixel: 60 127
pixel: 60 128
pixel: 60 129
pixel: 60 130
pixel: 60 131
pixel: 60 132
pixel: 60 133
pixel: 60 134
pixel: 60 135
pixel: 60 136
pixel: 60 137
pixel: 60 138
pixel: 60 139
pixel: 60 140
pixel: 60 141
pixel: 60 142
pixel: 60 143
pixel: 60 144
pixel: 60 145
pixel: 60 146
pixel: 60 147
pixel: 60 148
pixel: 60 149
pixel: 60 150
pixel: 60 151
pixel: 60 152
pixel: 60 153
pixel: 60 154
pixel: 60 155
pixel: 60 156
pixel: 60 157
pixel: 60 158
pixel: 60 159
pixel: 60 160
pixel: 60 161
pixel: 60 162
pixel: 60 163
pixel: 60 164
pixel: 60 165
pixel: 60 166
pixel: 60 167
pixel: 60 168
pixel: 60 169
pixel: 60 170
pixel: 60 171
pixel: 60 172
pixel: 60 173
pixel: 60 174
pixel: 60 175
pixel: 60 176
pixel: 60 177
pixel: 60 178
pixel: 60 179
pixel: 60 180
pixel: 60 181
pixel: 60 182
pixel: 60 183
pixel: 60 184
pixel: 60 185
pixel: 60 186
pixel: 60 187
pixel: 60 188
pixel: 60 189
pixel: 60 190
pixel: 60 191
pixel: 60 192
pixel: 60 193
pixel: 60 194
pixel: 60 195
pixel: 60 196
pixel: 60 197
pixel: 60 198
pixel: 60 199
pixel: 61 0
pixel: 61 1
pixel: 61 2
pixel: 61 3
pixel: 61 4
pixel: 61 5
pixel: 61 6
pixel: 61 7
pixel: 61 8
pixel: 61 9
pixel: 61 10
pixel: 61 11
pixel: 61 12
pixel: 61 13
pixel: 61 14
pixel: 61 15
pixel: 61 16
pixel: 61 17
pixel: 61 18
pixel: 61 19
pixel: 61 20
pixel: 61 21
pixel: 61 22
pixel: 61 23
pixel: 61 24
pixel: 61 25
pixel: 61 26
pixel: 61 27
pixel: 61 28
pixel: 61 29
pixel: 61 30
pixel: 61 31
pixel: 61 32
pixel: 61 33
pixel: 61 34
pixel: 61 35
pixel: 61 36
pixel: 61 37
pixel: 61 38
pixel: 61 39
pixel: 61 40
pixel: 61 41
pixel: 61 42
pixel: 61 43
pixel: 61 44
pixel: 61 45
pixel: 61 46
pixel: 61 47
pixel: 61 48
pixel: 61 49
pixel: 61 50
pixel: 61 51
pixel: 61 52
pixel: 61 53
pixel: 61 54
pixel: 61 55
pixel: 61 56
pixel: 61 57
pixel: 61 58
pixel: 61 59
pixel: 61 60
pixel: 61 61
pixel: 61 62
pixel: 61 63
pixel: 61 64
pixel: 61 65
pixel: 61 66
pixel: 61 67
pixel: 61 68
pixel: 61 69
pixel: 61 70
pixel: 61 71
pixel: 61 72
pixel: 61 73
pixel: 61 74
pixel: 61 75
pixel: 61 76
pixel: 61 77
pixel: 61 78
pixel: 61 79
pixel: 61 80
pixel: 61 81
pixel: 61 82
pixel: 61 83
pixel: 61 84
pixel: 61 85
pixel: 61 86
pixel: 61 87
pixel: 61 88
pixel: 61 89
pixel: 61 90
pixel: 61 91
pixel: 61 92
pixel: 61 93
pixel: 61 94
pixel: 61 95
pixel: 61 96
pixel: 61 97
pixel: 61 98
pixel: 61 99
pixel: 61 100
pixel: 61 101
pixel: 61 102
pixel: 61 103
pixel: 61 104
pixel: 61 105
pixel: 61 106
pixel: 61 107
pixel: 61 108
pixel: 61 109
pixel: 61 110
pixel: 61 111
pixel: 61 112
pixel: 61 113
pixel: 61 114
pixel: 61 115
pixel: 61 116
pixel: 61 117
pixel: 61 118
pixel: 61 119
pixel: 61 120
pixel: 61 121
pixel: 61 122
pixel: 61 123
pixel: 61 124
pixel: 61 125
pixel: 61 126
pixel: 61 127
pixel: 61 128
pixel: 61 129
pixel: 61 130
pixel: 61 131
pixel: 61 132
pixel: 61 133
pixel: 61 134
pixel: 61 135
pixel: 61 136
pixel: 61 137
pixel: 61 138
pixel: 61 139
pixel: 61 140
pixel: 61 141
pixel: 61 142
pixel: 61 143
pixel: 61 144
pixel: 61 145
pixel: 61 146
pixel: 61 147
pixel: 61 148
pixel: 61 149
pixel: 61 150
pixel: 61 151
pixel: 61 152
pixel: 61 153
pixel: 61 154
pixel: 61 155
pixel: 61 156
pixel: 61 157
pixel: 61 158
pixel: 61 159
pixel: 61 160
pixel: 61 161
pixel: 61 162
pixel: 61 163
pixel: 61 164
pixel: 61 165
pixel: 61 166
pixel: 61 167
pixel: 61 168
pixel: 61 169
pixel: 61 170
pixel: 61 171
pixel: 61 172
pixel: 61 173
pixel: 61 174
pixel: 61 175
pixel: 61 176
pixel: 61 177
pixel: 61 178
pixel: 61 179
pixel: 61 180
pixel: 61 181
pixel: 61 182
pixel: 61 183
pixel: 61 184
pixel: 61 185
pixel: 61 186
pixel: 61 187
pixel: 61 188
pixel: 61 189
pixel: 61 190
pixel: 61 191
pixel: 61 192
pixel: 61 193
pixel: 61 194
pixel: 61 195
pixel: 61 196
pixel: 61 197
pixel: 61 198
pixel: 61 199
pixel: 62 0
pixel: 62 1
pixel: 62 2
pixel: 62 3
pixel: 62 4
pixel: 62 5
pixel: 62 6
pixel: 62 7
pixel: 62 8
pixel: 62 9
pixel: 62 10
pixel: 62 11
pixel: 62 12
pixel: 62 13
pixel: 62 14
pixel: 62 15
pixel: 62 16
pixel: 62 17
pixel: 62 18
pixel: 62 19
pixel: 62 20
pixel: 62 21
pixel: 62 22
pixel: 62 23
pixel: 62 24
pixel: 62 25
pixel: 62 26
pixel: 62 27
pixel: 62 28
pixel: 62 29
pixel: 62 30
pixel: 62 31
pixel: 62 32
pixel: 62 33
pixel: 62 34
pixel: 62 35
pixel: 62 36
pixel: 62 37
pixel: 62 38
pixel: 62 39
pixel: 62 40
pixel: 62 41
pixel: 62 42
pixel: 62 43
pixel: 62 44
pixel: 62 45
pixel: 62 46
pixel: 62 47
pixel: 62 48
pixel: 62 49
pixel: 62 50
pixel: 62 51
pixel: 62 52
pixel: 62 53
pixel: 62 54
pixel: 62 55
pixel: 62 56
pixel: 62 57
pixel: 62 58
pixel: 62 59
pixel: 62 60
pixel: 62 61
pixel: 62 62
pixel: 62 63
pixel: 62 64
pixel: 62 65
pixel: 62 66
pixel: 62 67
pixel: 62 68
pixel: 62 69
pixel: 62 70
pixel: 62 71
pixel: 62 72
pixel: 62 73
pixel: 62 74
pixel: 62 75
pixel: 62 76
pixel: 62 77
pixel: 62 78
pixel: 62 79
pixel: 62 80
pixel: 62 81
pixel: 62 82
pixel: 62 83
pixel: 62 84
pixel: 62 85
pixel: 62 86
pixel: 62 87
pixel: 62 88
pixel: 62 89
pixel: 62 90
pixel: 62 91
pixel: 62 92
pixel: 62 93
pixel: 62 94
pixel: 62 95
pixel: 62 96
pixel: 62 97
pixel: 62 98
pixel: 62 99
pixel: 62 100
pixel: 62 101
pixel: 62 102
pixel: 62 103
pixel: 62 104
pixel: 62 105
pixel: 62 106
pixel: 62 107
pixel: 62 108
pixel: 62 109
pixel: 62 110
pixel: 62 111
pixel: 62 112
pixel: 62 113
pixel: 62 114
pixel: 62 115
pixel: 62 116
pixel: 62 117
pixel: 62 118
pixel: 62 119
pixel: 62 120
pixel: 62 121
pixel: 62 122
pixel: 62 123
pixel: 62 124
pixel: 62 125
pixel: 62 126
pixel: 62 127
pixel: 62 128
pixel: 62 129
pixel: 62 130
pixel: 62 131
pixel: 62 132
pixel: 62 133
pixel: 62 134
pixel: 62 135
pixel: 62 136
pixel: 62 137
pixel: 62 138
pixel: 62 139
pixel: 62 140
pixel: 62 141
pixel: 62 142
pixel: 62 143
pixel: 62 144
pixel: 62 145
pixel: 62 146
pixel: 62 147
pixel: 62 148
pixel: 62 149
pixel: 62 150
pixel: 62 151
pixel: 62 152
pixel: 62 153
pixel: 62 154
pixel: 62 155
pixel: 62 156
pixel: 62 157
pixel: 62 158
pixel: 62 159
pixel: 62 160
pixel: 62 161
pixel: 62 162
pixel: 62 163
pixel: 62 164
pixel: 62 165
pixel: 62 166
pixel: 62 167
pixel: 62 168
pixel: 62 169
pixel: 62 170
pixel: 62 171
pixel: 62 172
pixel: 62 173
pixel: 62 174
pixel: 62 175
pixel: 62 176
pixel: 62 177
pixel: 62 178
pixel: 62 179
pixel: 62 180
pixel: 62 181
pixel: 62 182
pixel: 62 183
pixel: 62 184
pixel: 62 185
pixel: 62 186
pixel: 62 187
pixel: 62 188
pixel: 62 189
pixel: 62 190
pixel: 62 191
pixel: 62 192
pixel: 62 193
pixel: 62 194
pixel: 62 195
pixel: 62 196
pixel: 62 197
pixel: 62 198
pixel: 62 199
pixel: 63 0
pixel: 63 1
pixel: 63 2
pixel: 63 3
pixel: 63 4
pixel: 63 5
pixel: 63 6
pixel: 63 7
pixel: 63 8
pixel: 63 9
pixel: 63 10
pixel: 63 11
pixel: 63 12
pixel: 63 13
pixel: 63 14
pixel: 63 15
pixel: 63 16
pixel: 63 17
pixel: 63 18
pixel: 63 19
pixel: 63 20
pixel: 63 21
pixel: 63 22
pixel: 63 23
pixel: 63 24
pixel: 63 25
pixel: 63 26
pixel: 63 27
pixel: 63 28
pixel: 63 29
pixel: 63 30
pixel: 63 31
pixel: 63 32
pixel: 63 33
pixel: 63 34
pixel: 63 35
pixel: 63 36
pixel: 63 37
pixel: 63 38
pixel: 63 39
pixel: 63 40
pixel: 63 41
pixel: 63 42
pixel: 63 43
pixel: 63 44
pixel: 63 45
pixel: 63 46
pixel: 63 47
pixel: 63 48
pixel: 63 49
pixel: 63 50
pixel: 63 51
pixel: 63 52
pixel: 63 53
pixel: 63 54
pixel: 63 55
pixel: 63 56
pixel: 63 57
pixel: 63 58
pixel: 63 59
pixel: 63 60
pixel: 63 61
pixel: 63 62
pixel: 63 63
pixel: 63 64
pixel: 63 65
pixel: 63 66
pixel: 63 67
pixel: 63 68
pixel: 63 69
pixel: 63 70
pixel: 63 71
pixel: 63 72
pixel: 63 73
pixel: 63 74
pixel: 63 75
pixel: 63 76
pixel: 63 77
pixel: 63 78
pixel: 63 79
pixel: 63 80
pixel: 63 81
pixel: 63 82
pixel: 63 83
pixel: 63 84
pixel: 63 85
pixel: 63 86
pixel: 63 87
pixel: 63 88
pixel: 63 89
pixel: 63 90
pixel: 63 91
pixel: 63 92
pixel: 63 93
pixel: 63 94
pixel: 63 95
pixel: 63 96
pixel: 63 97
pixel: 63 98
pixel: 63 99
pixel: 63 100
pixel: 63 101
pixel: 63 102
pixel: 63 103
pixel: 63 104
pixel: 63 105
pixel: 63 106
pixel: 63 107
pixel: 63 108
pixel: 63 109
pixel: 63 110
pixel: 63 111
pixel: 63 112
pixel: 63 113
pixel: 63 114
pixel: 63 115
pixel: 63 116
pixel: 63 117
pixel: 63 118
pixel: 63 119
pixel: 63 120
pixel: 63 121
pixel: 63 122
pixel: 63 123
pixel: 63 124
pixel: 63 125
pixel: 63 126
pixel: 63 127
pixel: 63 128
pixel: 63 129
pixel: 63 130
pixel: 63 131
pixel: 63 132
pixel: 63 133
pixel: 63 134
pixel: 63 135
pixel: 63 136
pixel: 63 137
pixel: 63 138
pixel: 63 139
pixel: 63 140
pixel: 63 141
pixel: 63 142
pixel: 63 143
pixel: 63 144
pixel: 63 145
pixel: 63 146
pixel: 63 147
pixel: 63 148
pixel: 63 149
pixel: 63 150
pixel: 63 151
pixel: 63 152
pixel: 63 153
pixel: 63 154
pixel: 63 155
pixel: 63 156
pixel: 63 157
pixel: 63 158
pixel: 63 159
pixel: 63 160
pixel: 63 161
pixel: 63 162
pixel: 63 163
pixel: 63 164
pixel: 63 165
pixel: 63 166
pixel: 63 167
pixel: 63 168
pixel: 63 169
pixel: 63 170
pixel: 63 171
pixel: 63 172
pixel: 63 173
pixel: 63 174
pixel: 63 175
pixel: 63 176
pixel: 63 177
pixel: 63 178
pixel: 63 179
pixel: 63 180
pixel: 63 181
pixel: 63 182
pixel: 63 183
pixel: 63 184
pixel: 63 185
pixel: 63 186
pixel: 63 187
pixel: 63 188
pixel: 63 189
pixel: 63 190
pixel: 63 191
pixel: 63 192
pixel: 63 193
pixel: 63 194
pixel: 63 195
pixel: 63 196
pixel: 63 197
pixel: 63 198
pixel: 63 199
pixel: 64 0
pixel: 64 1
pixel: 64 2
pixel: 64 3
pixel: 64 4
pixel: 64 5
pixel: 64 6
pixel: 64 7
pixel: 64 8
pixel: 64 9
pixel: 64 10
pixel: 64 11
pixel: 64 12
pixel: 64 13
pixel: 64 14
pixel: 64 15
pixel: 64 16
pixel: 64 17
pixel: 64 18
pixel: 64 19
pixel: 64 20
pixel: 64 21
pixel: 64 22
pixel: 64 23
pixel: 64 24
pixel: 64 25
pixel: 64 26
pixel: 64 27
pixel: 64 28
pixel: 64 29
pixel: 64 30
pixel: 64 31
pixel: 64 32
pixel: 64 33
pixel: 64 34
pixel: 64 35
pixel: 64 36
pixel: 64 37
pixel: 64 38
pixel: 64 39
pixel: 64 40
pixel: 64 41
pixel: 64 42
pixel: 64 43
pixel: 64 44
pixel: 64 45
pixel: 64 46
pixel: 64 47
pixel: 64 48
pixel: 64 49
pixel: 64 50
pixel: 64 51
pixel: 64 52
pixel: 64 53
pixel: 64 54
pixel: 64 55
pixel: 64 56
pixel: 64 57
pixel: 64 58
pixel: 64 59
pixel: 64 60
pixel: 64 61
pixel: 64 62
pixel: 64 63
pixel: 64 64
pixel: 64 65
pixel: 64 66
pixel: 64 67
pixel: 64 68
pixel: 64 69
pixel: 64 70
pixel: 64 71
pixel: 64 72
pixel: 64 73
pixel: 64 74
pixel: 64 75
pixel: 64 76
pixel: 64 77
pixel: 64 78
pixel: 64 79
pixel: 64 80
pixel: 64 81
pixel: 64 82
pixel: 64 83
pixel: 64 84
pixel: 64 85
pixel: 64 86
pixel: 64 87
pixel: 64 88
pixel: 64 89
pixel: 64 90
pixel: 64 91
pixel: 64 92
pixel: 64 93
pixel: 64 94
pixel: 64 95
pixel: 64 96
pixel: 64 97
pixel: 64 98
pixel: 64 99
pixel: 64 100
pixel: 64 101
pixel: 64 102
pixel: 64 103
pixel: 64 104
pixel: 64 105
pixel: 64 106
pixel: 64 107
pixel: 64 108
pixel: 64 109
pixel: 64 110
pixel: 64 111
pixel: 64 112
pixel: 64 113
pixel: 64 114
pixel: 64 115
pixel: 64 116
pixel: 64 117
pixel: 64 118
pixel: 64 119
pixel: 64 120
pixel: 64 121
pixel: 64 122
pixel: 64 123
pixel: 64 124
pixel: 64 125
pixel: 64 126
pixel: 64 127
pixel: 64 128
pixel: 64 129
pixel: 64 130
pixel: 64 131
pixel: 64 132
pixel: 64 133
pixel: 64 134
pixel: 64 135
pixel: 64 136
pixel: 64 137
pixel: 64 138
pixel: 64 139
pixel: 64 140
pixel: 64 141
pixel: 64 142
pixel: 64 143
pixel: 64 144
pixel: 64 145
pixel: 64 146
pixel: 64 147
pixel: 64 148
pixel: 64 149
pixel: 64 150
pixel: 64 151
pixel: 64 152
pixel: 64 153
pixel: 64 154
pixel: 64 155
pixel: 64 156
pixel: 64 157
pixel: 64 158
pixel: 64 159
pixel: 64 160
pixel: 64 161
pixel: 64 162
pixel: 64 163
pixel: 64 164
pixel: 64 165
pixel: 64 166
pixel: 64 167
pixel: 64 168
pixel: 64 169
pixel: 64 170
pixel: 64 171
pixel: 64 172
pixel: 64 173
pixel: 64 174
pixel: 64 175
pixel: 64 176
pixel: 64 177
pixel: 64 178
pixel: 64 179
pixel: 64 180
pixel: 64 181
pixel: 64 182
pixel: 64 183
pixel: 64 184
pixel: 64 185
pixel: 64 186
pixel: 64 187
pixel: 64 188
pixel: 64 189
pixel: 64 190
pixel: 64 191
pixel: 64 192
pixel: 64 193
pixel: 64 194
pixel: 64 195
pixel: 64 196
pixel: 64 197
pixel: 64 198
pixel: 64 199
pixel: 65 0
pixel: 65 1
pixel: 65 2
pixel: 65 3
pixel: 65 4
pixel: 65 5
pixel: 65 6
pixel: 65 7
pixel: 65 8
pixel: 65 9
pixel: 65 10
pixel: 65 11
pixel: 65 12
pixel: 65 13
pixel: 65 14
pixel: 65 15
pixel: 65 16
pixel: 65 17
pixel: 65 18
pixel: 65 19
pixel: 65 20
pixel: 65 21
pixel: 65 22
pixel: 65 23
pixel: 65 24
pixel: 65 25
pixel: 65 26
pixel: 65 27
pixel: 65 28
pixel: 65 29
pixel: 65 30
pixel: 65 31
pixel: 65 32
pixel: 65 33
pixel: 65 34
pixel: 65 35
pixel: 65 36
pixel: 65 37
pixel: 65 38
pixel: 65 39
pixel: 65 40
pixel: 65 41
pixel: 65 42
pixel: 65 43
pixel: 65 44
pixel: 65 45
pixel: 65 46
pixel: 65 47
pixel: 65 48
pixel: 65 49
pixel: 65 50
pixel: 65 51
pixel: 65 52
pixel: 65 53
pixel: 65 54
pixel: 65 55
pixel: 65 56
pixel: 65 57
pixel: 65 58
pixel: 65 59
pixel: 65 60
pixel: 65 61
pixel: 65 62
pixel: 65 63
pixel: 65 64
pixel: 65 65
pixel: 65 66
pixel: 65 67
pixel: 65 68
pixel: 65 69
pixel: 65 70
pixel: 65 71
pixel: 65 72
pixel: 65 73
pixel: 65 74
pixel: 65 75
pixel: 65 76
pixel: 65 77
pixel: 65 78
pixel: 65 79
pixel: 65 80
pixel: 65 81
pixel: 65 82
pixel: 65 83
pixel: 65 84
pixel: 65 85
pixel: 65 86
pixel: 65 87
pixel: 65 88
pixel: 65 89
pixel: 65 90
pixel: 65 91
pixel: 65 92
pixel: 65 93
pixel: 65 94
pixel: 65 95
pixel: 65 96
pixel: 65 97
pixel: 65 98
pixel: 65 99
pixel: 65 100
pixel: 65 101
pixel: 65 102
pixel: 65 103
pixel: 65 104
pixel: 65 105
pixel: 65 106
pixel: 65 107
pixel: 65 108
pixel: 65 109
pixel: 65 110
pixel: 65 111
pixel: 65 112
pixel: 65 113
pixel: 65 114
pixel: 65 115
pixel: 65 116
pixel: 65 117
pixel: 65 118
pixel: 65 119
pixel: 65 120
pixel: 65 121
pixel: 65 122
pixel: 65 123
pixel: 65 124
pixel: 65 125
pixel: 65 126
pixel: 65 127
pixel: 65 128
pixel: 65 129
pixel: 65 130
pixel: 65 131
pixel: 65 132
pixel: 65 133
pixel: 65 134
pixel: 65 135
pixel: 65 136
pixel: 65 137
pixel: 65 138
pixel: 65 139
pixel: 65 140
pixel: 65 141
pixel: 65 142
pixel: 65 143
pixel: 65 144
pixel: 65 145
pixel: 65 146
pixel: 65 147
pixel: 65 148
pixel: 65 149
pixel: 65 150
pixel: 65 151
pixel: 65 152
pixel: 65 153
pixel: 65 154
pixel: 65 155
pixel: 65 156
pixel: 65 157
pixel: 65 158
pixel: 65 159
pixel: 65 160
pixel: 65 161
pixel: 65 162
pixel: 65 163
pixel: 65 164
pixel: 65 165
pixel: 65 166
pixel: 65 167
pixel: 65 168
pixel: 65 169
pixel: 65 170
pixel: 65 171
pixel: 65 172
pixel: 65 173
pixel: 65 174
pixel: 65 175
pixel: 65 176
pixel: 65 177
pixel: 65 178
pixel: 65 179
pixel: 65 180
pixel: 65 181
pixel: 65 182
pixel: 65 183
pixel: 65 184
pixel: 65 185
pixel: 65 186
pixel: 65 187
pixel: 65 188
pixel: 65 189
pixel: 65 190
pixel: 65 191
pixel: 65 192
pixel: 65 193
pixel: 65 194
pixel: 65 195
pixel: 65 196
pixel: 65 197
pixel: 65 198
pixel: 65 199
pixel: 66 0
pixel: 66 1
pixel: 66 2
pixel: 66 3
pixel: 66 4
pixel: 66 5
pixel: 66 6
pixel: 66 7
pixel: 66 8
pixel: 66 9
pixel: 66 10
pixel: 66 11
pixel: 66 12
pixel: 66 13
pixel: 66 14
pixel: 66 15
pixel: 66 16
pixel: 66 17
pixel: 66 18
pixel: 66 19
pixel: 66 20
pixel: 66 21
pixel: 66 22
pixel: 66 23
pixel: 66 24
pixel: 66 25
pixel: 66 26
pixel: 66 27
pixel: 66 28
pixel: 66 29
pixel: 66 30
pixel: 66 31
pixel: 66 32
pixel: 66 33
pixel: 66 34
pixel: 66 35
pixel: 66 36
pixel: 66 37
pixel: 66 38
pixel: 66 39
pixel: 66 40
pixel: 66 41
pixel: 66 42
pixel: 66 43
pixel: 66 44
pixel: 66 45
pixel: 66 46
pixel: 66 47
pixel: 66 48
pixel: 66 49
pixel: 66 50
pixel: 66 51
pixel: 66 52
pixel: 66 53
pixel: 66 54
pixel: 66 55
pixel: 66 56
pixel: 66 57
pixel: 66 58
pixel: 66 59
pixel: 66 60
pixel: 66 61
pixel: 66 62
pixel: 66 63
pixel: 66 64
pixel: 66 65
pixel: 66 66
pixel: 66 67
pixel: 66 68
pixel: 66 69
pixel: 66 70
pixel: 66 71
pixel: 66 72
pixel: 66 73
pixel: 66 74
pixel: 66 75
pixel: 66 76
pixel: 66 77
pixel: 66 78
pixel: 66 79
pixel: 66 80
pixel: 66 81
pixel: 66 82
pixel: 66 83
pixel: 66 84
pixel: 66 85
pixel: 66 86
pixel: 66 87
pixel: 66 88
pixel: 66 89
pixel: 66 90
pixel: 66 91
pixel: 66 92
pixel: 66 93
pixel: 66 94
pixel: 66 95
pixel: 66 96
pixel: 66 97
pixel: 66 98
pixel: 66 99
valid: 3.6339 0.979178 0.00208994
pixel: 66 100
valid: 3.63676 0.991285 0.00775961
pixel: 66 101
pixel: 66 102
pixel: 66 103
pixel: 66 104
pixel: 66 105
pixel: 66 106
pixel: 66 107
pixel: 66 108
pixel: 66 109
pixel: 66 110
pixel: 66 111
pixel: 66 112
pixel: 66 113
pixel: 66 114
pixel: 66 115
pixel: 66 116
pixel: 66 117
pixel: 66 118
pixel: 66 119
pixel: 66 120
pixel: 66 121
pixel: 66 122
pixel: 66 123
pixel: 66 124
pixel: 66 125
pixel: 66 126
pixel: 66 127
pixel: 66 128
pixel: 66 129
pixel: 66 130
pixel: 66 131
pixel: 66 132
pixel: 66 133
pixel: 66 134
pixel: 66 135
pixel: 66 136
pixel: 66 137
pixel: 66 138
pixel: 66 139
pixel: 66 140
pixel: 66 141
pixel: 66 142
pixel: 66 143
pixel: 66 144
pixel: 66 145
pixel: 66 146
pixel: 66 147
pixel: 66 148
pixel: 66 149
pixel: 66 150
pixel: 66 151
pixel: 66 152
pixel: 66 153
pixel: 66 154
pixel: 66 155
pixel: 66 156
pixel: 66 157
pixel: 66 158
pixel: 66 159
pixel: 66 160
pixel: 66 161
pixel: 66 162
pixel: 66 163
pixel: 66 164
pixel: 66 165
pixel: 66 166
pixel: 66 167
pixel: 66 168
pixel: 66 169
pixel: 66 170
pixel: 66 171
pixel: 66 172
pixel: 66 173
pixel: 66 174
pixel: 66 175
pixel: 66 176
pixel: 66 177
pixel: 66 178
pixel: 66 179
pixel: 66 180
pixel: 66 181
pixel: 66 182
pixel: 66 183
pixel: 66 184
pixel: 66 185
pixel: 66 186
pixel: 66 187
pixel: 66 188
pixel: 66 189
pixel: 66 190
pixel: 66 191
pixel: 66 192
pixel: 66 193
pixel: 66 194
pixel: 66 195
pixel: 66 196
pixel: 66 197
pixel: 66 198
pixel: 66 199
pixel: 67 0
pixel: 67 1
pixel: 67 2
pixel: 67 3
pixel: 67 4
pixel: 67 5
pixel: 67 6
pixel: 67 7
pixel: 67 8
pixel: 67 9
pixel: 67 10
pixel: 67 11
pixel: 67 12
pixel: 67 13
pixel: 67 14
pixel: 67 15
pixel: 67 16
pixel: 67 17
pixel: 67 18
pixel: 67 19
pixel: 67 20
pixel: 67 21
pixel: 67 22
pixel: 67 23
pixel: 67 24
pixel: 67 25
pixel: 67 26
pixel: 67 27
pixel: 67 28
pixel: 67 29
pixel: 67 30
pixel: 67 31
pixel: 67 32
pixel: 67 33
pixel: 67 34
pixel: 67 35
pixel: 67 36
pixel: 67 37
pixel: 67 38
pixel: 67 39
pixel: 67 40
pixel: 67 41
pixel: 67 42
pixel: 67 43
pixel: 67 44
pixel: 67 45
pixel: 67 46
pixel: 67 47
pixel: 67 48
pixel: 67 49
pixel: 67 50
pixel: 67 51
pixel: 67 52
pixel: 67 53
pixel: 67 54
pixel: 67 55
pixel: 67 56
pixel: 67 57
pixel: 67 58
pixel: 67 59
pixel: 67 60
pixel: 67 61
pixel: 67 62
pixel: 67 63
pixel: 67 64
pixel: 67 65
pixel: 67 66
pixel: 67 67
pixel: 67 68
pixel: 67 69
pixel: 67 70
pixel: 67 71
pixel: 67 72
pixel: 67 73
pixel: 67 74
pixel: 67 75
pixel: 67 76
pixel: 67 77
pixel: 67 78
pixel: 67 79
pixel: 67 80
pixel: 67 81
pixel: 67 82
pixel: 67 83
pixel: 67 84
pixel: 67 85
pixel: 67 86
pixel: 67 87
pixel: 67 88
pixel: 67 89
pixel: 67 90
pixel: 67 91
pixel: 67 92
pixel: 67 93
pixel: 67 94
pixel: 67 95
pixel: 67 96
pixel: 67 97
pixel: 67 98
valid: 3.63204 0.950074 0.00208995
pixel: 67 99
valid: 3.63484 0.962158 0.0077596
pixel: 67 100
valid: 3.6377 0.974261 0.0134382
pixel: 67 101
pixel: 67 102
pixel: 67 103
pixel: 67 104
pixel: 67 105
pixel: 67 106
pixel: 67 107
pixel: 67 108
pixel: 67 109
pixel: 67 110
pixel: 67 111
pixel: 67 112
pixel: 67 113
pixel: 67 114
pixel: 67 115
pixel: 67 116
pixel: 67 117
pixel: 67 118
pixel: 67 119
pixel: 67 120
pixel: 67 121
pixel: 67 122
pixel: 67 123
pixel: 67 124
pixel: 67 125
pixel: 67 126
pixel: 67 127
pixel: 67 128
pixel: 67 129
pixel: 67 130
pixel: 67 131
pixel: 67 132
pixel: 67 133
pixel: 67 134
pixel: 67 135
pixel: 67 136
pixel: 67 137
pixel: 67 138
pixel: 67 139
pixel: 67 140
pixel: 67 141
pixel: 67 142
pixel: 67 143
pixel: 67 144
pixel: 67 145
pixel: 67 146
pixel: 67 147
pixel: 67 148
pixel: 67 149
pixel: 67 150
pixel: 67 151
pixel: 67 152
pixel: 67 153
pixel: 67 154
pixel: 67 155
pixel: 67 156
pixel: 67 157
pixel: 67 158
pixel: 67 159
pixel: 67 160
pixel: 67 161
pixel: 67 162
pixel: 67 163
pixel: 67 164
pixel: 67 165
pixel: 67 166
pixel: 67 167
pixel: 67 168
pixel: 67 169
pixel: 67 170
pixel: 67 171
pixel: 67 172
pixel: 67 173
pixel: 67 174
pixel: 67 175
pixel: 67 176
pixel: 67 177
pixel: 67 178
pixel: 67 179
pixel: 67 180
pixel: 67 181
pixel: 67 182
pixel: 67 183
pixel: 67 184
pixel: 67 185
pixel: 67 186
pixel: 67 187
pixel: 67 188
pixel: 67 189
pixel: 67 190
pixel: 67 191
pixel: 67 192
pixel: 67 193
pixel: 67 194
pixel: 67 195
pixel: 67 196
pixel: 67 197
pixel: 67 198
pixel: 67 199
pixel: 68 0
pixel: 68 1
pixel: 68 2
pixel: 68 3
pixel: 68 4
pixel: 68 5
pixel: 68 6
pixel: 68 7
pixel: 68 8
pixel: 68 9
pixel: 68 10
pixel: 68 11
pixel: 68 12
pixel: 68 13
pixel: 68 14
pixel: 68 15
pixel: 68 16
pixel: 68 17
pixel: 68 18
pixel: 68 19
pixel: 68 20
pixel: 68 21
pixel: 68 22
pixel: 68 23
pixel: 68 24
pixel: 68 25
pixel: 68 26
pixel: 68 27
pixel: 68 28
pixel: 68 29
pixel: 68 30
pixel: 68 31
pixel: 68 32
pixel: 68 33
pixel: 68 34
pixel: 68 35
pixel: 68 36
pixel: 68 37
pixel: 68 38
pixel: 68 39
pixel: 68 40
pixel: 68 41
pixel: 68 42
pixel: 68 43
pixel: 68 44
pixel: 68 45
pixel: 68 46
pixel: 68 47
pixel: 68 48
pixel: 68 49
pixel: 68 50
pixel: 68 51
pixel: 68 52
pixel: 68 53
pixel: 68 54
pixel: 68 55
pixel: 68 56
pixel: 68 57
pixel: 68 58
pixel: 68 59
pixel: 68 60
pixel: 68 61
pixel: 68 62
pixel: 68 63
pixel: 68 64
pixel: 68 65
pixel: 68 66
pixel: 68 67
pixel: 68 68
pixel: 68 69
pixel: 68 70
pixel: 68 71
pixel: 68 72
pixel: 68 73
pixel: 68 74
pixel: 68 75
pixel: 68 76
pixel: 68 77
pixel: 68 78
pixel: 68 79
pixel: 68 80
pixel: 68 81
pixel: 68 82
pixel: 68 83
pixel: 68 84
pixel: 68 85
pixel: 68 86
pixel: 68 87
pixel: 68 88
pixel: 68 89
pixel: 68 90
pixel: 68 91
pixel: 68 92
pixel: 68 93
pixel: 68 94
pixel: 68 95
pixel: 68 96
pixel: 68 97
valid: 3.63029 0.920969 0.00208992
pixel: 68 98
valid: 3.63303 0.93303 0.00775959
pixel: 68 99
valid: 3.63583 0.94511 0.0134382
pixel: 68 100
valid: 3.6387 0.957209 0.0191258
pixel: 68 101
valid: 3.64163 0.969328 0.0248223
pixel: 68 102
pixel: 68 103
pixel: 68 104
pixel: 68 105
pixel: 68 106
pixel: 68 107
pixel: 68 108
pixel: 68 109
pixel: 68 110
pixel: 68 111
pixel: 68 112
pixel: 68 113
pixel: 68 114
pixel: 68 115
pixel: 68 116
pixel: 68 117
pixel: 68 118
pixel: 68 119
pixel: 68 120
pixel: 68 121
pixel: 68 122
pixel: 68 123
pixel: 68 124
pixel: 68 125
pixel: 68 126
pixel: 68 127
pixel: 68 128
pixel: 68 129
pixel: 68 130
pixel: 68 131
pixel: 68 132
pixel: 68 133
pixel: 68 134
pixel: 68 135
pixel: 68 136
pixel: 68 137
pixel: 68 138
pixel: 68 139
pixel: 68 140
pixel: 68 141
pixel: 68 142
pixel: 68 143
pixel: 68 144
pixel: 68 145
pixel: 68 146
pixel: 68 147
pixel: 68 148
pixel: 68 149
pixel: 68 150
pixel: 68 151
pixel: 68 152
pixel: 68 153
pixel: 68 154
pixel: 68 155
pixel: 68 156
pixel: 68 157
pixel: 68 158
pixel: 68 159
pixel: 68 160
pixel: 68 161
pixel: 68 162
pixel: 68 163
pixel: 68 164
pixel: 68 165
pixel: 68 166
pixel: 68 167
pixel: 68 168
pixel: 68 169
pixel: 68 170
pixel: 68 171
pixel: 68 172
pixel: 68 173
pixel: 68 174
pixel: 68 175
pixel: 68 176
pixel: 68 177
pixel: 68 178
pixel: 68 179
pixel: 68 180
pixel: 68 181
pixel: 68 182
pixel: 68 183
pixel: 68 184
pixel: 68 185
pixel: 68 186
pixel: 68 187
pixel: 68 188
pixel: 68 189
pixel: 68 190
pixel: 68 191
pixel: 68 192
pixel: 68 193
pixel: 68 194
pixel: 68 195
pixel: 68 196
pixel: 68 197
pixel: 68 198
pixel: 68 199
pixel: 69 0
pixel: 69 1
pixel: 69 2
pixel: 69 3
pixel: 69 4
pixel: 69 5
pixel: 69 6
pixel: 69 7
pixel: 69 8
pixel: 69 9
pixel: 69 10
pixel: 69 11
pixel: 69 12
pixel: 69 13
pixel: 69 14
pixel: 69 15
pixel: 69 16
pixel: 69 17
pixel: 69 18
pixel: 69 19
pixel: 69 20
pixel: 69 21
pixel: 69 22
pixel: 69 23
pixel: 69 24
pixel: 69 25
pixel: 69 26
pixel: 69 27
pixel: 69 28
pixel: 69 29
pixel: 69 30
pixel: 69 31
pixel: 69 32
pixel: 69 33
pixel: 69 34
pixel: 69 35
pixel: 69 36
pixel: 69 37
pixel: 69 38
pixel: 69 39
pixel: 69 40
pixel: 69 41
pixel: 69 42
pixel: 69 43
pixel: 69 44
pixel: 69 45
pixel: 69 46
pixel: 69 47
pixel: 69 48
pixel: 69 49
pixel: 69 50
pixel: 69 51
pixel: 69 52
pixel: 69 53
pixel: 69 54
pixel: 69 55
pixel: 69 56
pixel: 69 57
pixel: 69 58
pixel: 69 59
pixel: 69 60
pixel: 69 61
pixel: 69 62
pixel: 69 63
pixel: 69 64
pixel: 69 65
pixel: 69 66
pixel: 69 67
pixel: 69 68
pixel: 69 69
pixel: 69 70
pixel: 69 71
pixel: 69 72
pixel: 69 73
pixel: 69 74
pixel: 69 75
pixel: 69 76
pixel: 69 77
pixel: 69 78
pixel: 69 79
pixel: 69 80
pixel: 69 81
pixel: 69 82
pixel: 69 83
pixel: 69 84
pixel: 69 85
pixel: 69 86
pixel: 69 87
pixel: 69 88
pixel: 69 89
pixel: 69 90
pixel: 69 91
pixel: 69 92
pixel: 69 93
pixel: 69 94
pixel: 69 95
pixel: 69 96
valid: 3.62865 0.891865 0.00208987
pixel: 69 97
valid: 3.63133 0.903903 0.00775959
pixel: 69 98
valid: 3.63408 0.91596 0.0134382
pixel: 69 99
valid: 3.63688 0.928036 0.0191257
pixel: 69 100
valid: 3.63975 0.940131 0.0248223
pixel: 69 101
valid: 3.64269 0.952246 0.0305278
pixel: 69 102
pixel: 69 103
pixel: 69 104
pixel: 69 105
pixel: 69 106
pixel: 69 107
pixel: 69 108
pixel: 69 109
pixel: 69 110
pixel: 69 111
pixel: 69 112
pixel: 69 113
pixel: 69 114
pixel: 69 115
pixel: 69 116
pixel: 69 117
pixel: 69 118
pixel: 69 119
pixel: 69 120
pixel: 69 121
pixel: 69 122
pixel: 69 123
pixel: 69 124
pixel: 69 125
pixel: 69 126
pixel: 69 127
pixel: 69 128
pixel: 69 129
pixel: 69 130
pixel: 69 131
pixel: 69 132
pixel: 69 133
pixel: 69 134
pixel: 69 135
pixel: 69 136
pixel: 69 137
pixel: 69 138
pixel: 69 139
pixel: 69 140
pixel: 69 141
pixel: 69 142
pixel: 69 143
pixel: 69 144
pixel: 69 145
pixel: 69 146
pixel: 69 147
pixel: 69 148
pixel: 69 149
pixel: 69 150
pixel: 69 151
pixel: 69 152
pixel: 69 153
pixel: 69 154
pixel: 69 155
pixel: 69 156
pixel: 69 157
pixel: 69 158
pixel: 69 159
pixel: 69 160
pixel: 69 161
pixel: 69 162
pixel: 69 163
pixel: 69 164
pixel: 69 165
pixel: 69 166
pixel: 69 167
pixel: 69 168
pixel: 69 169
pixel: 69 170
pixel: 69 171
pixel: 69 172
pixel: 69 173
pixel: 69 174
pixel: 69 175
pixel: 69 176
pixel: 69 177
pixel: 69 178
pixel: 69 179
pixel: 69 180
pixel: 69 181
pixel: 69 182
pixel: 69 183
pixel: 69 184
pixel: 69 185
pixel: 69 186
pixel: 69 187
pixel: 69 188
pixel: 69 189
pixel: 69 190
pixel: 69 191
pixel: 69 192
pixel: 69 193
pixel: 69 194
pixel: 69 195
pixel: 69 196
pixel: 69 197
pixel: 69 198
pixel: 69 199
pixel: 70 0
pixel: 70 1
pixel: 70 2
pixel: 70 3
pixel: 70 4
pixel: 70 5
pixel: 70 6
pixel: 70 7
pixel: 70 8
pixel: 70 9
pixel: 70 10
pixel: 70 11
pixel: 70 12
pixel: 70 13
pixel: 70 14
pixel: 70 15
pixel: 70 16
pixel: 70 17
pixel: 70 18
pixel: 70 19
pixel: 70 20
pixel: 70 21
pixel: 70 22
pixel: 70 23
pixel: 70 24
pixel: 70 25
pixel: 70 26
pixel: 70 27
pixel: 70 28
pixel: 70 29
pixel: 70 30
pixel: 70 31
pixel: 70 32
pixel: 70 33
pixel: 70 34
pixel: 70 35
pixel: 70 36
pixel: 70 37
pixel: 70 38
pixel: 70 39
pixel: 70 40
pixel: 70 41
pixel: 70 42
pixel: 70 43
pixel: 70 44
pixel: 70 45
pixel: 70 46
pixel: 70 47
pixel: 70 48
pixel: 70 49
pixel: 70 50
pixel: 70 51
pixel: 70 52
pixel: 70 53
pixel: 70 54
pixel: 70 55
pixel: 70 56
pixel: 70 57
pixel: 70 58
pixel: 70 59
pixel: 70 60
pixel: 70 61
pixel: 70 62
pixel: 70 63
pixel: 70 64
pixel: 70 65
pixel: 70 66
pixel: 70 67
pixel: 70 68
pixel: 70 69
pixel: 70 70
pixel: 70 71
pixel: 70 72
pixel: 70 73
pixel: 70 74
pixel: 70 75
pixel: 70 76
pixel: 70 77
pixel: 70 78
pixel: 70 79
pixel: 70 80
pixel: 70 81
pixel: 70 82
pixel: 70 83
pixel: 70 84
pixel: 70 85
pixel: 70 86
pixel: 70 87
pixel: 70 88
pixel: 70 89
pixel: 70 90
pixel: 70 91
pixel: 70 92
pixel: 70 93
pixel: 70 94
pixel: 70 95
valid: 3.62713 0.86276 0.00208987
pixel: 70 96
valid: 3.62976 0.874776 0.00775954
pixel: 70 97
valid: 3.63244 0.88681 0.0134382
pixel: 70 98
valid: 3.63519 0.898863 0.0191257
pixel: 70 99
valid: 3.638 0.910935 0.0248223
pixel: 70 100
valid: 3.64087 0.923026 0.0305278
pixel: 70 101
valid: 3.64381 0.935136 0.0362423
pixel: 70 102
valid: 3.64681 0.947266 0.0419659
pixel: 70 103
pixel: 70 104
pixel: 70 105
pixel: 70 106
pixel: 70 107
pixel: 70 108
pixel: 70 109
pixel: 70 110
pixel: 70 111
pixel: 70 112
pixel: 70 113
pixel: 70 114
pixel: 70 115
pixel: 70 116
pixel: 70 117
pixel: 70 118
pixel: 70 119
pixel: 70 120
pixel: 70 121
pixel: 70 122
pixel: 70 123
pixel: 70 124
pixel: 70 125
pixel: 70 126
pixel: 70 127
pixel: 70 128
pixel: 70 129
pixel: 70 130
pixel: 70 131
pixel: 70 132
pixel: 70 133
pixel: 70 134
pixel: 70 135
pixel: 70 136
pixel: 70 137
pixel: 70 138
pixel: 70 139
pixel: 70 140
pixel: 70 141
pixel: 70 142
pixel: 70 143
pixel: 70 144
pixel: 70 145
pixel: 70 146
pixel: 70 147
pixel: 70 148
pixel: 70 149
pixel: 70 150
pixel: 70 151
pixel: 70 152
pixel: 70 153
pixel: 70 154
pixel: 70 155
pixel: 70 156
pixel: 70 157
pixel: 70 158
pixel: 70 159
pixel: 70 160
pixel: 70 161
pixel: 70 162
pixel: 70 163
pixel: 70 164
pixel: 70 165
pixel: 70 166
pixel: 70 167
pixel: 70 168
pixel: 70 169
pixel: 70 170
pixel: 70 171
pixel: 70 172
pixel: 70 173
pixel: 70 174
pixel: 70 175
pixel: 70 176
pixel: 70 177
pixel: 70 178
pixel: 70 179
pixel: 70 180
pixel: 70 181
pixel: 70 182
pixel: 70 183
pixel: 70 184
pixel: 70 185
pixel: 70 186
pixel: 70 187
pixel: 70 188
pixel: 70 189
pixel: 70 190
pixel: 70 191
pixel: 70 192
pixel: 70 193
pixel: 70 194
pixel: 70 195
pixel: 70 196
pixel: 70 197
pixel: 70 198
pixel: 70 199
pixel: 71 0
pixel: 71 1
pixel: 71 2
pixel: 71 3
pixel: 71 4
pixel: 71 5
pixel: 71 6
pixel: 71 7
pixel: 71 8
pixel: 71 9
pixel: 71 10
pixel: 71 11
pixel: 71 12
pixel: 71 13
pixel: 71 14
pixel: 71 15
pixel: 71 16
pixel: 71 17
pixel: 71 18
pixel: 71 19
pixel: 71 20
pixel: 71 21
pixel: 71 22
pixel: 71 23
pixel: 71 24
pixel: 71 25
pixel: 71 26
pixel: 71 27
pixel: 71 28
pixel: 71 29
pixel: 71 30
pixel: 71 31
pixel: 71 32
pixel: 71 33
pixel: 71 34
pixel: 71 35
pixel: 71 36
pixel: 71 37
pixel: 71 38
pixel: 71 39
pixel: 71 40
pixel: 71 41
pixel: 71 42
pixel: 71 43
pixel: 71 44
pixel: 71 45
pixel: 71 46
pixel: 71 47
pixel: 71 48
pixel: 71 49
pixel: 71 50
pixel: 71 51
pixel: 71 52
pixel: 71 53
pixel: 71 54
pixel: 71 55
pixel: 71 56
pixel: 71 57
pixel: 71 58
pixel: 71 59
pixel: 71 60
pixel: 71 61
pixel: 71 62
pixel: 71 63
pixel: 71 64
pixel: 71 65
pixel: 71 66
pixel: 71 67
pixel: 71 68
pixel: 71 69
pixel: 71 70
pixel: 71 71
pixel: 71 72
pixel: 71 73
pixel: 71 74
pixel: 71 75
pixel: 71 76
pixel: 71 77
pixel: 71 78
pixel: 71 79
pixel: 71 80
pixel: 71 81
pixel: 71 82
pixel: 71 83
pixel: 71 84
pixel: 71 85
pixel: 71 86
pixel: 71 87
pixel: 71 88
pixel: 71 89
pixel: 71 90
pixel: 71 91
pixel: 71 92
pixel: 71 93
pixel: 71 94
valid: 3.62573 0.833656 0.00208986
pixel: 71 95
valid: 3.62829 0.845648 0.00775952
pixel: 71 96
valid: 3.63092 0.857659 0.0134381
pixel: 71 97
valid: 3.63361 0.86969 0.0191257
pixel: 71 98
valid: 3.63636 0.881739 0.0248223
pixel: 71 99
valid: 3.63917 0.893807 0.0305278
pixel: 71 100
valid: 3.64205 0.905894 0.0362423
pixel: 71 101
valid: 3.64498 0.918001 0.0419659
pixel: 71 102
valid: 3.64799 0.930126 0.0476985
pixel: 71 103
valid: 3.65105 0.942271 0.0534403
pixel: 71 104
pixel: 71 105
pixel: 71 106
pixel: 71 107
pixel: 71 108
pixel: 71 109
pixel: 71 110
pixel: 71 111
pixel: 71 112
pixel: 71 113
pixel: 71 114
pixel: 71 115
pixel: 71 116
pixel: 71 117
pixel: 71 118
pixel: 71 119
pixel: 71 120
pixel: 71 121
pixel: 71 122
pixel: 71 123
pixel: 71 124
pixel: 71 125
pixel: 71 126
pixel: 71 127
pixel: 71 128
pixel: 71 129
pixel: 71 130
pixel: 71 131
pixel: 71 132
pixel: 71 133
pixel: 71 134
pixel: 71 135
pixel: 71 136
pixel: 71 137
pixel: 71 138
pixel: 71 139
pixel: 71 140
pixel: 71 141
pixel: 71 142
pixel: 71 143
pixel: 71 144
pixel: 71 145
pixel: 71 146
pixel: 71 147
pixel: 71 148
pixel: 71 149
pixel: 71 150
pixel: 71 151
pixel: 71 152
pixel: 71 153
pixel: 71 154
pixel: 71 155
pixel: 71 156
pixel: 71 157
pixel: 71 158
pixel: 71 159
pixel: 71 160
pixel: 71 161
pixel: 71 162
pixel: 71 163
pixel: 71 164
pixel: 71 165
pixel: 71 166
pixel: 71 167
pixel: 71 168
pixel: 71 169
pixel: 71 170
pixel: 71 171
pixel: 71 172
pixel: 71 173
pixel: 71 174
pixel: 71 175
pixel: 71 176
pixel: 71 177
pixel: 71 178
pixel: 71 179
pixel: 71 180
pixel: 71 181
pixel: 71 182
pixel: 71 183
pixel: 71 184
pixel: 71 185
pixel: 71 186
pixel: 71 187
pixel: 71 188
pixel: 71 189
pixel: 71 190
pixel: 71 191
pixel: 71 192
pixel: 71 193
pixel: 71 194
pixel: 71 195
pixel: 71 196
pixel: 71 197
pixel: 71 198
pixel: 71 199
pixel: 72 0
pixel: 72 1
pixel: 72 2
pixel: 72 3
pixel: 72 4
pixel: 72 5
pixel: 72 6
pixel: 72 7
pixel: 72 8
pixel: 72 9
pixel: 72 10
pixel: 72 11
pixel: 72 12
pixel: 72 13
pixel: 72 14
pixel: 72 15
pixel: 72 16
pixel: 72 17
pixel: 72 18
pixel: 72 19
pixel: 72 20
pixel: 72 21
pixel: 72 22
pixel: 72 23
pixel: 72 24
pixel: 72 25
pixel: 72 26
pixel: 72 27
pixel: 72 28
pixel: 72 29
pixel: 72 30
pixel: 72 31
pixel: 72 32
pixel: 72 33
pixel: 72 34
pixel: 72 35
pixel: 72 36
pixel: 72 37
pixel: 72 38
pixel: 72 39
pixel: 72 40
pixel: 72 41
pixel: 72 42
pixel: 72 43
pixel: 72 44
pixel: 72 45
pixel: 72 46
pixel: 72 47
pixel: 72 48
pixel: 72 49
pixel: 72 50
pixel: 72 51
pixel: 72 52
pixel: 72 53
pixel: 72 54
pixel: 72 55
pixel: 72 56
pixel: 72 57
pixel: 72 58
pixel: 72 59
pixel: 72 60
pixel: 72 61
pixel: 72 62
pixel: 72 63
pixel: 72 64
pixel: 72 65
pixel: 72 66
pixel: 72 67
pixel: 72 68
pixel: 72 69
pixel: 72 70
pixel: 72 71
pixel: 72 72
pixel: 72 73
pixel: 72 74
pixel: 72 75
pixel: 72 76
pixel: 72 77
pixel: 72 78
pixel: 72 79
pixel: 72 80
pixel: 72 81
pixel: 72 82
pixel: 72 83
pixel: 72 84
pixel: 72 85
pixel: 72 86
pixel: 72 87
pixel: 72 88
pixel: 72 89
pixel: 72 90
pixel: 72 91
pixel: 72 92
pixel: 72 93
valid: 3.62445 0.804551 0.0020899
pixel: 72 94
valid: 3.62695 0.816521 0.00775957
pixel: 72 95
valid: 3.62951 0.828509 0.0134382
pixel: 72 96
valid: 3.63214 0.840516 0.0191257
pixel: 72 97
valid: 3.63483 0.852542 0.0248223
pixel: 72 98
valid: 3.63759 0.864588 0.0305278
pixel: 72 99
valid: 3.6404 0.876652 0.0362424
pixel: 72 100
valid: 3.64328 0.888735 0.041966
pixel: 72 101
valid: 3.64622 0.900837 0.0476986
pixel: 72 102
valid: 3.64923 0.912959 0.0534403
pixel: 72 103
valid: 3.6523 0.925099 0.0591912
pixel: 72 104
pixel: 72 105
pixel: 72 106
pixel: 72 107
pixel: 72 108
pixel: 72 109
pixel: 72 110
pixel: 72 111
pixel: 72 112
pixel: 72 113
pixel: 72 114
pixel: 72 115
pixel: 72 116
pixel: 72 117
pixel: 72 118
pixel: 72 119
pixel: 72 120
pixel: 72 121
pixel: 72 122
pixel: 72 123
pixel: 72 124
pixel: 72 125
pixel: 72 126
pixel: 72 127
pixel: 72 128
pixel: 72 129
pixel: 72 130
pixel: 72 131
pixel: 72 132
pixel: 72 133
pixel: 72 134
pixel: 72 135
pixel: 72 136
pixel: 72 137
pixel: 72 138
pixel: 72 139
pixel: 72 140
pixel: 72 141
pixel: 72 142
pixel: 72 143
pixel: 72 144
pixel: 72 145
pixel: 72 146
pixel: 72 147
pixel: 72 148
pixel: 72 149
pixel: 72 150
pixel: 72 151
pixel: 72 152
pixel: 72 153
pixel: 72 154
pixel: 72 155
pixel: 72 156
pixel: 72 157
pixel: 72 158
pixel: 72 159
pixel: 72 160
pixel: 72 161
pixel: 72 162
pixel: 72 163
pixel: 72 164
pixel: 72 165
pixel: 72 166
pixel: 72 167
pixel: 72 168
pixel: 72 169
pixel: 72 170
pixel: 72 171
pixel: 72 172
pixel: 72 173
pixel: 72 174
pixel: 72 175
pixel: 72 176
pixel: 72 177
pixel: 72 178
pixel: 72 179
pixel: 72 180
pixel: 72 181
pixel: 72 182
pixel: 72 183
pixel: 72 184
pixel: 72 185
pixel: 72 186
pixel: 72 187
pixel: 72 188
pixel: 72 189
pixel: 72 190
pixel: 72 191
pixel: 72 192
pixel: 72 193
pixel: 72 194
pixel: 72 195
pixel: 72 196
pixel: 72 197
pixel: 72 198
pixel: 72 199
pixel: 73 0
pixel: 73 1
pixel: 73 2
pixel: 73 3
pixel: 73 4
pixel: 73 5
pixel: 73 6
pixel: 73 7
pixel: 73 8
pixel: 73 9
pixel: 73 10
pixel: 73 11
pixel: 73 12
pixel: 73 13
pixel: 73 14
pixel: 73 15
pixel: 73 16
pixel: 73 17
pixel: 73 18
pixel: 73 19
pixel: 73 20
pixel: 73 21
pixel: 73 22
pixel: 73 23
pixel: 73 24
pixel: 73 25
pixel: 73 26
pixel: 73 27
pixel: 73 28
pixel: 73 29
pixel: 73 30
pixel: 73 31
pixel: 73 32
pixel: 73 33
pixel: 73 34
pixel: 73 35
pixel: 73 36
pixel: 73 37
pixel: 73 38
pixel: 73 39
pixel: 73 40
pixel: 73 41
pixel: 73 42
pixel: 73 43
pixel: 73 44
pixel: 73 45
pixel: 73 46
pixel: 73 47
pixel: 73 48
pixel: 73 49
pixel: 73 50
pixel: 73 51
pixel: 73 52
pixel: 73 53
pixel: 73 54
pixel: 73 55
pixel: 73 56
pixel: 73 57
pixel: 73 58
pixel: 73 59
pixel: 73 60
pixel: 73 61
pixel: 73 62
pixel: 73 63
pixel: 73 64
pixel: 73 65
pixel: 73 66
pixel: 73 67
pixel: 73 68
pixel: 73 69
pixel: 73 70
pixel: 73 71
pixel: 73 72
pixel: 73 73
pixel: 73 74
pixel: 73 75
pixel: 73 76
pixel: 73 77
pixel: 73 78
pixel: 73 79
pixel: 73 80
pixel: 73 81
pixel: 73 82
pixel: 73 83
pixel: 73 84
pixel: 73 85
pixel: 73 86
pixel: 73 87
pixel: 73 88
pixel: 73 89
pixel: 73 90
pixel: 73 91
pixel: 73 92
valid: 3.62328 0.775447 0.00208989
pixel: 73 93
valid: 3.62572 0.787393 0.00775957
pixel: 73 94
valid: 3.62823 0.799359 0.0134382
pixel: 73 95
valid: 3.63079 0.811343 0.0191257
pixel: 73 96
valid: 3.63342 0.823346 0.0248222
pixel: 73 97
valid: 3.63612 0.835368 0.0305278
pixel: 73 98
valid: 3.63887 0.847409 0.0362424
pixel: 73 99
valid: 3.64169 0.859469 0.041966
pixel: 73 100
valid: 3.64458 0.871549 0.0476986
pixel: 73 101
valid: 3.64752 0.883647 0.0534403
pixel: 73 102
valid: 3.65053 0.895764 0.0591911
pixel: 73 103
valid: 3.65361 0.907901 0.0649511
pixel: 73 104
valid: 3.65674 0.920057 0.0707202
pixel: 73 105
pixel: 73 106
pixel: 73 107
pixel: 73 108
pixel: 73 109
pixel: 73 110
pixel: 73 111
pixel: 73 112
pixel: 73 113
pixel: 73 114
pixel: 73 115
pixel: 73 116
pixel: 73 117
pixel: 73 118
pixel: 73 119
pixel: 73 120
pixel: 73 121
pixel: 73 122
pixel: 73 123
pixel: 73 124
pixel: 73 125
pixel: 73 126
pixel: 73 127
pixel: 73 128
pixel: 73 129
pixel: 73 130
pixel: 73 131
pixel: 73 132
pixel: 73 133
pixel: 73 134
pixel: 73 135
pixel: 73 136
pixel: 73 137
pixel: 73 138
pixel: 73 139
pixel: 73 140
pixel: 73 141
pixel: 73 142
pixel: 73 143
pixel: 73 144
pixel: 73 145
pixel: 73 146
pixel: 73 147
pixel: 73 148
pixel: 73 149
pixel: 73 150
pixel: 73 151
pixel: 73 152
pixel: 73 153
pixel: 73 154
pixel: 73 155
pixel: 73 156
pixel: 73 157
pixel: 73 158
pixel: 73 159
pixel: 73 160
pixel: 73 161
pixel: 73 162
pixel: 73 163
pixel: 73 164
pixel: 73 165
pixel: 73 166
pixel: 73 167
pixel: 73 168
pixel: 73 169
pixel: 73 170
pixel: 73 171
pixel: 73 172
pixel: 73 173
pixel: 73 174
pixel: 73 175
pixel: 73 176
pixel: 73 177
pixel: 73 178
pixel: 73 179
pixel: 73 180
pixel: 73 181
pixel: 73 182
pixel: 73 183
pixel: 73 184
pixel: 73 185
pixel: 73 186
pixel: 73 187
pixel: 73 188
pixel: 73 189
pixel: 73 190
pixel: 73 191
pixel: 73 192
pixel: 73 193
pixel: 73 194
pixel: 73 195
pixel: 73 196
pixel: 73 197
pixel: 73 198
pixel: 73 199
pixel: 74 0
pixel: 74 1
pixel: 74 2
pixel: 74 3
pixel: 74 4
pixel: 74 5
pixel: 74 6
pixel: 74 7
pixel: 74 8
pixel: 74 9
pixel: 74 10
pixel: 74 11
pixel: 74 12
pixel: 74 13
pixel: 74 14
pixel: 74 15
pixel: 74 16
pixel: 74 17
pixel: 74 18
pixel: 74 19
pixel: 74 20
pixel: 74 21
pixel: 74 22
pixel: 74 23
pixel: 74 24
pixel: 74 25
pixel: 74 26
pixel: 74 27
pixel: 74 28
pixel: 74 29
pixel: 74 30
pixel: 74 31
pixel: 74 32
pixel: 74 33
pixel: 74 34
pixel: 74 35
pixel: 74 36
pixel: 74 37
pixel: 74 38
pixel: 74 39
pixel: 74 40
pixel: 74 41
pixel: 74 42
pixel: 74 43
pixel: 74 44
pixel: 74 45
pixel: 74 46
pixel: 74 47
pixel: 74 48
pixel: 74 49
pixel: 74 50
pixel: 74 51
pixel: 74 52
pixel: 74 53
pixel: 74 54
pixel: 74 55
pixel: 74 56
pixel: 74 57
pixel: 74 58
pixel: 74 59
pixel: 74 60
pixel: 74 61
pixel: 74 62
pixel: 74 63
pixel: 74 64
pixel: 74 65
pixel: 74 66
pixel: 74 67
pixel: 74 68
pixel: 74 69
pixel: 74 70
pixel: 74 71
pixel: 74 72
pixel: 74 73
pixel: 74 74
pixel: 74 75
pixel: 74 76
pixel: 74 77
pixel: 74 78
pixel: 74 79
pixel: 74 80
pixel: 74 81
pixel: 74 82
pixel: 74 83
pixel: 74 84
pixel: 74 85
pixel: 74 86
pixel: 74 87
pixel: 74 88
pixel: 74 89
pixel: 74 90
pixel: 74 91
valid: 3.62223 0.746343 0.0020899
pixel: 74 92
valid: 3.62461 0.758266 0.00775956
pixel: 74 93
valid: 3.62706 0.770209 0.0134382
pixel: 74 94
valid: 3.62956 0.78217 0.0191257
pixel: 74 95
valid: 3.63213 0.79415 0.0248222
pixel: 74 96
valid: 3.63477 0.806149 0.0305278
pixel: 74 97
valid: 3.63746 0.818167 0.0362424
pixel: 74 98
valid: 3.64022 0.830204 0.041966
pixel: 74 99
valid: 3.64305 0.84226 0.0476986
pixel: 74 100
valid: 3.64593 0.854335 0.0534403
pixel: 74 101
valid: 3.64888 0.866429 0.0591911
pixel: 74 102
valid: 3.6519 0.878543 0.0649511
pixel: 74 103
valid: 3.65497 0.890675 0.0707202
pixel: 74 104
valid: 3.65811 0.902827 0.0764985
pixel: 74 105
valid: 3.66132 0.914999 0.0822859
pixel: 74 106
pixel: 74 107
pixel: 74 108
pixel: 74 109
pixel: 74 110
pixel: 74 111
pixel: 74 112
pixel: 74 113
pixel: 74 114
pixel: 74 115
pixel: 74 116
pixel: 74 117
pixel: 74 118
pixel: 74 119
pixel: 74 120
pixel: 74 121
pixel: 74 122
pixel: 74 123
pixel: 74 124
pixel: 74 125
pixel: 74 126
pixel: 74 127
pixel: 74 128
pixel: 74 129
pixel: 74 130
pixel: 74 131
pixel: 74 132
pixel: 74 133
pixel: 74 134
pixel: 74 135
pixel: 74 136
pixel: 74 137
pixel: 74 138
pixel: 74 139
pixel: 74 140
pixel: 74 141
pixel: 74 142
pixel: 74 143
pixel: 74 144
pixel: 74 145
pixel: 74 146
pixel: 74 147
pixel: 74 148
pixel: 74 149
pixel: 74 150
pixel: 74 151
pixel: 74 152
pixel: 74 153
pixel: 74 154
pixel: 74 155
pixel: 74 156
pixel: 74 157
pixel: 74 158
pixel: 74 159
pixel: 74 160
pixel: 74 161
pixel: 74 162
pixel: 74 163
pixel: 74 164
pixel: 74 165
pixel: 74 166
pixel: 74 167
pixel: 74 168
pixel: 74 169
pixel: 74 170
pixel: 74 171
pixel: 74 172
pixel: 74 173
pixel: 74 174
pixel: 74 175
pixel: 74 176
pixel: 74 177
pixel: 74 178
pixel: 74 179
pixel: 74 180
pixel: 74 181
pixel: 74 182
pixel: 74 183
pixel: 74 184
pixel: 74 185
pixel: 74 186
pixel: 74 187
pixel: 74 188
pixel: 74 189
pixel: 74 190
pixel: 74 191
pixel: 74 192
pixel: 74 193
pixel: 74 194
pixel: 74 195
pixel: 74 196
pixel: 74 197
pixel: 74 198
pixel: 74 199
pixel: 75 0
pixel: 75 1
pixel: 75 2
pixel: 75 3
pixel: 75 4
pixel: 75 5
pixel: 75 6
pixel: 75 7
pixel: 75 8
pixel: 75 9
pixel: 75 10
pixel: 75 11
pixel: 75 12
pixel: 75 13
pixel: 75 14
pixel: 75 15
pixel: 75 16
pixel: 75 17
pixel: 75 18
pixel: 75 19
pixel: 75 20
pixel: 75 21
pixel: 75 22
pixel: 75 23
pixel: 75 24
pixel: 75 25
pixel: 75 26
pixel: 75 27
pixel: 75 28
pixel: 75 29
pixel: 75 30
pixel: 75 31
pixel: 75 32
pixel: 75 33
pixel: 75 34
pixel: 75 35
pixel: 75 36
pixel: 75 37
pixel: 75 38
pixel: 75 39
pixel: 75 40
pixel: 75 41
pixel: 75 42
pixel: 75 43
pixel: 75 44
pixel: 75 45
pixel: 75 46
pixel: 75 47
pixel: 75 48
pixel: 75 49
pixel: 75 50
pixel: 75 51
pixel: 75 52
pixel: 75 53
pixel: 75 54
pixel: 75 55
pixel: 75 56
pixel: 75 57
pixel: 75 58
pixel: 75 59
pixel: 75 60
pixel: 75 61
pixel: 75 62
pixel: 75 63
pixel: 75 64
pixel: 75 65
pixel: 75 66
pixel: 75 67
pixel: 75 68
pixel: 75 69
pixel: 75 70
pixel: 75 71
pixel: 75 72
pixel: 75 73
pixel: 75 74
pixel: 75 75
pixel: 75 76
pixel: 75 77
pixel: 75 78
pixel: 75 79
pixel: 75 80
pixel: 75 81
pixel: 75 82
pixel: 75 83
pixel: 75 84
pixel: 75 85
pixel: 75 86
pixel: 75 87
pixel: 75 88
pixel: 75 89
pixel: 75 90
valid: 3.62129 0.717238 0.00208989
pixel: 75 91
valid: 3.62361 0.729139 0.00775957
pixel: 75 92
valid: 3.626 0.741058 0.0134382
pixel: 75 93
valid: 3.62845 0.752997 0.0191257
pixel: 75 94
valid: 3.63096 0.764954 0.0248222
pixel: 75 95
valid: 3.63353 0.776929 0.0305278
pixel: 75 96
valid: 3.63617 0.788924 0.0362423
pixel: 75 97
valid: 3.63887 0.800938 0.0419659
pixel: 75 98
valid: 3.64163 0.812971 0.0476986
pixel: 75 99
valid: 3.64446 0.825023 0.0534403
pixel: 75 100
valid: 3.64735 0.837094 0.0591912
pixel: 75 101
valid: 3.6503 0.849184 0.0649511
pixel: 75 102
valid: 3.65332 0.861294 0.0707202
pixel: 75 103
valid: 3.6564 0.873422 0.0764985
pixel: 75 104
valid: 3.65954 0.88557 0.082286
pixel: 75 105
valid: 3.66275 0.897738 0.0880826
pixel: 75 106
pixel: 75 107
pixel: 75 108
pixel: 75 109
pixel: 75 110
pixel: 75 111
pixel: 75 112
pixel: 75 113
pixel: 75 114
pixel: 75 115
pixel: 75 116
pixel: 75 117
pixel: 75 118
pixel: 75 119
pixel: 75 120
pixel: 75 121
pixel: 75 122
pixel: 75 123
pixel: 75 124
pixel: 75 125
pixel: 75 126
pixel: 75 127
pixel: 75 128
pixel: 75 129
pixel: 75 130
pixel: 75 131
pixel: 75 132
pixel: 75 133
pixel: 75 134
pixel: 75 135
pixel: 75 136
pixel: 75 137
pixel: 75 138
pixel: 75 139
pixel: 75 140
pixel: 75 141
pixel: 75 142
pixel: 75 143
pixel: 75 144
pixel: 75 145
pixel: 75 146
pixel: 75 147
pixel: 75 148
pixel: 75 149
pixel: 75 150
pixel: 75 151
pixel: 75 152
pixel: 75 153
pixel: 75 154
pixel: 75 155
pixel: 75 156
pixel: 75 157
pixel: 75 158
pixel: 75 159
pixel: 75 160
pixel: 75 161
pixel: 75 162
pixel: 75 163
pixel: 75 164
pixel: 75 165
pixel: 75 166
pixel: 75 167
pixel: 75 168
pixel: 75 169
pixel: 75 170
pixel: 75 171
pixel: 75 172
pixel: 75 173
pixel: 75 174
pixel: 75 175
pixel: 75 176
pixel: 75 177
pixel: 75 178
pixel: 75 179
pixel: 75 180
pixel: 75 181
pixel: 75 182
pixel: 75 183
pixel: 75 184
pixel: 75 185
pixel: 75 186
pixel: 75 187
pixel: 75 188
pixel: 75 189
pixel: 75 190
pixel: 75 191
pixel: 75 192
pixel: 75 193
pixel: 75 194
pixel: 75 195
pixel: 75 196
pixel: 75 197
pixel: 75 198
pixel: 75 199
pixel: 76 0
pixel: 76 1
pixel: 76 2
pixel: 76 3
pixel: 76 4
pixel: 76 5
pixel: 76 6
pixel: 76 7
pixel: 76 8
pixel: 76 9
pixel: 76 10
pixel: 76 11
pixel: 76 12
pixel: 76 13
pixel: 76 14
pixel: 76 15
pixel: 76 16
pixel: 76 17
pixel: 76 18
pixel: 76 19
pixel: 76 20
pixel: 76 21
pixel: 76 22
pixel: 76 23
pixel: 76 24
pixel: 76 25
pixel: 76 26
pixel: 76 27
pixel: 76 28
pixel: 76 29
pixel: 76 30
pixel: 76 31
pixel: 76 32
pixel: 76 33
pixel: 76 34
pixel: 76 35
pixel: 76 36
pixel: 76 37
pixel: 76 38
pixel: 76 39
pixel: 76 40
pixel: 76 41
pixel: 76 42
pixel: 76 43
pixel: 76 44
pixel: 76 45
pixel: 76 46
pixel: 76 47
pixel: 76 48
pixel: 76 49
pixel: 76 50
pixel: 76 51
pixel: 76 52
pixel: 76 53
pixel: 76 54
pixel: 76 55
pixel: 76 56
pixel: 76 57
pixel: 76 58
pixel: 76 59
pixel: 76 60
pixel: 76 61
pixel: 76 62
pixel: 76 63
pixel: 76 64
pixel: 76 65
pixel: 76 66
pixel: 76 67
pixel: 76 68
pixel: 76 69
pixel: 76 70
pixel: 76 71
pixel: 76 72
pixel: 76 73
pixel: 76 74
pixel: 76 75
pixel: 76 76
pixel: 76 77
pixel: 76 78
pixel: 76 79
pixel: 76 80
pixel: 76 81
pixel: 76 82
pixel: 76 83
pixel: 76 84
pixel: 76 85
pixel: 76 86
pixel: 76 87
pixel: 76 88
pixel: 76 89
valid: 3.62047 0.688134 0.00208991
pixel: 76 90
valid: 3.62274 0.700012 0.00775957
pixel: 76 91
valid: 3.62506 0.711908 0.0134382
pixel: 76 92
valid: 3.62745 0.723823 0.0191257
pixel: 76 93
valid: 3.6299 0.735757 0.0248222
pixel: 76 94
valid: 3.63242 0.74771 0.0305278
pixel: 76 95
valid: 3.63499 0.759682 0.0362423
pixel: 76 96
valid: 3.63763 0.771673 0.0419659
pixel: 76 97
valid: 3.64034 0.783682 0.0476986
pixel: 76 98
valid: 3.6431 0.795711 0.0534403
pixel: 76 99
valid: 3.64593 0.807759 0.0591911
pixel: 76 100
valid: 3.64883 0.819826 0.0649511
pixel: 76 101
valid: 3.65178 0.831912 0.0707202
pixel: 76 102
valid: 3.6548 0.844017 0.0764985
pixel: 76 103
valid: 3.65789 0.856142 0.082286
pixel: 76 104
valid: 3.66104 0.868286 0.0880826
pixel: 76 105
valid: 3.66425 0.880449 0.0938886
pixel: 76 106
valid: 3.66753 0.892632 0.0997038
pixel: 76 107
pixel: 76 108
pixel: 76 109
pixel: 76 110
pixel: 76 111
pixel: 76 112
pixel: 76 113
pixel: 76 114
pixel: 76 115
pixel: 76 116
pixel: 76 117
pixel: 76 118
pixel: 76 119
pixel: 76 120
pixel: 76 121
pixel: 76 122
pixel: 76 123
pixel: 76 124
pixel: 76 125
pixel: 76 126
pixel: 76 127
pixel: 76 128
pixel: 76 129
pixel: 76 130
pixel: 76 131
pixel: 76 132
pixel: 76 133
pixel: 76 134
pixel: 76 135
pixel: 76 136
pixel: 76 137
pixel: 76 138
pixel: 76 139
pixel: 76 140
pixel: 76 141
pixel: 76 142
pixel: 76 143
pixel: 76 144
pixel: 76 145
pixel: 76 146
pixel: 76 147
pixel: 76 148
pixel: 76 149
pixel: 76 150
pixel: 76 151
pixel: 76 152
pixel: 76 153
pixel: 76 154
pixel: 76 155
pixel: 76 156
pixel: 76 157
pixel: 76 158
pixel: 76 159
pixel: 76 160
pixel: 76 161
pixel: 76 162
pixel: 76 163
pixel: 76 164
pixel: 76 165
pixel: 76 166
pixel: 76 167
pixel: 76 168
pixel: 76 169
pixel: 76 170
pixel: 76 171
pixel: 76 172
pixel: 76 173
pixel: 76 174
pixel: 76 175
pixel: 76 176
pixel: 76 177
pixel: 76 178
pixel: 76 179
pixel: 76 180
pixel: 76 181
pixel: 76 182
pixel: 76 183
pixel: 76 184
pixel: 76 185
pixel: 76 186
pixel: 76 187
pixel: 76 188
pixel: 76 189
pixel: 76 190
pixel: 76 191
pixel: 76 192
pixel: 76 193
pixel: 76 194
pixel: 76 195
pixel: 76 196
pixel: 76 197
pixel: 76 198
pixel: 76 199
pixel: 77 0
pixel: 77 1
pixel: 77 2
pixel: 77 3
pixel: 77 4
pixel: 77 5
pixel: 77 6
pixel: 77 7
pixel: 77 8
pixel: 77 9
pixel: 77 10
pixel: 77 11
pixel: 77 12
pixel: 77 13
pixel: 77 14
pixel: 77 15
pixel: 77 16
pixel: 77 17
pixel: 77 18
pixel: 77 19
pixel: 77 20
pixel: 77 21
pixel: 77 22
pixel: 77 23
pixel: 77 24
pixel: 77 25
pixel: 77 26
pixel: 77 27
pixel: 77 28
pixel: 77 29
pixel: 77 30
pixel: 77 31
pixel: 77 32
pixel: 77 33
pixel: 77 34
pixel: 77 35
pixel: 77 36
pixel: 77 37
pixel: 77 38
pixel: 77 39
pixel: 77 40
pixel: 77 41
pixel: 77 42
pixel: 77 43
pixel: 77 44
pixel: 77 45
pixel: 77 46
pixel: 77 47
pixel: 77 48
pixel: 77 49
pixel: 77 50
pixel: 77 51
pixel: 77 52
pixel: 77 53
pixel: 77 54
pixel: 77 55
pixel: 77 56
pixel: 77 57
pixel: 77 58
pixel: 77 59
pixel: 77 60
pixel: 77 61
pixel: 77 62
pixel: 77 63
pixel: 77 64
pixel: 77 65
pixel: 77 66
pixel: 77 67
pixel: 77 68
pixel: 77 69
pixel: 77 70
pixel: 77 71
pixel: 77 72
pixel: 77 73
pixel: 77 74
pixel: 77 75
pixel: 77 76
pixel: 77 77
pixel: 77 78
pixel: 77 79
pixel: 77 80
pixel: 77 81
pixel: 77 82
pixel: 77 83
pixel: 77 84
pixel: 77 85
pixel: 77 86
pixel: 77 87
pixel: 77 88
valid: 3.61977 0.659029 0.00208991
pixel: 77 89
valid: 3.62198 0.670884 0.00775958
pixel: 77 90
valid: 3.62424 0.682758 0.0134382
pixel: 77 91
valid: 3.62657 0.69465 0.0191257
pixel: 77 92
valid: 3.62896 0.706561 0.0248222
pixel: 77 93
valid: 3.63142 0.718491 0.0305278
pixel: 77 94
valid: 3.63394 0.730439 0.0362423
pixel: 77 95
valid: 3.63652 0.742407 0.0419659
pixel: 77 96
valid: 3.63916 0.754394 0.0476985
pixel: 77 97
valid: 3.64187 0.766399 0.0534403
pixel: 77 98
valid: 3.64463 0.778424 0.0591912
pixel: 77 99
valid: 3.64747 0.790467 0.0649511
pixel: 77 100
valid: 3.65036 0.80253 0.0707202
pixel: 77 101
valid: 3.65332 0.814612 0.0764985
pixel: 77 102
valid: 3.65635 0.826713 0.082286
pixel: 77 103
valid: 3.65944 0.838834 0.0880826
pixel: 77 104
valid: 3.66259 0.850973 0.0938886
pixel: 77 105
valid: 3.66581 0.863133 0.0997037
pixel: 77 106
valid: 3.66909 0.875311 0.105528
pixel: 77 107
valid: 3.67243 0.887509 0.111362
pixel: 77 108
pixel: 77 109
pixel: 77 110
pixel: 77 111
pixel: 77 112
pixel: 77 113
pixel: 77 114
pixel: 77 115
pixel: 77 116
pixel: 77 117
pixel: 77 118
pixel: 77 119
pixel: 77 120
pixel: 77 121
pixel: 77 122
pixel: 77 123
pixel: 77 124
pixel: 77 125
pixel: 77 126
pixel: 77 127
pixel: 77 128
pixel: 77 129
pixel: 77 130
pixel: 77 131
pixel: 77 132
pixel: 77 133
pixel: 77 134
pixel: 77 135
pixel: 77 136
pixel: 77 137
pixel: 77 138
pixel: 77 139
pixel: 77 140
pixel: 77 141
pixel: 77 142
pixel: 77 143
pixel: 77 144
pixel: 77 145
pixel: 77 146
pixel: 77 147
pixel: 77 148
pixel: 77 149
pixel: 77 150
pixel: 77 151
pixel: 77 152
pixel: 77 153
pixel: 77 154
pixel: 77 155
pixel: 77 156
pixel: 77 157
pixel: 77 158
pixel: 77 159
pixel: 77 160
pixel: 77 161
pixel: 77 162
pixel: 77 163
pixel: 77 164
pixel: 77 165
pixel: 77 166
pixel: 77 167
pixel: 77 168
pixel: 77 169
pixel: 77 170
pixel: 77 171
pixel: 77 172
pixel: 77 173
pixel: 77 174
pixel: 77 175
pixel: 77 176
pixel: 77 177
pixel: 77 178
pixel: 77 179
pixel: 77 180
pixel: 77 181
pixel: 77 182
pixel: 77 183
pixel: 77 184
pixel: 77 185
pixel: 77 186
pixel: 77 187
pixel: 77 188
pixel: 77 189
pixel: 77 190
pixel: 77 191
pixel: 77 192
pixel: 77 193
pixel: 77 194
pixel: 77 195
pixel: 77 196
pixel: 77 197
pixel: 77 198
pixel: 77 199
pixel: 78 0
pixel: 78 1
pixel: 78 2
pixel: 78 3
pixel: 78 4
pixel: 78 5
pixel: 78 6
pixel: 78 7
pixel: 78 8
pixel: 78 9
pixel: 78 10
pixel: 78 11
pixel: 78 12
pixel: 78 13
pixel: 78 14
pixel: 78 15
pixel: 78 16
pixel: 78 17
pixel: 78 18
pixel: 78 19
pixel: 78 20
pixel: 78 21
pixel: 78 22
pixel: 78 23
pixel: 78 24
pixel: 78 25
pixel: 78 26
pixel: 78 27
pixel: 78 28
pixel: 78 29
pixel: 78 30
pixel: 78 31
pixel: 78 32
pixel: 78 33
pixel: 78 34
pixel: 78 35
pixel: 78 36
pixel: 78 37
pixel: 78 38
pixel: 78 39
pixel: 78 40
pixel: 78 41
pixel: 78 42
pixel: 78 43
pixel: 78 44
pixel: 78 45
pixel: 78 46
pixel: 78 47
pixel: 78 48
pixel: 78 49
pixel: 78 50
pixel: 78 51
pixel: 78 52
pixel: 78 53
pixel: 78 54
pixel: 78 55
pixel: 78 56
pixel: 78 57
pixel: 78 58
pixel: 78 59
pixel: 78 60
pixel: 78 61
pixel: 78 62
pixel: 78 63
pixel: 78 64
pixel: 78 65
pixel: 78 66
pixel: 78 67
pixel: 78 68
pixel: 78 69
pixel: 78 70
pixel: 78 71
pixel: 78 72
pixel: 78 73
pixel: 78 74
pixel: 78 75
pixel: 78 76
pixel: 78 77
pixel: 78 78
pixel: 78 79
pixel: 78 80
pixel: 78 81
pixel: 78 82
pixel: 78 83
pixel: 78 84
pixel: 78 85
pixel: 78 86
pixel: 78 87
valid: 3.61919 0.629925 0.00208994
pixel: 78 88
valid: 3.62133 0.641757 0.0077596
pixel: 78 89
valid: 3.62354 0.653607 0.0134382
pixel: 78 90
valid: 3.62581 0.665477 0.0191258
pixel: 78 91
valid: 3.62814 0.677365 0.0248223
pixel: 78 92
valid: 3.63054 0.689271 0.0305278
pixel: 78 93
valid: 3.63299 0.701197 0.0362423
pixel: 78 94
valid: 3.63551 0.713141 0.0419659
pixel: 78 95
valid: 3.6381 0.725105 0.0476986
pixel: 78 96
valid: 3.64074 0.737087 0.0534403
pixel: 78 97
valid: 3.64345 0.749089 0.0591912
pixel: 78 98
valid: 3.64623 0.761109 0.0649511
pixel: 78 99
valid: 3.64906 0.773148 0.0707203
pixel: 78 100
valid: 3.65196 0.785207 0.0764985
pixel: 78 101
valid: 3.65493 0.797285 0.082286
pixel: 78 102
valid: 3.65795 0.809382 0.0880827
pixel: 78 103
valid: 3.66105 0.821498 0.0938886
pixel: 78 104
valid: 3.6642 0.833634 0.0997038
pixel: 78 105
valid: 3.66742 0.845788 0.105528
pixel: 78 106
valid: 3.67071 0.857963 0.111362
pixel: 78 107
valid: 3.67406 0.870157 0.117205
pixel: 78 108
pixel: 78 109
pixel: 78 110
pixel: 78 111
pixel: 78 112
pixel: 78 113
pixel: 78 114
pixel: 78 115
pixel: 78 116
pixel: 78 117
pixel: 78 118
pixel: 78 119
pixel: 78 120
pixel: 78 121
pixel: 78 122
pixel: 78 123
pixel: 78 124
pixel: 78 125
pixel: 78 126
pixel: 78 127
pixel: 78 128
pixel: 78 129
pixel: 78 130
pixel: 78 131
pixel: 78 132
pixel: 78 133
pixel: 78 134
pixel: 78 135
pixel: 78 136
pixel: 78 137
pixel: 78 138
pixel: 78 139
pixel: 78 140
pixel: 78 141
pixel: 78 142
pixel: 78 143
pixel: 78 144
pixel: 78 145
pixel: 78 146
pixel: 78 147
pixel: 78 148
pixel: 78 149
pixel: 78 150
pixel: 78 151
pixel: 78 152
pixel: 78 153
pixel: 78 154
pixel: 78 155
pixel: 78 156
pixel: 78 157
pixel: 78 158
pixel: 78 159
pixel: 78 160
pixel: 78 161
pixel: 78 162
pixel: 78 163
pixel: 78 164
pixel: 78 165
pixel: 78 166
pixel: 78 167
pixel: 78 168
pixel: 78 169
pixel: 78 170
pixel: 78 171
pixel: 78 172
pixel: 78 173
pixel: 78 174
pixel: 78 175
pixel: 78 176
pixel: 78 177
pixel: 78 178
pixel: 78 179
pixel: 78 180
pixel: 78 181
pixel: 78 182
pixel: 78 183
pixel: 78 184
pixel: 78 185
pixel: 78 186
pixel: 78 187
pixel: 78 188
pixel: 78 189
pixel: 78 190
pixel: 78 191
pixel: 78 192
pixel: 78 193
pixel: 78 194
pixel: 78 195
pixel: 78 196
pixel: 78 197
pixel: 78 198
pixel: 78 199
pixel: 79 0
pixel: 79 1
pixel: 79 2
pixel: 79 3
pixel: 79 4
pixel: 79 5
pixel: 79 6
pixel: 79 7
pixel: 79 8
pixel: 79 9
pixel: 79 10
pixel: 79 11
pixel: 79 12
pixel: 79 13
pixel: 79 14
pixel: 79 15
pixel: 79 16
pixel: 79 17
pixel: 79 18
pixel: 79 19
pixel: 79 20
pixel: 79 21
pixel: 79 22
pixel: 79 23
pixel: 79 24
pixel: 79 25
pixel: 79 26
pixel: 79 27
pixel: 79 28
pixel: 79 29
pixel: 79 30
pixel: 79 31
pixel: 79 32
pixel: 79 33
pixel: 79 34
pixel: 79 35
pixel: 79 36
pixel: 79 37
pixel: 79 38
pixel: 79 39
pixel: 79 40
pixel: 79 41
pixel: 79 42
pixel: 79 43
pixel: 79 44
pixel: 79 45
pixel: 79 46
pixel: 79 47
pixel: 79 48
pixel: 79 49
pixel: 79 50
pixel: 79 51
pixel: 79 52
pixel: 79 53
pixel: 79 54
pixel: 79 55
pixel: 79 56
pixel: 79 57
pixel: 79 58
pixel: 79 59
pixel: 79 60
pixel: 79 61
pixel: 79 62
pixel: 79 63
pixel: 79 64
pixel: 79 65
pixel: 79 66
pixel: 79 67
pixel: 79 68
pixel: 79 69
pixel: 79 70
pixel: 79 71
pixel: 79 72
pixel: 79 73
pixel: 79 74
pixel: 79 75
pixel: 79 76
pixel: 79 77
pixel: 79 78
pixel: 79 79
pixel: 79 80
pixel: 79 81
pixel: 79 82
pixel: 79 83
pixel: 79 84
pixel: 79 85
pixel: 79 86
valid: 3.61872 0.600821 0.00208994
pixel: 79 87
valid: 3.6208 0.612629 0.0077596
pixel: 79 88
valid: 3.62295 0.624457 0.0134382
pixel: 79 89
valid: 3.62516 0.636303 0.0191257
pixel: 79 90
valid: 3.62744 0.648168 0.0248223
pixel: 79 91
valid: 3.62977 0.660052 0.0305278
pixel: 79 92
valid: 3.63217 0.671955 0.0362423
pixel: 79 93
valid: 3.63463 0.683876 0.0419659
pixel: 79 94
valid: 3.63715 0.695816 0.0476986
pixel: 79 95
valid: 3.63974 0.707775 0.0534403
pixel: 79 96
valid: 3.64239 0.719753 0.0591911
pixel: 79 97
valid: 3.6451 0.731751 0.0649511
pixel: 79 98
valid: 3.64788 0.743767 0.0707202
pixel: 79 99
valid: 3.65072 0.755802 0.0764985
pixel: 79 100
valid: 3.65362 0.767856 0.082286
pixel: 79 101
valid: 3.65659 0.77993 0.0880827
pixel: 79 102
valid: 3.65962 0.792023 0.0938886
pixel: 79 103
valid: 3.66272 0.804135 0.0997038
pixel: 79 104
valid: 3.66588 0.816266 0.105528
pixel: 79 105
valid: 3.6691 0.828417 0.111362
pixel: 79 106
valid: 3.67239 0.840587 0.117205
pixel: 79 107
valid: 3.67575 0.852777 0.123058
pixel: 79 108
valid: 3.67917 0.864986 0.128919
pixel: 79 109
pixel: 79 110
pixel: 79 111
pixel: 79 112
pixel: 79 113
pixel: 79 114
pixel: 79 115
pixel: 79 116
pixel: 79 117
pixel: 79 118
pixel: 79 119
pixel: 79 120
pixel: 79 121
pixel: 79 122
pixel: 79 123
pixel: 79 124
pixel: 79 125
pixel: 79 126
pixel: 79 127
pixel: 79 128
pixel: 79 129
pixel: 79 130
pixel: 79 131
pixel: 79 132
pixel: 79 133
pixel: 79 134
pixel: 79 135
pixel: 79 136
pixel: 79 137
pixel: 79 138
pixel: 79 139
pixel: 79 140
pixel: 79 141
pixel: 79 142
pixel: 79 143
pixel: 79 144
pixel: 79 145
pixel: 79 146
pixel: 79 147
pixel: 79 148
pixel: 79 149
pixel: 79 150
pixel: 79 151
pixel: 79 152
pixel: 79 153
pixel: 79 154
pixel: 79 155
pixel: 79 156
pixel: 79 157
pixel: 79 158
pixel: 79 159
pixel: 79 160
pixel: 79 161
pixel: 79 162
pixel: 79 163
pixel: 79 164
pixel: 79 165
pixel: 79 166
pixel: 79 167
pixel: 79 168
pixel: 79 169
pixel: 79 170
pixel: 79 171
pixel: 79 172
pixel: 79 173
pixel: 79 174
pixel: 79 175
pixel: 79 176
pixel: 79 177
pixel: 79 178
pixel: 79 179
pixel: 79 180
pixel: 79 181
pixel: 79 182
pixel: 79 183
pixel: 79 184
pixel: 79 185
pixel: 79 186
pixel: 79 187
pixel: 79 188
pixel: 79 189
pixel: 79 190
pixel: 79 191
pixel: 79 192
pixel: 79 193
pixel: 79 194
pixel: 79 195
pixel: 79 196
pixel: 79 197
pixel: 79 198
pixel: 79 199
pixel: 80 0
pixel: 80 1
pixel: 80 2
pixel: 80 3
pixel: 80 4
pixel: 80 5
pixel: 80 6
pixel: 80 7
pixel: 80 8
pixel: 80 9
pixel: 80 10
pixel: 80 11
pixel: 80 12
pixel: 80 13
pixel: 80 14
pixel: 80 15
pixel: 80 16
pixel: 80 17
pixel: 80 18
pixel: 80 19
pixel: 80 20
pixel: 80 21
pixel: 80 22
pixel: 80 23
pixel: 80 24
pixel: 80 25
pixel: 80 26
pixel: 80 27
pixel: 80 28
pixel: 80 29
pixel: 80 30
pixel: 80 31
pixel: 80 32
pixel: 80 33
pixel: 80 34
pixel: 80 35
pixel: 80 36
pixel: 80 37
pixel: 80 38
pixel: 80 39
pixel: 80 40
pixel: 80 41
pixel: 80 42
pixel: 80 43
pixel: 80 44
pixel: 80 45
pixel: 80 46
pixel: 80 47
pixel: 80 48
pixel: 80 49
pixel: 80 50
pixel: 80 51
pixel: 80 52
pixel: 80 53
pixel: 80 54
pixel: 80 55
pixel: 80 56
pixel: 80 57
pixel: 80 58
pixel: 80 59
pixel: 80 60
pixel: 80 61
pixel: 80 62
pixel: 80 63
pixel: 80 64
pixel: 80 65
pixel: 80 66
pixel: 80 67
pixel: 80 68
pixel: 80 69
pixel: 80 70
pixel: 80 71
pixel: 80 72
pixel: 80 73
pixel: 80 74
pixel: 80 75
pixel: 80 76
pixel: 80 77
pixel: 80 78
pixel: 80 79
pixel: 80 80
pixel: 80 81
pixel: 80 82
pixel: 80 83
pixel: 80 84
pixel: 80 85
valid: 3.61837 0.571716 0.00208994
pixel: 80 86
valid: 3.62039 0.583502 0.0077596
pixel: 80 87
valid: 3.62248 0.595307 0.0134382
pixel: 80 88
valid: 3.62464 0.60713 0.0191258
pixel: 80 89
valid: 3.62685 0.618972 0.0248223
pixel: 80 90
valid: 3.62913 0.630833 0.0305278
pixel: 80 91
valid: 3.63146 0.642712 0.0362423
pixel: 80 92
valid: 3.63387 0.65461 0.0419659
pixel: 80 93
valid: 3.63633 0.666527 0.0476986
pixel: 80 94
valid: 3.63886 0.678463 0.0534403
pixel: 80 95
valid: 3.64145 0.690418 0.0591911
pixel: 80 96
valid: 3.6441 0.702392 0.0649511
pixel: 80 97
valid: 3.64682 0.714385 0.0707203
pixel: 80 98
valid: 3.64959 0.726397 0.0764985
pixel: 80 99
valid: 3.65244 0.738428 0.082286
pixel: 80 100
valid: 3.65535 0.750478 0.0880827
pixel: 80 101
valid: 3.65832 0.762547 0.0938886
pixel: 80 102
valid: 3.66135 0.774636 0.0997038
pixel: 80 103
valid: 3.66445 0.786744 0.105528
pixel: 80 104
valid: 3.66762 0.798871 0.111362
pixel: 80 105
valid: 3.67084 0.811018 0.117205
pixel: 80 106
valid: 3.67414 0.823184 0.123058
pixel: 80 107
valid: 3.6775 0.835369 0.128919
pixel: 80 108
valid: 3.68092 0.847574 0.134791
pixel: 80 109
pixel: 80 110
pixel: 80 111
pixel: 80 112
pixel: 80 113
pixel: 80 114
pixel: 80 115
pixel: 80 116
pixel: 80 117
pixel: 80 118
pixel: 80 119
pixel: 80 120
pixel: 80 121
pixel: 80 122
pixel: 80 123
pixel: 80 124
pixel: 80 125
pixel: 80 126
pixel: 80 127
pixel: 80 128
pixel: 80 129
pixel: 80 130
pixel: 80 131
pixel: 80 132
pixel: 80 133
pixel: 80 134
pixel: 80 135
pixel: 80 136
pixel: 80 137
pixel: 80 138
pixel: 80 139
pixel: 80 140
pixel: 80 141
pixel: 80 142
pixel: 80 143
pixel: 80 144
pixel: 80 145
pixel: 80 146
pixel: 80 147
pixel: 80 148
pixel: 80 149
pixel: 80 150
pixel: 80 151
pixel: 80 152
pixel: 80 153
pixel: 80 154
pixel: 80 155
pixel: 80 156
pixel: 80 157
pixel: 80 158
pixel: 80 159
pixel: 80 160
pixel: 80 161
pixel: 80 162
pixel: 80 163
pixel: 80 164
pixel: 80 165
pixel: 80 166
pixel: 80 167
pixel: 80 168
pixel: 80 169
pixel: 80 170
pixel: 80 171
pixel: 80 172
pixel: 80 173
pixel: 80 174
pixel: 80 175
pixel: 80 176
pixel: 80 177
pixel: 80 178
pixel: 80 179
pixel: 80 180
pixel: 80 181
pixel: 80 182
pixel: 80 183
pixel: 80 184
pixel: 80 185
pixel: 80 186
pixel: 80 187
pixel: 80 188
pixel: 80 189
pixel: 80 190
pixel: 80 191
pixel: 80 192
pixel: 80 193
pixel: 80 194
pixel: 80 195
pixel: 80 196
pixel: 80 197
pixel: 80 198
pixel: 80 199
pixel: 81 0
pixel: 81 1
pixel: 81 2
pixel: 81 3
pixel: 81 4
pixel: 81 5
pixel: 81 6
pixel: 81 7
pixel: 81 8
pixel: 81 9
pixel: 81 10
pixel: 81 11
pixel: 81 12
pixel: 81 13
pixel: 81 14
pixel: 81 15
pixel: 81 16
pixel: 81 17
pixel: 81 18
pixel: 81 19
pixel: 81 20
pixel: 81 21
pixel: 81 22
pixel: 81 23
pixel: 81 24
pixel: 81 25
pixel: 81 26
pixel: 81 27
pixel: 81 28
pixel: 81 29
pixel: 81 30
pixel: 81 31
pixel: 81 32
pixel: 81 33
pixel: 81 34
pixel: 81 35
pixel: 81 36
pixel: 81 37
pixel: 81 38
pixel: 81 39
pixel: 81 40
pixel: 81 41
pixel: 81 42
pixel: 81 43
pixel: 81 44
pixel: 81 45
pixel: 81 46
pixel: 81 47
pixel: 81 48
pixel: 81 49
pixel: 81 50
pixel: 81 51
pixel: 81 52
pixel: 81 53
pixel: 81 54
pixel: 81 55
pixel: 81 56
pixel: 81 57
pixel: 81 58
pixel: 81 59
pixel: 81 60
pixel: 81 61
pixel: 81 62
pixel: 81 63
pixel: 81 64
pixel: 81 65
pixel: 81 66
pixel: 81 67
pixel: 81 68
pixel: 81 69
pixel: 81 70
pixel: 81 71
pixel: 81 72
pixel: 81 73
pixel: 81 74
pixel: 81 75
pixel: 81 76
pixel: 81 77
pixel: 81 78
pixel: 81 79
pixel: 81 80
pixel: 81 81
pixel: 81 82
pixel: 81 83
pixel: 81 84
valid: 3.61813 0.542612 0.00208993
pixel: 81 85
valid: 3.6201 0.554375 0.00775959
pixel: 81 86
valid: 3.62213 0.566157 0.0134382
pixel: 81 87
valid: 3.62423 0.577957 0.0191257
pixel: 81 88
valid: 3.62638 0.589776 0.0248223
pixel: 81 89
valid: 3.6286 0.601613 0.0305278
pixel: 81 90
valid: 3.63088 0.61347 0.0362423
pixel: 81 91
valid: 3.63322 0.625345 0.0419659
pixel: 81 92
valid: 3.63562 0.637239 0.0476986
pixel: 81 93
valid: 3.63809 0.649151 0.0534403
pixel: 81 94
valid: 3.64062 0.661083 0.0591911
pixel: 81 95
valid: 3.64321 0.673034 0.0649511
pixel: 81 96
valid: 3.64587 0.685003 0.0707202
pixel: 81 97
valid: 3.64859 0.696992 0.0764985
pixel: 81 98
valid: 3.65137 0.708999 0.082286
pixel: 81 99
valid: 3.65422 0.721026 0.0880827
pixel: 81 100
valid: 3.65713 0.733072 0.0938886
pixel: 81 101
valid: 3.6601 0.745137 0.0997038
pixel: 81 102
valid: 3.66314 0.757221 0.105528
pixel: 81 103
valid: 3.66625 0.769325 0.111362
pixel: 81 104
valid: 3.66942 0.781448 0.117205
pixel: 81 105
valid: 3.67265 0.79359 0.123057
pixel: 81 106
valid: 3.67595 0.805752 0.128919
pixel: 81 107
valid: 3.67931 0.817934 0.134791
pixel: 81 108
valid: 3.68274 0.830135 0.140671
pixel: 81 109
valid: 3.68623 0.842355 0.146561
pixel: 81 110
pixel: 81 111
pixel: 81 112
pixel: 81 113
pixel: 81 114
pixel: 81 115
pixel: 81 116
pixel: 81 117
pixel: 81 118
pixel: 81 119
pixel: 81 120
pixel: 81 121
pixel: 81 122
pixel: 81 123
pixel: 81 124
pixel: 81 125
pixel: 81 126
pixel: 81 127
pixel: 81 128
pixel: 81 129
pixel: 81 130
pixel: 81 131
pixel: 81 132
pixel: 81 133
pixel: 81 134
pixel: 81 135
pixel: 81 136
pixel: 81 137
pixel: 81 138
pixel: 81 139
pixel: 81 140
pixel: 81 141
pixel: 81 142
pixel: 81 143
pixel: 81 144
pixel: 81 145
pixel: 81 146
pixel: 81 147
pixel: 81 148
pixel: 81 149
pixel: 81 150
pixel: 81 151
pixel: 81 152
pixel: 81 153
pixel: 81 154
pixel: 81 155
pixel: 81 156
pixel: 81 157
pixel: 81 158
pixel: 81 159
pixel: 81 160
pixel: 81 161
pixel: 81 162
pixel: 81 163
pixel: 81 164
pixel: 81 165
pixel: 81 166
pixel: 81 167
pixel: 81 168
pixel: 81 169
pixel: 81 170
pixel: 81 171
pixel: 81 172
pixel: 81 173
pixel: 81 174
pixel: 81 175
pixel: 81 176
pixel: 81 177
pixel: 81 178
pixel: 81 179
pixel: 81 180
pixel: 81 181
pixel: 81 182
pixel: 81 183
pixel: 81 184
pixel: 81 185
pixel: 81 186
pixel: 81 187
pixel: 81 188
pixel: 81 189
pixel: 81 190
pixel: 81 191
pixel: 81 192
pixel: 81 193
pixel: 81 194
pixel: 81 195
pixel: 81 196
pixel: 81 197
pixel: 81 198
pixel: 81 199
pixel: 82 0
pixel: 82 1
pixel: 82 2
pixel: 82 3
pixel: 82 4
pixel: 82 5
pixel: 82 6
pixel: 82 7
pixel: 82 8
pixel: 82 9
pixel: 82 10
pixel: 82 11
pixel: 82 12
pixel: 82 13
pixel: 82 14
pixel: 82 15
pixel: 82 16
pixel: 82 17
pixel: 82 18
pixel: 82 19
pixel: 82 20
pixel: 82 21
pixel: 82 22
pixel: 82 23
pixel: 82 24
pixel: 82 25
pixel: 82 26
pixel: 82 27
pixel: 82 28
pixel: 82 29
pixel: 82 30
pixel: 82 31
pixel: 82 32
pixel: 82 33
pixel: 82 34
pixel: 82 35
pixel: 82 36
pixel: 82 37
pixel: 82 38
pixel: 82 39
pixel: 82 40
pixel: 82 41
pixel: 82 42
pixel: 82 43
pixel: 82 44
pixel: 82 45
pixel: 82 46
pixel: 82 47
pixel: 82 48
pixel: 82 49
pixel: 82 50
pixel: 82 51
pixel: 82 52
pixel: 82 53
pixel: 82 54
pixel: 82 55
pixel: 82 56
pixel: 82 57
pixel: 82 58
pixel: 82 59
pixel: 82 60
pixel: 82 61
pixel: 82 62
pixel: 82 63
pixel: 82 64
pixel: 82 65
pixel: 82 66
pixel: 82 67
pixel: 82 68
pixel: 82 69
pixel: 82 70
pixel: 82 71
pixel: 82 72
pixel: 82 73
pixel: 82 74
pixel: 82 75
pixel: 82 76
pixel: 82 77
pixel: 82 78
pixel: 82 79
pixel: 82 80
pixel: 82 81
pixel: 82 82
pixel: 82 83
valid: 3.61801 0.513507 0.00208993
pixel: 82 84
valid: 3.61993 0.525248 0.00775961
pixel: 82 85
valid: 3.6219 0.537006 0.0134382
pixel: 82 86
valid: 3.62393 0.548784 0.0191257
pixel: 82 87
valid: 3.62603 0.56058 0.0248223
pixel: 82 88
valid: 3.62818 0.572394 0.0305278
pixel: 82 89
valid: 3.6304 0.584227 0.0362423
pixel: 82 90
valid: 3.63269 0.596079 0.0419659
pixel: 82 91
valid: 3.63503 0.60795 0.0476986
pixel: 82 92
valid: 3.63744 0.619839 0.0534403
pixel: 82 93
valid: 3.63991 0.631748 0.0591911
pixel: 82 94
valid: 3.64244 0.643675 0.0649511
pixel: 82 95
valid: 3.64504 0.655621 0.0707202
pixel: 82 96
valid: 3.6477 0.667586 0.0764985
pixel: 82 97
valid: 3.65042 0.679571 0.082286
pixel: 82 98
valid: 3.65321 0.691574 0.0880827
pixel: 82 99
valid: 3.65606 0.703596 0.0938886
pixel: 82 100
valid: 3.65897 0.715638 0.0997038
pixel: 82 101
valid: 3.66195 0.727699 0.105528
pixel: 82 102
valid: 3.665 0.739779 0.111362
pixel: 82 103
valid: 3.66811 0.751878 0.117205
pixel: 82 104
valid: 3.67128 0.763997 0.123057
pixel: 82 105
valid: 3.67451 0.776135 0.128919
pixel: 82 106
valid: 3.67782 0.788293 0.134791
pixel: 82 107
valid: 3.68118 0.80047 0.140671
pixel: 82 108
valid: 3.68462 0.812667 0.146561
pixel: 82 109
valid: 3.68811 0.824883 0.152461
pixel: 82 110
valid: 3.69168 0.837119 0.15837
pixel: 82 111
pixel: 82 112
pixel: 82 113
pixel: 82 114
pixel: 82 115
pixel: 82 116
pixel: 82 117
pixel: 82 118
pixel: 82 119
pixel: 82 120
pixel: 82 121
pixel: 82 122
pixel: 82 123
pixel: 82 124
pixel: 82 125
pixel: 82 126
pixel: 82 127
pixel: 82 128
pixel: 82 129
pixel: 82 130
pixel: 82 131
pixel: 82 132
pixel: 82 133
pixel: 82 134
pixel: 82 135
pixel: 82 136
pixel: 82 137
pixel: 82 138
pixel: 82 139
pixel: 82 140
pixel: 82 141
pixel: 82 142
pixel: 82 143
pixel: 82 144
pixel: 82 145
pixel: 82 146
pixel: 82 147
pixel: 82 148
pixel: 82 149
pixel: 82 150
pixel: 82 151
pixel: 82 152
pixel: 82 153
pixel: 82 154
pixel: 82 155
pixel: 82 156
pixel: 82 157
pixel: 82 158
pixel: 82 159
pixel: 82 160
pixel: 82 161
pixel: 82 162
pixel: 82 163
pixel: 82 164
pixel: 82 165
pixel: 82 166
pixel: 82 167
pixel: 82 168
pixel: 82 169
pixel: 82 170
pixel: 82 171
pixel: 82 172
pixel: 82 173
pixel: 82 174
pixel: 82 175
pixel: 82 176
pixel: 82 177
pixel: 82 178
pixel: 82 179
pixel: 82 180
pixel: 82 181
pixel: 82 182
pixel: 82 183
pixel: 82 184
pixel: 82 185
pixel: 82 186
pixel: 82 187
pixel: 82 188
pixel: 82 189
pixel: 82 190
pixel: 82 191
pixel: 82 192
pixel: 82 193
pixel: 82 194
pixel: 82 195
pixel: 82 196
pixel: 82 197
pixel: 82 198
pixel: 82 199
pixel: 83 0
pixel: 83 1
pixel: 83 2
pixel: 83 3
pixel: 83 4
pixel: 83 5
pixel: 83 6
pixel: 83 7
pixel: 83 8
pixel: 83 9
pixel: 83 10
pixel: 83 11
pixel: 83 12
pixel: 83 13
pixel: 83 14
pixel: 83 15
pixel: 83 16
pixel: 83 17
pixel: 83 18
pixel: 83 19
pixel: 83 20
pixel: 83 21
pixel: 83 22
pixel: 83 23
pixel: 83 24
pixel: 83 25
pixel: 83 26
pixel: 83 27
pixel: 83 28
pixel: 83 29
pixel: 83 30
pixel: 83 31
pixel: 83 32
pixel: 83 33
pixel: 83 34
pixel: 83 35
pixel: 83 36
pixel: 83 37
pixel: 83 38
pixel: 83 39
pixel: 83 40
pixel: 83 41
pixel: 83 42
pixel: 83 43
pixel: 83 44
pixel: 83 45
pixel: 83 46
pixel: 83 47
pixel: 83 48
pixel: 83 49
pixel: 83 50
pixel: 83 51
pixel: 83 52
pixel: 83 53
pixel: 83 54
pixel: 83 55
pixel: 83 56
pixel: 83 57
pixel: 83 58
pixel: 83 59
pixel: 83 60
pixel: 83 61
pixel: 83 62
pixel: 83 63
pixel: 83 64
pixel: 83 65
pixel: 83 66
pixel: 83 67
pixel: 83 68
pixel: 83 69
pixel: 83 70
pixel: 83 71
pixel: 83 72
pixel: 83 73
pixel: 83 74
pixel: 83 75
pixel: 83 76
pixel: 83 77
pixel: 83 78
pixel: 83 79
pixel: 83 80
pixel: 83 81
pixel: 83 82
valid: 3.61801 0.484403 0.00208994
pixel: 83 83
valid: 3.61987 0.49612 0.0077596
pixel: 83 84
valid: 3.62178 0.507856 0.0134382
pixel: 83 85
valid: 3.62376 0.51961 0.0191257
pixel: 83 86
valid: 3.62579 0.531383 0.0248223
pixel: 83 87
valid: 3.62789 0.543175 0.0305278
pixel: 83 88
valid: 3.63005 0.554985 0.0362423
pixel: 83 89
valid: 3.63227 0.566814 0.0419659
pixel: 83 90
valid: 3.63456 0.578661 0.0476986
pixel: 83 91
valid: 3.63691 0.590528 0.0534403
pixel: 83 92
valid: 3.63932 0.602413 0.0591911
pixel: 83 93
valid: 3.64179 0.614317 0.0649511
pixel: 83 94
valid: 3.64433 0.62624 0.0707202
pixel: 83 95
valid: 3.64693 0.638181 0.0764985
pixel: 83 96
valid: 3.64959 0.650142 0.0822859
pixel: 83 97
valid: 3.65232 0.662122 0.0880827
pixel: 83 98
valid: 3.65511 0.674121 0.0938886
pixel: 83 99
valid: 3.65796 0.686139 0.0997038
pixel: 83 100
valid: 3.66088 0.698177 0.105528
pixel: 83 101
valid: 3.66387 0.710233 0.111362
pixel: 83 102
valid: 3.66691 0.722309 0.117205
pixel: 83 103
valid: 3.67002 0.734404 0.123057
pixel: 83 104
valid: 3.6732 0.746518 0.128919
pixel: 83 105
valid: 3.67644 0.758652 0.13479
pixel: 83 106
valid: 3.67975 0.770806 0.140671
pixel: 83 107
valid: 3.68312 0.782979 0.146561
pixel: 83 108
valid: 3.68656 0.795171 0.152461
pixel: 83 109
valid: 3.69006 0.807383 0.15837
pixel: 83 110
valid: 3.69363 0.819615 0.164288
pixel: 83 111
pixel: 83 112
pixel: 83 113
pixel: 83 114
pixel: 83 115
pixel: 83 116
pixel: 83 117
pixel: 83 118
pixel: 83 119
pixel: 83 120
pixel: 83 121
pixel: 83 122
pixel: 83 123
pixel: 83 124
pixel: 83 125
pixel: 83 126
pixel: 83 127
pixel: 83 128
pixel: 83 129
pixel: 83 130
pixel: 83 131
pixel: 83 132
pixel: 83 133
pixel: 83 134
pixel: 83 135
pixel: 83 136
pixel: 83 137
pixel: 83 138
pixel: 83 139
pixel: 83 140
pixel: 83 141
pixel: 83 142
pixel: 83 143
pixel: 83 144
pixel: 83 145
pixel: 83 146
pixel: 83 147
pixel: 83 148
pixel: 83 149
pixel: 83 150
pixel: 83 151
pixel: 83 152
pixel: 83 153
pixel: 83 154
pixel: 83 155
pixel: 83 156
pixel: 83 157
pixel: 83 158
pixel: 83 159
pixel: 83 160
pixel: 83 161
pixel: 83 162
pixel: 83 163
pixel: 83 164
pixel: 83 165
pixel: 83 166
pixel: 83 167
pixel: 83 168
pixel: 83 169
pixel: 83 170
pixel: 83 171
pixel: 83 172
pixel: 83 173
pixel: 83 174
pixel: 83 175
pixel: 83 176
pixel: 83 177
pixel: 83 178
pixel: 83 179
pixel: 83 180
pixel: 83 181
pixel: 83 182
pixel: 83 183
pixel: 83 184
pixel: 83 185
pixel: 83 186
pixel: 83 187
pixel: 83 188
pixel: 83 189
pixel: 83 190
pixel: 83 191
pixel: 83 192
pixel: 83 193
pixel: 83 194
pixel: 83 195
pixel: 83 196
pixel: 83 197
pixel: 83 198
pixel: 83 199
pixel: 84 0
pixel: 84 1
pixel: 84 2
pixel: 84 3
pixel: 84 4
pixel: 84 5
pixel: 84 6
pixel: 84 7
pixel: 84 8
pixel: 84 9
pixel: 84 10
pixel: 84 11
pixel: 84 12
pixel: 84 13
pixel: 84 14
pixel: 84 15
pixel: 84 16
pixel: 84 17
pixel: 84 18
pixel: 84 19
pixel: 84 20
pixel: 84 21
pixel: 84 22
pixel: 84 23
pixel: 84 24
pixel: 84 25
pixel: 84 26
pixel: 84 27
pixel: 84 28
pixel: 84 29
pixel: 84 30
pixel: 84 31
pixel: 84 32
pixel: 84 33
pixel: 84 34
pixel: 84 35
pixel: 84 36
pixel: 84 37
pixel: 84 38
pixel: 84 39
pixel: 84 40
pixel: 84 41
pixel: 84 42
pixel: 84 43
pixel: 84 44
pixel: 84 45
pixel: 84 46
pixel: 84 47
pixel: 84 48
pixel: 84 49
pixel: 84 50
pixel: 84 51
pixel: 84 52
pixel: 84 53
pixel: 84 54
pixel: 84 55
pixel: 84 56
pixel: 84 57
pixel: 84 58
pixel: 84 59
pixel: 84 60
pixel: 84 61
pixel: 84 62
pixel: 84 63
pixel: 84 64
pixel: 84 65
pixel: 84 66
pixel: 84 67
pixel: 84 68
pixel: 84 69
pixel: 84 70
pixel: 84 71
pixel: 84 72
pixel: 84 73
pixel: 84 74
pixel: 84 75
pixel: 84 76
pixel: 84 77
pixel: 84 78
pixel: 84 79
pixel: 84 80
pixel: 84 81
valid: 3.61813 0.455298 0.00208998
pixel: 84 82
valid: 3.61993 0.466993 0.00775963
pixel: 84 83
valid: 3.62178 0.478706 0.0134382
pixel: 84 84
valid: 3.6237 0.490437 0.0191258
pixel: 84 85
valid: 3.62567 0.502187 0.0248223
pixel: 84 86
valid: 3.62771 0.513955 0.0305278
pixel: 84 87
valid: 3.62982 0.525742 0.0362424
pixel: 84 88
valid: 3.63198 0.537548 0.041966
pixel: 84 89
valid: 3.63421 0.549372 0.0476986
pixel: 84 90
valid: 3.63649 0.561216 0.0534403
pixel: 84 91
valid: 3.63885 0.573077 0.0591912
pixel: 84 92
valid: 3.64126 0.584958 0.0649511
pixel: 84 93
valid: 3.64374 0.596858 0.0707202
pixel: 84 94
valid: 3.64628 0.608776 0.0764985
pixel: 84 95
valid: 3.64888 0.620714 0.082286
pixel: 84 96
valid: 3.65155 0.63267 0.0880826
pixel: 84 97
valid: 3.65428 0.644646 0.0938886
pixel: 84 98
valid: 3.65707 0.65664 0.0997038
pixel: 84 99
valid: 3.65993 0.668654 0.105528
pixel: 84 100
valid: 3.66285 0.680687 0.111362
pixel: 84 101
valid: 3.66584 0.692739 0.117205
pixel: 84 102
valid: 3.66889 0.704811 0.123058
pixel: 84 103
valid: 3.67201 0.716901 0.128919
pixel: 84 104
valid: 3.67519 0.729012 0.134791
pixel: 84 105
valid: 3.67843 0.741141 0.140671
pixel: 84 106
valid: 3.68174 0.75329 0.146561
pixel: 84 107
valid: 3.68512 0.765459 0.152461
pixel: 84 108
valid: 3.68856 0.777647 0.15837
pixel: 84 109
valid: 3.69207 0.789854 0.164288
pixel: 84 110
valid: 3.69564 0.802082 0.170216
pixel: 84 111
valid: 3.69928 0.814329 0.176154
pixel: 84 112
pixel: 84 113
pixel: 84 114
pixel: 84 115
pixel: 84 116
pixel: 84 117
pixel: 84 118
pixel: 84 119
pixel: 84 120
pixel: 84 121
pixel: 84 122
pixel: 84 123
pixel: 84 124
pixel: 84 125
pixel: 84 126
pixel: 84 127
pixel: 84 128
pixel: 84 129
pixel: 84 130
pixel: 84 131
pixel: 84 132
pixel: 84 133
pixel: 84 134
pixel: 84 135
pixel: 84 136
pixel: 84 137
pixel: 84 138
pixel: 84 139
pixel: 84 140
pixel: 84 141
pixel: 84 142
pixel: 84 143
pixel: 84 144
pixel: 84 145
pixel: 84 146
pixel: 84 147
pixel: 84 148
pixel: 84 149
pixel: 84 150
pixel: 84 151
pixel: 84 152
pixel: 84 153
pixel: 84 154
pixel: 84 155
pixel: 84 156
pixel: 84 157
pixel: 84 158
pixel: 84 159
pixel: 84 160
pixel: 84 161
pixel: 84 162
pixel: 84 163
pixel: 84 164
pixel: 84 165
pixel: 84 166
pixel: 84 167
pixel: 84 168
pixel: 84 169
pixel: 84 170
pixel: 84 171
pixel: 84 172
pixel: 84 173
pixel: 84 174
pixel: 84 175
pixel: 84 176
pixel: 84 177
pixel: 84 178
pixel: 84 179
pixel: 84 180
pixel: 84 181
pixel: 84 182
pixel: 84 183
pixel: 84 184
pixel: 84 185
pixel: 84 186
pixel: 84 187
pixel: 84 188
pixel: 84 189
pixel: 84 190
pixel: 84 191
pixel: 84 192
pixel: 84 193
pixel: 84 194
pixel: 84 195
pixel: 84 196
pixel: 84 197
pixel: 84 198
pixel: 84 199
pixel: 85 0
pixel: 85 1
pixel: 85 2
pixel: 85 3
pixel: 85 4
pixel: 85 5
pixel: 85 6
pixel: 85 7
pixel: 85 8
pixel: 85 9
pixel: 85 10
pixel: 85 11
pixel: 85 12
pixel: 85 13
pixel: 85 14
pixel: 85 15
pixel: 85 16
pixel: 85 17
pixel: 85 18
pixel: 85 19
pixel: 85 20
pixel: 85 21
pixel: 85 22
pixel: 85 23
pixel: 85 24
pixel: 85 25
pixel: 85 26
pixel: 85 27
pixel: 85 28
pixel: 85 29
pixel: 85 30
pixel: 85 31
pixel: 85 32
pixel: 85 33
pixel: 85 34
pixel: 85 35
pixel: 85 36
pixel: 85 37
pixel: 85 38
pixel: 85 39
pixel: 85 40
pixel: 85 41
pixel: 85 42
pixel: 85 43
pixel: 85 44
pixel: 85 45
pixel: 85 46
pixel: 85 47
pixel: 85 48
pixel: 85 49
pixel: 85 50
pixel: 85 51
pixel: 85 52
pixel: 85 53
pixel: 85 54
pixel: 85 55
pixel: 85 56
pixel: 85 57
pixel: 85 58
pixel: 85 59
pixel: 85 60
pixel: 85 61
pixel: 85 62
pixel: 85 63
pixel: 85 64
pixel: 85 65
pixel: 85 66
pixel: 85 67
pixel: 85 68
pixel: 85 69
pixel: 85 70
pixel: 85 71
pixel: 85 72
pixel: 85 73
pixel: 85 74
pixel: 85 75
pixel: 85 76
pixel: 85 77
pixel: 85 78
pixel: 85 79
pixel: 85 80
valid: 3.61837 0.426194 0.00208997
pixel: 85 81
valid: 3.6201 0.437866 0.00775963
pixel: 85 82
valid: 3.6219 0.449556 0.0134382
pixel: 85 83
valid: 3.62376 0.461264 0.0191258
pixel: 85 84
valid: 3.62567 0.472991 0.0248223
pixel: 85 85
valid: 3.62766 0.484736 0.0305278
pixel: 85 86
valid: 3.6297 0.4965 0.0362424
pixel: 85 87
valid: 3.6318 0.508283 0.0419659
pixel: 85 88
valid: 3.63397 0.520084 0.0476986
pixel: 85 89
valid: 3.6362 0.531904 0.0534403
pixel: 85 90
valid: 3.63849 0.543742 0.0591912
pixel: 85 91
valid: 3.64084 0.5556 0.0649511
pixel: 85 92
valid: 3.64326 0.567476 0.0707202
pixel: 85 93
valid: 3.64574 0.579371 0.0764985
pixel: 85 94
valid: 3.64829 0.591285 0.082286
pixel: 85 95
valid: 3.65089 0.603218 0.0880826
pixel: 85 96
valid: 3.65356 0.61517 0.0938886
pixel: 85 97
valid: 3.6563 0.627141 0.0997038
pixel: 85 98
valid: 3.6591 0.639132 0.105528
pixel: 85 99
valid: 3.66196 0.651141 0.111362
pixel: 85 100
valid: 3.66489 0.66317 0.117205
pixel: 85 101
valid: 3.66788 0.675217 0.123058
pixel: 85 102
valid: 3.67093 0.687284 0.128919
pixel: 85 103
valid: 3.67405 0.699371 0.13479
pixel: 85 104
valid: 3.67724 0.711477 0.140671
pixel: 85 105
valid: 3.68049 0.723602 0.146561
pixel: 85 106
valid: 3.6838 0.735747 0.152461
pixel: 85 107
valid: 3.68718 0.747911 0.15837
pixel: 85 108
valid: 3.69063 0.760095 0.164288
pixel: 85 109
valid: 3.69414 0.772298 0.170216
pixel: 85 110
valid: 3.69772 0.784521 0.176154
pixel: 85 111
valid: 3.70136 0.796764 0.182101
pixel: 85 112
valid: 3.70507 0.809026 0.188058
pixel: 85 113
pixel: 85 114
pixel: 85 115
pixel: 85 116
pixel: 85 117
pixel: 85 118
pixel: 85 119
pixel: 85 120
pixel: 85 121
pixel: 85 122
pixel: 85 123
pixel: 85 124
pixel: 85 125
pixel: 85 126
pixel: 85 127
pixel: 85 128
pixel: 85 129
pixel: 85 130
pixel: 85 131
pixel: 85 132
pixel: 85 133
pixel: 85 134
pixel: 85 135
pixel: 85 136
pixel: 85 137
pixel: 85 138
pixel: 85 139
pixel: 85 140
pixel: 85 141
pixel: 85 142
pixel: 85 143
pixel: 85 144
pixel: 85 145
pixel: 85 146
pixel: 85 147
pixel: 85 148
pixel: 85 149
pixel: 85 150
pixel: 85 151
pixel: 85 152
pixel: 85 153
pixel: 85 154
pixel: 85 155
pixel: 85 156
pixel: 85 157
pixel: 85 158
pixel: 85 159
pixel: 85 160
pixel: 85 161
pixel: 85 162
pixel: 85 163
pixel: 85 164
pixel: 85 165
pixel: 85 166
pixel: 85 167
pixel: 85 168
pixel: 85 169
pixel: 85 170
pixel: 85 171
pixel: 85 172
pixel: 85 173
pixel: 85 174
pixel: 85 175
pixel: 85 176
pixel: 85 177
pixel: 85 178
pixel: 85 179
pixel: 85 180
pixel: 85 181
pixel: 85 182
pixel: 85 183
pixel: 85 184
pixel: 85 185
pixel: 85 186
pixel: 85 187
pixel: 85 188
pixel: 85 189
pixel: 85 190
pixel: 85 191
pixel: 85 192
pixel: 85 193
pixel: 85 194
pixel: 85 195
pixel: 85 196
pixel: 85 197
pixel: 85 198
pixel: 85 199
pixel: 86 0
pixel: 86 1
pixel: 86 2
pixel: 86 3
pixel: 86 4
pixel: 86 5
pixel: 86 6
pixel: 86 7
pixel: 86 8
pixel: 86 9
pixel: 86 10
pixel: 86 11
pixel: 86 12
pixel: 86 13
pixel: 86 14
pixel: 86 15
pixel: 86 16
pixel: 86 17
pixel: 86 18
pixel: 86 19
pixel: 86 20
pixel: 86 21
pixel: 86 22
pixel: 86 23
pixel: 86 24
pixel: 86 25
pixel: 86 26
pixel: 86 27
pixel: 86 28
pixel: 86 29
pixel: 86 30
pixel: 86 31
pixel: 86 32
pixel: 86 33
pixel: 86 34
pixel: 86 35
pixel: 86 36
pixel: 86 37
pixel: 86 38
pixel: 86 39
pixel: 86 40
pixel: 86 41
pixel: 86 42
pixel: 86 43
pixel: 86 44
pixel: 86 45
pixel: 86 46
pixel: 86 47
pixel: 86 48
pixel: 86 49
pixel: 86 50
pixel: 86 51
pixel: 86 52
pixel: 86 53
pixel: 86 54
pixel: 86 55
pixel: 86 56
pixel: 86 57
pixel: 86 58
pixel: 86 59
pixel: 86 60
pixel: 86 61
pixel: 86 62
pixel: 86 63
pixel: 86 64
pixel: 86 65
pixel: 86 66
pixel: 86 67
pixel: 86 68
pixel: 86 69
pixel: 86 70
pixel: 86 71
pixel: 86 72
pixel: 86 73
pixel: 86 74
pixel: 86 75
pixel: 86 76
pixel: 86 77
pixel: 86 78
pixel: 86 79
valid: 3.61872 0.39709 0.00208997
pixel: 86 80
valid: 3.62039 0.408738 0.00775964
pixel: 86 81
valid: 3.62213 0.420405 0.0134382
pixel: 86 82
valid: 3.62393 0.432091 0.0191258
pixel: 86 83
valid: 3.62579 0.443794 0.0248223
pixel: 86 84
valid: 3.62771 0.455517 0.0305278
pixel: 86 85
valid: 3.6297 0.467258 0.0362424
pixel: 86 86
valid: 3.63174 0.479017 0.041966
pixel: 86 87
valid: 3.63385 0.490795 0.0476986
pixel: 86 88
valid: 3.63602 0.502592 0.0534403
pixel: 86 89
valid: 3.63825 0.514407 0.0591912
pixel: 86 90
valid: 3.64055 0.526241 0.0649511
pixel: 86 91
valid: 3.64291 0.538094 0.0707202
pixel: 86 92
valid: 3.64533 0.549966 0.0764985
pixel: 86 93
valid: 3.64781 0.561857 0.082286
pixel: 86 94
valid: 3.65036 0.573766 0.0880826
pixel: 86 95
valid: 3.65297 0.585695 0.0938886
pixel: 86 96
valid: 3.65564 0.597642 0.0997037
pixel: 86 97
valid: 3.65838 0.609609 0.105528
pixel: 86 98
valid: 3.66118 0.621595 0.111362
pixel: 86 99
valid: 3.66405 0.6336 0.117205
pixel: 86 100
valid: 3.66698 0.645624 0.123058
pixel: 86 101
valid: 3.66998 0.657668 0.128919
pixel: 86 102
valid: 3.67304 0.66973 0.13479
pixel: 86 103
valid: 3.67616 0.681812 0.140671
pixel: 86 104
valid: 3.67935 0.693914 0.146561
pixel: 86 105
valid: 3.6826 0.706034 0.152461
pixel: 86 106
valid: 3.68592 0.718175 0.15837
pixel: 86 107
valid: 3.68931 0.730335 0.164288
pixel: 86 108
valid: 3.69276 0.742514 0.170216
pixel: 86 109
valid: 3.69627 0.754713 0.176154
pixel: 86 110
valid: 3.69986 0.766932 0.182101
pixel: 86 111
valid: 3.7035 0.77917 0.188058
pixel: 86 112
valid: 3.70722 0.791429 0.194024
pixel: 86 113
pixel: 86 114
pixel: 86 115
pixel: 86 116
pixel: 86 117
pixel: 86 118
pixel: 86 119
pixel: 86 120
pixel: 86 121
pixel: 86 122
pixel: 86 123
pixel: 86 124
pixel: 86 125
pixel: 86 126
pixel: 86 127
pixel: 86 128
pixel: 86 129
pixel: 86 130
pixel: 86 131
pixel: 86 132
pixel: 86 133
pixel: 86 134
pixel: 86 135
pixel: 86 136
pixel: 86 137
pixel: 86 138
pixel: 86 139
pixel: 86 140
pixel: 86 141
pixel: 86 142
pixel: 86 143
pixel: 86 144
pixel: 86 145
pixel: 86 146
pixel: 86 147
pixel: 86 148
pixel: 86 149
pixel: 86 150
pixel: 86 151
pixel: 86 152
pixel: 86 153
pixel: 86 154
pixel: 86 155
pixel: 86 156
pixel: 86 157
pixel: 86 158
pixel: 86 159
pixel: 86 160
pixel: 86 161
pixel: 86 162
pixel: 86 163
pixel: 86 164
pixel: 86 165
pixel: 86 166
pixel: 86 167
pixel: 86 168
pixel: 86 169
pixel: 86 170
pixel: 86 171
pixel: 86 172
pixel: 86 173
pixel: 86 174
pixel: 86 175
pixel: 86 176
pixel: 86 177
pixel: 86 178
pixel: 86 179
pixel: 86 180
pixel: 86 181
pixel: 86 182
pixel: 86 183
pixel: 86 184
pixel: 86 185
pixel: 86 186
pixel: 86 187
pixel: 86 188
pixel: 86 189
pixel: 86 190
pixel: 86 191
pixel: 86 192
pixel: 86 193
pixel: 86 194
pixel: 86 195
pixel: 86 196
pixel: 86 197
pixel: 86 198
pixel: 86 199
pixel: 87 0
pixel: 87 1
pixel: 87 2
pixel: 87 3
pixel: 87 4
pixel: 87 5
pixel: 87 6
pixel: 87 7
pixel: 87 8
pixel: 87 9
pixel: 87 10
pixel: 87 11
pixel: 87 12
pixel: 87 13
pixel: 87 14
pixel: 87 15
pixel: 87 16
pixel: 87 17
pixel: 87 18
pixel: 87 19
pixel: 87 20
pixel: 87 21
pixel: 87 22
pixel: 87 23
pixel: 87 24
pixel: 87 25
pixel: 87 26
pixel: 87 27
pixel: 87 28
pixel: 87 29
pixel: 87 30
pixel: 87 31
pixel: 87 32
pixel: 87 33
pixel: 87 34
pixel: 87 35
pixel: 87 36
pixel: 87 37
pixel: 87 38
pixel: 87 39
pixel: 87 40
pixel: 87 41
pixel: 87 42
pixel: 87 43
pixel: 87 44
pixel: 87 45
pixel: 87 46
pixel: 87 47
pixel: 87 48
pixel: 87 49
pixel: 87 50
pixel: 87 51
pixel: 87 52
pixel: 87 53
pixel: 87 54
pixel: 87 55
pixel: 87 56
pixel: 87 57
pixel: 87 58
pixel: 87 59
pixel: 87 60
pixel: 87 61
pixel: 87 62
pixel: 87 63
pixel: 87 64
pixel: 87 65
pixel: 87 66
pixel: 87 67
pixel: 87 68
pixel: 87 69
pixel: 87 70
pixel: 87 71
pixel: 87 72
pixel: 87 73
pixel: 87 74
pixel: 87 75
pixel: 87 76
pixel: 87 77
pixel: 87 78
valid: 3.61919 0.367985 0.00208997
pixel: 87 79
valid: 3.6208 0.379611 0.00775963
pixel: 87 80
valid: 3.62248 0.391255 0.0134382
pixel: 87 81
valid: 3.62423 0.402917 0.0191258
pixel: 87 82
valid: 3.62603 0.414598 0.0248223
pixel: 87 83
valid: 3.62789 0.426297 0.0305278
pixel: 87 84
valid: 3.62982 0.438015 0.0362424
pixel: 87 85
valid: 3.6318 0.449751 0.0419659
pixel: 87 86
valid: 3.63385 0.461506 0.0476986
pixel: 87 87
valid: 3.63596 0.47328 0.0534403
pixel: 87 88
valid: 3.63814 0.485072 0.0591911
pixel: 87 89
valid: 3.64037 0.496883 0.0649511
pixel: 87 90
valid: 3.64267 0.508712 0.0707202
pixel: 87 91
valid: 3.64503 0.520561 0.0764985
pixel: 87 92
valid: 3.64746 0.532428 0.082286
pixel: 87 93
valid: 3.64994 0.544314 0.0880826
pixel: 87 94
valid: 3.65249 0.55622 0.0938886
pixel: 87 95
valid: 3.65511 0.568144 0.0997037
pixel: 87 96
valid: 3.65779 0.580087 0.105528
pixel: 87 97
valid: 3.66053 0.592049 0.111362
pixel: 87 98
valid: 3.66333 0.60403 0.117205
pixel: 87 99
valid: 3.6662 0.616031 0.123058
pixel: 87 100
valid: 3.66914 0.628051 0.128919
pixel: 87 101
valid: 3.67214 0.64009 0.13479
pixel: 87 102
valid: 3.6752 0.652148 0.140671
pixel: 87 103
valid: 3.67833 0.664225 0.146561
pixel: 87 104
valid: 3.68152 0.676322 0.152461
pixel: 87 105
valid: 3.68478 0.688439 0.15837
pixel: 87 106
valid: 3.68811 0.700575 0.164288
pixel: 87 107
valid: 3.6915 0.71273 0.170216
pixel: 87 108
valid: 3.69495 0.724905 0.176154
pixel: 87 109
valid: 3.69847 0.7371 0.182101
pixel: 87 110
valid: 3.70206 0.749315 0.188058
pixel: 87 111
valid: 3.70571 0.761549 0.194024
pixel: 87 112
valid: 3.70943 0.773803 0.2
pixel: 87 113
valid: 3.71321 0.786076 0.205986
pixel: 87 114
pixel: 87 115
pixel: 87 116
pixel: 87 117
pixel: 87 118
pixel: 87 119
pixel: 87 120
pixel: 87 121
pixel: 87 122
pixel: 87 123
pixel: 87 124
pixel: 87 125
pixel: 87 126
pixel: 87 127
pixel: 87 128
pixel: 87 129
pixel: 87 130
pixel: 87 131
pixel: 87 132
pixel: 87 133
pixel: 87 134
pixel: 87 135
pixel: 87 136
pixel: 87 137
pixel: 87 138
pixel: 87 139
pixel: 87 140
pixel: 87 141
pixel: 87 142
pixel: 87 143
pixel: 87 144
pixel: 87 145
pixel: 87 146
pixel: 87 147
pixel: 87 148
pixel: 87 149
pixel: 87 150
pixel: 87 151
pixel: 87 152
pixel: 87 153
pixel: 87 154
pixel: 87 155
pixel: 87 156
pixel: 87 157
pixel: 87 158
pixel: 87 159
pixel: 87 160
pixel: 87 161
pixel: 87 162
pixel: 87 163
pixel: 87 164
pixel: 87 165
pixel: 87 166
pixel: 87 167
pixel: 87 168
pixel: 87 169
pixel: 87 170
pixel: 87 171
pixel: 87 172
pixel: 87 173
pixel: 87 174
pixel: 87 175
pixel: 87 176
pixel: 87 177
pixel: 87 178
pixel: 87 179
pixel: 87 180
pixel: 87 181
pixel: 87 182
pixel: 87 183
pixel: 87 184
pixel: 87 185
pixel: 87 186
pixel: 87 187
pixel: 87 188
pixel: 87 189
pixel: 87 190
pixel: 87 191
pixel: 87 192
pixel: 87 193
pixel: 87 194
pixel: 87 195
pixel: 87 196
pixel: 87 197
pixel: 87 198
pixel: 87 199
pixel: 88 0
pixel: 88 1
pixel: 88 2
pixel: 88 3
pixel: 88 4
pixel: 88 5
pixel: 88 6
pixel: 88 7
pixel: 88 8
pixel: 88 9
pixel: 88 10
pixel: 88 11
pixel: 88 12
pixel: 88 13
pixel: 88 14
pixel: 88 15
pixel: 88 16
pixel: 88 17
pixel: 88 18
pixel: 88 19
pixel: 88 20
pixel: 88 21
pixel: 88 22
pixel: 88 23
pixel: 88 24
pixel: 88 25
pixel: 88 26
pixel: 88 27
pixel: 88 28
pixel: 88 29
pixel: 88 30
pixel: 88 31
pixel: 88 32
pixel: 88 33
pixel: 88 34
pixel: 88 35
pixel: 88 36
pixel: 88 37
pixel: 88 38
pixel: 88 39
pixel: 88 40
pixel: 88 41
pixel: 88 42
pixel: 88 43
pixel: 88 44
pixel: 88 45
pixel: 88 46
pixel: 88 47
pixel: 88 48
pixel: 88 49
pixel: 88 50
pixel: 88 51
pixel: 88 52
pixel: 88 53
pixel: 88 54
pixel: 88 55
pixel: 88 56
pixel: 88 57
pixel: 88 58
pixel: 88 59
pixel: 88 60
pixel: 88 61
pixel: 88 62
pixel: 88 63
pixel: 88 64
pixel: 88 65
pixel: 88 66
pixel: 88 67
pixel: 88 68
pixel: 88 69
pixel: 88 70
pixel: 88 71
pixel: 88 72
pixel: 88 73
pixel: 88 74
pixel: 88 75
pixel: 88 76
pixel: 88 77
valid: 3.61977 0.338881 0.00208991
pixel: 88 78
valid: 3.62133 0.350484 0.00775964
pixel: 88 79
valid: 3.62295 0.362105 0.0134382
pixel: 88 80
valid: 3.62464 0.373744 0.0191258
pixel: 88 81
valid: 3.62638 0.385402 0.0248223
pixel: 88 82
valid: 3.62819 0.397078 0.0305278
pixel: 88 83
valid: 3.63005 0.408773 0.0362424
pixel: 88 84
valid: 3.63198 0.420486 0.041966
pixel: 88 85
valid: 3.63397 0.432218 0.0476986
pixel: 88 86
valid: 3.63602 0.443968 0.0534403
pixel: 88 87
valid: 3.63814 0.455737 0.0591911
pixel: 88 88
valid: 3.64031 0.467524 0.0649511
pixel: 88 89
valid: 3.64255 0.479331 0.0707202
pixel: 88 90
valid: 3.64485 0.491156 0.0764985
pixel: 88 91
valid: 3.64722 0.503 0.082286
pixel: 88 92
valid: 3.64965 0.514863 0.0880826
pixel: 88 93
valid: 3.65214 0.526744 0.0938885
pixel: 88 94
valid: 3.65469 0.538645 0.0997037
pixel: 88 95
valid: 3.65731 0.550564 0.105528
pixel: 88 96
valid: 3.65999 0.562503 0.111362
pixel: 88 97
valid: 3.66274 0.574461 0.117205
pixel: 88 98
valid: 3.66555 0.586438 0.123057
pixel: 88 99
valid: 3.66842 0.598434 0.128919
pixel: 88 100
valid: 3.67136 0.610449 0.134791
pixel: 88 101
valid: 3.67436 0.622483 0.140671
pixel: 88 102
valid: 3.67743 0.634537 0.146561
pixel: 88 103
valid: 3.68057 0.64661 0.152461
pixel: 88 104
valid: 3.68376 0.658703 0.15837
pixel: 88 105
valid: 3.68703 0.670815 0.164288
pixel: 88 106
valid: 3.69035 0.682947 0.170216
pixel: 88 107
valid: 3.69375 0.695098 0.176154
pixel: 88 108
valid: 3.69721 0.707268 0.182101
pixel: 88 109
valid: 3.70073 0.719459 0.188058
pixel: 88 110
valid: 3.70432 0.731669 0.194024
pixel: 88 111
valid: 3.70798 0.743898 0.2
pixel: 88 112
valid: 3.71171 0.756148 0.205986
pixel: 88 113
valid: 3.7155 0.768417 0.211981
pixel: 88 114
valid: 3.71935 0.780706 0.217986
pixel: 88 115
pixel: 88 116
pixel: 88 117
pixel: 88 118
pixel: 88 119
pixel: 88 120
pixel: 88 121
pixel: 88 122
pixel: 88 123
pixel: 88 124
pixel: 88 125
pixel: 88 126
pixel: 88 127
pixel: 88 128
pixel: 88 129
pixel: 88 130
pixel: 88 131
pixel: 88 132
pixel: 88 133
pixel: 88 134
pixel: 88 135
pixel: 88 136
pixel: 88 137
pixel: 88 138
pixel: 88 139
pixel: 88 140
pixel: 88 141
pixel: 88 142
pixel: 88 143
pixel: 88 144
pixel: 88 145
pixel: 88 146
pixel: 88 147
pixel: 88 148
pixel: 88 149
pixel: 88 150
pixel: 88 151
pixel: 88 152
pixel: 88 153
pixel: 88 154
pixel: 88 155
pixel: 88 156
pixel: 88 157
pixel: 88 158
pixel: 88 159
pixel: 88 160
pixel: 88 161
pixel: 88 162
pixel: 88 163
pixel: 88 164
pixel: 88 165
pixel: 88 166
pixel: 88 167
pixel: 88 168
pixel: 88 169
pixel: 88 170
pixel: 88 171
pixel: 88 172
pixel: 88 173
pixel: 88 174
pixel: 88 175
pixel: 88 176
pixel: 88 177
pixel: 88 178
pixel: 88 179
pixel: 88 180
pixel: 88 181
pixel: 88 182
pixel: 88 183
pixel: 88 184
pixel: 88 185
pixel: 88 186
pixel: 88 187
pixel: 88 188
pixel: 88 189
pixel: 88 190
pixel: 88 191
pixel: 88 192
pixel: 88 193
pixel: 88 194
pixel: 88 195
pixel: 88 196
pixel: 88 197
pixel: 88 198
pixel: 88 199
pixel: 89 0
pixel: 89 1
pixel: 89 2
pixel: 89 3
pixel: 89 4
pixel: 89 5
pixel: 89 6
pixel: 89 7
pixel: 89 8
pixel: 89 9
pixel: 89 10
pixel: 89 11
pixel: 89 12
pixel: 89 13
pixel: 89 14
pixel: 89 15
pixel: 89 16
pixel: 89 17
pixel: 89 18
pixel: 89 19
pixel: 89 20
pixel: 89 21
pixel: 89 22
pixel: 89 23
pixel: 89 24
pixel: 89 25
pixel: 89 26
pixel: 89 27
pixel: 89 28
pixel: 89 29
pixel: 89 30
pixel: 89 31
pixel: 89 32
pixel: 89 33
pixel: 89 34
pixel: 89 35
pixel: 89 36
pixel: 89 37
pixel: 89 38
pixel: 89 39
pixel: 89 40
pixel: 89 41
pixel: 89 42
pixel: 89 43
pixel: 89 44
pixel: 89 45
pixel: 89 46
pixel: 89 47
pixel: 89 48
pixel: 89 49
pixel: 89 50
pixel: 89 51
pixel: 89 52
pixel: 89 53
pixel: 89 54
pixel: 89 55
pixel: 89 56
pixel: 89 57
pixel: 89 58
pixel: 89 59
pixel: 89 60
pixel: 89 61
pixel: 89 62
pixel: 89 63
pixel: 89 64
pixel: 89 65
pixel: 89 66
pixel: 89 67
pixel: 89 68
pixel: 89 69
pixel: 89 70
pixel: 89 71
pixel: 89 72
pixel: 89 73
pixel: 89 74
pixel: 89 75
pixel: 89 76
valid: 3.62047 0.309776 0.00208991
pixel: 89 77
valid: 3.62198 0.321356 0.00775958
pixel: 89 78
valid: 3.62354 0.332954 0.0134382
pixel: 89 79
valid: 3.62516 0.344571 0.0191258
pixel: 89 80
valid: 3.62685 0.356206 0.0248223
pixel: 89 81
valid: 3.6286 0.367859 0.0305278
pixel: 89 82
valid: 3.6304 0.37953 0.0362424
pixel: 89 83
valid: 3.63227 0.39122 0.041966
pixel: 89 84
valid: 3.63421 0.402929 0.0476986
pixel: 89 85
valid: 3.6362 0.414656 0.0534403
pixel: 89 86
valid: 3.63825 0.426402 0.0591912
pixel: 89 87
valid: 3.64037 0.438166 0.0649511
pixel: 89 88
valid: 3.64255 0.449949 0.0707202
pixel: 89 89
valid: 3.64479 0.461751 0.0764985
pixel: 89 90
valid: 3.6471 0.473571 0.082286
pixel: 89 91
valid: 3.64947 0.485411 0.0880826
pixel: 89 92
valid: 3.6519 0.497269 0.0938886
pixel: 89 93
valid: 3.65439 0.509146 0.0997037
pixel: 89 94
valid: 3.65695 0.521042 0.105528
pixel: 89 95
valid: 3.65957 0.532957 0.111362
pixel: 89 96
valid: 3.66226 0.544891 0.117205
pixel: 89 97
valid: 3.66501 0.556844 0.123058
pixel: 89 98
valid: 3.66782 0.568817 0.128919
pixel: 89 99
valid: 3.6707 0.580808 0.13479
pixel: 89 100
valid: 3.67365 0.592819 0.140671
pixel: 89 101
valid: 3.67665 0.604849 0.146561
pixel: 89 102
valid: 3.67973 0.616898 0.152461
pixel: 89 103
valid: 3.68286 0.628967 0.15837
pixel: 89 104
valid: 3.68607 0.641055 0.164288
pixel: 89 105
valid: 3.68933 0.653163 0.170216
pixel: 89 106
valid: 3.69267 0.66529 0.176154
pixel: 89 107
valid: 3.69606 0.677436 0.182101
pixel: 89 108
valid: 3.69953 0.689603 0.188058
pixel: 89 109
valid: 3.70306 0.701789 0.194024
pixel: 89 110
valid: 3.70666 0.713994 0.2
pixel: 89 111
valid: 3.71032 0.726219 0.205986
pixel: 89 112
valid: 3.71405 0.738465 0.211981
pixel: 89 113
valid: 3.71784 0.75073 0.217986
pixel: 89 114
valid: 3.7217 0.763014 0.224001
pixel: 89 115
pixel: 89 116
pixel: 89 117
pixel: 89 118
pixel: 89 119
pixel: 89 120
pixel: 89 121
pixel: 89 122
pixel: 89 123
pixel: 89 124
pixel: 89 125
pixel: 89 126
pixel: 89 127
pixel: 89 128
pixel: 89 129
pixel: 89 130
pixel: 89 131
pixel: 89 132
pixel: 89 133
pixel: 89 134
pixel: 89 135
pixel: 89 136
pixel: 89 137
pixel: 89 138
pixel: 89 139
pixel: 89 140
pixel: 89 141
pixel: 89 142
pixel: 89 143
pixel: 89 144
pixel: 89 145
pixel: 89 146
pixel: 89 147
pixel: 89 148
pixel: 89 149
pixel: 89 150
pixel: 89 151
pixel: 89 152
pixel: 89 153
pixel: 89 154
pixel: 89 155
pixel: 89 156
pixel: 89 157
pixel: 89 158
pixel: 89 159
pixel: 89 160
pixel: 89 161
pixel: 89 162
pixel: 89 163
pixel: 89 164
pixel: 89 165
pixel: 89 166
pixel: 89 167
pixel: 89 168
pixel: 89 169
pixel: 89 170
pixel: 89 171
pixel: 89 172
pixel: 89 173
pixel: 89 174
pixel: 89 175
pixel: 89 176
pixel: 89 177
pixel: 89 178
pixel: 89 179
pixel: 89 180
pixel: 89 181
pixel: 89 182
pixel: 89 183
pixel: 89 184
pixel: 89 185
pixel: 89 186
pixel: 89 187
pixel: 89 188
pixel: 89 189
pixel: 89 190
pixel: 89 191
pixel: 89 192
pixel: 89 193
pixel: 89 194
pixel: 89 195
pixel: 89 196
pixel: 89 197
pixel: 89 198
pixel: 89 199
pixel: 90 0
pixel: 90 1
pixel: 90 2
pixel: 90 3
pixel: 90 4
pixel: 90 5
pixel: 90 6
pixel: 90 7
pixel: 90 8
pixel: 90 9
pixel: 90 10
pixel: 90 11
pixel: 90 12
pixel: 90 13
pixel: 90 14
pixel: 90 15
pixel: 90 16
pixel: 90 17
pixel: 90 18
pixel: 90 19
pixel: 90 20
pixel: 90 21
pixel: 90 22
pixel: 90 23
pixel: 90 24
pixel: 90 25
pixel: 90 26
pixel: 90 27
pixel: 90 28
pixel: 90 29
pixel: 90 30
pixel: 90 31
pixel: 90 32
pixel: 90 33
pixel: 90 34
pixel: 90 35
pixel: 90 36
pixel: 90 37
pixel: 90 38
pixel: 90 39
pixel: 90 40
pixel: 90 41
pixel: 90 42
pixel: 90 43
pixel: 90 44
pixel: 90 45
pixel: 90 46
pixel: 90 47
pixel: 90 48
pixel: 90 49
pixel: 90 50
pixel: 90 51
pixel: 90 52
pixel: 90 53
pixel: 90 54
pixel: 90 55
pixel: 90 56
pixel: 90 57
pixel: 90 58
pixel: 90 59
pixel: 90 60
pixel: 90 61
pixel: 90 62
pixel: 90 63
pixel: 90 64
pixel: 90 65
pixel: 90 66
pixel: 90 67
pixel: 90 68
pixel: 90 69
pixel: 90 70
pixel: 90 71
pixel: 90 72
pixel: 90 73
pixel: 90 74
pixel: 90 75
valid: 3.62129 0.280672 0.00208989
pixel: 90 76
valid: 3.62274 0.292229 0.00775957
pixel: 90 77
valid: 3.62424 0.303804 0.0134382
pixel: 90 78
valid: 3.62581 0.315398 0.0191258
pixel: 90 79
valid: 3.62744 0.327009 0.0248223
pixel: 90 80
valid: 3.62913 0.33864 0.0305278
pixel: 90 81
valid: 3.63088 0.350288 0.0362424
pixel: 90 82
valid: 3.63269 0.361955 0.041966
pixel: 90 83
valid: 3.63456 0.37364 0.0476986
pixel: 90 84
valid: 3.63649 0.385344 0.0534403
pixel: 90 85
valid: 3.63849 0.397067 0.0591912
pixel: 90 86
valid: 3.64055 0.408808 0.0649511
pixel: 90 87
valid: 3.64267 0.420567 0.0707202
pixel: 90 88
valid: 3.64485 0.432346 0.0764985
pixel: 90 89
valid: 3.6471 0.444143 0.082286
pixel: 90 90
valid: 3.64941 0.455959 0.0880826
pixel: 90 91
valid: 3.65178 0.467793 0.0938886
pixel: 90 92
valid: 3.65421 0.479647 0.0997037
pixel: 90 93
valid: 3.65671 0.49152 0.105528
pixel: 90 94
valid: 3.65928 0.503411 0.111362
pixel: 90 95
valid: 3.6619 0.515321 0.117205
pixel: 90 96
valid: 3.66459 0.527251 0.123057
pixel: 90 97
valid: 3.66735 0.5392 0.128919
pixel: 90 98
valid: 3.67016 0.551168 0.13479
pixel: 90 99
valid: 3.67305 0.563154 0.140671
pixel: 90 100
valid: 3.67599 0.575161 0.146561
pixel: 90 101
valid: 3.67901 0.587186 0.152461
pixel: 90 102
valid: 3.68208 0.599231 0.15837
pixel: 90 103
valid: 3.68522 0.611295 0.164288
pixel: 90 104
valid: 3.68843 0.623379 0.170216
pixel: 90 105
valid: 3.6917 0.635482 0.176154
pixel: 90 106
valid: 3.69504 0.647605 0.182101
pixel: 90 107
valid: 3.69845 0.659747 0.188058
pixel: 90 108
valid: 3.70191 0.671908 0.194024
pixel: 90 109
valid: 3.70545 0.68409 0.2
pixel: 90 110
valid: 3.70905 0.696291 0.205986
pixel: 90 111
valid: 3.71272 0.708512 0.211981
pixel: 90 112
valid: 3.71645 0.720753 0.217986
pixel: 90 113
valid: 3.72025 0.733013 0.224001
pixel: 90 114
valid: 3.72412 0.745294 0.230026
pixel: 90 115
valid: 3.72805 0.757594 0.23606
pixel: 90 116
pixel: 90 117
pixel: 90 118
pixel: 90 119
pixel: 90 120
pixel: 90 121
pixel: 90 122
pixel: 90 123
pixel: 90 124
pixel: 90 125
pixel: 90 126
pixel: 90 127
pixel: 90 128
pixel: 90 129
pixel: 90 130
pixel: 90 131
pixel: 90 132
pixel: 90 133
pixel: 90 134
pixel: 90 135
pixel: 90 136
pixel: 90 137
pixel: 90 138
pixel: 90 139
pixel: 90 140
pixel: 90 141
pixel: 90 142
pixel: 90 143
pixel: 90 144
pixel: 90 145
pixel: 90 146
pixel: 90 147
pixel: 90 148
pixel: 90 149
pixel: 90 150
pixel: 90 151
pixel: 90 152
pixel: 90 153
pixel: 90 154
pixel: 90 155
pixel: 90 156
pixel: 90 157
pixel: 90 158
pixel: 90 159
pixel: 90 160
pixel: 90 161
pixel: 90 162
pixel: 90 163
pixel: 90 164
pixel: 90 165
pixel: 90 166
pixel: 90 167
pixel: 90 168
pixel: 90 169
pixel: 90 170
pixel: 90 171
pixel: 90 172
pixel: 90 173
pixel: 90 174
pixel: 90 175
pixel: 90 176
pixel: 90 177
pixel: 90 178
pixel: 90 179
pixel: 90 180
pixel: 90 181
pixel: 90 182
pixel: 90 183
pixel: 90 184
pixel: 90 185
pixel: 90 186
pixel: 90 187
pixel: 90 188
pixel: 90 189
pixel: 90 190
pixel: 90 191
pixel: 90 192
pixel: 90 193
pixel: 90 194
pixel: 90 195
pixel: 90 196
pixel: 90 197
pixel: 90 198
pixel: 90 199
pixel: 91 0
pixel: 91 1
pixel: 91 2
pixel: 91 3
pixel: 91 4
pixel: 91 5
pixel: 91 6
pixel: 91 7
pixel: 91 8
pixel: 91 9
pixel: 91 10
pixel: 91 11
pixel: 91 12
pixel: 91 13
pixel: 91 14
pixel: 91 15
pixel: 91 16
pixel: 91 17
pixel: 91 18
pixel: 91 19
pixel: 91 20
pixel: 91 21
pixel: 91 22
pixel: 91 23
pixel: 91 24
pixel: 91 25
pixel: 91 26
pixel: 91 27
pixel: 91 28
pixel: 91 29
pixel: 91 30
pixel: 91 31
pixel: 91 32
pixel: 91 33
pixel: 91 34
pixel: 91 35
pixel: 91 36
pixel: 91 37
pixel: 91 38
pixel: 91 39
pixel: 91 40
pixel: 91 41
pixel: 91 42
pixel: 91 43
pixel: 91 44
pixel: 91 45
pixel: 91 46
pixel: 91 47
pixel: 91 48
pixel: 91 49
pixel: 91 50
pixel: 91 51
pixel: 91 52
pixel: 91 53
pixel: 91 54
pixel: 91 55
pixel: 91 56
pixel: 91 57
pixel: 91 58
pixel: 91 59
pixel: 91 60
pixel: 91 61
pixel: 91 62
pixel: 91 63
pixel: 91 64
pixel: 91 65
pixel: 91 66
pixel: 91 67
pixel: 91 68
pixel: 91 69
pixel: 91 70
pixel: 91 71
pixel: 91 72
pixel: 91 73
pixel: 91 74
valid: 3.62223 0.251567 0.00208994
pixel: 91 75
valid: 3.62361 0.263101 0.00775959
pixel: 91 76
valid: 3.62506 0.274654 0.0134382
pixel: 91 77
valid: 3.62657 0.286224 0.0191258
pixel: 91 78
valid: 3.62814 0.297813 0.0248223
pixel: 91 79
valid: 3.62977 0.30942 0.0305279
pixel: 91 80
valid: 3.63146 0.321045 0.0362424
pixel: 91 81
valid: 3.63322 0.332689 0.041966
pixel: 91 82
valid: 3.63503 0.344351 0.0476986
pixel: 91 83
valid: 3.63691 0.356032 0.0534404
pixel: 91 84
valid: 3.63884 0.367731 0.0591912
pixel: 91 85
valid: 3.64084 0.379449 0.0649511
pixel: 91 86
valid: 3.64291 0.391185 0.0707203
pixel: 91 87
valid: 3.64503 0.40294 0.0764985
pixel: 91 88
valid: 3.64722 0.414714 0.082286
pixel: 91 89
valid: 3.64947 0.426507 0.0880827
pixel: 91 90
valid: 3.65178 0.438318 0.0938886
pixel: 91 91
valid: 3.65416 0.450148 0.0997038
pixel: 91 92
valid: 3.65659 0.461997 0.105528
pixel: 91 93
valid: 3.6591 0.473865 0.111362
pixel: 91 94
valid: 3.66166 0.485752 0.117205
pixel: 91 95
valid: 3.66429 0.497658 0.123057
pixel: 91 96
valid: 3.66699 0.509583 0.128919
pixel: 91 97
valid: 3.66974 0.521527 0.134791
pixel: 91 98
valid: 3.67257 0.53349 0.140671
pixel: 91 99
valid: 3.67545 0.545472 0.146561
pixel: 91 100
valid: 3.67841 0.557474 0.152461
pixel: 91 101
valid: 3.68142 0.569495 0.15837
pixel: 91 102
valid: 3.6845 0.581535 0.164288
pixel: 91 103
valid: 3.68765 0.593595 0.170216
pixel: 91 104
valid: 3.69086 0.605674 0.176154
pixel: 91 105
valid: 3.69414 0.617772 0.182101
pixel: 91 106
valid: 3.69748 0.629891 0.188058
pixel: 91 107
valid: 3.70089 0.642028 0.194024
pixel: 91 108
valid: 3.70436 0.654186 0.2
pixel: 91 109
valid: 3.7079 0.666363 0.205986
pixel: 91 110
valid: 3.71151 0.678559 0.211981
pixel: 91 111
valid: 3.71518 0.690776 0.217986
pixel: 91 112
valid: 3.71892 0.703012 0.224001
pixel: 91 113
valid: 3.72272 0.715268 0.230026
pixel: 91 114
valid: 3.7266 0.727544 0.23606
pixel: 91 115
valid: 3.73053 0.73984 0.242104
pixel: 91 116
pixel: 91 117
pixel: 91 118
pixel: 91 119
pixel: 91 120
pixel: 91 121
pixel: 91 122
pixel: 91 123
pixel: 91 124
pixel: 91 125
pixel: 91 126
pixel: 91 127
pixel: 91 128
pixel: 91 129
pixel: 91 130
pixel: 91 131
pixel: 91 132
pixel: 91 133
pixel: 91 134
pixel: 91 135
pixel: 91 136
pixel: 91 137
pixel: 91 138
pixel: 91 139
pixel: 91 140
pixel: 91 141
pixel: 91 142
pixel: 91 143
pixel: 91 144
pixel: 91 145
pixel: 91 146
pixel: 91 147
pixel: 91 148
pixel: 91 149
pixel: 91 150
pixel: 91 151
pixel: 91 152
pixel: 91 153
pixel: 91 154
pixel: 91 155
pixel: 91 156
pixel: 91 157
pixel: 91 158
pixel: 91 159
pixel: 91 160
pixel: 91 161
pixel: 91 162
pixel: 91 163
pixel: 91 164
pixel: 91 165
pixel: 91 166
pixel: 91 167
pixel: 91 168
pixel: 91 169
pixel: 91 170
pixel: 91 171
pixel: 91 172
pixel: 91 173
pixel: 91 174
pixel: 91 175
pixel: 91 176
pixel: 91 177
pixel: 91 178
pixel: 91 179
pixel: 91 180
pixel: 91 181
pixel: 91 182
pixel: 91 183
pixel: 91 184
pixel: 91 185
pixel: 91 186
pixel: 91 187
pixel: 91 188
pixel: 91 189
pixel: 91 190
pixel: 91 191
pixel: 91 192
pixel: 91 193
pixel: 91 194
pixel: 91 195
pixel: 91 196
pixel: 91 197
pixel: 91 198
pixel: 91 199
pixel: 92 0
pixel: 92 1
pixel: 92 2
pixel: 92 3
pixel: 92 4
pixel: 92 5
pixel: 92 6
pixel: 92 7
pixel: 92 8
pixel: 92 9
pixel: 92 10
pixel: 92 11
pixel: 92 12
pixel: 92 13
pixel: 92 14
pixel: 92 15
pixel: 92 16
pixel: 92 17
pixel: 92 18
pixel: 92 19
pixel: 92 20
pixel: 92 21
pixel: 92 22
pixel: 92 23
pixel: 92 24
pixel: 92 25
pixel: 92 26
pixel: 92 27
pixel: 92 28
pixel: 92 29
pixel: 92 30
pixel: 92 31
pixel: 92 32
pixel: 92 33
pixel: 92 34
pixel: 92 35
pixel: 92 36
pixel: 92 37
pixel: 92 38
pixel: 92 39
pixel: 92 40
pixel: 92 41
pixel: 92 42
pixel: 92 43
pixel: 92 44
pixel: 92 45
pixel: 92 46
pixel: 92 47
pixel: 92 48
pixel: 92 49
pixel: 92 50
pixel: 92 51
pixel: 92 52
pixel: 92 53
pixel: 92 54
pixel: 92 55
pixel: 92 56
pixel: 92 57
pixel: 92 58
pixel: 92 59
pixel: 92 60
pixel: 92 61
pixel: 92 62
pixel: 92 63
pixel: 92 64
pixel: 92 65
pixel: 92 66
pixel: 92 67
pixel: 92 68
pixel: 92 69
pixel: 92 70
pixel: 92 71
pixel: 92 72
pixel: 92 73
valid: 3.62328 0.222463 0.00208993
pixel: 92 74
valid: 3.62461 0.233974 0.0077596
pixel: 92 75
valid: 3.626 0.245504 0.0134382
pixel: 92 76
valid: 3.62745 0.257051 0.0191257
pixel: 92 77
valid: 3.62896 0.268617 0.0248223
pixel: 92 78
valid: 3.63054 0.280201 0.0305279
pixel: 92 79
valid: 3.63217 0.291803 0.0362424
pixel: 92 80
valid: 3.63387 0.303424 0.041966
pixel: 92 81
valid: 3.63562 0.315063 0.0476986
pixel: 92 82
valid: 3.63744 0.32672 0.0534404
pixel: 92 83
valid: 3.63932 0.338396 0.0591912
pixel: 92 84
valid: 3.64126 0.350091 0.0649511
pixel: 92 85
valid: 3.64326 0.361804 0.0707202
pixel: 92 86
valid: 3.64533 0.373535 0.0764985
pixel: 92 87
valid: 3.64746 0.385286 0.082286
pixel: 92 88
valid: 3.64965 0.397055 0.0880827
pixel: 92 89
valid: 3.6519 0.408843 0.0938886
pixel: 92 90
valid: 3.65422 0.420649 0.0997038
pixel: 92 91
valid: 3.65659 0.432475 0.105528
pixel: 92 92
valid: 3.65904 0.444319 0.111362
pixel: 92 93
valid: 3.66154 0.456182 0.117205
pixel: 92 94
valid: 3.66411 0.468064 0.123057
pixel: 92 95
valid: 3.66675 0.479966 0.128919
pixel: 92 96
valid: 3.66945 0.491886 0.13479
pixel: 92 97
valid: 3.67221 0.503826 0.140671
pixel: 92 98
valid: 3.67503 0.515784 0.146561
pixel: 92 99
valid: 3.67793 0.527762 0.152461
pixel: 92 100
valid: 3.68088 0.539759 0.15837
pixel: 92 101
valid: 3.6839 0.551775 0.164288
pixel: 92 102
valid: 3.68699 0.563811 0.170216
pixel: 92 103
valid: 3.69014 0.575866 0.176154
pixel: 92 104
valid: 3.69336 0.587941 0.182101
pixel: 92 105
valid: 3.69664 0.600035 0.188058
pixel: 92 106
valid: 3.69998 0.612148 0.194024
pixel: 92 107
valid: 3.7034 0.624281 0.2
pixel: 92 108
valid: 3.70688 0.636434 0.205986
pixel: 92 109
valid: 3.71042 0.648607 0.211981
pixel: 92 110
valid: 3.71403 0.660799 0.217986
pixel: 92 111
valid: 3.71771 0.673011 0.224001
pixel: 92 112
valid: 3.72145 0.685243 0.230026
pixel: 92 113
valid: 3.72526 0.697494 0.23606
pixel: 92 114
valid: 3.72914 0.709766 0.242104
pixel: 92 115
valid: 3.73308 0.722057 0.248158
pixel: 92 116
valid: 3.73709 0.734369 0.254222
pixel: 92 117
pixel: 92 118
pixel: 92 119
pixel: 92 120
pixel: 92 121
pixel: 92 122
pixel: 92 123
pixel: 92 124
pixel: 92 125
pixel: 92 126
pixel: 92 127
pixel: 92 128
pixel: 92 129
pixel: 92 130
pixel: 92 131
pixel: 92 132
pixel: 92 133
pixel: 92 134
pixel: 92 135
pixel: 92 136
pixel: 92 137
pixel: 92 138
pixel: 92 139
pixel: 92 140
pixel: 92 141
pixel: 92 142
pixel: 92 143
pixel: 92 144
pixel: 92 145
pixel: 92 146
pixel: 92 147
pixel: 92 148
pixel: 92 149
pixel: 92 150
pixel: 92 151
pixel: 92 152
pixel: 92 153
pixel: 92 154
pixel: 92 155
pixel: 92 156
pixel: 92 157
pixel: 92 158
pixel: 92 159
pixel: 92 160
pixel: 92 161
pixel: 92 162
pixel: 92 163
pixel: 92 164
pixel: 92 165
pixel: 92 166
pixel: 92 167
pixel: 92 168
pixel: 92 169
pixel: 92 170
pixel: 92 171
pixel: 92 172
pixel: 92 173
pixel: 92 174
pixel: 92 175
pixel: 92 176
pixel: 92 177
pixel: 92 178
pixel: 92 179
pixel: 92 180
pixel: 92 181
pixel: 92 182
pixel: 92 183
pixel: 92 184
pixel: 92 185
pixel: 92 186
pixel: 92 187
pixel: 92 188
pixel: 92 189
pixel: 92 190
pixel: 92 191
pixel: 92 192
pixel: 92 193
pixel: 92 194
pixel: 92 195
pixel: 92 196
pixel: 92 197
pixel: 92 198
pixel: 92 199
pixel: 93 0
pixel: 93 1
pixel: 93 2
pixel: 93 3
pixel: 93 4
pixel: 93 5
pixel: 93 6
pixel: 93 7
pixel: 93 8
pixel: 93 9
pixel: 93 10
pixel: 93 11
pixel: 93 12
pixel: 93 13
pixel: 93 14
pixel: 93 15
pixel: 93 16
pixel: 93 17
pixel: 93 18
pixel: 93 19
pixel: 93 20
pixel: 93 21
pixel: 93 22
pixel: 93 23
pixel: 93 24
pixel: 93 25
pixel: 93 26
pixel: 93 27
pixel: 93 28
pixel: 93 29
pixel: 93 30
pixel: 93 31
pixel: 93 32
pixel: 93 33
pixel: 93 34
pixel: 93 35
pixel: 93 36
pixel: 93 37
pixel: 93 38
pixel: 93 39
pixel: 93 40
pixel: 93 41
pixel: 93 42
pixel: 93 43
pixel: 93 44
pixel: 93 45
pixel: 93 46
pixel: 93 47
pixel: 93 48
pixel: 93 49
pixel: 93 50
pixel: 93 51
pixel: 93 52
pixel: 93 53
pixel: 93 54
pixel: 93 55
pixel: 93 56
pixel: 93 57
pixel: 93 58
pixel: 93 59
pixel: 93 60
pixel: 93 61
pixel: 93 62
pixel: 93 63
pixel: 93 64
pixel: 93 65
pixel: 93 66
pixel: 93 67
pixel: 93 68
pixel: 93 69
pixel: 93 70
pixel: 93 71
pixel: 93 72
valid: 3.62445 0.193359 0.00208994
pixel: 93 73
valid: 3.62572 0.204847 0.00775961
pixel: 93 74
valid: 3.62706 0.216353 0.0134382
pixel: 93 75
valid: 3.62845 0.227878 0.0191258
pixel: 93 76
valid: 3.6299 0.23942 0.0248223
pixel: 93 77
valid: 3.63142 0.250981 0.0305278
pixel: 93 78
valid: 3.63299 0.262561 0.0362424
pixel: 93 79
valid: 3.63463 0.274158 0.041966
pixel: 93 80
valid: 3.63633 0.285774 0.0476986
pixel: 93 81
valid: 3.63809 0.297408 0.0534404
pixel: 93 82
valid: 3.63991 0.309061 0.0591912
pixel: 93 83
valid: 3.64179 0.320732 0.0649511
pixel: 93 84
valid: 3.64374 0.332422 0.0707202
pixel: 93 85
valid: 3.64574 0.34413 0.0764985
pixel: 93 86
valid: 3.64781 0.355857 0.082286
pixel: 93 87
valid: 3.64994 0.367603 0.0880827
pixel: 93 88
valid: 3.65214 0.379367 0.0938886
pixel: 93 89
valid: 3.65439 0.39115 0.0997038
pixel: 93 90
valid: 3.65671 0.402952 0.105528
pixel: 93 91
valid: 3.6591 0.414773 0.111362
pixel: 93 92
valid: 3.66154 0.426613 0.117205
pixel: 93 93
valid: 3.66405 0.438471 0.123057
pixel: 93 94
valid: 3.66663 0.450349 0.128919
pixel: 93 95
valid: 3.66927 0.462245 0.13479
pixel: 93 96
valid: 3.67197 0.474161 0.140671
pixel: 93 97
valid: 3.67473 0.486096 0.146561
pixel: 93 98
valid: 3.67757 0.49805 0.152461
pixel: 93 99
valid: 3.68046 0.510023 0.15837
pixel: 93 100
valid: 3.68342 0.522016 0.164288
pixel: 93 101
valid: 3.68645 0.534027 0.170216
pixel: 93 102
valid: 3.68954 0.546058 0.176154
pixel: 93 103
valid: 3.69269 0.558109 0.182101
pixel: 93 104
valid: 3.69591 0.570179 0.188058
pixel: 93 105
valid: 3.6992 0.582268 0.194024
pixel: 93 106
valid: 3.70255 0.594377 0.2
pixel: 93 107
valid: 3.70597 0.606506 0.205986
pixel: 93 108
valid: 3.70945 0.618654 0.211981
pixel: 93 109
valid: 3.713 0.630822 0.217986
pixel: 93 110
valid: 3.71662 0.64301 0.224001
pixel: 93 111
valid: 3.7203 0.655217 0.230026
pixel: 93 112
valid: 3.72405 0.667444 0.23606
pixel: 93 113
valid: 3.72787 0.679691 0.242104
pixel: 93 114
valid: 3.73175 0.691958 0.248158
pixel: 93 115
valid: 3.7357 0.704246 0.254222
pixel: 93 116
valid: 3.73971 0.716552 0.260296
pixel: 93 117
valid: 3.7438 0.72888 0.266379
pixel: 93 118
pixel: 93 119
pixel: 93 120
pixel: 93 121
pixel: 93 122
pixel: 93 123
pixel: 93 124
pixel: 93 125
pixel: 93 126
pixel: 93 127
pixel: 93 128
pixel: 93 129
pixel: 93 130
pixel: 93 131
pixel: 93 132
pixel: 93 133
pixel: 93 134
pixel: 93 135
pixel: 93 136
pixel: 93 137
pixel: 93 138
pixel: 93 139
pixel: 93 140
pixel: 93 141
pixel: 93 142
pixel: 93 143
pixel: 93 144
pixel: 93 145
pixel: 93 146
pixel: 93 147
pixel: 93 148
pixel: 93 149
pixel: 93 150
pixel: 93 151
pixel: 93 152
pixel: 93 153
pixel: 93 154
pixel: 93 155
pixel: 93 156
pixel: 93 157
pixel: 93 158
pixel: 93 159
pixel: 93 160
pixel: 93 161
pixel: 93 162
pixel: 93 163
pixel: 93 164
pixel: 93 165
pixel: 93 166
pixel: 93 167
pixel: 93 168
pixel: 93 169
pixel: 93 170
pixel: 93 171
pixel: 93 172
pixel: 93 173
pixel: 93 174
pixel: 93 175
pixel: 93 176
pixel: 93 177
pixel: 93 178
pixel: 93 179
pixel: 93 180
pixel: 93 181
pixel: 93 182
pixel: 93 183
pixel: 93 184
pixel: 93 185
pixel: 93 186
pixel: 93 187
pixel: 93 188
pixel: 93 189
pixel: 93 190
pixel: 93 191
pixel: 93 192
pixel: 93 193
pixel: 93 194
pixel: 93 195
pixel: 93 196
pixel: 93 197
pixel: 93 198
pixel: 93 199
pixel: 94 0
pixel: 94 1
pixel: 94 2
pixel: 94 3
pixel: 94 4
pixel: 94 5
pixel: 94 6
pixel: 94 7
pixel: 94 8
pixel: 94 9
pixel: 94 10
pixel: 94 11
pixel: 94 12
pixel: 94 13
pixel: 94 14
pixel: 94 15
pixel: 94 16
pixel: 94 17
pixel: 94 18
pixel: 94 19
pixel: 94 20
pixel: 94 21
pixel: 94 22
pixel: 94 23
pixel: 94 24
pixel: 94 25
pixel: 94 26
pixel: 94 27
pixel: 94 28
pixel: 94 29
pixel: 94 30
pixel: 94 31
pixel: 94 32
pixel: 94 33
pixel: 94 34
pixel: 94 35
pixel: 94 36
pixel: 94 37
pixel: 94 38
pixel: 94 39
pixel: 94 40
pixel: 94 41
pixel: 94 42
pixel: 94 43
pixel: 94 44
pixel: 94 45
pixel: 94 46
pixel: 94 47
pixel: 94 48
pixel: 94 49
pixel: 94 50
pixel: 94 51
pixel: 94 52
pixel: 94 53
pixel: 94 54
pixel: 94 55
pixel: 94 56
pixel: 94 57
pixel: 94 58
pixel: 94 59
pixel: 94 60
pixel: 94 61
pixel: 94 62
pixel: 94 63
pixel: 94 64
pixel: 94 65
pixel: 94 66
pixel: 94 67
pixel: 94 68
pixel: 94 69
pixel: 94 70
pixel: 94 71
valid: 3.62573 0.164254 0.00208988
pixel: 94 72
valid: 3.62695 0.17572 0.00775961
pixel: 94 73
valid: 3.62823 0.187203 0.0134382
pixel: 94 74
valid: 3.62956 0.198704 0.0191257
pixel: 94 75
valid: 3.63096 0.210224 0.0248223
pixel: 94 76
valid: 3.63242 0.221762 0.0305278
pixel: 94 77
valid: 3.63394 0.233318 0.0362423
pixel: 94 78
valid: 3.63551 0.244893 0.041966
pixel: 94 79
valid: 3.63715 0.256485 0.0476986
pixel: 94 80
valid: 3.63886 0.268096 0.0534404
pixel: 94 81
valid: 3.64062 0.279726 0.0591912
pixel: 94 82
valid: 3.64244 0.291374 0.0649511
pixel: 94 83
valid: 3.64433 0.30304 0.0707202
pixel: 94 84
valid: 3.64628 0.314725 0.0764985
pixel: 94 85
valid: 3.64829 0.326429 0.082286
pixel: 94 86
valid: 3.65036 0.338151 0.0880827
pixel: 94 87
valid: 3.65249 0.349892 0.0938886
pixel: 94 88
valid: 3.65469 0.361651 0.0997038
pixel: 94 89
valid: 3.65695 0.37343 0.105528
pixel: 94 90
valid: 3.65928 0.385227 0.111362
pixel: 94 91
valid: 3.66166 0.397043 0.117205
pixel: 94 92
valid: 3.66411 0.408878 0.123057
pixel: 94 93
valid: 3.66663 0.420732 0.128919
pixel: 94 94
valid: 3.66921 0.432605 0.13479
pixel: 94 95
valid: 3.67185 0.444497 0.140671
pixel: 94 96
valid: 3.67456 0.456408 0.146561
pixel: 94 97
valid: 3.67733 0.468338 0.152461
pixel: 94 98
valid: 3.68016 0.480287 0.15837
pixel: 94 99
valid: 3.68306 0.492256 0.164288
pixel: 94 100
valid: 3.68603 0.504243 0.170216
pixel: 94 101
valid: 3.68906 0.516251 0.176154
pixel: 94 102
valid: 3.69215 0.528277 0.182101
pixel: 94 103
valid: 3.69531 0.540323 0.188058
pixel: 94 104
valid: 3.69854 0.552388 0.194024
pixel: 94 105
valid: 3.70183 0.564473 0.2
pixel: 94 106
valid: 3.70518 0.576578 0.205986
pixel: 94 107
valid: 3.70861 0.588702 0.211981
pixel: 94 108
valid: 3.7121 0.600845 0.217986
pixel: 94 109
valid: 3.71565 0.613008 0.224001
pixel: 94 110
valid: 3.71927 0.625192 0.230026
pixel: 94 111
valid: 3.72296 0.637394 0.23606
pixel: 94 112
valid: 3.72671 0.649617 0.242104
pixel: 94 113
valid: 3.73054 0.66186 0.248158
pixel: 94 114
valid: 3.73442 0.674122 0.254222
pixel: 94 115
valid: 3.73838 0.686405 0.260296
pixel: 94 116
valid: 3.7424 0.698707 0.266379
pixel: 94 117
valid: 3.74649 0.71103 0.272473
pixel: 94 118
pixel: 94 119
pixel: 94 120
pixel: 94 121
pixel: 94 122
pixel: 94 123
pixel: 94 124
pixel: 94 125
pixel: 94 126
pixel: 94 127
pixel: 94 128
pixel: 94 129
pixel: 94 130
pixel: 94 131
pixel: 94 132
pixel: 94 133
pixel: 94 134
pixel: 94 135
pixel: 94 136
pixel: 94 137
pixel: 94 138
pixel: 94 139
pixel: 94 140
pixel: 94 141
pixel: 94 142
pixel: 94 143
pixel: 94 144
pixel: 94 145
pixel: 94 146
pixel: 94 147
pixel: 94 148
pixel: 94 149
pixel: 94 150
pixel: 94 151
pixel: 94 152
pixel: 94 153
pixel: 94 154
pixel: 94 155
pixel: 94 156
pixel: 94 157
pixel: 94 158
pixel: 94 159
pixel: 94 160
pixel: 94 161
pixel: 94 162
pixel: 94 163
pixel: 94 164
pixel: 94 165
pixel: 94 166
pixel: 94 167
pixel: 94 168
pixel: 94 169
pixel: 94 170
pixel: 94 171
pixel: 94 172
pixel: 94 173
pixel: 94 174
pixel: 94 175
pixel: 94 176
pixel: 94 177
pixel: 94 178
pixel: 94 179
pixel: 94 180
pixel: 94 181
pixel: 94 182
pixel: 94 183
pixel: 94 184
pixel: 94 185
pixel: 94 186
pixel: 94 187
pixel: 94 188
pixel: 94 189
pixel: 94 190
pixel: 94 191
pixel: 94 192
pixel: 94 193
pixel: 94 194
pixel: 94 195
pixel: 94 196
pixel: 94 197
pixel: 94 198
pixel: 94 199
pixel: 95 0
pixel: 95 1
pixel: 95 2
pixel: 95 3
pixel: 95 4
pixel: 95 5
pixel: 95 6
pixel: 95 7
pixel: 95 8
pixel: 95 9
pixel: 95 10
pixel: 95 11
pixel: 95 12
pixel: 95 13
pixel: 95 14
pixel: 95 15
pixel: 95 16
pixel: 95 17
pixel: 95 18
pixel: 95 19
pixel: 95 20
pixel: 95 21
pixel: 95 22
pixel: 95 23
pixel: 95 24
pixel: 95 25
pixel: 95 26
pixel: 95 27
pixel: 95 28
pixel: 95 29
pixel: 95 30
pixel: 95 31
pixel: 95 32
pixel: 95 33
pixel: 95 34
pixel: 95 35
pixel: 95 36
pixel: 95 37
pixel: 95 38
pixel: 95 39
pixel: 95 40
pixel: 95 41
pixel: 95 42
pixel: 95 43
pixel: 95 44
pixel: 95 45
pixel: 95 46
pixel: 95 47
pixel: 95 48
pixel: 95 49
pixel: 95 50
pixel: 95 51
pixel: 95 52
pixel: 95 53
pixel: 95 54
pixel: 95 55
pixel: 95 56
pixel: 95 57
pixel: 95 58
pixel: 95 59
pixel: 95 60
pixel: 95 61
pixel: 95 62
pixel: 95 63
pixel: 95 64
pixel: 95 65
pixel: 95 66
pixel: 95 67
pixel: 95 68
pixel: 95 69
pixel: 95 70
valid: 3.62713 0.13515 0.00208988
pixel: 95 71
valid: 3.62829 0.146592 0.00775952
pixel: 95 72
valid: 3.62951 0.158053 0.0134382
pixel: 95 73
valid: 3.63079 0.169531 0.0191257
pixel: 95 74
valid: 3.63213 0.181028 0.0248223
pixel: 95 75
valid: 3.63353 0.192543 0.0305278
pixel: 95 76
valid: 3.63499 0.204076 0.0362423
pixel: 95 77
valid: 3.63652 0.215627 0.0419659
pixel: 95 78
valid: 3.6381 0.227197 0.0476986
pixel: 95 79
valid: 3.63974 0.238784 0.0534404
pixel: 95 80
valid: 3.64145 0.250391 0.0591912
pixel: 95 81
valid: 3.64321 0.262015 0.0649511
pixel: 95 82
valid: 3.64504 0.273658 0.0707202
pixel: 95 83
valid: 3.64693 0.28532 0.0764985
pixel: 95 84
valid: 3.64888 0.297 0.082286
pixel: 95 85
valid: 3.65089 0.308699 0.0880827
pixel: 95 86
valid: 3.65297 0.320416 0.0938886
pixel: 95 87
valid: 3.65511 0.332153 0.0997038
pixel: 95 88
valid: 3.65731 0.343907 0.105528
pixel: 95 89
valid: 3.65957 0.355681 0.111362
pixel: 95 90
valid: 3.6619 0.367473 0.117205
pixel: 95 91
valid: 3.66429 0.379285 0.123057
pixel: 95 92
valid: 3.66675 0.391115 0.128919
pixel: 95 93
valid: 3.66927 0.402964 0.13479
pixel: 95 94
valid: 3.67185 0.414832 0.140671
pixel: 95 95
valid: 3.6745 0.426719 0.146561
pixel: 95 96
valid: 3.67721 0.438626 0.152461
pixel: 95 97
valid: 3.67998 0.450551 0.15837
pixel: 95 98
valid: 3.68282 0.462496 0.164288
pixel: 95 99
valid: 3.68572 0.47446 0.170216
pixel: 95 100
valid: 3.68869 0.486443 0.176154
pixel: 95 101
valid: 3.69173 0.498445 0.182101
pixel: 95 102
valid: 3.69483 0.510467 0.188058
pixel: 95 103
valid: 3.69799 0.522508 0.194024
pixel: 95 104
valid: 3.70122 0.534569 0.2
pixel: 95 105
valid: 3.70452 0.546649 0.205986
pixel: 95 106
valid: 3.70788 0.558749 0.211981
pixel: 95 107
valid: 3.71131 0.570868 0.217986
pixel: 95 108
valid: 3.7148 0.583007 0.224001
pixel: 95 109
valid: 3.71836 0.595166 0.230026
pixel: 95 110
valid: 3.72199 0.607345 0.23606
pixel: 95 111
valid: 3.72568 0.619543 0.242104
pixel: 95 112
valid: 3.72944 0.631761 0.248158
pixel: 95 113
valid: 3.73327 0.643999 0.254222
pixel: 95 114
valid: 3.73716 0.656257 0.260296
pixel: 95 115
valid: 3.74112 0.668535 0.266379
pixel: 95 116
valid: 3.74515 0.680833 0.272473
pixel: 95 117
valid: 3.74924 0.693151 0.278576
pixel: 95 118
valid: 3.75341 0.705489 0.28469
pixel: 95 119
pixel: 95 120
pixel: 95 121
pixel: 95 122
pixel: 95 123
pixel: 95 124
pixel: 95 125
pixel: 95 126
pixel: 95 127
pixel: 95 128
pixel: 95 129
pixel: 95 130
pixel: 95 131
pixel: 95 132
pixel: 95 133
pixel: 95 134
pixel: 95 135
pixel: 95 136
pixel: 95 137
pixel: 95 138
pixel: 95 139
pixel: 95 140
pixel: 95 141
pixel: 95 142
pixel: 95 143
pixel: 95 144
pixel: 95 145
pixel: 95 146
pixel: 95 147
pixel: 95 148
pixel: 95 149
pixel: 95 150
pixel: 95 151
pixel: 95 152
pixel: 95 153
pixel: 95 154
pixel: 95 155
pixel: 95 156
pixel: 95 157
pixel: 95 158
pixel: 95 159
pixel: 95 160
pixel: 95 161
pixel: 95 162
pixel: 95 163
pixel: 95 164
pixel: 95 165
pixel: 95 166
pixel: 95 167
pixel: 95 168
pixel: 95 169
pixel: 95 170
pixel: 95 171
pixel: 95 172
pixel: 95 173
pixel: 95 174
pixel: 95 175
pixel: 95 176
pixel: 95 177
pixel: 95 178
pixel: 95 179
pixel: 95 180
pixel: 95 181
pixel: 95 182
pixel: 95 183
pixel: 95 184
pixel: 95 185
pixel: 95 186
pixel: 95 187
pixel: 95 188
pixel: 95 189
pixel: 95 190
pixel: 95 191
pixel: 95 192
pixel: 95 193
pixel: 95 194
pixel: 95 195
pixel: 95 196
pixel: 95 197
pixel: 95 198
pixel: 95 199
pixel: 96 0
pixel: 96 1
pixel: 96 2
pixel: 96 3
pixel: 96 4
pixel: 96 5
pixel: 96 6
pixel: 96 7
pixel: 96 8
pixel: 96 9
pixel: 96 10
pixel: 96 11
pixel: 96 12
pixel: 96 13
pixel: 96 14
pixel: 96 15
pixel: 96 16
pixel: 96 17
pixel: 96 18
pixel: 96 19
pixel: 96 20
pixel: 96 21
pixel: 96 22
pixel: 96 23
pixel: 96 24
pixel: 96 25
pixel: 96 26
pixel: 96 27
pixel: 96 28
pixel: 96 29
pixel: 96 30
pixel: 96 31
pixel: 96 32
pixel: 96 33
pixel: 96 34
pixel: 96 35
pixel: 96 36
pixel: 96 37
pixel: 96 38
pixel: 96 39
pixel: 96 40
pixel: 96 41
pixel: 96 42
pixel: 96 43
pixel: 96 44
pixel: 96 45
pixel: 96 46
pixel: 96 47
pixel: 96 48
pixel: 96 49
pixel: 96 50
pixel: 96 51
pixel: 96 52
pixel: 96 53
pixel: 96 54
pixel: 96 55
pixel: 96 56
pixel: 96 57
pixel: 96 58
pixel: 96 59
pixel: 96 60
pixel: 96 61
pixel: 96 62
pixel: 96 63
pixel: 96 64
pixel: 96 65
pixel: 96 66
pixel: 96 67
pixel: 96 68
pixel: 96 69
valid: 3.62865 0.106045 0.00208988
pixel: 96 70
valid: 3.62976 0.117465 0.00775954
pixel: 96 71
valid: 3.63092 0.128902 0.0134381
pixel: 96 72
valid: 3.63214 0.140358 0.0191257
pixel: 96 73
valid: 3.63342 0.151832 0.0248223
pixel: 96 74
valid: 3.63477 0.163323 0.0305278
pixel: 96 75
valid: 3.63617 0.174833 0.0362423
pixel: 96 76
valid: 3.63763 0.186361 0.0419659
pixel: 96 77
valid: 3.63916 0.197908 0.0476986
pixel: 96 78
valid: 3.64074 0.209473 0.0534404
pixel: 96 79
valid: 3.64239 0.221056 0.0591912
pixel: 96 80
valid: 3.6441 0.232657 0.0649512
pixel: 96 81
valid: 3.64587 0.244277 0.0707203
pixel: 96 82
valid: 3.6477 0.255915 0.0764985
pixel: 96 83
valid: 3.64959 0.267572 0.082286
pixel: 96 84
valid: 3.65155 0.279247 0.0880827
pixel: 96 85
valid: 3.65356 0.290941 0.0938886
pixel: 96 86
valid: 3.65564 0.302654 0.0997038
pixel: 96 87
valid: 3.65779 0.314385 0.105528
pixel: 96 88
valid: 3.65999 0.326135 0.111362
pixel: 96 89
valid: 3.66226 0.337904 0.117205
pixel: 96 90
valid: 3.66459 0.349691 0.123057
pixel: 96 91
valid: 3.66699 0.361498 0.128919
pixel: 96 92
valid: 3.66945 0.373323 0.13479
pixel: 96 93
valid: 3.67197 0.385168 0.140671
pixel: 96 94
valid: 3.67456 0.397031 0.146561
pixel: 96 95
valid: 3.67721 0.408914 0.152461
pixel: 96 96
valid: 3.67992 0.420815 0.15837
pixel: 96 97
valid: 3.6827 0.432736 0.164288
pixel: 96 98
valid: 3.68554 0.444676 0.170216
pixel: 96 99
valid: 3.68845 0.456635 0.176154
pixel: 96 100
valid: 3.69143 0.468613 0.182101
pixel: 96 101
valid: 3.69447 0.480611 0.188058
pixel: 96 102
valid: 3.69757 0.492628 0.194024
pixel: 96 103
valid: 3.70074 0.504665 0.2
pixel: 96 104
valid: 3.70398 0.516721 0.205986
pixel: 96 105
valid: 3.70728 0.528796 0.211981
pixel: 96 106
valid: 3.71064 0.540891 0.217986
pixel: 96 107
valid: 3.71408 0.553006 0.224001
pixel: 96 108
valid: 3.71758 0.565141 0.230026
pixel: 96 109
valid: 3.72114 0.577295 0.23606
pixel: 96 110
valid: 3.72477 0.589468 0.242104
pixel: 96 111
valid: 3.72847 0.601662 0.248158
pixel: 96 112
valid: 3.73224 0.613876 0.254222
pixel: 96 113
valid: 3.73607 0.626109 0.260296
pixel: 96 114
valid: 3.73997 0.638362 0.266379
pixel: 96 115
valid: 3.74393 0.650636 0.272473
pixel: 96 116
valid: 3.74796 0.662929 0.278576
pixel: 96 117
valid: 3.75206 0.675243 0.28469
pixel: 96 118
valid: 3.75623 0.687576 0.290814
pixel: 96 119
valid: 3.76047 0.69993 0.296947
pixel: 96 120
pixel: 96 121
pixel: 96 122
pixel: 96 123
pixel: 96 124
pixel: 96 125
pixel: 96 126
pixel: 96 127
pixel: 96 128
pixel: 96 129
pixel: 96 130
pixel: 96 131
pixel: 96 132
pixel: 96 133
pixel: 96 134
pixel: 96 135
pixel: 96 136
pixel: 96 137
pixel: 96 138
pixel: 96 139
pixel: 96 140
pixel: 96 141
pixel: 96 142
pixel: 96 143
pixel: 96 144
pixel: 96 145
pixel: 96 146
pixel: 96 147
pixel: 96 148
pixel: 96 149
pixel: 96 150
pixel: 96 151
pixel: 96 152
pixel: 96 153
pixel: 96 154
pixel: 96 155
pixel: 96 156
pixel: 96 157
pixel: 96 158
pixel: 96 159
pixel: 96 160
pixel: 96 161
pixel: 96 162
pixel: 96 163
pixel: 96 164
pixel: 96 165
pixel: 96 166
pixel: 96 167
pixel: 96 168
pixel: 96 169
pixel: 96 170
pixel: 96 171
pixel: 96 172
pixel: 96 173
pixel: 96 174
pixel: 96 175
pixel: 96 176
pixel: 96 177
pixel: 96 178
pixel: 96 179
pixel: 96 180
pixel: 96 181
pixel: 96 182
pixel: 96 183
pixel: 96 184
pixel: 96 185
pixel: 96 186
pixel: 96 187
pixel: 96 188
pixel: 96 189
pixel: 96 190
pixel: 96 191
pixel: 96 192
pixel: 96 193
pixel: 96 194
pixel: 96 195
pixel: 96 196
pixel: 96 197
pixel: 96 198
pixel: 96 199
pixel: 97 0
pixel: 97 1
pixel: 97 2
pixel: 97 3
pixel: 97 4
pixel: 97 5
pixel: 97 6
pixel: 97 7
pixel: 97 8
pixel: 97 9
pixel: 97 10
pixel: 97 11
pixel: 97 12
pixel: 97 13
pixel: 97 14
pixel: 97 15
pixel: 97 16
pixel: 97 17
pixel: 97 18
pixel: 97 19
pixel: 97 20
pixel: 97 21
pixel: 97 22
pixel: 97 23
pixel: 97 24
pixel: 97 25
pixel: 97 26
pixel: 97 27
pixel: 97 28
pixel: 97 29
pixel: 97 30
pixel: 97 31
pixel: 97 32
pixel: 97 33
pixel: 97 34
pixel: 97 35
pixel: 97 36
pixel: 97 37
pixel: 97 38
pixel: 97 39
pixel: 97 40
pixel: 97 41
pixel: 97 42
pixel: 97 43
pixel: 97 44
pixel: 97 45
pixel: 97 46
pixel: 97 47
pixel: 97 48
pixel: 97 49
pixel: 97 50
pixel: 97 51
pixel: 97 52
pixel: 97 53
pixel: 97 54
pixel: 97 55
pixel: 97 56
pixel: 97 57
pixel: 97 58
pixel: 97 59
pixel: 97 60
pixel: 97 61
pixel: 97 62
pixel: 97 63
pixel: 97 64
pixel: 97 65
pixel: 97 66
pixel: 97 67
pixel: 97 68
valid: 3.63029 0.0769408 0.00208991
pixel: 97 69
valid: 3.63133 0.0883374 0.00775958
pixel: 97 70
valid: 3.63244 0.0997519 0.0134382
pixel: 97 71
valid: 3.63361 0.111185 0.0191257
pixel: 97 72
valid: 3.63483 0.122635 0.0248223
pixel: 97 73
valid: 3.63612 0.134104 0.0305278
pixel: 97 74
valid: 3.63746 0.145591 0.0362424
pixel: 97 75
valid: 3.63887 0.157096 0.0419659
pixel: 97 76
valid: 3.64034 0.168619 0.0476986
pixel: 97 77
valid: 3.64187 0.18016 0.0534403
pixel: 97 78
valid: 3.64345 0.19172 0.0591912
pixel: 97 79
valid: 3.6451 0.203298 0.0649512
pixel: 97 80
valid: 3.64681 0.214895 0.0707203
pixel: 97 81
valid: 3.64859 0.22651 0.0764986
pixel: 97 82
valid: 3.65042 0.238143 0.082286
pixel: 97 83
valid: 3.65232 0.249795 0.0880827
pixel: 97 84
valid: 3.65428 0.261466 0.0938886
pixel: 97 85
valid: 3.6563 0.273155 0.0997038
pixel: 97 86
valid: 3.65838 0.284862 0.105528
pixel: 97 87
valid: 3.66053 0.296589 0.111362
pixel: 97 88
valid: 3.66274 0.308334 0.117205
pixel: 97 89
valid: 3.66501 0.320098 0.123058
pixel: 97 90
valid: 3.66735 0.331881 0.128919
pixel: 97 91
valid: 3.66974 0.343683 0.13479
pixel: 97 92
valid: 3.67221 0.355503 0.140671
pixel: 97 93
valid: 3.67473 0.367343 0.146561
pixel: 97 94
valid: 3.67733 0.379201 0.152461
pixel: 97 95
valid: 3.67998 0.391079 0.15837
pixel: 97 96
valid: 3.6827 0.402976 0.164288
pixel: 97 97
valid: 3.68548 0.414892 0.170216
pixel: 97 98
valid: 3.68833 0.426827 0.176154
pixel: 97 99
valid: 3.69125 0.438781 0.182101
pixel: 97 100
valid: 3.69423 0.450755 0.188058
pixel: 97 101
valid: 3.69727 0.462748 0.194024
pixel: 97 102
valid: 3.70038 0.47476 0.2
pixel: 97 103
valid: 3.70355 0.486792 0.205986
pixel: 97 104
valid: 3.70679 0.498844 0.211981
pixel: 97 105
valid: 3.7101 0.510914 0.217986
pixel: 97 106
valid: 3.71347 0.523005 0.224001
pixel: 97 107
valid: 3.71691 0.535115 0.230026
pixel: 97 108
valid: 3.72041 0.547245 0.23606
pixel: 97 109
valid: 3.72398 0.559394 0.242104
pixel: 97 110
valid: 3.72762 0.571563 0.248158
pixel: 97 111
valid: 3.73132 0.583752 0.254222
pixel: 97 112
valid: 3.73509 0.595961 0.260296
pixel: 97 113
valid: 3.73893 0.60819 0.266379
pixel: 97 114
valid: 3.74284 0.620439 0.272473
pixel: 97 115
valid: 3.74681 0.632707 0.278576
pixel: 97 116
valid: 3.75085 0.644996 0.28469
pixel: 97 117
valid: 3.75495 0.657305 0.290814
pixel: 97 118
valid: 3.75912 0.669634 0.296947
pixel: 97 119
valid: 3.76337 0.681983 0.303091
pixel: 97 120
pixel: 97 121
pixel: 97 122
pixel: 97 123
pixel: 97 124
pixel: 97 125
pixel: 97 126
pixel: 97 127
pixel: 97 128
pixel: 97 129
pixel: 97 130
pixel: 97 131
pixel: 97 132
pixel: 97 133
pixel: 97 134
pixel: 97 135
pixel: 97 136
pixel: 97 137
pixel: 97 138
pixel: 97 139
pixel: 97 140
pixel: 97 141
pixel: 97 142
pixel: 97 143
pixel: 97 144
pixel: 97 145
pixel: 97 146
pixel: 97 147
pixel: 97 148
pixel: 97 149
pixel: 97 150
pixel: 97 151
pixel: 97 152
pixel: 97 153
pixel: 97 154
pixel: 97 155
pixel: 97 156
pixel: 97 157
pixel: 97 158
pixel: 97 159
pixel: 97 160
pixel: 97 161
pixel: 97 162
pixel: 97 163
pixel: 97 164
pixel: 97 165
pixel: 97 166
pixel: 97 167
pixel: 97 168
pixel: 97 169
pixel: 97 170
pixel: 97 171
pixel: 97 172
pixel: 97 173
pixel: 97 174
pixel: 97 175
pixel: 97 176
pixel: 97 177
pixel: 97 178
pixel: 97 179
pixel: 97 180
pixel: 97 181
pixel: 97 182
pixel: 97 183
pixel: 97 184
pixel: 97 185
pixel: 97 186
pixel: 97 187
pixel: 97 188
pixel: 97 189
pixel: 97 190
pixel: 97 191
pixel: 97 192
pixel: 97 193
pixel: 97 194
pixel: 97 195
pixel: 97 196
pixel: 97 197
pixel: 97 198
pixel: 97 199
pixel: 98 0
pixel: 98 1
pixel: 98 2
pixel: 98 3
pixel: 98 4
pixel: 98 5
pixel: 98 6
pixel: 98 7
pixel: 98 8
pixel: 98 9
pixel: 98 10
pixel: 98 11
pixel: 98 12
pixel: 98 13
pixel: 98 14
pixel: 98 15
pixel: 98 16
pixel: 98 17
pixel: 98 18
pixel: 98 19
pixel: 98 20
pixel: 98 21
pixel: 98 22
pixel: 98 23
pixel: 98 24
pixel: 98 25
pixel: 98 26
pixel: 98 27
pixel: 98 28
pixel: 98 29
pixel: 98 30
pixel: 98 31
pixel: 98 32
pixel: 98 33
pixel: 98 34
pixel: 98 35
pixel: 98 36
pixel: 98 37
pixel: 98 38
pixel: 98 39
pixel: 98 40
pixel: 98 41
pixel: 98 42
pixel: 98 43
pixel: 98 44
pixel: 98 45
pixel: 98 46
pixel: 98 47
pixel: 98 48
pixel: 98 49
pixel: 98 50
pixel: 98 51
pixel: 98 52
pixel: 98 53
pixel: 98 54
pixel: 98 55
pixel: 98 56
pixel: 98 57
pixel: 98 58
pixel: 98 59
pixel: 98 60
pixel: 98 61
pixel: 98 62
pixel: 98 63
pixel: 98 64
pixel: 98 65
pixel: 98 66
pixel: 98 67
valid: 3.63203 0.0478364 0.0020899
pixel: 98 68
valid: 3.63303 0.0592101 0.00775957
pixel: 98 69
valid: 3.63408 0.0706017 0.0134382
pixel: 98 70
valid: 3.63519 0.0820113 0.0191257
pixel: 98 71
valid: 3.63636 0.0934388 0.0248222
pixel: 98 72
valid: 3.63759 0.104885 0.0305278
pixel: 98 73
valid: 3.63887 0.116348 0.0362424
pixel: 98 74
valid: 3.64022 0.12783 0.041966
pixel: 98 75
valid: 3.64163 0.13933 0.0476986
pixel: 98 76
valid: 3.6431 0.150849 0.0534403
pixel: 98 77
valid: 3.64463 0.162385 0.0591912
pixel: 98 78
valid: 3.64623 0.17394 0.0649512
pixel: 98 79
valid: 3.64788 0.185513 0.0707203
pixel: 98 80
valid: 3.64959 0.197105 0.0764986
pixel: 98 81
valid: 3.65137 0.208715 0.082286
pixel: 98 82
valid: 3.65321 0.220343 0.0880827
pixel: 98 83
valid: 3.65511 0.23199 0.0938886
pixel: 98 84
valid: 3.65707 0.243656 0.0997038
pixel: 98 85
valid: 3.6591 0.25534 0.105528
pixel: 98 86
valid: 3.66118 0.267043 0.111362
pixel: 98 87
valid: 3.66333 0.278765 0.117205
pixel: 98 88
valid: 3.66555 0.290505 0.123057
pixel: 98 89
valid: 3.66782 0.302264 0.128919
pixel: 98 90
valid: 3.67016 0.314042 0.13479
pixel: 98 91
valid: 3.67257 0.325839 0.140671
pixel: 98 92
valid: 3.67503 0.337655 0.146561
pixel: 98 93
valid: 3.67757 0.349489 0.152461
pixel: 98 94
valid: 3.68016 0.361343 0.15837
pixel: 98 95
valid: 3.68282 0.373216 0.164288
pixel: 98 96
valid: 3.68554 0.385108 0.170216
pixel: 98 97
valid: 3.68833 0.397019 0.176154
pixel: 98 98
valid: 3.69119 0.40895 0.182101
pixel: 98 99
valid: 3.6941 0.420899 0.188058
pixel: 98 100
valid: 3.69709 0.432868 0.194024
pixel: 98 101
valid: 3.70014 0.444856 0.2
pixel: 98 102
valid: 3.70325 0.456864 0.205986
pixel: 98 103
valid: 3.70643 0.468891 0.211981
pixel: 98 104
valid: 3.70967 0.480938 0.217986
pixel: 98 105
valid: 3.71299 0.493004 0.224001
pixel: 98 106
valid: 3.71636 0.505089 0.230026
pixel: 98 107
valid: 3.71981 0.517195 0.23606
pixel: 98 108
valid: 3.72331 0.52932 0.242104
pixel: 98 109
valid: 3.72689 0.541464 0.248158
pixel: 98 110
valid: 3.73053 0.553629 0.254222
pixel: 98 111
valid: 3.73424 0.565813 0.260296
pixel: 98 112
valid: 3.73802 0.578017 0.266379
pixel: 98 113
valid: 3.74186 0.590242 0.272473
pixel: 98 114
valid: 3.74577 0.602486 0.278577
pixel: 98 115
valid: 3.74975 0.61475 0.28469
pixel: 98 116
valid: 3.75379 0.627034 0.290814
pixel: 98 117
valid: 3.7579 0.639338 0.296947
pixel: 98 118
valid: 3.76208 0.651663 0.303091
pixel: 98 119
valid: 3.76633 0.664007 0.309244
pixel: 98 120
valid: 3.77065 0.676372 0.315408
pixel: 98 121
pixel: 98 122
pixel: 98 123
pixel: 98 124
pixel: 98 125
pixel: 98 126
pixel: 98 127
pixel: 98 128
pixel: 98 129
pixel: 98 130
pixel: 98 131
pixel: 98 132
pixel: 98 133
pixel: 98 134
pixel: 98 135
pixel: 98 136
pixel: 98 137
pixel: 98 138
pixel: 98 139
pixel: 98 140
pixel: 98 141
pixel: 98 142
pixel: 98 143
pixel: 98 144
pixel: 98 145
pixel: 98 146
pixel: 98 147
pixel: 98 148
pixel: 98 149
pixel: 98 150
pixel: 98 151
pixel: 98 152
pixel: 98 153
pixel: 98 154
pixel: 98 155
pixel: 98 156
pixel: 98 157
pixel: 98 158
pixel: 98 159
pixel: 98 160
pixel: 98 161
pixel: 98 162
pixel: 98 163
pixel: 98 164
pixel: 98 165
pixel: 98 166
pixel: 98 167
pixel: 98 168
pixel: 98 169
pixel: 98 170
pixel: 98 171
pixel: 98 172
pixel: 98 173
pixel: 98 174
pixel: 98 175
pixel: 98 176
pixel: 98 177
pixel: 98 178
pixel: 98 179
pixel: 98 180
pixel: 98 181
pixel: 98 182
pixel: 98 183
pixel: 98 184
pixel: 98 185
pixel: 98 186
pixel: 98 187
pixel: 98 188
pixel: 98 189
pixel: 98 190
pixel: 98 191
pixel: 98 192
pixel: 98 193
pixel: 98 194
pixel: 98 195
pixel: 98 196
pixel: 98 197
pixel: 98 198
pixel: 98 199
pixel: 99 0
pixel: 99 1
pixel: 99 2
pixel: 99 3
pixel: 99 4
pixel: 99 5
pixel: 99 6
pixel: 99 7
pixel: 99 8
pixel: 99 9
pixel: 99 10
pixel: 99 11
pixel: 99 12
pixel: 99 13
pixel: 99 14
pixel: 99 15
pixel: 99 16
pixel: 99 17
pixel: 99 18
pixel: 99 19
pixel: 99 20
pixel: 99 21
pixel: 99 22
pixel: 99 23
pixel: 99 24
pixel: 99 25
pixel: 99 26
pixel: 99 27
pixel: 99 28
pixel: 99 29
pixel: 99 30
pixel: 99 31
pixel: 99 32
pixel: 99 33
pixel: 99 34
pixel: 99 35
pixel: 99 36
pixel: 99 37
pixel: 99 38
pixel: 99 39
pixel: 99 40
pixel: 99 41
pixel: 99 42
pixel: 99 43
pixel: 99 44
pixel: 99 45
pixel: 99 46
pixel: 99 47
pixel: 99 48
pixel: 99 49
pixel: 99 50
pixel: 99 51
pixel: 99 52
pixel: 99 53
pixel: 99 54
pixel: 99 55
pixel: 99 56
pixel: 99 57
pixel: 99 58
pixel: 99 59
pixel: 99 60
pixel: 99 61
pixel: 99 62
pixel: 99 63
pixel: 99 64
pixel: 99 65
pixel: 99 66
valid: 3.6339 0.018732 0.0020899
pixel: 99 67
valid: 3.63484 0.0300828 0.00775955
pixel: 99 68
valid: 3.63583 0.0414515 0.0134382
pixel: 99 69
valid: 3.63688 0.052838 0.0191257
pixel: 99 70
valid: 3.638 0.0642426 0.0248222
pixel: 99 71
valid: 3.63917 0.0756652 0.0305278
pixel: 99 72
valid: 3.6404 0.087106 0.0362424
pixel: 99 73
valid: 3.64169 0.0985647 0.041966
pixel: 99 74
valid: 3.64305 0.110042 0.0476986
pixel: 99 75
valid: 3.64446 0.121537 0.0534403
pixel: 99 76
valid: 3.64593 0.13305 0.0591911
pixel: 99 77
valid: 3.64747 0.144581 0.0649511
pixel: 99 78
valid: 3.64906 0.156131 0.0707203
pixel: 99 79
valid: 3.65072 0.1677 0.0764986
pixel: 99 80
valid: 3.65244 0.179286 0.082286
pixel: 99 81
valid: 3.65422 0.190891 0.0880827
pixel: 99 82
valid: 3.65606 0.202515 0.0938886
pixel: 99 83
valid: 3.65796 0.214157 0.0997038
pixel: 99 84
valid: 3.65993 0.225818 0.105528
pixel: 99 85
valid: 3.66196 0.237497 0.111362
pixel: 99 86
valid: 3.66405 0.249195 0.117205
pixel: 99 87
valid: 3.6662 0.260912 0.123058
pixel: 99 88
valid: 3.66842 0.272647 0.128919
pixel: 99 89
valid: 3.6707 0.284401 0.13479
pixel: 99 90
valid: 3.67305 0.296174 0.140671
pixel: 99 91
valid: 3.67545 0.307966 0.146561
pixel: 99 92
valid: 3.67793 0.319777 0.152461
pixel: 99 93
valid: 3.68046 0.331607 0.15837
pixel: 99 94
valid: 3.68306 0.343456 0.164288
pixel: 99 95
valid: 3.68572 0.355324 0.170216
pixel: 99 96
valid: 3.68845 0.367211 0.176154
pixel: 99 97
valid: 3.69125 0.379118 0.182101
pixel: 99 98
valid: 3.6941 0.391043 0.188058
pixel: 99 99
valid: 3.69703 0.402988 0.194024
pixel: 99 100
valid: 3.70001 0.414952 0.2
pixel: 99 101
valid: 3.70307 0.426935 0.205986
pixel: 99 102
valid: 3.70619 0.438938 0.211981
pixel: 99 103
valid: 3.70937 0.450961 0.217986
pixel: 99 104
valid: 3.71262 0.463002 0.224001
pixel: 99 105
valid: 3.71594 0.475064 0.230026
pixel: 99 106
valid: 3.71932 0.487145 0.23606
pixel: 99 107
valid: 3.72277 0.499245 0.242104
pixel: 99 108
valid: 3.72628 0.511366 0.248158
pixel: 99 109
valid: 3.72986 0.523506 0.254222
pixel: 99 110
valid: 3.73351 0.535665 0.260296
pixel: 99 111
valid: 3.73723 0.547845 0.266379
pixel: 99 112
valid: 3.74101 0.560044 0.272473
pixel: 99 113
valid: 3.74486 0.572264 0.278577
pixel: 99 114
valid: 3.74877 0.584503 0.28469
pixel: 99 115
valid: 3.75275 0.596763 0.290814
pixel: 99 116
valid: 3.7568 0.609042 0.296947
pixel: 99 117
valid: 3.76092 0.621342 0.303091
pixel: 99 118
valid: 3.76511 0.633662 0.309244
pixel: 99 119
valid: 3.76936 0.646002 0.315408
pixel: 99 120
valid: 3.77368 0.658362 0.321582
pixel: 99 121
valid: 3.77807 0.670743 0.327766
pixel: 99 122
pixel: 99 123
pixel: 99 124
pixel: 99 125
pixel: 99 126
pixel: 99 127
pixel: 99 128
pixel: 99 129
pixel: 99 130
pixel: 99 131
pixel: 99 132
pixel: 99 133
pixel: 99 134
pixel: 99 135
pixel: 99 136
pixel: 99 137
pixel: 99 138
pixel: 99 139
pixel: 99 140
pixel: 99 141
pixel: 99 142
pixel: 99 143
pixel: 99 144
pixel: 99 145
pixel: 99 146
pixel: 99 147
pixel: 99 148
pixel: 99 149
pixel: 99 150
pixel: 99 151
pixel: 99 152
pixel: 99 153
pixel: 99 154
pixel: 99 155
pixel: 99 156
pixel: 99 157
pixel: 99 158
pixel: 99 159
pixel: 99 160
pixel: 99 161
pixel: 99 162
pixel: 99 163
pixel: 99 164
pixel: 99 165
pixel: 99 166
pixel: 99 167
pixel: 99 168
pixel: 99 169
pixel: 99 170
pixel: 99 171
pixel: 99 172
pixel: 99 173
pixel: 99 174
pixel: 99 175
pixel: 99 176
pixel: 99 177
pixel: 99 178
pixel: 99 179
pixel: 99 180
pixel: 99 181
pixel: 99 182
pixel: 99 183
pixel: 99 184
pixel: 99 185
pixel: 99 186
pixel: 99 187
pixel: 99 188
pixel: 99 189
pixel: 99 190
pixel: 99 191
pixel: 99 192
pixel: 99 193
pixel: 99 194
pixel: 99 195
pixel: 99 196
pixel: 99 197
pixel: 99 198
pixel: 99 199
pixel: 100 0
pixel: 100 1
pixel: 100 2
pixel: 100 3
pixel: 100 4
pixel: 100 5
pixel: 100 6
pixel: 100 7
pixel: 100 8
pixel: 100 9
pixel: 100 10
pixel: 100 11
pixel: 100 12
pixel: 100 13
pixel: 100 14
pixel: 100 15
pixel: 100 16
pixel: 100 17
pixel: 100 18
pixel: 100 19
pixel: 100 20
pixel: 100 21
pixel: 100 22
pixel: 100 23
pixel: 100 24
pixel: 100 25
pixel: 100 26
pixel: 100 27
pixel: 100 28
pixel: 100 29
pixel: 100 30
pixel: 100 31
pixel: 100 32
pixel: 100 33
pixel: 100 34
pixel: 100 35
pixel: 100 36
pixel: 100 37
pixel: 100 38
pixel: 100 39
pixel: 100 40
pixel: 100 41
pixel: 100 42
pixel: 100 43
pixel: 100 44
pixel: 100 45
pixel: 100 46
pixel: 100 47
pixel: 100 48
pixel: 100 49
pixel: 100 50
pixel: 100 51
pixel: 100 52
pixel: 100 53
pixel: 100 54
pixel: 100 55
pixel: 100 56
pixel: 100 57
pixel: 100 58
pixel: 100 59
pixel: 100 60
pixel: 100 61
pixel: 100 62
pixel: 100 63
pixel: 100 64
pixel: 100 65
pixel: 100 66
valid: 3.63676 0.000955513 0.00775956
pixel: 100 67
valid: 3.6377 0.0123012 0.0134382
pixel: 100 68
valid: 3.6387 0.0236648 0.0191257
pixel: 100 69
valid: 3.63975 0.0350464 0.0248223
pixel: 100 70
valid: 3.64087 0.0464459 0.0305278
pixel: 100 71
valid: 3.64205 0.0578634 0.0362423
pixel: 100 72
valid: 3.64328 0.0692991 0.041966
pixel: 100 73
valid: 3.64458 0.0807529 0.0476986
pixel: 100 74
valid: 3.64593 0.0922247 0.0534403
pixel: 100 75
valid: 3.64735 0.103715 0.0591912
pixel: 100 76
valid: 3.64883 0.115223 0.0649511
pixel: 100 77
valid: 3.65036 0.12675 0.0707202
pixel: 100 78
valid: 3.65196 0.138295 0.0764986
pixel: 100 79
valid: 3.65362 0.149858 0.082286
pixel: 100 80
valid: 3.65535 0.161439 0.0880827
pixel: 100 81
valid: 3.65713 0.17304 0.0938886
pixel: 100 82
valid: 3.65897 0.184658 0.0997038
pixel: 100 83
valid: 3.66088 0.196295 0.105528
pixel: 100 84
valid: 3.66285 0.207951 0.111362
pixel: 100 85
valid: 3.66489 0.219625 0.117205
pixel: 100 86
valid: 3.66698 0.231318 0.123058
pixel: 100 87
valid: 3.66914 0.24303 0.128919
pixel: 100 88
valid: 3.67136 0.254761 0.134791
pixel: 100 89
valid: 3.67365 0.26651 0.140671
pixel: 100 90
valid: 3.67599 0.278278 0.146561
pixel: 100 91
valid: 3.67841 0.290065 0.152461
pixel: 100 92
valid: 3.68088 0.301871 0.15837
pixel: 100 93
valid: 3.68342 0.313696 0.164288
pixel: 100 94
valid: 3.68603 0.32554 0.170216
pixel: 100 95
valid: 3.68869 0.337403 0.176154
pixel: 100 96
valid: 3.69143 0.349286 0.182101
pixel: 100 97
valid: 3.69423 0.361187 0.188058
pixel: 100 98
valid: 3.69709 0.373108 0.194024
pixel: 100 99
valid: 3.70001 0.385048 0.2
pixel: 100 100
valid: 3.70301 0.397007 0.205986
pixel: 100 101
valid: 3.70607 0.408986 0.211981
pixel: 100 102
valid: 3.70919 0.420984 0.217986
pixel: 100 103
valid: 3.71238 0.433001 0.224001
pixel: 100 104
valid: 3.71563 0.445038 0.230026
pixel: 100 105
valid: 3.71896 0.457095 0.23606
pixel: 100 106
valid: 3.72234 0.469171 0.242104
pixel: 100 107
valid: 3.7258 0.481267 0.248158
pixel: 100 108
valid: 3.72932 0.493382 0.254222
pixel: 100 109
valid: 3.7329 0.505518 0.260296
pixel: 100 110
valid: 3.73656 0.517673 0.266379
pixel: 100 111
valid: 3.74028 0.529847 0.272473
pixel: 100 112
valid: 3.74406 0.542042 0.278576
pixel: 100 113
valid: 3.74792 0.554257 0.28469
pixel: 100 114
valid: 3.75184 0.566492 0.290814
pixel: 100 115
valid: 3.75583 0.578746 0.296947
pixel: 100 116
valid: 3.75988 0.591021 0.303091
pixel: 100 117
valid: 3.76401 0.603316 0.309244
pixel: 100 118
valid: 3.7682 0.615631 0.315408
pixel: 100 119
valid: 3.77246 0.627966 0.321582
pixel: 100 120
valid: 3.77678 0.640322 0.327766
pixel: 100 121
valid: 3.78118 0.652698 0.33396
pixel: 100 122
pixel: 100 123
pixel: 100 124
pixel: 100 125
pixel: 100 126
pixel: 100 127
pixel: 100 128
pixel: 100 129
pixel: 100 130
pixel: 100 131
pixel: 100 132
pixel: 100 133
pixel: 100 134
pixel: 100 135
pixel: 100 136
pixel: 100 137
pixel: 100 138
pixel: 100 139
pixel: 100 140
pixel: 100 141
pixel: 100 142
pixel: 100 143
pixel: 100 144
pixel: 100 145
pixel: 100 146
pixel: 100 147
pixel: 100 148
pixel: 100 149
pixel: 100 150
pixel: 100 151
pixel: 100 152
pixel: 100 153
pixel: 100 154
pixel: 100 155
pixel: 100 156
pixel: 100 157
pixel: 100 158
pixel: 100 159
pixel: 100 160
pixel: 100 161
pixel: 100 162
pixel: 100 163
pixel: 100 164
pixel: 100 165
pixel: 100 166
pixel: 100 167
pixel: 100 168
pixel: 100 169
pixel: 100 170
pixel: 100 171
pixel: 100 172
pixel: 100 173
pixel: 100 174
pixel: 100 175
pixel: 100 176
pixel: 100 177
pixel: 100 178
pixel: 100 179
pixel: 100 180
pixel: 100 181
pixel: 100 182
pixel: 100 183
pixel: 100 184
pixel: 100 185
pixel: 100 186
pixel: 100 187
pixel: 100 188
pixel: 100 189
pixel: 100 190
pixel: 100 191
pixel: 100 192
pixel: 100 193
pixel: 100 194
pixel: 100 195
pixel: 100 196
pixel: 100 197
pixel: 100 198
pixel: 100 199
pixel: 101 0
pixel: 101 1
pixel: 101 2
pixel: 101 3
pixel: 101 4
pixel: 101 5
pixel: 101 6
pixel: 101 7
pixel: 101 8
pixel: 101 9
pixel: 101 10
pixel: 101 11
pixel: 101 12
pixel: 101 13
pixel: 101 14
pixel: 101 15
pixel: 101 16
pixel: 101 17
pixel: 101 18
pixel: 101 19
pixel: 101 20
pixel: 101 21
pixel: 101 22
pixel: 101 23
pixel: 101 24
pixel: 101 25
pixel: 101 26
pixel: 101 27
pixel: 101 28
pixel: 101 29
pixel: 101 30
pixel: 101 31
pixel: 101 32
pixel: 101 33
pixel: 101 34
pixel: 101 35
pixel: 101 36
pixel: 101 37
pixel: 101 38
pixel: 101 39
pixel: 101 40
pixel: 101 41
pixel: 101 42
pixel: 101 43
pixel: 101 44
pixel: 101 45
pixel: 101 46
pixel: 101 47
pixel: 101 48
pixel: 101 49
pixel: 101 50
pixel: 101 51
pixel: 101 52
pixel: 101 53
pixel: 101 54
pixel: 101 55
pixel: 101 56
pixel: 101 57
pixel: 101 58
pixel: 101 59
pixel: 101 60
pixel: 101 61
pixel: 101 62
pixel: 101 63
pixel: 101 64
pixel: 101 65
pixel: 101 66
pixel: 101 67
pixel: 101 68
valid: 3.64163 0.00585007 0.0248222
pixel: 101 69
valid: 3.64269 0.0172266 0.0305278
pixel: 101 70
valid: 3.64381 0.028621 0.0362423
pixel: 101 71
valid: 3.64498 0.0400334 0.0419659
pixel: 101 72
valid: 3.64622 0.0514641 0.0476986
pixel: 101 73
valid: 3.64752 0.0629127 0.0534403
pixel: 101 74
valid: 3.64888 0.0743796 0.0591911
pixel: 101 75
valid: 3.6503 0.0858646 0.0649511
pixel: 101 76
valid: 3.65178 0.0973678 0.0707202
pixel: 101 77
valid: 3.65332 0.108889 0.0764985
pixel: 101 78
valid: 3.65493 0.120429 0.082286
pixel: 101 79
valid: 3.65659 0.131988 0.0880827
pixel: 101 80
valid: 3.65832 0.143564 0.0938886
pixel: 101 81
valid: 3.6601 0.155159 0.0997038
pixel: 101 82
valid: 3.66195 0.166773 0.105528
pixel: 101 83
valid: 3.66387 0.178405 0.111362
pixel: 101 84
valid: 3.66584 0.190056 0.117205
pixel: 101 85
valid: 3.66788 0.201725 0.123058
pixel: 101 86
valid: 3.66998 0.213413 0.128919
pixel: 101 87
valid: 3.67214 0.22512 0.13479
pixel: 101 88
valid: 3.67436 0.236846 0.140671
pixel: 101 89
valid: 3.67665 0.24859 0.146561
pixel: 101 90
valid: 3.67901 0.260353 0.152461
pixel: 101 91
valid: 3.68142 0.272135 0.15837
pixel: 101 92
valid: 3.6839 0.283936 0.164288
pixel: 101 93
valid: 3.68645 0.295757 0.170216
pixel: 101 94
valid: 3.68906 0.307596 0.176154
pixel: 101 95
valid: 3.69173 0.319454 0.182101
pixel: 101 96
valid: 3.69447 0.331331 0.188058
pixel: 101 97
valid: 3.69727 0.343228 0.194024
pixel: 101 98
valid: 3.70014 0.355144 0.2
pixel: 101 99
valid: 3.70307 0.367079 0.205986
pixel: 101 100
valid: 3.70607 0.379033 0.211981
pixel: 101 101
valid: 3.70913 0.391007 0.217986
pixel: 101 102
valid: 3.71226 0.403 0.224001
pixel: 101 103
valid: 3.71545 0.415013 0.230026
pixel: 101 104
valid: 3.71871 0.427045 0.23606
pixel: 101 105
valid: 3.72204 0.439097 0.242104
pixel: 101 106
valid: 3.72543 0.451168 0.248158
pixel: 101 107
valid: 3.72889 0.463259 0.254222
pixel: 101 108
valid: 3.73242 0.47537 0.260296
pixel: 101 109
valid: 3.73601 0.4875 0.266379
pixel: 101 110
valid: 3.73967 0.49965 0.272473
pixel: 101 111
valid: 3.74339 0.51182 0.278577
pixel: 101 112
valid: 3.74718 0.52401 0.28469
pixel: 101 113
valid: 3.75104 0.53622 0.290814
pixel: 101 114
valid: 3.75497 0.54845 0.296947
pixel: 101 115
valid: 3.75897 0.5607 0.303091
pixel: 101 116
valid: 3.76303 0.57297 0.309244
pixel: 101 117
valid: 3.76716 0.58526 0.315408
pixel: 101 118
valid: 3.77135 0.597571 0.321582
pixel: 101 119
valid: 3.77562 0.609902 0.327766
pixel: 101 120
valid: 3.77995 0.622253 0.33396
pixel: 101 121
valid: 3.78435 0.634624 0.340165
pixel: 101 122
valid: 3.78882 0.647015 0.34638
pixel: 101 123
pixel: 101 124
pixel: 101 125
pixel: 101 126
pixel: 101 127
pixel: 101 128
pixel: 101 129
pixel: 101 130
pixel: 101 131
pixel: 101 132
pixel: 101 133
pixel: 101 134
pixel: 101 135
pixel: 101 136
pixel: 101 137
pixel: 101 138
pixel: 101 139
pixel: 101 140
pixel: 101 141
pixel: 101 142
pixel: 101 143
pixel: 101 144
pixel: 101 145
pixel: 101 146
pixel: 101 147
pixel: 101 148
pixel: 101 149
pixel: 101 150
pixel: 101 151
pixel: 101 152
pixel: 101 153
pixel: 101 154
pixel: 101 155
pixel: 101 156
pixel: 101 157
pixel: 101 158
pixel: 101 159
pixel: 101 160
pixel: 101 161
pixel: 101 162
pixel: 101 163
pixel: 101 164
pixel: 101 165
pixel: 101 166
pixel: 101 167
pixel: 101 168
pixel: 101 169
pixel: 101 170
pixel: 101 171
pixel: 101 172
pixel: 101 173
pixel: 101 174
pixel: 101 175
pixel: 101 176
pixel: 101 177
pixel: 101 178
pixel: 101 179
pixel: 101 180
pixel: 101 181
pixel: 101 182
pixel: 101 183
pixel: 101 184
pixel: 101 185
pixel: 101 186
pixel: 101 187
pixel: 101 188
pixel: 101 189
pixel: 101 190
pixel: 101 191
pixel: 101 192
pixel: 101 193
pixel: 101 194
pixel: 101 195
pixel: 101 196
pixel: 101 197
pixel: 101 198
pixel: 101 199
pixel: 102 0
pixel: 102 1
pixel: 102 2
pixel: 102 3
pixel: 102 4
pixel: 102 5
pixel: 102 6
pixel: 102 7
pixel: 102 8
pixel: 102 9
pixel: 102 10
pixel: 102 11
pixel: 102 12
pixel: 102 13
pixel: 102 14
pixel: 102 15
pixel: 102 16
pixel: 102 17
pixel: 102 18
pixel: 102 19
pixel: 102 20
pixel: 102 21
pixel: 102 22
pixel: 102 23
pixel: 102 24
pixel: 102 25
pixel: 102 26
pixel: 102 27
pixel: 102 28
pixel: 102 29
pixel: 102 30
pixel: 102 31
pixel: 102 32
pixel: 102 33
pixel: 102 34
pixel: 102 35
pixel: 102 36
pixel: 102 37
pixel: 102 38
pixel: 102 39
pixel: 102 40
pixel: 102 41
pixel: 102 42
pixel: 102 43
pixel: 102 44
pixel: 102 45
pixel: 102 46
pixel: 102 47
pixel: 102 48
pixel: 102 49
pixel: 102 50
pixel: 102 51
pixel: 102 52
pixel: 102 53
pixel: 102 54
pixel: 102 55
pixel: 102 56
pixel: 102 57
pixel: 102 58
pixel: 102 59
pixel: 102 60
pixel: 102 61
pixel: 102 62
pixel: 102 63
pixel: 102 64
pixel: 102 65
pixel: 102 66
pixel: 102 67
pixel: 102 68
pixel: 102 69
pixel: 102 70
valid: 3.64681 0.0107679 0.0419659
pixel: 102 71
valid: 3.64799 0.0221753 0.0476985
pixel: 102 72
valid: 3.64923 0.0336009 0.0534403
pixel: 102 73
valid: 3.65053 0.0450444 0.0591911
pixel: 102 74
valid: 3.6519 0.0565062 0.0649511
pixel: 102 75
valid: 3.65332 0.067986 0.0707202
pixel: 102 76
valid: 3.6548 0.0794843 0.0764985
pixel: 102 77
valid: 3.65635 0.0910007 0.082286
pixel: 102 78
valid: 3.65795 0.102536 0.0880827
pixel: 102 79
valid: 3.65962 0.114089 0.0938886
pixel: 102 80
valid: 3.66135 0.12566 0.0997038
pixel: 102 81
valid: 3.66314 0.13725 0.105528
pixel: 102 82
valid: 3.665 0.148859 0.111362
pixel: 102 83
valid: 3.66691 0.160486 0.117205
pixel: 102 84
valid: 3.66889 0.172132 0.123058
pixel: 102 85
valid: 3.67093 0.183796 0.128919
pixel: 102 86
valid: 3.67304 0.195479 0.13479
pixel: 102 87
valid: 3.6752 0.207181 0.140671
pixel: 102 88
valid: 3.67743 0.218902 0.146561
pixel: 102 89
valid: 3.67973 0.230641 0.152461
pixel: 102 90
valid: 3.68208 0.242399 0.15837
pixel: 102 91
valid: 3.6845 0.254177 0.164288
pixel: 102 92
valid: 3.68699 0.265973 0.170216
pixel: 102 93
valid: 3.68954 0.277788 0.176154
pixel: 102 94
valid: 3.69215 0.289622 0.182101
pixel: 102 95
valid: 3.69483 0.301475 0.188058
pixel: 102 96
valid: 3.69757 0.313348 0.194024
pixel: 102 97
valid: 3.70038 0.32524 0.2
pixel: 102 98
valid: 3.70325 0.33715 0.205986
pixel: 102 99
valid: 3.70619 0.349081 0.211981
pixel: 102 100
valid: 3.70919 0.36103 0.217986
pixel: 102 101
valid: 3.71226 0.372999 0.224001
pixel: 102 102
valid: 3.71539 0.384987 0.230026
pixel: 102 103
valid: 3.71859 0.396995 0.23606
pixel: 102 104
valid: 3.72186 0.409022 0.242104
pixel: 102 105
valid: 3.72519 0.421069 0.248158
pixel: 102 106
valid: 3.72859 0.433136 0.254222
pixel: 102 107
valid: 3.73205 0.445222 0.260296
pixel: 102 108
valid: 3.73558 0.457328 0.266379
pixel: 102 109
valid: 3.73918 0.469453 0.272473
pixel: 102 110
valid: 3.74284 0.481599 0.278577
pixel: 102 111
valid: 3.74657 0.493764 0.28469
pixel: 102 112
valid: 3.75037 0.505949 0.290814
pixel: 102 113
valid: 3.75424 0.518154 0.296947
pixel: 102 114
valid: 3.75817 0.530379 0.303091
pixel: 102 115
valid: 3.76217 0.542625 0.309244
pixel: 102 116
valid: 3.76624 0.55489 0.315408
pixel: 102 117
valid: 3.77037 0.567175 0.321582
pixel: 102 118
valid: 3.77458 0.579481 0.327766
pixel: 102 119
valid: 3.77885 0.591807 0.33396
pixel: 102 120
valid: 3.78319 0.604153 0.340165
pixel: 102 121
valid: 3.7876 0.61652 0.34638
pixel: 102 122
valid: 3.79207 0.628907 0.352604
pixel: 102 123
pixel: 102 124
pixel: 102 125
pixel: 102 126
pixel: 102 127
pixel: 102 128
pixel: 102 129
pixel: 102 130
pixel: 102 131
pixel: 102 132
pixel: 102 133
pixel: 102 134
pixel: 102 135
pixel: 102 136
pixel: 102 137
pixel: 102 138
pixel: 102 139
pixel: 102 140
pixel: 102 141
pixel: 102 142
pixel: 102 143
pixel: 102 144
pixel: 102 145
pixel: 102 146
pixel: 102 147
pixel: 102 148
pixel: 102 149
pixel: 102 150
pixel: 102 151
pixel: 102 152
pixel: 102 153
pixel: 102 154
pixel: 102 155
pixel: 102 156
pixel: 102 157
pixel: 102 158
pixel: 102 159
pixel: 102 160
pixel: 102 161
pixel: 102 162
pixel: 102 163
pixel: 102 164
pixel: 102 165
pixel: 102 166
pixel: 102 167
pixel: 102 168
pixel: 102 169
pixel: 102 170
pixel: 102 171
pixel: 102 172
pixel: 102 173
pixel: 102 174
pixel: 102 175
pixel: 102 176
pixel: 102 177
pixel: 102 178
pixel: 102 179
pixel: 102 180
pixel: 102 181
pixel: 102 182
pixel: 102 183
pixel: 102 184
pixel: 102 185
pixel: 102 186
pixel: 102 187
pixel: 102 188
pixel: 102 189
pixel: 102 190
pixel: 102 191
pixel: 102 192
pixel: 102 193
pixel: 102 194
pixel: 102 195
pixel: 102 196
pixel: 102 197
pixel: 102 198
pixel: 102 199
pixel: 103 0
pixel: 103 1
pixel: 103 2
pixel: 103 3
pixel: 103 4
pixel: 103 5
pixel: 103 6
pixel: 103 7
pixel: 103 8
pixel: 103 9
pixel: 103 10
pixel: 103 11
pixel: 103 12
pixel: 103 13
pixel: 103 14
pixel: 103 15
pixel: 103 16
pixel: 103 17
pixel: 103 18
pixel: 103 19
pixel: 103 20
pixel: 103 21
pixel: 103 22
pixel: 103 23
pixel: 103 24
pixel: 103 25
pixel: 103 26
pixel: 103 27
pixel: 103 28
pixel: 103 29
pixel: 103 30
pixel: 103 31
pixel: 103 32
pixel: 103 33
pixel: 103 34
pixel: 103 35
pixel: 103 36
pixel: 103 37
pixel: 103 38
pixel: 103 39
pixel: 103 40
pixel: 103 41
pixel: 103 42
pixel: 103 43
pixel: 103 44
pixel: 103 45
pixel: 103 46
pixel: 103 47
pixel: 103 48
pixel: 103 49
pixel: 103 50
pixel: 103 51
pixel: 103 52
pixel: 103 53
pixel: 103 54
pixel: 103 55
pixel: 103 56
pixel: 103 57
pixel: 103 58
pixel: 103 59
pixel: 103 60
pixel: 103 61
pixel: 103 62
pixel: 103 63
pixel: 103 64
pixel: 103 65
pixel: 103 66
pixel: 103 67
pixel: 103 68
pixel: 103 69
pixel: 103 70
pixel: 103 71
valid: 3.65105 0.00428885 0.0534403
pixel: 103 72
valid: 3.6523 0.0157093 0.0591912
pixel: 103 73
valid: 3.65361 0.0271477 0.0649511
pixel: 103 74
valid: 3.65497 0.0386043 0.0707202
pixel: 103 75
valid: 3.6564 0.0500792 0.0764985
pixel: 103 76
valid: 3.65789 0.0615722 0.082286
pixel: 103 77
valid: 3.65944 0.0730837 0.0880826
pixel: 103 78
valid: 3.66105 0.0846135 0.0938886
pixel: 103 79
valid: 3.66272 0.0961616 0.0997038
pixel: 103 80
valid: 3.66445 0.107728 0.105528
pixel: 103 81
valid: 3.66625 0.119313 0.111362
pixel: 103 82
valid: 3.66811 0.130917 0.117205
pixel: 103 83
valid: 3.67002 0.142539 0.123057
pixel: 103 84
valid: 3.67201 0.154179 0.128919
pixel: 103 85
valid: 3.67405 0.165839 0.13479
pixel: 103 86
valid: 3.67616 0.177517 0.140671
pixel: 103 87
valid: 3.67833 0.189214 0.146561
pixel: 103 88
valid: 3.68057 0.200929 0.152461
pixel: 103 89
valid: 3.68286 0.212663 0.15837
pixel: 103 90
valid: 3.68522 0.224417 0.164288
pixel: 103 91
valid: 3.68765 0.236189 0.170216
pixel: 103 92
valid: 3.69014 0.24798 0.176154
pixel: 103 93
valid: 3.69269 0.25979 0.182101
pixel: 103 94
valid: 3.69531 0.271619 0.188058
pixel: 103 95
valid: 3.69799 0.283468 0.194024
pixel: 103 96
valid: 3.70074 0.295335 0.2
pixel: 103 97
valid: 3.70355 0.307222 0.205986
pixel: 103 98
valid: 3.70643 0.319128 0.211981
pixel: 103 99
valid: 3.70937 0.331053 0.217986
pixel: 103 100
valid: 3.71238 0.342998 0.224001
pixel: 103 101
valid: 3.71545 0.354962 0.230026
pixel: 103 102
valid: 3.71859 0.366945 0.23606
pixel: 103 103
valid: 3.7218 0.378948 0.242104
pixel: 103 104
valid: 3.72507 0.39097 0.248158
pixel: 103 105
valid: 3.7284 0.403012 0.254222
pixel: 103 106
valid: 3.73181 0.415074 0.260296
pixel: 103 107
valid: 3.73528 0.427155 0.266379
pixel: 103 108
valid: 3.73881 0.439256 0.272473
pixel: 103 109
valid: 3.74242 0.451377 0.278577
pixel: 103 110
valid: 3.74609 0.463518 0.28469
pixel: 103 111
valid: 3.74982 0.475678 0.290814
pixel: 103 112
valid: 3.75363 0.487858 0.296947
pixel: 103 113
valid: 3.7575 0.500059 0.303091
pixel: 103 114
valid: 3.76144 0.512279 0.309244
pixel: 103 115
valid: 3.76544 0.524519 0.315408
pixel: 103 116
valid: 3.76952 0.53678 0.321582
pixel: 103 117
valid: 3.77366 0.549061 0.327766
pixel: 103 118
valid: 3.77787 0.561361 0.33396
pixel: 103 119
valid: 3.78215 0.573683 0.340165
pixel: 103 120
valid: 3.78649 0.586024 0.34638
pixel: 103 121
valid: 3.7909 0.598386 0.352604
pixel: 103 122
valid: 3.79539 0.610768 0.35884
pixel: 103 123
valid: 3.79994 0.623171 0.365085
pixel: 103 124
pixel: 103 125
pixel: 103 126
pixel: 103 127
pixel: 103 128
pixel: 103 129
pixel: 103 130
pixel: 103 131
pixel: 103 132
pixel: 103 133
pixel: 103 134
pixel: 103 135
pixel: 103 136
pixel: 103 137
pixel: 103 138
pixel: 103 139
pixel: 103 140
pixel: 103 141
pixel: 103 142
pixel: 103 143
pixel: 103 144
pixel: 103 145
pixel: 103 146
pixel: 103 147
pixel: 103 148
pixel: 103 149
pixel: 103 150
pixel: 103 151
pixel: 103 152
pixel: 103 153
pixel: 103 154
pixel: 103 155
pixel: 103 156
pixel: 103 157
pixel: 103 158
pixel: 103 159
pixel: 103 160
pixel: 103 161
pixel: 103 162
pixel: 103 163
pixel: 103 164
pixel: 103 165
pixel: 103 166
pixel: 103 167
pixel: 103 168
pixel: 103 169
pixel: 103 170
pixel: 103 171
pixel: 103 172
pixel: 103 173
pixel: 103 174
pixel: 103 175
pixel: 103 176
pixel: 103 177
pixel: 103 178
pixel: 103 179
pixel: 103 180
pixel: 103 181
pixel: 103 182
pixel: 103 183
pixel: 103 184
pixel: 103 185
pixel: 103 186
pixel: 103 187
pixel: 103 188
pixel: 103 189
pixel: 103 190
pixel: 103 191
pixel: 103 192
pixel: 103 193
pixel: 103 194
pixel: 103 195
pixel: 103 196
pixel: 103 197
pixel: 103 198
pixel: 103 199
pixel: 104 0
pixel: 104 1
pixel: 104 2
pixel: 104 3
pixel: 104 4
pixel: 104 5
pixel: 104 6
pixel: 104 7
pixel: 104 8
pixel: 104 9
pixel: 104 10
pixel: 104 11
pixel: 104 12
pixel: 104 13
pixel: 104 14
pixel: 104 15
pixel: 104 16
pixel: 104 17
pixel: 104 18
pixel: 104 19
pixel: 104 20
pixel: 104 21
pixel: 104 22
pixel: 104 23
pixel: 104 24
pixel: 104 25
pixel: 104 26
pixel: 104 27
pixel: 104 28
pixel: 104 29
pixel: 104 30
pixel: 104 31
pixel: 104 32
pixel: 104 33
pixel: 104 34
pixel: 104 35
pixel: 104 36
pixel: 104 37
pixel: 104 38
pixel: 104 39
pixel: 104 40
pixel: 104 41
pixel: 104 42
pixel: 104 43
pixel: 104 44
pixel: 104 45
pixel: 104 46
pixel: 104 47
pixel: 104 48
pixel: 104 49
pixel: 104 50
pixel: 104 51
pixel: 104 52
pixel: 104 53
pixel: 104 54
pixel: 104 55
pixel: 104 56
pixel: 104 57
pixel: 104 58
pixel: 104 59
pixel: 104 60
pixel: 104 61
pixel: 104 62
pixel: 104 63
pixel: 104 64
pixel: 104 65
pixel: 104 66
pixel: 104 67
pixel: 104 68
pixel: 104 69
pixel: 104 70
pixel: 104 71
pixel: 104 72
pixel: 104 73
valid: 3.65674 0.00922261 0.0707202
pixel: 104 74
valid: 3.65811 0.0206741 0.0764985
pixel: 104 75
valid: 3.65954 0.0321438 0.082286
pixel: 104 76
valid: 3.66104 0.0436317 0.0880826
pixel: 104 77
valid: 3.66259 0.055138 0.0938886
pixel: 104 78
valid: 3.6642 0.0666627 0.0997038
pixel: 104 79
valid: 3.66588 0.0782057 0.105528
pixel: 104 80
valid: 3.66762 0.0897671 0.111362
pixel: 104 81
valid: 3.66942 0.101347 0.117205
pixel: 104 82
valid: 3.67128 0.112945 0.123058
pixel: 104 83
valid: 3.6732 0.124562 0.128919
pixel: 104 84
valid: 3.67519 0.136198 0.13479
pixel: 104 85
valid: 3.67724 0.147852 0.140671
pixel: 104 86
valid: 3.67935 0.159525 0.146561
pixel: 104 87
valid: 3.68152 0.171217 0.152461
pixel: 104 88
valid: 3.68376 0.182928 0.15837
pixel: 104 89
valid: 3.68607 0.194657 0.164288
pixel: 104 90
valid: 3.68843 0.206405 0.170216
pixel: 104 91
valid: 3.69086 0.218172 0.176154
pixel: 104 92
valid: 3.69335 0.229958 0.182101
pixel: 104 93
valid: 3.69591 0.241764 0.188058
pixel: 104 94
valid: 3.69854 0.253588 0.194024
pixel: 104 95
valid: 3.70122 0.265431 0.2
pixel: 104 96
valid: 3.70398 0.277294 0.205986
pixel: 104 97
valid: 3.70679 0.289175 0.211981
pixel: 104 98
valid: 3.70967 0.301076 0.217986
pixel: 104 99
valid: 3.71262 0.312997 0.224001
pixel: 104 100
valid: 3.71563 0.324936 0.230026
pixel: 104 101
valid: 3.71871 0.336895 0.23606
pixel: 104 102
valid: 3.72186 0.348874 0.242104
pixel: 104 103
valid: 3.72507 0.360872 0.248158
pixel: 104 104
valid: 3.72834 0.372889 0.254222
pixel: 104 105
valid: 3.73169 0.384926 0.260296
pixel: 104 106
valid: 3.73509 0.396983 0.266379
pixel: 104 107
valid: 3.73857 0.409059 0.272473
pixel: 104 108
valid: 3.74211 0.421155 0.278577
pixel: 104 109
valid: 3.74572 0.433271 0.28469
pixel: 104 110
valid: 3.7494 0.445407 0.290814
pixel: 104 111
valid: 3.75314 0.457562 0.296947
pixel: 104 112
valid: 3.75695 0.469738 0.303091
pixel: 104 113
valid: 3.76083 0.481933 0.309244
pixel: 104 114
valid: 3.76477 0.494149 0.315408
pixel: 104 115
valid: 3.76878 0.506384 0.321582
pixel: 104 116
valid: 3.77286 0.51864 0.327766
pixel: 104 117
valid: 3.77701 0.530916 0.33396
pixel: 104 118
valid: 3.78122 0.543212 0.340165
pixel: 104 119
valid: 3.78551 0.555528 0.34638
pixel: 104 120
valid: 3.78986 0.567865 0.352604
pixel: 104 121
valid: 3.79428 0.580222 0.35884
pixel: 104 122
valid: 3.79877 0.592599 0.365085
pixel: 104 123
valid: 3.80333 0.604997 0.371341
pixel: 104 124
valid: 3.80795 0.617416 0.377607
pixel: 104 125
pixel: 104 126
pixel: 104 127
pixel: 104 128
pixel: 104 129
pixel: 104 130
pixel: 104 131
pixel: 104 132
pixel: 104 133
pixel: 104 134
pixel: 104 135
pixel: 104 136
pixel: 104 137
pixel: 104 138
pixel: 104 139
pixel: 104 140
pixel: 104 141
pixel: 104 142
pixel: 104 143
pixel: 104 144
pixel: 104 145
pixel: 104 146
pixel: 104 147
pixel: 104 148
pixel: 104 149
pixel: 104 150
pixel: 104 151
pixel: 104 152
pixel: 104 153
pixel: 104 154
pixel: 104 155
pixel: 104 156
pixel: 104 157
pixel: 104 158
pixel: 104 159
pixel: 104 160
pixel: 104 161
pixel: 104 162
pixel: 104 163
pixel: 104 164
pixel: 104 165
pixel: 104 166
pixel: 104 167
pixel: 104 168
pixel: 104 169
pixel: 104 170
pixel: 104 171
pixel: 104 172
pixel: 104 173
pixel: 104 174
pixel: 104 175
pixel: 104 176
pixel: 104 177
pixel: 104 178
pixel: 104 179
pixel: 104 180
pixel: 104 181
pixel: 104 182
pixel: 104 183
pixel: 104 184
pixel: 104 185
pixel: 104 186
pixel: 104 187
pixel: 104 188
pixel: 104 189
pixel: 104 190
pixel: 104 191
pixel: 104 192
pixel: 104 193
pixel: 104 194
pixel: 104 195
pixel: 104 196
pixel: 104 197
pixel: 104 198
pixel: 104 199
pixel: 105 0
pixel: 105 1
pixel: 105 2
pixel: 105 3
pixel: 105 4
pixel: 105 5
pixel: 105 6
pixel: 105 7
pixel: 105 8
pixel: 105 9
pixel: 105 10
pixel: 105 11
pixel: 105 12
pixel: 105 13
pixel: 105 14
pixel: 105 15
pixel: 105 16
pixel: 105 17
pixel: 105 18
pixel: 105 19
pixel: 105 20
pixel: 105 21
pixel: 105 22
pixel: 105 23
pixel: 105 24
pixel: 105 25
pixel: 105 26
pixel: 105 27
pixel: 105 28
pixel: 105 29
pixel: 105 30
pixel: 105 31
pixel: 105 32
pixel: 105 33
pixel: 105 34
pixel: 105 35
pixel: 105 36
pixel: 105 37
pixel: 105 38
pixel: 105 39
pixel: 105 40
pixel: 105 41
pixel: 105 42
pixel: 105 43
pixel: 105 44
pixel: 105 45
pixel: 105 46
pixel: 105 47
pixel: 105 48
pixel: 105 49
pixel: 105 50
pixel: 105 51
pixel: 105 52
pixel: 105 53
pixel: 105 54
pixel: 105 55
pixel: 105 56
pixel: 105 57
pixel: 105 58
pixel: 105 59
pixel: 105 60
pixel: 105 61
pixel: 105 62
pixel: 105 63
pixel: 105 64
pixel: 105 65
pixel: 105 66
pixel: 105 67
pixel: 105 68
pixel: 105 69
pixel: 105 70
pixel: 105 71
pixel: 105 72
pixel: 105 73
pixel: 105 74
valid: 3.66132 0.0027153 0.0822859
pixel: 105 75
valid: 3.66275 0.0141798 0.0880826
pixel: 105 76
valid: 3.66425 0.0256626 0.0938886
pixel: 105 77
valid: 3.66581 0.0371637 0.0997037
pixel: 105 78
valid: 3.66742 0.0486833 0.105528
pixel: 105 79
valid: 3.6691 0.0602211 0.111362
pixel: 105 80
valid: 3.67084 0.0717775 0.117205
pixel: 105 81
valid: 3.67265 0.0833522 0.123057
pixel: 105 82
valid: 3.67451 0.0949455 0.128919
pixel: 105 83
valid: 3.67644 0.106557 0.13479
pixel: 105 84
valid: 3.67843 0.118188 0.140671
pixel: 105 85
valid: 3.68049 0.129837 0.146561
pixel: 105 86
valid: 3.6826 0.141505 0.152461
pixel: 105 87
valid: 3.68478 0.153192 0.15837
pixel: 105 88
valid: 3.68703 0.164897 0.164288
pixel: 105 89
valid: 3.68933 0.176621 0.170216
pixel: 105 90
valid: 3.6917 0.188364 0.176154
pixel: 105 91
valid: 3.69414 0.200127 0.182101
pixel: 105 92
valid: 3.69664 0.211908 0.188058
pixel: 105 93
valid: 3.6992 0.223708 0.194024
pixel: 105 94
valid: 3.70183 0.235527 0.2
pixel: 105 95
valid: 3.70452 0.247365 0.205986
pixel: 105 96
valid: 3.70728 0.259223 0.211981
pixel: 105 97
valid: 3.7101 0.2711 0.217986
pixel: 105 98
valid: 3.71299 0.282996 0.224001
pixel: 105 99
valid: 3.71594 0.294911 0.230025
pixel: 105 100
valid: 3.71896 0.306845 0.23606
pixel: 105 101
valid: 3.72204 0.318799 0.242104
pixel: 105 102
valid: 3.72519 0.330773 0.248158
pixel: 105 103
valid: 3.7284 0.342766 0.254222
pixel: 105 104
valid: 3.73169 0.354778 0.260296
pixel: 105 105
valid: 3.73503 0.36681 0.266379
pixel: 105 106
valid: 3.73845 0.378862 0.272473
pixel: 105 107
valid: 3.74193 0.390934 0.278576
pixel: 105 108
valid: 3.74548 0.403025 0.28469
pixel: 105 109
valid: 3.74909 0.415136 0.290814
pixel: 105 110
valid: 3.75277 0.427267 0.296947
pixel: 105 111
valid: 3.75652 0.439417 0.303091
pixel: 105 112
valid: 3.76034 0.451588 0.309244
pixel: 105 113
valid: 3.76422 0.463778 0.315408
pixel: 105 114
valid: 3.76817 0.475989 0.321582
pixel: 105 115
valid: 3.77219 0.48822 0.327766
pixel: 105 116
valid: 3.77627 0.50047 0.33396
pixel: 105 117
valid: 3.78043 0.512741 0.340165
pixel: 105 118
valid: 3.78465 0.525033 0.346379
pixel: 105 119
valid: 3.78894 0.537344 0.352604
pixel: 105 120
valid: 3.7933 0.549676 0.35884
pixel: 105 121
valid: 3.79772 0.562028 0.365085
pixel: 105 122
valid: 3.80222 0.574401 0.371341
pixel: 105 123
valid: 3.80678 0.586794 0.377607
pixel: 105 124
valid: 3.81141 0.599208 0.383884
pixel: 105 125
pixel: 105 126
pixel: 105 127
pixel: 105 128
pixel: 105 129
pixel: 105 130
pixel: 105 131
pixel: 105 132
pixel: 105 133
pixel: 105 134
pixel: 105 135
pixel: 105 136
pixel: 105 137
pixel: 105 138
pixel: 105 139
pixel: 105 140
pixel: 105 141
pixel: 105 142
pixel: 105 143
pixel: 105 144
pixel: 105 145
pixel: 105 146
pixel: 105 147
pixel: 105 148
pixel: 105 149
pixel: 105 150
pixel: 105 151
pixel: 105 152
pixel: 105 153
pixel: 105 154
pixel: 105 155
pixel: 105 156
pixel: 105 157
pixel: 105 158
pixel: 105 159
pixel: 105 160
pixel: 105 161
pixel: 105 162
pixel: 105 163
pixel: 105 164
pixel: 105 165
pixel: 105 166
pixel: 105 167
pixel: 105 168
pixel: 105 169
pixel: 105 170
pixel: 105 171
pixel: 105 172
pixel: 105 173
pixel: 105 174
pixel: 105 175
pixel: 105 176
pixel: 105 177
pixel: 105 178
pixel: 105 179
pixel: 105 180
pixel: 105 181
pixel: 105 182
pixel: 105 183
pixel: 105 184
pixel: 105 185
pixel: 105 186
pixel: 105 187
pixel: 105 188
pixel: 105 189
pixel: 105 190
pixel: 105 191
pixel: 105 192
pixel: 105 193
pixel: 105 194
pixel: 105 195
pixel: 105 196
pixel: 105 197
pixel: 105 198
pixel: 105 199
pixel: 106 0
pixel: 106 1
pixel: 106 2
pixel: 106 3
pixel: 106 4
pixel: 106 5
pixel: 106 6
pixel: 106 7
pixel: 106 8
pixel: 106 9
pixel: 106 10
pixel: 106 11
pixel: 106 12
pixel: 106 13
pixel: 106 14
pixel: 106 15
pixel: 106 16
pixel: 106 17
pixel: 106 18
pixel: 106 19
pixel: 106 20
pixel: 106 21
pixel: 106 22
pixel: 106 23
pixel: 106 24
pixel: 106 25
pixel: 106 26
pixel: 106 27
pixel: 106 28
pixel: 106 29
pixel: 106 30
pixel: 106 31
pixel: 106 32
pixel: 106 33
pixel: 106 34
pixel: 106 35
pixel: 106 36
pixel: 106 37
pixel: 106 38
pixel: 106 39
pixel: 106 40
pixel: 106 41
pixel: 106 42
pixel: 106 43
pixel: 106 44
pixel: 106 45
pixel: 106 46
pixel: 106 47
pixel: 106 48
pixel: 106 49
pixel: 106 50
pixel: 106 51
pixel: 106 52
pixel: 106 53
pixel: 106 54
pixel: 106 55
pixel: 106 56
pixel: 106 57
pixel: 106 58
pixel: 106 59
pixel: 106 60
pixel: 106 61
pixel: 106 62
pixel: 106 63
pixel: 106 64
pixel: 106 65
pixel: 106 66
pixel: 106 67
pixel: 106 68
pixel: 106 69
pixel: 106 70
pixel: 106 71
pixel: 106 72
pixel: 106 73
pixel: 106 74
pixel: 106 75
pixel: 106 76
valid: 3.66753 0.00766462 0.0997038
pixel: 106 77
valid: 3.66909 0.0191606 0.105528
pixel: 106 78
valid: 3.67071 0.030675 0.111362
pixel: 106 79
valid: 3.67239 0.0422076 0.117205
pixel: 106 80
valid: 3.67414 0.0537588 0.123058
pixel: 106 81
valid: 3.67595 0.0653284 0.128919
pixel: 106 82
valid: 3.67782 0.0769165 0.134791
pixel: 106 83
valid: 3.67975 0.0885232 0.140671
pixel: 106 84
valid: 3.68174 0.100149 0.146561
pixel: 106 85
valid: 3.6838 0.111793 0.152461
pixel: 106 86
valid: 3.68592 0.123455 0.15837
pixel: 106 87
valid: 3.68811 0.135137 0.164288
pixel: 106 88
valid: 3.69035 0.146837 0.170216
pixel: 106 89
valid: 3.69267 0.158556 0.176154
pixel: 106 90
valid: 3.69504 0.170295 0.182101
pixel: 106 91
valid: 3.69748 0.182052 0.188058
pixel: 106 92
valid: 3.69998 0.193827 0.194024
pixel: 106 93
valid: 3.70255 0.205623 0.2
pixel: 106 94
valid: 3.70518 0.217437 0.205986
pixel: 106 95
valid: 3.70788 0.22927 0.211981
pixel: 106 96
valid: 3.71064 0.241122 0.217986
pixel: 106 97
valid: 3.71347 0.252994 0.224001
pixel: 106 98
valid: 3.71636 0.264885 0.230026
pixel: 106 99
valid: 3.71932 0.276795 0.23606
pixel: 106 100
valid: 3.72234 0.288725 0.242104
pixel: 106 101
valid: 3.72543 0.300674 0.248158
pixel: 106 102
valid: 3.72859 0.312642 0.254222
pixel: 106 103
valid: 3.73181 0.32463 0.260296
pixel: 106 104
valid: 3.73509 0.336638 0.266379
pixel: 106 105
valid: 3.73845 0.348665 0.272473
pixel: 106 106
valid: 3.74187 0.360712 0.278577
pixel: 106 107
valid: 3.74535 0.372778 0.28469
pixel: 106 108
valid: 3.74891 0.384864 0.290814
pixel: 106 109
valid: 3.75253 0.39697 0.296947
pixel: 106 110
valid: 3.75621 0.409096 0.303091
pixel: 106 111
valid: 3.75997 0.421242 0.309244
pixel: 106 112
valid: 3.76379 0.433408 0.315408
pixel: 106 113
valid: 3.76768 0.445593 0.321582
pixel: 106 114
valid: 3.77164 0.457799 0.327766
pixel: 106 115
valid: 3.77566 0.470025 0.33396
pixel: 106 116
valid: 3.77975 0.482271 0.340165
pixel: 106 117
valid: 3.78391 0.494537 0.34638
pixel: 106 118
valid: 3.78814 0.506823 0.352604
pixel: 106 119
valid: 3.79244 0.51913 0.35884
pixel: 106 120
valid: 3.7968 0.531457 0.365085
pixel: 106 121
valid: 3.80123 0.543804 0.371341
pixel: 106 122
valid: 3.80573 0.556172 0.377607
pixel: 106 123
valid: 3.8103 0.56856 0.383884
pixel: 106 124
valid: 3.81494 0.580969 0.390171
pixel: 106 125
valid: 3.81965 0.593398 0.396468
pixel: 106 126
pixel: 106 127
pixel: 106 128
pixel: 106 129
pixel: 106 130
pixel: 106 131
pixel: 106 132
pixel: 106 133
pixel: 106 134
pixel: 106 135
pixel: 106 136
pixel: 106 137
pixel: 106 138
pixel: 106 139
pixel: 106 140
pixel: 106 141
pixel: 106 142
pixel: 106 143
pixel: 106 144
pixel: 106 145
pixel: 106 146
pixel: 106 147
pixel: 106 148
pixel: 106 149
pixel: 106 150
pixel: 106 151
pixel: 106 152
pixel: 106 153
pixel: 106 154
pixel: 106 155
pixel: 106 156
pixel: 106 157
pixel: 106 158
pixel: 106 159
pixel: 106 160
pixel: 106 161
pixel: 106 162
pixel: 106 163
pixel: 106 164
pixel: 106 165
pixel: 106 166
pixel: 106 167
pixel: 106 168
pixel: 106 169
pixel: 106 170
pixel: 106 171
pixel: 106 172
pixel: 106 173
pixel: 106 174
pixel: 106 175
pixel: 106 176
pixel: 106 177
pixel: 106 178
pixel: 106 179
pixel: 106 180
pixel: 106 181
pixel: 106 182
pixel: 106 183
pixel: 106 184
pixel: 106 185
pixel: 106 186
pixel: 106 187
pixel: 106 188
pixel: 106 189
pixel: 106 190
pixel: 106 191
pixel: 106 192
pixel: 106 193
pixel: 106 194
pixel: 106 195
pixel: 106 196
pixel: 106 197
pixel: 106 198
pixel: 106 199
pixel: 107 0
pixel: 107 1
pixel: 107 2
pixel: 107 3
pixel: 107 4
pixel: 107 5
pixel: 107 6
pixel: 107 7
pixel: 107 8
pixel: 107 9
pixel: 107 10
pixel: 107 11
pixel: 107 12
pixel: 107 13
pixel: 107 14
pixel: 107 15
pixel: 107 16
pixel: 107 17
pixel: 107 18
pixel: 107 19
pixel: 107 20
pixel: 107 21
pixel: 107 22
pixel: 107 23
pixel: 107 24
pixel: 107 25
pixel: 107 26
pixel: 107 27
pixel: 107 28
pixel: 107 29
pixel: 107 30
pixel: 107 31
pixel: 107 32
pixel: 107 33
pixel: 107 34
pixel: 107 35
pixel: 107 36
pixel: 107 37
pixel: 107 38
pixel: 107 39
pixel: 107 40
pixel: 107 41
pixel: 107 42
pixel: 107 43
pixel: 107 44
pixel: 107 45
pixel: 107 46
pixel: 107 47
pixel: 107 48
pixel: 107 49
pixel: 107 50
pixel: 107 51
pixel: 107 52
pixel: 107 53
pixel: 107 54
pixel: 107 55
pixel: 107 56
pixel: 107 57
pixel: 107 58
pixel: 107 59
pixel: 107 60
pixel: 107 61
pixel: 107 62
pixel: 107 63
pixel: 107 64
pixel: 107 65
pixel: 107 66
pixel: 107 67
pixel: 107 68
pixel: 107 69
pixel: 107 70
pixel: 107 71
pixel: 107 72
pixel: 107 73
pixel: 107 74
pixel: 107 75
pixel: 107 76
pixel: 107 77
valid: 3.67243 0.00112883 0.111362
pixel: 107 78
valid: 3.67406 0.0126381 0.117205
pixel: 107 79
valid: 3.67575 0.0241655 0.123058
pixel: 107 80
valid: 3.6775 0.0357115 0.128919
pixel: 107 81
valid: 3.67931 0.0472759 0.134791
pixel: 107 82
valid: 3.68118 0.0588589 0.140671
pixel: 107 83
valid: 3.68312 0.0704604 0.146561
pixel: 107 84
valid: 3.68512 0.0820806 0.152461
pixel: 107 85
valid: 3.68718 0.0937195 0.15837
pixel: 107 86
valid: 3.68931 0.105377 0.164288
pixel: 107 87
valid: 3.6915 0.117053 0.170216
pixel: 107 88
valid: 3.69375 0.128749 0.176154
pixel: 107 89
valid: 3.69606 0.140463 0.182101
pixel: 107 90
valid: 3.69845 0.152196 0.188058
pixel: 107 91
valid: 3.70089 0.163947 0.194024
pixel: 107 92
valid: 3.7034 0.175718 0.2
pixel: 107 93
valid: 3.70597 0.187508 0.205986
pixel: 107 94
valid: 3.70861 0.199317 0.211981
pixel: 107 95
valid: 3.71131 0.211145 0.217986
pixel: 107 96
valid: 3.71408 0.222993 0.224001
pixel: 107 97
valid: 3.71691 0.234859 0.230026
pixel: 107 98
valid: 3.71981 0.246745 0.23606
pixel: 107 99
valid: 3.72277 0.25865 0.242104
pixel: 107 100
valid: 3.7258 0.270575 0.248158
pixel: 107 101
valid: 3.72889 0.282519 0.254222
pixel: 107 102
valid: 3.73205 0.294482 0.260296
pixel: 107 103
valid: 3.73528 0.306465 0.266379
pixel: 107 104
valid: 3.73857 0.318468 0.272473
pixel: 107 105
valid: 3.74193 0.33049 0.278576
pixel: 107 106
valid: 3.74535 0.342532 0.28469
pixel: 107 107
valid: 3.74885 0.354593 0.290814
pixel: 107 108
valid: 3.7524 0.366674 0.296947
pixel: 107 109
valid: 3.75603 0.378775 0.303091
pixel: 107 110
valid: 3.75972 0.390896 0.309244
pixel: 107 111
valid: 3.76348 0.403037 0.315408
pixel: 107 112
valid: 3.76731 0.415198 0.321582
pixel: 107 113
valid: 3.77121 0.427378 0.327766
pixel: 107 114
valid: 3.77517 0.439579 0.33396
pixel: 107 115
valid: 3.7792 0.4518 0.340165
pixel: 107 116
valid: 3.7833 0.464041 0.34638
pixel: 107 117
valid: 3.78746 0.476302 0.352604
pixel: 107 118
valid: 3.7917 0.488584 0.35884
pixel: 107 119
valid: 3.796 0.500885 0.365085
pixel: 107 120
valid: 3.80037 0.513207 0.371341
pixel: 107 121
valid: 3.80481 0.52555 0.377607
pixel: 107 122
valid: 3.80932 0.537913 0.383884
pixel: 107 123
valid: 3.81389 0.550296 0.390171
pixel: 107 124
valid: 3.81854 0.5627 0.396468
pixel: 107 125
valid: 3.82325 0.575125 0.402776
pixel: 107 126
valid: 3.82804 0.58757 0.409094
pixel: 107 127
pixel: 107 128
pixel: 107 129
pixel: 107 130
pixel: 107 131
pixel: 107 132
pixel: 107 133
pixel: 107 134
pixel: 107 135
pixel: 107 136
pixel: 107 137
pixel: 107 138
pixel: 107 139
pixel: 107 140
pixel: 107 141
pixel: 107 142
pixel: 107 143
pixel: 107 144
pixel: 107 145
pixel: 107 146
pixel: 107 147
pixel: 107 148
pixel: 107 149
pixel: 107 150
pixel: 107 151
pixel: 107 152
pixel: 107 153
pixel: 107 154
pixel: 107 155
pixel: 107 156
pixel: 107 157
pixel: 107 158
pixel: 107 159
pixel: 107 160
pixel: 107 161
pixel: 107 162
pixel: 107 163
pixel: 107 164
pixel: 107 165
pixel: 107 166
pixel: 107 167
pixel: 107 168
pixel: 107 169
pixel: 107 170
pixel: 107 171
pixel: 107 172
pixel: 107 173
pixel: 107 174
pixel: 107 175
pixel: 107 176
pixel: 107 177
pixel: 107 178
pixel: 107 179
pixel: 107 180
pixel: 107 181
pixel: 107 182
pixel: 107 183
pixel: 107 184
pixel: 107 185
pixel: 107 186
pixel: 107 187
pixel: 107 188
pixel: 107 189
pixel: 107 190
pixel: 107 191
pixel: 107 192
pixel: 107 193
pixel: 107 194
pixel: 107 195
pixel: 107 196
pixel: 107 197
pixel: 107 198
pixel: 107 199
pixel: 108 0
pixel: 108 1
pixel: 108 2
pixel: 108 3
pixel: 108 4
pixel: 108 5
pixel: 108 6
pixel: 108 7
pixel: 108 8
pixel: 108 9
pixel: 108 10
pixel: 108 11
pixel: 108 12
pixel: 108 13
pixel: 108 14
pixel: 108 15
pixel: 108 16
pixel: 108 17
pixel: 108 18
pixel: 108 19
pixel: 108 20
pixel: 108 21
pixel: 108 22
pixel: 108 23
pixel: 108 24
pixel: 108 25
pixel: 108 26
pixel: 108 27
pixel: 108 28
pixel: 108 29
pixel: 108 30
pixel: 108 31
pixel: 108 32
pixel: 108 33
pixel: 108 34
pixel: 108 35
pixel: 108 36
pixel: 108 37
pixel: 108 38
pixel: 108 39
pixel: 108 40
pixel: 108 41
pixel: 108 42
pixel: 108 43
pixel: 108 44
pixel: 108 45
pixel: 108 46
pixel: 108 47
pixel: 108 48
pixel: 108 49
pixel: 108 50
pixel: 108 51
pixel: 108 52
pixel: 108 53
pixel: 108 54
pixel: 108 55
pixel: 108 56
pixel: 108 57
pixel: 108 58
pixel: 108 59
pixel: 108 60
pixel: 108 61
pixel: 108 62
pixel: 108 63
pixel: 108 64
pixel: 108 65
pixel: 108 66
pixel: 108 67
pixel: 108 68
pixel: 108 69
pixel: 108 70
pixel: 108 71
pixel: 108 72
pixel: 108 73
pixel: 108 74
pixel: 108 75
pixel: 108 76
pixel: 108 77
pixel: 108 78
pixel: 108 79
valid: 3.67917 0.00609454 0.128919
pixel: 108 80
valid: 3.68092 0.0176352 0.134791
pixel: 108 81
valid: 3.68274 0.0291944 0.140671
pixel: 108 82
valid: 3.68462 0.0407722 0.146561
pixel: 108 83
valid: 3.68656 0.0523686 0.152461
pixel: 108 84
valid: 3.68856 0.0639835 0.15837
pixel: 108 85
valid: 3.69063 0.0756172 0.164288
pixel: 108 86
valid: 3.69276 0.0872696 0.170216
pixel: 108 87
valid: 3.69495 0.0989408 0.176154
pixel: 108 88
valid: 3.69721 0.110631 0.182101
pixel: 108 89
valid: 3.69953 0.12234 0.188058
pixel: 108 90
valid: 3.70191 0.134067 0.194024
pixel: 108 91
valid: 3.70436 0.145814 0.2
pixel: 108 92
valid: 3.70688 0.15758 0.205986
pixel: 108 93
valid: 3.70945 0.169365 0.211981
pixel: 108 94
valid: 3.7121 0.181169 0.217986
pixel: 108 95
valid: 3.7148 0.192992 0.224001
pixel: 108 96
valid: 3.71758 0.204834 0.230026
pixel: 108 97
valid: 3.72041 0.216695 0.23606
pixel: 108 98
valid: 3.72331 0.228576 0.242104
pixel: 108 99
valid: 3.72628 0.240476 0.248158
pixel: 108 100
valid: 3.72932 0.252396 0.254222
pixel: 108 101
valid: 3.73242 0.264335 0.260296
pixel: 108 102
valid: 3.73558 0.276293 0.266379
pixel: 108 103
valid: 3.73881 0.288271 0.272473
pixel: 108 104
valid: 3.74211 0.300268 0.278577
pixel: 108 105
valid: 3.74548 0.312285 0.28469
pixel: 108 106
valid: 3.74891 0.324322 0.290814
pixel: 108 107
valid: 3.7524 0.336378 0.296947
pixel: 108 108
valid: 3.75597 0.348455 0.303091
pixel: 108 109
valid: 3.7596 0.360551 0.309244
pixel: 108 110
valid: 3.7633 0.372666 0.315408
pixel: 108 111
valid: 3.76707 0.384802 0.321582
pixel: 108 112
valid: 3.7709 0.396958 0.327766
pixel: 108 113
valid: 3.7748 0.409134 0.33396
pixel: 108 114
valid: 3.77877 0.421329 0.340165
pixel: 108 115
valid: 3.78281 0.433545 0.34638
pixel: 108 116
valid: 3.78691 0.445781 0.352604
pixel: 108 117
valid: 3.79108 0.458037 0.35884
pixel: 108 118
valid: 3.79532 0.470314 0.365085
pixel: 108 119
valid: 3.79963 0.482611 0.371341
pixel: 108 120
valid: 3.80401 0.494928 0.377607
pixel: 108 121
valid: 3.80845 0.507265 0.383884
pixel: 108 122
valid: 3.81297 0.519624 0.390171
pixel: 108 123
valid: 3.81755 0.532002 0.396468
pixel: 108 124
valid: 3.8222 0.544401 0.402776
pixel: 108 125
valid: 3.82693 0.556821 0.409094
pixel: 108 126
valid: 3.83172 0.569261 0.415423
pixel: 108 127
pixel: 108 128
pixel: 108 129
pixel: 108 130
pixel: 108 131
pixel: 108 132
pixel: 108 133
pixel: 108 134
pixel: 108 135
pixel: 108 136
pixel: 108 137
pixel: 108 138
pixel: 108 139
pixel: 108 140
pixel: 108 141
pixel: 108 142
pixel: 108 143
pixel: 108 144
pixel: 108 145
pixel: 108 146
pixel: 108 147
pixel: 108 148
pixel: 108 149
pixel: 108 150
pixel: 108 151
pixel: 108 152
pixel: 108 153
pixel: 108 154
pixel: 108 155
pixel: 108 156
pixel: 108 157
pixel: 108 158
pixel: 108 159
pixel: 108 160
pixel: 108 161
pixel: 108 162
pixel: 108 163
pixel: 108 164
pixel: 108 165
pixel: 108 166
pixel: 108 167
pixel: 108 168
pixel: 108 169
pixel: 108 170
pixel: 108 171
pixel: 108 172
pixel: 108 173
pixel: 108 174
pixel: 108 175
pixel: 108 176
pixel: 108 177
pixel: 108 178
pixel: 108 179
pixel: 108 180
pixel: 108 181
pixel: 108 182
pixel: 108 183
pixel: 108 184
pixel: 108 185
pixel: 108 186
pixel: 108 187
pixel: 108 188
pixel: 108 189
pixel: 108 190
pixel: 108 191
pixel: 108 192
pixel: 108 193
pixel: 108 194
pixel: 108 195
pixel: 108 196
pixel: 108 197
pixel: 108 198
pixel: 108 199
pixel: 109 0
pixel: 109 1
pixel: 109 2
pixel: 109 3
pixel: 109 4
pixel: 109 5
pixel: 109 6
pixel: 109 7
pixel: 109 8
pixel: 109 9
pixel: 109 10
pixel: 109 11
pixel: 109 12
pixel: 109 13
pixel: 109 14
pixel: 109 15
pixel: 109 16
pixel: 109 17
pixel: 109 18
pixel: 109 19
pixel: 109 20
pixel: 109 21
pixel: 109 22
pixel: 109 23
pixel: 109 24
pixel: 109 25
pixel: 109 26
pixel: 109 27
pixel: 109 28
pixel: 109 29
pixel: 109 30
pixel: 109 31
pixel: 109 32
pixel: 109 33
pixel: 109 34
pixel: 109 35
pixel: 109 36
pixel: 109 37
pixel: 109 38
pixel: 109 39
pixel: 109 40
pixel: 109 41
pixel: 109 42
pixel: 109 43
pixel: 109 44
pixel: 109 45
pixel: 109 46
pixel: 109 47
pixel: 109 48
pixel: 109 49
pixel: 109 50
pixel: 109 51
pixel: 109 52
pixel: 109 53
pixel: 109 54
pixel: 109 55
pixel: 109 56
pixel: 109 57
pixel: 109 58
pixel: 109 59
pixel: 109 60
pixel: 109 61
pixel: 109 62
pixel: 109 63
pixel: 109 64
pixel: 109 65
pixel: 109 66
pixel: 109 67
pixel: 109 68
pixel: 109 69
pixel: 109 70
pixel: 109 71
pixel: 109 72
pixel: 109 73
pixel: 109 74
pixel: 109 75
pixel: 109 76
pixel: 109 77
pixel: 109 78
pixel: 109 79
pixel: 109 80
pixel: 109 81
valid: 3.68623 0.011084 0.146561
pixel: 109 82
valid: 3.68811 0.0226565 0.152461
pixel: 109 83
valid: 3.69006 0.0342476 0.15837
pixel: 109 84
valid: 3.69207 0.0458573 0.164288
pixel: 109 85
valid: 3.69414 0.0574858 0.170216
pixel: 109 86
valid: 3.69627 0.069133 0.176154
pixel: 109 87
valid: 3.69847 0.080799 0.182101
pixel: 109 88
valid: 3.70073 0.0924838 0.188058
pixel: 109 89
valid: 3.70306 0.104187 0.194024
pixel: 109 90
valid: 3.70545 0.11591 0.2
pixel: 109 91
valid: 3.7079 0.127652 0.205986
pixel: 109 92
valid: 3.71042 0.139412 0.211981
pixel: 109 93
valid: 3.713 0.151192 0.217986
pixel: 109 94
valid: 3.71565 0.16299 0.224001
pixel: 109 95
valid: 3.71836 0.174808 0.230026
pixel: 109 96
valid: 3.72114 0.186645 0.23606
pixel: 109 97
valid: 3.72398 0.198502 0.242104
pixel: 109 98
valid: 3.72689 0.210377 0.248158
pixel: 109 99
valid: 3.72986 0.222272 0.254222
pixel: 109 100
valid: 3.7329 0.234187 0.260296
pixel: 109 101
valid: 3.73601 0.24612 0.266379
pixel: 109 102
valid: 3.73918 0.258074 0.272473
pixel: 109 103
valid: 3.74242 0.270046 0.278577
pixel: 109 104
valid: 3.74572 0.282039 0.28469
pixel: 109 105
valid: 3.74909 0.294051 0.290814
pixel: 109 106
valid: 3.75253 0.306082 0.296947
pixel: 109 107
valid: 3.75603 0.318134 0.303091
pixel: 109 108
valid: 3.7596 0.330205 0.309244
pixel: 109 109
valid: 3.76324 0.342296 0.315408
pixel: 109 110
valid: 3.76694 0.354407 0.321582
pixel: 109 111
valid: 3.77071 0.366537 0.327766
pixel: 109 112
valid: 3.77455 0.378688 0.33396
pixel: 109 113
valid: 3.77846 0.390859 0.340165
pixel: 109 114
valid: 3.78244 0.403049 0.34638
pixel: 109 115
valid: 3.78648 0.41526 0.352604
pixel: 109 116
valid: 3.79059 0.427491 0.35884
pixel: 109 117
valid: 3.79477 0.439743 0.365085
pixel: 109 118
valid: 3.79902 0.452014 0.371341
pixel: 109 119
valid: 3.80333 0.464306 0.377607
pixel: 109 120
valid: 3.80772 0.476618 0.383884
pixel: 109 121
valid: 3.81217 0.488951 0.390171
pixel: 109 122
valid: 3.81669 0.501304 0.396468
pixel: 109 123
valid: 3.82128 0.513677 0.402776
pixel: 109 124
valid: 3.82594 0.526072 0.409094
pixel: 109 125
valid: 3.83067 0.538486 0.415423
pixel: 109 126
valid: 3.83546 0.550922 0.421763
pixel: 109 127
valid: 3.84033 0.563378 0.428113
pixel: 109 128
pixel: 109 129
pixel: 109 130
pixel: 109 131
pixel: 109 132
pixel: 109 133
pixel: 109 134
pixel: 109 135
pixel: 109 136
pixel: 109 137
pixel: 109 138
pixel: 109 139
pixel: 109 140
pixel: 109 141
pixel: 109 142
pixel: 109 143
pixel: 109 144
pixel: 109 145
pixel: 109 146
pixel: 109 147
pixel: 109 148
pixel: 109 149
pixel: 109 150
pixel: 109 151
pixel: 109 152
pixel: 109 153
pixel: 109 154
pixel: 109 155
pixel: 109 156
pixel: 109 157
pixel: 109 158
pixel: 109 159
pixel: 109 160
pixel: 109 161
pixel: 109 162
pixel: 109 163
pixel: 109 164
pixel: 109 165
pixel: 109 166
pixel: 109 167
pixel: 109 168
pixel: 109 169
pixel: 109 170
pixel: 109 171
pixel: 109 172
pixel: 109 173
pixel: 109 174
pixel: 109 175
pixel: 109 176
pixel: 109 177
pixel: 109 178
pixel: 109 179
pixel: 109 180
pixel: 109 181
pixel: 109 182
pixel: 109 183
pixel: 109 184
pixel: 109 185
pixel: 109 186
pixel: 109 187
pixel: 109 188
pixel: 109 189
pixel: 109 190
pixel: 109 191
pixel: 109 192
pixel: 109 193
pixel: 109 194
pixel: 109 195
pixel: 109 196
pixel: 109 197
pixel: 109 198
pixel: 109 199
pixel: 110 0
pixel: 110 1
pixel: 110 2
pixel: 110 3
pixel: 110 4
pixel: 110 5
pixel: 110 6
pixel: 110 7
pixel: 110 8
pixel: 110 9
pixel: 110 10
pixel: 110 11
pixel: 110 12
pixel: 110 13
pixel: 110 14
pixel: 110 15
pixel: 110 16
pixel: 110 17
pixel: 110 18
pixel: 110 19
pixel: 110 20
pixel: 110 21
pixel: 110 22
pixel: 110 23
pixel: 110 24
pixel: 110 25
pixel: 110 26
pixel: 110 27
pixel: 110 28
pixel: 110 29
pixel: 110 30
pixel: 110 31
pixel: 110 32
pixel: 110 33
pixel: 110 34
pixel: 110 35
pixel: 110 36
pixel: 110 37
pixel: 110 38
pixel: 110 39
pixel: 110 40
pixel: 110 41
pixel: 110 42
pixel: 110 43
pixel: 110 44
pixel: 110 45
pixel: 110 46
pixel: 110 47
pixel: 110 48
pixel: 110 49
pixel: 110 50
pixel: 110 51
pixel: 110 52
pixel: 110 53
pixel: 110 54
pixel: 110 55
pixel: 110 56
pixel: 110 57
pixel: 110 58
pixel: 110 59
pixel: 110 60
pixel: 110 61
pixel: 110 62
pixel: 110 63
pixel: 110 64
pixel: 110 65
pixel: 110 66
pixel: 110 67
pixel: 110 68
pixel: 110 69
pixel: 110 70
pixel: 110 71
pixel: 110 72
pixel: 110 73
pixel: 110 74
pixel: 110 75
pixel: 110 76
pixel: 110 77
pixel: 110 78
pixel: 110 79
pixel: 110 80
pixel: 110 81
pixel: 110 82
valid: 3.69168 0.00451167 0.15837
pixel: 110 83
valid: 3.69363 0.0160975 0.164288
pixel: 110 84
valid: 3.69564 0.027702 0.170216
pixel: 110 85
valid: 3.69772 0.0393252 0.176154
pixel: 110 86
valid: 3.69986 0.0509671 0.182101
pixel: 110 87
valid: 3.70206 0.0626279 0.188058
pixel: 110 88
valid: 3.70433 0.0743074 0.194024
pixel: 110 89
valid: 3.70666 0.0860059 0.2
pixel: 110 90
valid: 3.70905 0.0977232 0.205986
pixel: 110 91
valid: 3.71151 0.10946 0.211981
pixel: 110 92
valid: 3.71403 0.121215 0.217986
pixel: 110 93
valid: 3.71662 0.132989 0.224001
pixel: 110 94
valid: 3.71927 0.144783 0.230026
pixel: 110 95
valid: 3.72199 0.156596 0.23606
pixel: 110 96
valid: 3.72477 0.168427 0.242104
pixel: 110 97
valid: 3.72762 0.180279 0.248158
pixel: 110 98
valid: 3.73053 0.192149 0.254222
pixel: 110 99
valid: 3.73351 0.204039 0.260296
pixel: 110 100
valid: 3.73656 0.215948 0.266379
pixel: 110 101
valid: 3.73967 0.227877 0.272473
pixel: 110 102
valid: 3.74284 0.239825 0.278577
pixel: 110 103
valid: 3.74609 0.251792 0.28469
pixel: 110 104
valid: 3.7494 0.26378 0.290814
pixel: 110 105
valid: 3.75277 0.275786 0.296947
pixel: 110 106
valid: 3.75621 0.287813 0.303091
pixel: 110 107
valid: 3.75972 0.299859 0.309244
pixel: 110 108
valid: 3.7633 0.311925 0.315408
pixel: 110 109
valid: 3.76694 0.324011 0.321582
pixel: 110 110
valid: 3.77065 0.336117 0.327766
pixel: 110 111
valid: 3.77443 0.348243 0.33396
pixel: 110 112
valid: 3.77828 0.360388 0.340165
pixel: 110 113
valid: 3.78219 0.372554 0.34638
pixel: 110 114
valid: 3.78617 0.384739 0.352604
pixel: 110 115
valid: 3.79022 0.396945 0.35884
pixel: 110 116
valid: 3.79434 0.409171 0.365085
pixel: 110 117
valid: 3.79852 0.421418 0.371341
pixel: 110 118
valid: 3.80278 0.433684 0.377607
pixel: 110 119
valid: 3.8071 0.445971 0.383884
pixel: 110 120
valid: 3.81149 0.458278 0.390171
pixel: 110 121
valid: 3.81595 0.470606 0.396468
pixel: 110 122
valid: 3.82048 0.482954 0.402776
pixel: 110 123
valid: 3.82507 0.495322 0.409094
pixel: 110 124
valid: 3.82974 0.507712 0.415423
pixel: 110 125
valid: 3.83447 0.520121 0.421763
pixel: 110 126
valid: 3.83928 0.532552 0.428113
pixel: 110 127
valid: 3.84415 0.545003 0.434473
pixel: 110 128
valid: 3.84909 0.557475 0.440844
pixel: 110 129
pixel: 110 130
pixel: 110 131
pixel: 110 132
pixel: 110 133
pixel: 110 134
pixel: 110 135
pixel: 110 136
pixel: 110 137
pixel: 110 138
pixel: 110 139
pixel: 110 140
pixel: 110 141
pixel: 110 142
pixel: 110 143
pixel: 110 144
pixel: 110 145
pixel: 110 146
pixel: 110 147
pixel: 110 148
pixel: 110 149
pixel: 110 150
pixel: 110 151
pixel: 110 152
pixel: 110 153
pixel: 110 154
pixel: 110 155
pixel: 110 156
pixel: 110 157
pixel: 110 158
pixel: 110 159
pixel: 110 160
pixel: 110 161
pixel: 110 162
pixel: 110 163
pixel: 110 164
pixel: 110 165
pixel: 110 166
pixel: 110 167
pixel: 110 168
pixel: 110 169
pixel: 110 170
pixel: 110 171
pixel: 110 172
pixel: 110 173
pixel: 110 174
pixel: 110 175
pixel: 110 176
pixel: 110 177
pixel: 110 178
pixel: 110 179
pixel: 110 180
pixel: 110 181
pixel: 110 182
pixel: 110 183
pixel: 110 184
pixel: 110 185
pixel: 110 186
pixel: 110 187
pixel: 110 188
pixel: 110 189
pixel: 110 190
pixel: 110 191
pixel: 110 192
pixel: 110 193
pixel: 110 194
pixel: 110 195
pixel: 110 196
pixel: 110 197
pixel: 110 198
pixel: 110 199
pixel: 111 0
pixel: 111 1
pixel: 111 2
pixel: 111 3
pixel: 111 4
pixel: 111 5
pixel: 111 6
pixel: 111 7
pixel: 111 8
pixel: 111 9
pixel: 111 10
pixel: 111 11
pixel: 111 12
pixel: 111 13
pixel: 111 14
pixel: 111 15
pixel: 111 16
pixel: 111 17
pixel: 111 18
pixel: 111 19
pixel: 111 20
pixel: 111 21
pixel: 111 22
pixel: 111 23
pixel: 111 24
pixel: 111 25
pixel: 111 26
pixel: 111 27
pixel: 111 28
pixel: 111 29
pixel: 111 30
pixel: 111 31
pixel: 111 32
pixel: 111 33
pixel: 111 34
pixel: 111 35
pixel: 111 36
pixel: 111 37
pixel: 111 38
pixel: 111 39
pixel: 111 40
pixel: 111 41
pixel: 111 42
pixel: 111 43
pixel: 111 44
pixel: 111 45
pixel: 111 46
pixel: 111 47
pixel: 111 48
pixel: 111 49
pixel: 111 50
pixel: 111 51
pixel: 111 52
pixel: 111 53
pixel: 111 54
pixel: 111 55
pixel: 111 56
pixel: 111 57
pixel: 111 58
pixel: 111 59
pixel: 111 60
pixel: 111 61
pixel: 111 62
pixel: 111 63
pixel: 111 64
pixel: 111 65
pixel: 111 66
pixel: 111 67
pixel: 111 68
pixel: 111 69
pixel: 111 70
pixel: 111 71
pixel: 111 72
pixel: 111 73
pixel: 111 74
pixel: 111 75
pixel: 111 76
pixel: 111 77
pixel: 111 78
pixel: 111 79
pixel: 111 80
pixel: 111 81
pixel: 111 82
pixel: 111 83
pixel: 111 84
valid: 3.69928 0.00951741 0.176154
pixel: 111 85
valid: 3.70136 0.0211353 0.182101
pixel: 111 86
valid: 3.7035 0.0327719 0.188058
pixel: 111 87
valid: 3.70571 0.0444274 0.194024
pixel: 111 88
valid: 3.70798 0.0561017 0.2
pixel: 111 89
valid: 3.71032 0.0677949 0.205986
pixel: 111 90
valid: 3.71272 0.079507 0.211981
pixel: 111 91
valid: 3.71518 0.0912381 0.217986
pixel: 111 92
valid: 3.71771 0.102988 0.224001
pixel: 111 93
valid: 3.7203 0.114757 0.230026
pixel: 111 94
valid: 3.72296 0.126546 0.23606
pixel: 111 95
valid: 3.72568 0.138353 0.242104
pixel: 111 96
valid: 3.72847 0.15018 0.248158
pixel: 111 97
valid: 3.73132 0.162026 0.254222
pixel: 111 98
valid: 3.73424 0.173891 0.260296
pixel: 111 99
valid: 3.73723 0.185776 0.266379
pixel: 111 100
valid: 3.74028 0.19768 0.272473
pixel: 111 101
valid: 3.74339 0.209603 0.278577
pixel: 111 102
valid: 3.74657 0.221546 0.28469
pixel: 111 103
valid: 3.74982 0.233508 0.290814
pixel: 111 104
valid: 3.75314 0.24549 0.296947
pixel: 111 105
valid: 3.75652 0.257492 0.303091
pixel: 111 106
valid: 3.75997 0.269514 0.309244
pixel: 111 107
valid: 3.76348 0.281555 0.315408
pixel: 111 108
valid: 3.76707 0.293616 0.321582
pixel: 111 109
valid: 3.77071 0.305696 0.327766
pixel: 111 110
valid: 3.77443 0.317797 0.33396
pixel: 111 111
valid: 3.77822 0.329918 0.340165
pixel: 111 112
valid: 3.78207 0.342058 0.34638
pixel: 111 113
valid: 3.78599 0.354219 0.352604
pixel: 111 114
valid: 3.78997 0.366399 0.35884
pixel: 111 115
valid: 3.79403 0.3786 0.365085
pixel: 111 116
valid: 3.79815 0.390821 0.371341
pixel: 111 117
valid: 3.80235 0.403062 0.377607
pixel: 111 118
valid: 3.8066 0.415324 0.383884
pixel: 111 119
valid: 3.81093 0.427605 0.390171
pixel: 111 120
valid: 3.81533 0.439908 0.396468
pixel: 111 121
valid: 3.8198 0.45223 0.402776
pixel: 111 122
valid: 3.82433 0.464573 0.409094
pixel: 111 123
valid: 3.82893 0.476937 0.415423
pixel: 111 124
valid: 3.83361 0.489321 0.421763
pixel: 111 125
valid: 3.83835 0.501726 0.428113
pixel: 111 126
valid: 3.84316 0.514151 0.434473
pixel: 111 127
valid: 3.84804 0.526598 0.440844
pixel: 111 128
valid: 3.85299 0.539065 0.447226
pixel: 111 129
pixel: 111 130
pixel: 111 131
pixel: 111 132
pixel: 111 133
pixel: 111 134
pixel: 111 135
pixel: 111 136
pixel: 111 137
pixel: 111 138
pixel: 111 139
pixel: 111 140
pixel: 111 141
pixel: 111 142
pixel: 111 143
pixel: 111 144
pixel: 111 145
pixel: 111 146
pixel: 111 147
pixel: 111 148
pixel: 111 149
pixel: 111 150
pixel: 111 151
pixel: 111 152
pixel: 111 153
pixel: 111 154
pixel: 111 155
pixel: 111 156
pixel: 111 157
pixel: 111 158
pixel: 111 159
pixel: 111 160
pixel: 111 161
pixel: 111 162
pixel: 111 163
pixel: 111 164
pixel: 111 165
pixel: 111 166
pixel: 111 167
pixel: 111 168
pixel: 111 169
pixel: 111 170
pixel: 111 171
pixel: 111 172
pixel: 111 173
pixel: 111 174
pixel: 111 175
pixel: 111 176
pixel: 111 177
pixel: 111 178
pixel: 111 179
pixel: 111 180
pixel: 111 181
pixel: 111 182
pixel: 111 183
pixel: 111 184
pixel: 111 185
pixel: 111 186
pixel: 111 187
pixel: 111 188
pixel: 111 189
pixel: 111 190
pixel: 111 191
pixel: 111 192
pixel: 111 193
pixel: 111 194
pixel: 111 195
pixel: 111 196
pixel: 111 197
pixel: 111 198
pixel: 111 199
pixel: 112 0
pixel: 112 1
pixel: 112 2
pixel: 112 3
pixel: 112 4
pixel: 112 5
pixel: 112 6
pixel: 112 7
pixel: 112 8
pixel: 112 9
pixel: 112 10
pixel: 112 11
pixel: 112 12
pixel: 112 13
pixel: 112 14
pixel: 112 15
pixel: 112 16
pixel: 112 17
pixel: 112 18
pixel: 112 19
pixel: 112 20
pixel: 112 21
pixel: 112 22
pixel: 112 23
pixel: 112 24
pixel: 112 25
pixel: 112 26
pixel: 112 27
pixel: 112 28
pixel: 112 29
pixel: 112 30
pixel: 112 31
pixel: 112 32
pixel: 112 33
pixel: 112 34
pixel: 112 35
pixel: 112 36
pixel: 112 37
pixel: 112 38
pixel: 112 39
pixel: 112 40
pixel: 112 41
pixel: 112 42
pixel: 112 43
pixel: 112 44
pixel: 112 45
pixel: 112 46
pixel: 112 47
pixel: 112 48
pixel: 112 49
pixel: 112 50
pixel: 112 51
pixel: 112 52
pixel: 112 53
pixel: 112 54
pixel: 112 55
pixel: 112 56
pixel: 112 57
pixel: 112 58
pixel: 112 59
pixel: 112 60
pixel: 112 61
pixel: 112 62
pixel: 112 63
pixel: 112 64
pixel: 112 65
pixel: 112 66
pixel: 112 67
pixel: 112 68
pixel: 112 69
pixel: 112 70
pixel: 112 71
pixel: 112 72
pixel: 112 73
pixel: 112 74
pixel: 112 75
pixel: 112 76
pixel: 112 77
pixel: 112 78
pixel: 112 79
pixel: 112 80
pixel: 112 81
pixel: 112 82
pixel: 112 83
pixel: 112 84
pixel: 112 85
valid: 3.70507 0.00291608 0.188058
pixel: 112 86
valid: 3.70722 0.0145474 0.194024
pixel: 112 87
valid: 3.70943 0.0261975 0.2
pixel: 112 88
valid: 3.71171 0.0378665 0.205986
pixel: 112 89
valid: 3.71405 0.0495544 0.211981
pixel: 112 90
valid: 3.71645 0.0612612 0.217986
pixel: 112 91
valid: 3.71892 0.072987 0.224001
pixel: 112 92
valid: 3.72145 0.0847318 0.230026
pixel: 112 93
valid: 3.72405 0.0964957 0.23606
pixel: 112 94
valid: 3.72671 0.108279 0.242104
pixel: 112 95
valid: 3.72944 0.120081 0.248158
pixel: 112 96
valid: 3.73224 0.131902 0.254222
pixel: 112 97
valid: 3.73509 0.143743 0.260296
pixel: 112 98
valid: 3.73802 0.155603 0.266379
pixel: 112 99
valid: 3.74101 0.167483 0.272473
pixel: 112 100
valid: 3.74406 0.179381 0.278576
pixel: 112 101
valid: 3.74718 0.1913 0.28469
pixel: 112 102
valid: 3.75037 0.203237 0.290814
pixel: 112 103
valid: 3.75363 0.215195 0.296947
pixel: 112 104
valid: 3.75695 0.227171 0.303091
pixel: 112 105
valid: 3.76034 0.239168 0.309244
pixel: 112 106
valid: 3.76379 0.251184 0.315408
pixel: 112 107
valid: 3.76731 0.26322 0.321582
pixel: 112 108
valid: 3.7709 0.275276 0.327766
pixel: 112 109
valid: 3.77455 0.287352 0.33396
pixel: 112 110
valid: 3.77828 0.299447 0.340165
pixel: 112 111
valid: 3.78207 0.311562 0.34638
pixel: 112 112
valid: 3.78593 0.323698 0.352604
pixel: 112 113
valid: 3.78985 0.335853 0.35884
pixel: 112 114
valid: 3.79384 0.348029 0.365085
pixel: 112 115
valid: 3.79791 0.360224 0.371341
pixel: 112 116
valid: 3.80204 0.37244 0.377607
pixel: 112 117
valid: 3.80623 0.384676 0.383884
pixel: 112 118
valid: 3.8105 0.396933 0.390171
pixel: 112 119
valid: 3.81484 0.40921 0.396468
pixel: 112 120
valid: 3.81924 0.421507 0.402776
pixel: 112 121
valid: 3.82371 0.433824 0.409094
pixel: 112 122
valid: 3.82825 0.446162 0.415423
pixel: 112 123
valid: 3.83286 0.458521 0.421763
pixel: 112 124
valid: 3.83754 0.4709 0.428113
pixel: 112 125
valid: 3.84229 0.4833 0.434473
pixel: 112 126
valid: 3.84711 0.49572 0.440844
pixel: 112 127
valid: 3.852 0.508161 0.447226
pixel: 112 128
valid: 3.85695 0.520623 0.453619
pixel: 112 129
valid: 3.86198 0.533106 0.460022
pixel: 112 130
pixel: 112 131
pixel: 112 132
pixel: 112 133
pixel: 112 134
pixel: 112 135
pixel: 112 136
pixel: 112 137
pixel: 112 138
pixel: 112 139
pixel: 112 140
pixel: 112 141
pixel: 112 142
pixel: 112 143
pixel: 112 144
pixel: 112 145
pixel: 112 146
pixel: 112 147
pixel: 112 148
pixel: 112 149
pixel: 112 150
pixel: 112 151
pixel: 112 152
pixel: 112 153
pixel: 112 154
pixel: 112 155
pixel: 112 156
pixel: 112 157
pixel: 112 158
pixel: 112 159
pixel: 112 160
pixel: 112 161
pixel: 112 162
pixel: 112 163
pixel: 112 164
pixel: 112 165
pixel: 112 166
pixel: 112 167
pixel: 112 168
pixel: 112 169
pixel: 112 170
pixel: 112 171
pixel: 112 172
pixel: 112 173
pixel: 112 174
pixel: 112 175
pixel: 112 176
pixel: 112 177
pixel: 112 178
pixel: 112 179
pixel: 112 180
pixel: 112 181
pixel: 112 182
pixel: 112 183
pixel: 112 184
pixel: 112 185
pixel: 112 186
pixel: 112 187
pixel: 112 188
pixel: 112 189
pixel: 112 190
pixel: 112 191
pixel: 112 192
pixel: 112 193
pixel: 112 194
pixel: 112 195
pixel: 112 196
pixel: 112 197
pixel: 112 198
pixel: 112 199
pixel: 113 0
pixel: 113 1
pixel: 113 2
pixel: 113 3
pixel: 113 4
pixel: 113 5
pixel: 113 6
pixel: 113 7
pixel: 113 8
pixel: 113 9
pixel: 113 10
pixel: 113 11
pixel: 113 12
pixel: 113 13
pixel: 113 14
pixel: 113 15
pixel: 113 16
pixel: 113 17
pixel: 113 18
pixel: 113 19
pixel: 113 20
pixel: 113 21
pixel: 113 22
pixel: 113 23
pixel: 113 24
pixel: 113 25
pixel: 113 26
pixel: 113 27
pixel: 113 28
pixel: 113 29
pixel: 113 30
pixel: 113 31
pixel: 113 32
pixel: 113 33
pixel: 113 34
pixel: 113 35
pixel: 113 36
pixel: 113 37
pixel: 113 38
pixel: 113 39
pixel: 113 40
pixel: 113 41
pixel: 113 42
pixel: 113 43
pixel: 113 44
pixel: 113 45
pixel: 113 46
pixel: 113 47
pixel: 113 48
pixel: 113 49
pixel: 113 50
pixel: 113 51
pixel: 113 52
pixel: 113 53
pixel: 113 54
pixel: 113 55
pixel: 113 56
pixel: 113 57
pixel: 113 58
pixel: 113 59
pixel: 113 60
pixel: 113 61
pixel: 113 62
pixel: 113 63
pixel: 113 64
pixel: 113 65
pixel: 113 66
pixel: 113 67
pixel: 113 68
pixel: 113 69
pixel: 113 70
pixel: 113 71
pixel: 113 72
pixel: 113 73
pixel: 113 74
pixel: 113 75
pixel: 113 76
pixel: 113 77
pixel: 113 78
pixel: 113 79
pixel: 113 80
pixel: 113 81
pixel: 113 82
pixel: 113 83
pixel: 113 84
pixel: 113 85
pixel: 113 86
pixel: 113 87
valid: 3.71321 0.00793819 0.205986
pixel: 113 88
valid: 3.7155 0.0196018 0.211981
pixel: 113 89
valid: 3.71784 0.0312843 0.217986
pixel: 113 90
valid: 3.72025 0.0429858 0.224001
pixel: 113 91
valid: 3.72272 0.0547063 0.230026
pixel: 113 92
valid: 3.72526 0.0664458 0.23606
pixel: 113 93
valid: 3.72787 0.0782044 0.242104
pixel: 113 94
valid: 3.73054 0.0899822 0.248158
pixel: 113 95
valid: 3.73327 0.101779 0.254222
pixel: 113 96
valid: 3.73607 0.113595 0.260296
pixel: 113 97
valid: 3.73893 0.125431 0.266379
pixel: 113 98
valid: 3.74186 0.137286 0.272473
pixel: 113 99
valid: 3.74486 0.14916 0.278577
pixel: 113 100
valid: 3.74792 0.161053 0.28469
pixel: 113 101
valid: 3.75104 0.172966 0.290814
pixel: 113 102
valid: 3.75424 0.184899 0.296947
pixel: 113 103
valid: 3.7575 0.196851 0.303091
pixel: 113 104
valid: 3.76082 0.208822 0.309244
pixel: 113 105
valid: 3.76422 0.220814 0.315408
pixel: 113 106
valid: 3.76768 0.232825 0.321582
pixel: 113 107
valid: 3.77121 0.244855 0.327766
pixel: 113 108
valid: 3.7748 0.256906 0.33396
pixel: 113 109
valid: 3.77846 0.268976 0.340165
pixel: 113 110
valid: 3.78219 0.281067 0.34638
pixel: 113 111
valid: 3.78599 0.293177 0.352604
pixel: 113 112
valid: 3.78985 0.305307 0.35884
pixel: 113 113
valid: 3.79378 0.317457 0.365085
pixel: 113 114
valid: 3.79778 0.329628 0.371341
pixel: 113 115
valid: 3.80185 0.341818 0.377607
pixel: 113 116
valid: 3.80599 0.354029 0.383884
pixel: 113 117
valid: 3.81019 0.36626 0.390171
pixel: 113 118
valid: 3.81447 0.378511 0.396468
pixel: 113 119
valid: 3.81881 0.390783 0.402776
pixel: 113 120
valid: 3.82322 0.403075 0.409094
pixel: 113 121
valid: 3.8277 0.415387 0.415423
pixel: 113 122
valid: 3.83225 0.42772 0.421763
pixel: 113 123
valid: 3.83686 0.440074 0.428113
pixel: 113 124
valid: 3.84155 0.452448 0.434473
pixel: 113 125
valid: 3.8463 0.464843 0.440844
pixel: 113 126
valid: 3.85113 0.477258 0.447226
pixel: 113 127
valid: 3.85602 0.489694 0.453619
pixel: 113 128
valid: 3.86099 0.502151 0.460022
pixel: 113 129
valid: 3.86602 0.514629 0.466436
pixel: 113 130
valid: 3.87112 0.527128 0.47286
pixel: 113 131
pixel: 113 132
pixel: 113 133
pixel: 113 134
pixel: 113 135
pixel: 113 136
pixel: 113 137
pixel: 113 138
pixel: 113 139
pixel: 113 140
pixel: 113 141
pixel: 113 142
pixel: 113 143
pixel: 113 144
pixel: 113 145
pixel: 113 146
pixel: 113 147
pixel: 113 148
pixel: 113 149
pixel: 113 150
pixel: 113 151
pixel: 113 152
pixel: 113 153
pixel: 113 154
pixel: 113 155
pixel: 113 156
pixel: 113 157
pixel: 113 158
pixel: 113 159
pixel: 113 160
pixel: 113 161
pixel: 113 162
pixel: 113 163
pixel: 113 164
pixel: 113 165
pixel: 113 166
pixel: 113 167
pixel: 113 168
pixel: 113 169
pixel: 113 170
pixel: 113 171
pixel: 113 172
pixel: 113 173
pixel: 113 174
pixel: 113 175
pixel: 113 176
pixel: 113 177
pixel: 113 178
pixel: 113 179
pixel: 113 180
pixel: 113 181
pixel: 113 182
pixel: 113 183
pixel: 113 184
pixel: 113 185
pixel: 113 186
pixel: 113 187
pixel: 113 188
pixel: 113 189
pixel: 113 190
pixel: 113 191
pixel: 113 192
pixel: 113 193
pixel: 113 194
pixel: 113 195
pixel: 113 196
pixel: 113 197
pixel: 113 198
pixel: 113 199
pixel: 114 0
pixel: 114 1
pixel: 114 2
pixel: 114 3
pixel: 114 4
pixel: 114 5
pixel: 114 6
pixel: 114 7
pixel: 114 8
pixel: 114 9
pixel: 114 10
pixel: 114 11
pixel: 114 12
pixel: 114 13
pixel: 114 14
pixel: 114 15
pixel: 114 16
pixel: 114 17
pixel: 114 18
pixel: 114 19
pixel: 114 20
pixel: 114 21
pixel: 114 22
pixel: 114 23
pixel: 114 24
pixel: 114 25
pixel: 114 26
pixel: 114 27
pixel: 114 28
pixel: 114 29
pixel: 114 30
pixel: 114 31
pixel: 114 32
pixel: 114 33
pixel: 114 34
pixel: 114 35
pixel: 114 36
pixel: 114 37
pixel: 114 38
pixel: 114 39
pixel: 114 40
pixel: 114 41
pixel: 114 42
pixel: 114 43
pixel: 114 44
pixel: 114 45
pixel: 114 46
pixel: 114 47
pixel: 114 48
pixel: 114 49
pixel: 114 50
pixel: 114 51
pixel: 114 52
pixel: 114 53
pixel: 114 54
pixel: 114 55
pixel: 114 56
pixel: 114 57
pixel: 114 58
pixel: 114 59
pixel: 114 60
pixel: 114 61
pixel: 114 62
pixel: 114 63
pixel: 114 64
pixel: 114 65
pixel: 114 66
pixel: 114 67
pixel: 114 68
pixel: 114 69
pixel: 114 70
pixel: 114 71
pixel: 114 72
pixel: 114 73
pixel: 114 74
pixel: 114 75
pixel: 114 76
pixel: 114 77
pixel: 114 78
pixel: 114 79
pixel: 114 80
pixel: 114 81
pixel: 114 82
pixel: 114 83
pixel: 114 84
pixel: 114 85
pixel: 114 86
pixel: 114 87
pixel: 114 88
valid: 3.71935 0.00130745 0.217986
pixel: 114 89
valid: 3.7217 0.0129846 0.224001
pixel: 114 90
valid: 3.72412 0.0246808 0.230026
pixel: 114 91
valid: 3.7266 0.0363959 0.23606
pixel: 114 92
valid: 3.72914 0.0481301 0.242104
pixel: 114 93
valid: 3.73175 0.0598834 0.248158
pixel: 114 94
valid: 3.73442 0.0716558 0.254222
pixel: 114 95
valid: 3.73716 0.0834474 0.260296
pixel: 114 96
valid: 3.73997 0.0952583 0.266379
pixel: 114 97
valid: 3.74284 0.107088 0.272473
pixel: 114 98
valid: 3.74577 0.118938 0.278577
pixel: 114 99
valid: 3.74877 0.130807 0.28469
pixel: 114 100
valid: 3.75184 0.142695 0.290814
pixel: 114 101
valid: 3.75497 0.154603 0.296947
pixel: 114 102
valid: 3.75817 0.16653 0.303091
pixel: 114 103
valid: 3.76144 0.178477 0.309244
pixel: 114 104
valid: 3.76477 0.190443 0.315408
pixel: 114 105
valid: 3.76817 0.202429 0.321582
pixel: 114 106
valid: 3.77164 0.214435 0.327766
pixel: 114 107
valid: 3.77517 0.22646 0.33396
pixel: 114 108
valid: 3.77877 0.238506 0.340165
pixel: 114 109
valid: 3.78244 0.250571 0.34638
pixel: 114 110
valid: 3.78617 0.262656 0.352604
pixel: 114 111
valid: 3.78997 0.274761 0.35884
pixel: 114 112
valid: 3.79385 0.286886 0.365085
pixel: 114 113
valid: 3.79778 0.299031 0.371341
pixel: 114 114
valid: 3.80179 0.311196 0.377607
pixel: 114 115
valid: 3.80586 0.323382 0.383884
pixel: 114 116
valid: 3.81001 0.335587 0.390171
pixel: 114 117
valid: 3.81422 0.347813 0.396468
pixel: 114 118
valid: 3.8185 0.360059 0.402776
pixel: 114 119
valid: 3.82285 0.372326 0.409094
pixel: 114 120
valid: 3.82726 0.384613 0.415423
pixel: 114 121
valid: 3.83175 0.39692 0.421763
pixel: 114 122
valid: 3.8363 0.409248 0.428113
pixel: 114 123
valid: 3.84093 0.421596 0.434473
pixel: 114 124
valid: 3.84562 0.433965 0.440844
pixel: 114 125
valid: 3.85039 0.446355 0.447226
pixel: 114 126
valid: 3.85522 0.458765 0.453619
pixel: 114 127
valid: 3.86012 0.471196 0.460022
pixel: 114 128
valid: 3.86509 0.483648 0.466436
pixel: 114 129
valid: 3.87013 0.496121 0.47286
pixel: 114 130
valid: 3.87524 0.508615 0.479296
pixel: 114 131
pixel: 114 132
pixel: 114 133
pixel: 114 134
pixel: 114 135
pixel: 114 136
pixel: 114 137
pixel: 114 138
pixel: 114 139
pixel: 114 140
pixel: 114 141
pixel: 114 142
pixel: 114 143
pixel: 114 144
pixel: 114 145
pixel: 114 146
pixel: 114 147
pixel: 114 148
pixel: 114 149
pixel: 114 150
pixel: 114 151
pixel: 114 152
pixel: 114 153
pixel: 114 154
pixel: 114 155
pixel: 114 156
pixel: 114 157
pixel: 114 158
pixel: 114 159
pixel: 114 160
pixel: 114 161
pixel: 114 162
pixel: 114 163
pixel: 114 164
pixel: 114 165
pixel: 114 166
pixel: 114 167
pixel: 114 168
pixel: 114 169
pixel: 114 170
pixel: 114 171
pixel: 114 172
pixel: 114 173
pixel: 114 174
pixel: 114 175
pixel: 114 176
pixel: 114 177
pixel: 114 178
pixel: 114 179
pixel: 114 180
pixel: 114 181
pixel: 114 182
pixel: 114 183
pixel: 114 184
pixel: 114 185
pixel: 114 186
pixel: 114 187
pixel: 114 188
pixel: 114 189
pixel: 114 190
pixel: 114 191
pixel: 114 192
pixel: 114 193
pixel: 114 194
pixel: 114 195
pixel: 114 196
pixel: 114 197
pixel: 114 198
pixel: 114 199
pixel: 115 0
pixel: 115 1
pixel: 115 2
pixel: 115 3
pixel: 115 4
pixel: 115 5
pixel: 115 6
pixel: 115 7
pixel: 115 8
pixel: 115 9
pixel: 115 10
pixel: 115 11
pixel: 115 12
pixel: 115 13
pixel: 115 14
pixel: 115 15
pixel: 115 16
pixel: 115 17
pixel: 115 18
pixel: 115 19
pixel: 115 20
pixel: 115 21
pixel: 115 22
pixel: 115 23
pixel: 115 24
pixel: 115 25
pixel: 115 26
pixel: 115 27
pixel: 115 28
pixel: 115 29
pixel: 115 30
pixel: 115 31
pixel: 115 32
pixel: 115 33
pixel: 115 34
pixel: 115 35
pixel: 115 36
pixel: 115 37
pixel: 115 38
pixel: 115 39
pixel: 115 40
pixel: 115 41
pixel: 115 42
pixel: 115 43
pixel: 115 44
pixel: 115 45
pixel: 115 46
pixel: 115 47
pixel: 115 48
pixel: 115 49
pixel: 115 50
pixel: 115 51
pixel: 115 52
pixel: 115 53
pixel: 115 54
pixel: 115 55
pixel: 115 56
pixel: 115 57
pixel: 115 58
pixel: 115 59
pixel: 115 60
pixel: 115 61
pixel: 115 62
pixel: 115 63
pixel: 115 64
pixel: 115 65
pixel: 115 66
pixel: 115 67
pixel: 115 68
pixel: 115 69
pixel: 115 70
pixel: 115 71
pixel: 115 72
pixel: 115 73
pixel: 115 74
pixel: 115 75
pixel: 115 76
pixel: 115 77
pixel: 115 78
pixel: 115 79
pixel: 115 80
pixel: 115 81
pixel: 115 82
pixel: 115 83
pixel: 115 84
pixel: 115 85
pixel: 115 86
pixel: 115 87
pixel: 115 88
pixel: 115 89
pixel: 115 90
valid: 3.72805 0.00634605 0.23606
pixel: 115 91
valid: 3.73053 0.0180558 0.242104
pixel: 115 92
valid: 3.73308 0.0297846 0.248158
pixel: 115 93
valid: 3.7357 0.0415325 0.254222
pixel: 115 94
valid: 3.73838 0.0532996 0.260296
pixel: 115 95
valid: 3.74112 0.0650858 0.266379
pixel: 115 96
valid: 3.74393 0.0768913 0.272473
pixel: 115 97
valid: 3.74681 0.0887162 0.278576
pixel: 115 98
valid: 3.74975 0.10056 0.28469
pixel: 115 99
valid: 3.75275 0.112424 0.290814
pixel: 115 100
valid: 3.75583 0.124307 0.296947
pixel: 115 101
valid: 3.75897 0.136209 0.303091
pixel: 115 102
valid: 3.76217 0.148131 0.309244
pixel: 115 103
valid: 3.76544 0.160072 0.315408
pixel: 115 104
valid: 3.76878 0.172034 0.321582
pixel: 115 105
valid: 3.77219 0.184014 0.327766
pixel: 115 106
valid: 3.77566 0.196015 0.33396
pixel: 115 107
valid: 3.7792 0.208035 0.340165
pixel: 115 108
valid: 3.78281 0.220075 0.34638
pixel: 115 109
valid: 3.78648 0.232135 0.352604
pixel: 115 110
valid: 3.79022 0.244215 0.35884
pixel: 115 111
valid: 3.79403 0.256315 0.365085
pixel: 115 112
valid: 3.79791 0.268435 0.371341
pixel: 115 113
valid: 3.80185 0.280575 0.377607
pixel: 115 114
valid: 3.80586 0.292735 0.383884
pixel: 115 115
valid: 3.80995 0.304915 0.390171
pixel: 115 116
valid: 3.8141 0.317115 0.396468
pixel: 115 117
valid: 3.81831 0.329336 0.402776
pixel: 115 118
valid: 3.8226 0.341577 0.409094
pixel: 115 119
valid: 3.82696 0.353838 0.415423
pixel: 115 120
valid: 3.83138 0.36612 0.421763
pixel: 115 121
valid: 3.83587 0.378422 0.428113
pixel: 115 122
valid: 3.84043 0.390745 0.434473
pixel: 115 123
valid: 3.84506 0.403088 0.440844
pixel: 115 124
valid: 3.84976 0.415452 0.447226
pixel: 115 125
valid: 3.85453 0.427836 0.453619
pixel: 115 126
valid: 3.85937 0.440242 0.460022
pixel: 115 127
valid: 3.86428 0.452668 0.466436
pixel: 115 128
valid: 3.86926 0.465114 0.47286
pixel: 115 129
valid: 3.87431 0.477582 0.479296
pixel: 115 130
valid: 3.87943 0.490071 0.485742
pixel: 115 131
valid: 3.88461 0.502581 0.492199
pixel: 115 132
pixel: 115 133
pixel: 115 134
pixel: 115 135
pixel: 115 136
pixel: 115 137
pixel: 115 138
pixel: 115 139
pixel: 115 140
pixel: 115 141
pixel: 115 142
pixel: 115 143
pixel: 115 144
pixel: 115 145
pixel: 115 146
pixel: 115 147
pixel: 115 148
pixel: 115 149
pixel: 115 150
pixel: 115 151
pixel: 115 152
pixel: 115 153
pixel: 115 154
pixel: 115 155
pixel: 115 156
pixel: 115 157
pixel: 115 158
pixel: 115 159
pixel: 115 160
pixel: 115 161
pixel: 115 162
pixel: 115 163
pixel: 115 164
pixel: 115 165
pixel: 115 166
pixel: 115 167
pixel: 115 168
pixel: 115 169
pixel: 115 170
pixel: 115 171
pixel: 115 172
pixel: 115 173
pixel: 115 174
pixel: 115 175
pixel: 115 176
pixel: 115 177
pixel: 115 178
pixel: 115 179
pixel: 115 180
pixel: 115 181
pixel: 115 182
pixel: 115 183
pixel: 115 184
pixel: 115 185
pixel: 115 186
pixel: 115 187
pixel: 115 188
pixel: 115 189
pixel: 115 190
pixel: 115 191
pixel: 115 192
pixel: 115 193
pixel: 115 194
pixel: 115 195
pixel: 115 196
pixel: 115 197
pixel: 115 198
pixel: 115 199
pixel: 116 0
pixel: 116 1
pixel: 116 2
pixel: 116 3
pixel: 116 4
pixel: 116 5
pixel: 116 6
pixel: 116 7
pixel: 116 8
pixel: 116 9
pixel: 116 10
pixel: 116 11
pixel: 116 12
pixel: 116 13
pixel: 116 14
pixel: 116 15
pixel: 116 16
pixel: 116 17
pixel: 116 18
pixel: 116 19
pixel: 116 20
pixel: 116 21
pixel: 116 22
pixel: 116 23
pixel: 116 24
pixel: 116 25
pixel: 116 26
pixel: 116 27
pixel: 116 28
pixel: 116 29
pixel: 116 30
pixel: 116 31
pixel: 116 32
pixel: 116 33
pixel: 116 34
pixel: 116 35
pixel: 116 36
pixel: 116 37
pixel: 116 38
pixel: 116 39
pixel: 116 40
pixel: 116 41
pixel: 116 42
pixel: 116 43
pixel: 116 44
pixel: 116 45
pixel: 116 46
pixel: 116 47
pixel: 116 48
pixel: 116 49
pixel: 116 50
pixel: 116 51
pixel: 116 52
pixel: 116 53
pixel: 116 54
pixel: 116 55
pixel: 116 56
pixel: 116 57
pixel: 116 58
pixel: 116 59
pixel: 116 60
pixel: 116 61
pixel: 116 62
pixel: 116 63
pixel: 116 64
pixel: 116 65
pixel: 116 66
pixel: 116 67
pixel: 116 68
pixel: 116 69
pixel: 116 70
pixel: 116 71
pixel: 116 72
pixel: 116 73
pixel: 116 74
pixel: 116 75
pixel: 116 76
pixel: 116 77
pixel: 116 78
pixel: 116 79
pixel: 116 80
pixel: 116 81
pixel: 116 82
pixel: 116 83
pixel: 116 84
pixel: 116 85
pixel: 116 86
pixel: 116 87
pixel: 116 88
pixel: 116 89
pixel: 116 90
pixel: 116 91
pixel: 116 92
valid: 3.73709 0.0114092 0.254222
pixel: 116 93
valid: 3.73971 0.0231517 0.260296
pixel: 116 94
valid: 3.7424 0.0349134 0.266379
pixel: 116 95
valid: 3.74515 0.0466942 0.272473
pixel: 116 96
valid: 3.74796 0.0584943 0.278576
pixel: 116 97
valid: 3.75085 0.0703139 0.28469
pixel: 116 98
valid: 3.75379 0.0821526 0.290814
pixel: 116 99
valid: 3.7568 0.0940108 0.296947
pixel: 116 100
valid: 3.75988 0.105888 0.303091
pixel: 116 101
valid: 3.76303 0.117785 0.309244
pixel: 116 102
valid: 3.76624 0.129702 0.315408
pixel: 116 103
valid: 3.76952 0.141638 0.321582
pixel: 116 104
valid: 3.77286 0.153594 0.327766
pixel: 116 105
valid: 3.77627 0.165569 0.33396
pixel: 116 106
valid: 3.77975 0.177565 0.340165
pixel: 116 107
valid: 3.7833 0.18958 0.34638
pixel: 116 108
valid: 3.78691 0.201614 0.352604
pixel: 116 109
valid: 3.79059 0.213669 0.35884
pixel: 116 110
valid: 3.79434 0.225744 0.365085
pixel: 116 111
valid: 3.79815 0.237838 0.371341
pixel: 116 112
valid: 3.80204 0.249953 0.377607
pixel: 116 113
valid: 3.80599 0.262087 0.383884
pixel: 116 114
valid: 3.81001 0.274242 0.390171
pixel: 116 115
valid: 3.8141 0.286417 0.396468
pixel: 116 116
valid: 3.81825 0.298612 0.402776
pixel: 116 117
valid: 3.82248 0.310827 0.409094
pixel: 116 118
valid: 3.82677 0.323063 0.415423
pixel: 116 119
valid: 3.83113 0.335319 0.421763
pixel: 116 120
valid: 3.83556 0.347596 0.428113
pixel: 116 121
valid: 3.84006 0.359893 0.434473
pixel: 116 122
valid: 3.84463 0.37221 0.440844
pixel: 116 123
valid: 3.84927 0.384548 0.447226
pixel: 116 124
valid: 3.85398 0.396907 0.453619
pixel: 116 125
valid: 3.85875 0.409287 0.460022
pixel: 116 126
valid: 3.8636 0.421687 0.466436
pixel: 116 127
valid: 3.86851 0.434108 0.47286
pixel: 116 128
valid: 3.8735 0.446549 0.479296
pixel: 116 129
valid: 3.87855 0.459012 0.485742
pixel: 116 130
valid: 3.88368 0.471495 0.492199
pixel: 116 131
valid: 3.88887 0.484 0.498667
pixel: 116 132
pixel: 116 133
pixel: 116 134
pixel: 116 135
pixel: 116 136
pixel: 116 137
pixel: 116 138
pixel: 116 139
pixel: 116 140
pixel: 116 141
pixel: 116 142
pixel: 116 143
pixel: 116 144
pixel: 116 145
pixel: 116 146
pixel: 116 147
pixel: 116 148
pixel: 116 149
pixel: 116 150
pixel: 116 151
pixel: 116 152
pixel: 116 153
pixel: 116 154
pixel: 116 155
pixel: 116 156
pixel: 116 157
pixel: 116 158
pixel: 116 159
pixel: 116 160
pixel: 116 161
pixel: 116 162
pixel: 116 163
pixel: 116 164
pixel: 116 165
pixel: 116 166
pixel: 116 167
pixel: 116 168
pixel: 116 169
pixel: 116 170
pixel: 116 171
pixel: 116 172
pixel: 116 173
pixel: 116 174
pixel: 116 175
pixel: 116 176
pixel: 116 177
pixel: 116 178
pixel: 116 179
pixel: 116 180
pixel: 116 181
pixel: 116 182
pixel: 116 183
pixel: 116 184
pixel: 116 185
pixel: 116 186
pixel: 116 187
pixel: 116 188
pixel: 116 189
pixel: 116 190
pixel: 116 191
pixel: 116 192
pixel: 116 193
pixel: 116 194
pixel: 116 195
pixel: 116 196
pixel: 116 197
pixel: 116 198
pixel: 116 199
pixel: 117 0
pixel: 117 1
pixel: 117 2
pixel: 117 3
pixel: 117 4
pixel: 117 5
pixel: 117 6
pixel: 117 7
pixel: 117 8
pixel: 117 9
pixel: 117 10
pixel: 117 11
pixel: 117 12
pixel: 117 13
pixel: 117 14
pixel: 117 15
pixel: 117 16
pixel: 117 17
pixel: 117 18
pixel: 117 19
pixel: 117 20
pixel: 117 21
pixel: 117 22
pixel: 117 23
pixel: 117 24
pixel: 117 25
pixel: 117 26
pixel: 117 27
pixel: 117 28
pixel: 117 29
pixel: 117 30
pixel: 117 31
pixel: 117 32
pixel: 117 33
pixel: 117 34
pixel: 117 35
pixel: 117 36
pixel: 117 37
pixel: 117 38
pixel: 117 39
pixel: 117 40
pixel: 117 41
pixel: 117 42
pixel: 117 43
pixel: 117 44
pixel: 117 45
pixel: 117 46
pixel: 117 47
pixel: 117 48
pixel: 117 49
pixel: 117 50
pixel: 117 51
pixel: 117 52
pixel: 117 53
pixel: 117 54
pixel: 117 55
pixel: 117 56
pixel: 117 57
pixel: 117 58
pixel: 117 59
pixel: 117 60
pixel: 117 61
pixel: 117 62
pixel: 117 63
pixel: 117 64
pixel: 117 65
pixel: 117 66
pixel: 117 67
pixel: 117 68
pixel: 117 69
pixel: 117 70
pixel: 117 71
pixel: 117 72
pixel: 117 73
pixel: 117 74
pixel: 117 75
pixel: 117 76
pixel: 117 77
pixel: 117 78
pixel: 117 79
pixel: 117 80
pixel: 117 81
pixel: 117 82
pixel: 117 83
pixel: 117 84
pixel: 117 85
pixel: 117 86
pixel: 117 87
pixel: 117 88
pixel: 117 89
pixel: 117 90
pixel: 117 91
pixel: 117 92
pixel: 117 93
valid: 3.7438 0.00474101 0.266379
pixel: 117 94
valid: 3.74649 0.0164972 0.272473
pixel: 117 95
valid: 3.74924 0.0282726 0.278576
pixel: 117 96
valid: 3.75206 0.0400673 0.28469
pixel: 117 97
valid: 3.75495 0.0518815 0.290814
pixel: 117 98
valid: 3.7579 0.0637148 0.296947
pixel: 117 99
valid: 3.76092 0.0755675 0.303091
pixel: 117 100
valid: 3.76401 0.0874397 0.309244
pixel: 117 101
valid: 3.76716 0.0993314 0.315408
pixel: 117 102
valid: 3.77037 0.111243 0.321582
pixel: 117 103
valid: 3.77366 0.123173 0.327766
pixel: 117 104
valid: 3.77701 0.135124 0.33396
pixel: 117 105
valid: 3.78043 0.147094 0.340165
pixel: 117 106
valid: 3.78391 0.159084 0.34638
pixel: 117 107
valid: 3.78746 0.171093 0.352604
pixel: 117 108
valid: 3.79108 0.183123 0.35884
pixel: 117 109
valid: 3.79477 0.195172 0.365085
pixel: 117 110
valid: 3.79852 0.207241 0.371341
pixel: 117 111
valid: 3.80235 0.219331 0.377607
pixel: 117 112
valid: 3.80623 0.23144 0.383884
pixel: 117 113
valid: 3.81019 0.243569 0.390171
pixel: 117 114
valid: 3.81422 0.255719 0.396468
pixel: 117 115
valid: 3.81831 0.267888 0.402776
pixel: 117 116
valid: 3.82248 0.280078 0.409094
pixel: 117 117
valid: 3.82671 0.292288 0.415423
pixel: 117 118
valid: 3.83101 0.304519 0.421763
pixel: 117 119
valid: 3.83538 0.31677 0.428113
pixel: 117 120
valid: 3.83981 0.329041 0.434473
pixel: 117 121
valid: 3.84432 0.341333 0.440844
pixel: 117 122
valid: 3.8489 0.353645 0.447226
pixel: 117 123
valid: 3.85354 0.365978 0.453619
pixel: 117 124
valid: 3.85826 0.378332 0.460022
pixel: 117 125
valid: 3.86304 0.390706 0.466436
pixel: 117 126
valid: 3.86789 0.403101 0.47286
pixel: 117 127
valid: 3.87282 0.415517 0.479296
pixel: 117 128
valid: 3.87781 0.427953 0.485742
pixel: 117 129
valid: 3.88287 0.440411 0.492199
pixel: 117 130
valid: 3.888 0.452889 0.498667
pixel: 117 131
valid: 3.89321 0.465388 0.505146
pixel: 117 132
valid: 3.89848 0.477909 0.511635
pixel: 117 133
pixel: 117 134
pixel: 117 135
pixel: 117 136
pixel: 117 137
pixel: 117 138
pixel: 117 139
pixel: 117 140
pixel: 117 141
pixel: 117 142
pixel: 117 143
pixel: 117 144
pixel: 117 145
pixel: 117 146
pixel: 117 147
pixel: 117 148
pixel: 117 149
pixel: 117 150
pixel: 117 151
pixel: 117 152
pixel: 117 153
pixel: 117 154
pixel: 117 155
pixel: 117 156
pixel: 117 157
pixel: 117 158
pixel: 117 159
pixel: 117 160
pixel: 117 161
pixel: 117 162
pixel: 117 163
pixel: 117 164
pixel: 117 165
pixel: 117 166
pixel: 117 167
pixel: 117 168
pixel: 117 169
pixel: 117 170
pixel: 117 171
pixel: 117 172
pixel: 117 173
pixel: 117 174
pixel: 117 175
pixel: 117 176
pixel: 117 177
pixel: 117 178
pixel: 117 179
pixel: 117 180
pixel: 117 181
pixel: 117 182
pixel: 117 183
pixel: 117 184
pixel: 117 185
pixel: 117 186
pixel: 117 187
pixel: 117 188
pixel: 117 189
pixel: 117 190
pixel: 117 191
pixel: 117 192
pixel: 117 193
pixel: 117 194
pixel: 117 195
pixel: 117 196
pixel: 117 197
pixel: 117 198
pixel: 117 199
pixel: 118 0
pixel: 118 1
pixel: 118 2
pixel: 118 3
pixel: 118 4
pixel: 118 5
pixel: 118 6
pixel: 118 7
pixel: 118 8
pixel: 118 9
pixel: 118 10
pixel: 118 11
pixel: 118 12
pixel: 118 13
pixel: 118 14
pixel: 118 15
pixel: 118 16
pixel: 118 17
pixel: 118 18
pixel: 118 19
pixel: 118 20
pixel: 118 21
pixel: 118 22
pixel: 118 23
pixel: 118 24
pixel: 118 25
pixel: 118 26
pixel: 118 27
pixel: 118 28
pixel: 118 29
pixel: 118 30
pixel: 118 31
pixel: 118 32
pixel: 118 33
pixel: 118 34
pixel: 118 35
pixel: 118 36
pixel: 118 37
pixel: 118 38
pixel: 118 39
pixel: 118 40
pixel: 118 41
pixel: 118 42
pixel: 118 43
pixel: 118 44
pixel: 118 45
pixel: 118 46
pixel: 118 47
pixel: 118 48
pixel: 118 49
pixel: 118 50
pixel: 118 51
pixel: 118 52
pixel: 118 53
pixel: 118 54
pixel: 118 55
pixel: 118 56
pixel: 118 57
pixel: 118 58
pixel: 118 59
pixel: 118 60
pixel: 118 61
pixel: 118 62
pixel: 118 63
pixel: 118 64
pixel: 118 65
pixel: 118 66
pixel: 118 67
pixel: 118 68
pixel: 118 69
pixel: 118 70
pixel: 118 71
pixel: 118 72
pixel: 118 73
pixel: 118 74
pixel: 118 75
pixel: 118 76
pixel: 118 77
pixel: 118 78
pixel: 118 79
pixel: 118 80
pixel: 118 81
pixel: 118 82
pixel: 118 83
pixel: 118 84
pixel: 118 85
pixel: 118 86
pixel: 118 87
pixel: 118 88
pixel: 118 89
pixel: 118 90
pixel: 118 91
pixel: 118 92
pixel: 118 93
pixel: 118 94
pixel: 118 95
valid: 3.75341 0.00982087 0.28469
pixel: 118 96
valid: 3.75623 0.0216102 0.290813
pixel: 118 97
valid: 3.75912 0.0334189 0.296947
pixel: 118 98
valid: 3.76208 0.0452468 0.303091
pixel: 118 99
valid: 3.76511 0.0570941 0.309244
pixel: 118 100
valid: 3.7682 0.0689608 0.315408
pixel: 118 101
valid: 3.77135 0.0808471 0.321582
pixel: 118 102
valid: 3.77458 0.0927529 0.327766
pixel: 118 103
valid: 3.77787 0.104678 0.33396
pixel: 118 104
valid: 3.78122 0.116623 0.340165
pixel: 118 105
valid: 3.78465 0.128588 0.346379
pixel: 118 106
valid: 3.78814 0.140573 0.352604
pixel: 118 107
valid: 3.7917 0.152577 0.35884
pixel: 118 108
valid: 3.79532 0.164601 0.365085
pixel: 118 109
valid: 3.79902 0.176645 0.371341
pixel: 118 110
valid: 3.80278 0.188709 0.377607
pixel: 118 111
valid: 3.80661 0.200793 0.383884
pixel: 118 112
valid: 3.8105 0.212897 0.390171
pixel: 118 113
valid: 3.81447 0.225021 0.396468
pixel: 118 114
valid: 3.8185 0.237165 0.402776
pixel: 118 115
valid: 3.8226 0.249329 0.409094
pixel: 118 116
valid: 3.82677 0.261514 0.415423
pixel: 118 117
valid: 3.83101 0.273719 0.421763
pixel: 118 118
valid: 3.83531 0.285944 0.428113
pixel: 118 119
valid: 3.83969 0.298189 0.434473
pixel: 118 120
valid: 3.84413 0.310455 0.440844
pixel: 118 121
valid: 3.84865 0.322742 0.447226
pixel: 118 122
valid: 3.85323 0.335049 0.453619
pixel: 118 123
valid: 3.85788 0.347377 0.460022
pixel: 118 124
valid: 3.8626 0.359725 0.466436
pixel: 118 125
valid: 3.8674 0.372094 0.47286
pixel: 118 126
valid: 3.87226 0.384484 0.479296
pixel: 118 127
valid: 3.87719 0.396894 0.485742
pixel: 118 128
valid: 3.88219 0.409326 0.492199
pixel: 118 129
valid: 3.88726 0.421778 0.498667
pixel: 118 130
valid: 3.8924 0.434251 0.505146
pixel: 118 131
valid: 3.89761 0.446746 0.511636
pixel: 118 132
valid: 3.90289 0.459261 0.518136
pixel: 118 133
valid: 3.90824 0.471797 0.524648
pixel: 118 134
pixel: 118 135
pixel: 118 136
pixel: 118 137
pixel: 118 138
pixel: 118 139
pixel: 118 140
pixel: 118 141
pixel: 118 142
pixel: 118 143
pixel: 118 144
pixel: 118 145
pixel: 118 146
pixel: 118 147
pixel: 118 148
pixel: 118 149
pixel: 118 150
pixel: 118 151
pixel: 118 152
pixel: 118 153
pixel: 118 154
pixel: 118 155
pixel: 118 156
pixel: 118 157
pixel: 118 158
pixel: 118 159
pixel: 118 160
pixel: 118 161
pixel: 118 162
pixel: 118 163
pixel: 118 164
pixel: 118 165
pixel: 118 166
pixel: 118 167
pixel: 118 168
pixel: 118 169
pixel: 118 170
pixel: 118 171
pixel: 118 172
pixel: 118 173
pixel: 118 174
pixel: 118 175
pixel: 118 176
pixel: 118 177
pixel: 118 178
pixel: 118 179
pixel: 118 180
pixel: 118 181
pixel: 118 182
pixel: 118 183
pixel: 118 184
pixel: 118 185
pixel: 118 186
pixel: 118 187
pixel: 118 188
pixel: 118 189
pixel: 118 190
pixel: 118 191
pixel: 118 192
pixel: 118 193
pixel: 118 194
pixel: 118 195
pixel: 118 196
pixel: 118 197
pixel: 118 198
pixel: 118 199
pixel: 119 0
pixel: 119 1
pixel: 119 2
pixel: 119 3
pixel: 119 4
pixel: 119 5
pixel: 119 6
pixel: 119 7
pixel: 119 8
pixel: 119 9
pixel: 119 10
pixel: 119 11
pixel: 119 12
pixel: 119 13
pixel: 119 14
pixel: 119 15
pixel: 119 16
pixel: 119 17
pixel: 119 18
pixel: 119 19
pixel: 119 20
pixel: 119 21
pixel: 119 22
pixel: 119 23
pixel: 119 24
pixel: 119 25
pixel: 119 26
pixel: 119 27
pixel: 119 28
pixel: 119 29
pixel: 119 30
pixel: 119 31
pixel: 119 32
pixel: 119 33
pixel: 119 34
pixel: 119 35
pixel: 119 36
pixel: 119 37
pixel: 119 38
pixel: 119 39
pixel: 119 40
pixel: 119 41
pixel: 119 42
pixel: 119 43
pixel: 119 44
pixel: 119 45
pixel: 119 46
pixel: 119 47
pixel: 119 48
pixel: 119 49
pixel: 119 50
pixel: 119 51
pixel: 119 52
pixel: 119 53
pixel: 119 54
pixel: 119 55
pixel: 119 56
pixel: 119 57
pixel: 119 58
pixel: 119 59
pixel: 119 60
pixel: 119 61
pixel: 119 62
pixel: 119 63
pixel: 119 64
pixel: 119 65
pixel: 119 66
pixel: 119 67
pixel: 119 68
pixel: 119 69
pixel: 119 70
pixel: 119 71
pixel: 119 72
pixel: 119 73
pixel: 119 74
pixel: 119 75
pixel: 119 76
pixel: 119 77
pixel: 119 78
pixel: 119 79
pixel: 119 80
pixel: 119 81
pixel: 119 82
pixel: 119 83
pixel: 119 84
pixel: 119 85
pixel: 119 86
pixel: 119 87
pixel: 119 88
pixel: 119 89
pixel: 119 90
pixel: 119 91
pixel: 119 92
pixel: 119 93
pixel: 119 94
pixel: 119 95
pixel: 119 96
valid: 3.76047 0.00312254 0.296947
pixel: 119 97
valid: 3.76337 0.0149258 0.303091
pixel: 119 98
valid: 3.76633 0.0267482 0.309244
pixel: 119 99
valid: 3.76936 0.03859 0.315408
pixel: 119 100
valid: 3.77246 0.0504513 0.321582
pixel: 119 101
valid: 3.77562 0.0623322 0.327766
pixel: 119 102
valid: 3.77885 0.0742325 0.33396
pixel: 119 103
valid: 3.78215 0.0861524 0.340165
pixel: 119 104
valid: 3.78551 0.0980921 0.34638
pixel: 119 105
valid: 3.78894 0.110051 0.352604
pixel: 119 106
valid: 3.79244 0.122031 0.35884
pixel: 119 107
valid: 3.796 0.134029 0.365085
pixel: 119 108
valid: 3.79963 0.146048 0.371341
pixel: 119 109
valid: 3.80333 0.158087 0.377607
pixel: 119 110
valid: 3.8071 0.170145 0.383884
pixel: 119 111
valid: 3.81093 0.182224 0.390171
pixel: 119 112
valid: 3.81484 0.194322 0.396468
pixel: 119 113
valid: 3.81881 0.206441 0.402776
pixel: 119 114
valid: 3.82285 0.21858 0.409094
pixel: 119 115
valid: 3.82696 0.230739 0.415423
pixel: 119 116
valid: 3.83113 0.242918 0.421763
pixel: 119 117
valid: 3.83538 0.255118 0.428113
pixel: 119 118
valid: 3.83969 0.267337 0.434473
pixel: 119 119
valid: 3.84407 0.279578 0.440844
pixel: 119 120
valid: 3.84852 0.291839 0.447226
pixel: 119 121
valid: 3.85304 0.30412 0.453619
pixel: 119 122
valid: 3.85763 0.316422 0.460022
pixel: 119 123
valid: 3.86229 0.328744 0.466436
pixel: 119 124
valid: 3.86702 0.341087 0.47286
pixel: 119 125
valid: 3.87182 0.353451 0.479296
pixel: 119 126
valid: 3.87669 0.365835 0.485742
pixel: 119 127
valid: 3.88163 0.37824 0.492199
pixel: 119 128
valid: 3.88663 0.390667 0.498667
pixel: 119 129
valid: 3.89171 0.403114 0.505146
pixel: 119 130
valid: 3.89686 0.415582 0.511635
pixel: 119 131
valid: 3.90208 0.428071 0.518136
pixel: 119 132
valid: 3.90736 0.440581 0.524648
pixel: 119 133
valid: 3.91272 0.453112 0.531171
pixel: 119 134
pixel: 119 135
pixel: 119 136
pixel: 119 137
pixel: 119 138
pixel: 119 139
pixel: 119 140
pixel: 119 141
pixel: 119 142
pixel: 119 143
pixel: 119 144
pixel: 119 145
pixel: 119 146
pixel: 119 147
pixel: 119 148
pixel: 119 149
pixel: 119 150
pixel: 119 151
pixel: 119 152
pixel: 119 153
pixel: 119 154
pixel: 119 155
pixel: 119 156
pixel: 119 157
pixel: 119 158
pixel: 119 159
pixel: 119 160
pixel: 119 161
pixel: 119 162
pixel: 119 163
pixel: 119 164
pixel: 119 165
pixel: 119 166
pixel: 119 167
pixel: 119 168
pixel: 119 169
pixel: 119 170
pixel: 119 171
pixel: 119 172
pixel: 119 173
pixel: 119 174
pixel: 119 175
pixel: 119 176
pixel: 119 177
pixel: 119 178
pixel: 119 179
pixel: 119 180
pixel: 119 181
pixel: 119 182
pixel: 119 183
pixel: 119 184
pixel: 119 185
pixel: 119 186
pixel: 119 187
pixel: 119 188
pixel: 119 189
pixel: 119 190
pixel: 119 191
pixel: 119 192
pixel: 119 193
pixel: 119 194
pixel: 119 195
pixel: 119 196
pixel: 119 197
pixel: 119 198
pixel: 119 199
pixel: 120 0
pixel: 120 1
pixel: 120 2
pixel: 120 3
pixel: 120 4
pixel: 120 5
pixel: 120 6
pixel: 120 7
pixel: 120 8
pixel: 120 9
pixel: 120 10
pixel: 120 11
pixel: 120 12
pixel: 120 13
pixel: 120 14
pixel: 120 15
pixel: 120 16
pixel: 120 17
pixel: 120 18
pixel: 120 19
pixel: 120 20
pixel: 120 21
pixel: 120 22
pixel: 120 23
pixel: 120 24
pixel: 120 25
pixel: 120 26
pixel: 120 27
pixel: 120 28
pixel: 120 29
pixel: 120 30
pixel: 120 31
pixel: 120 32
pixel: 120 33
pixel: 120 34
pixel: 120 35
pixel: 120 36
pixel: 120 37
pixel: 120 38
pixel: 120 39
pixel: 120 40
pixel: 120 41
pixel: 120 42
pixel: 120 43
pixel: 120 44
pixel: 120 45
pixel: 120 46
pixel: 120 47
pixel: 120 48
pixel: 120 49
pixel: 120 50
pixel: 120 51
pixel: 120 52
pixel: 120 53
pixel: 120 54
pixel: 120 55
pixel: 120 56
pixel: 120 57
pixel: 120 58
pixel: 120 59
pixel: 120 60
pixel: 120 61
pixel: 120 62
pixel: 120 63
pixel: 120 64
pixel: 120 65
pixel: 120 66
pixel: 120 67
pixel: 120 68
pixel: 120 69
pixel: 120 70
pixel: 120 71
pixel: 120 72
pixel: 120 73
pixel: 120 74
pixel: 120 75
pixel: 120 76
pixel: 120 77
pixel: 120 78
pixel: 120 79
pixel: 120 80
pixel: 120 81
pixel: 120 82
pixel: 120 83
pixel: 120 84
pixel: 120 85
pixel: 120 86
pixel: 120 87
pixel: 120 88
pixel: 120 89
pixel: 120 90
pixel: 120 91
pixel: 120 92
pixel: 120 93
pixel: 120 94
pixel: 120 95
pixel: 120 96
pixel: 120 97
pixel: 120 98
valid: 3.77065 0.00821953 0.315408
pixel: 120 99
valid: 3.77368 0.0200559 0.321582
pixel: 120 100
valid: 3.77678 0.0319117 0.327766
pixel: 120 101
valid: 3.77995 0.043787 0.33396
pixel: 120 102
valid: 3.78319 0.0556819 0.340165
pixel: 120 103
valid: 3.78649 0.0675964 0.346379
pixel: 120 104
valid: 3.78986 0.0795305 0.352604
pixel: 120 105
valid: 3.7933 0.0914844 0.35884
pixel: 120 106
valid: 3.7968 0.103458 0.365085
pixel: 120 107
valid: 3.80037 0.115452 0.371341
pixel: 120 108
valid: 3.80401 0.127465 0.377607
pixel: 120 109
valid: 3.80772 0.139498 0.383884
pixel: 120 110
valid: 3.81149 0.151551 0.390171
pixel: 120 111
valid: 3.81533 0.163624 0.396468
pixel: 120 112
valid: 3.81924 0.175717 0.402776
pixel: 120 113
valid: 3.82322 0.187831 0.409094
pixel: 120 114
valid: 3.82726 0.199964 0.415423
pixel: 120 115
valid: 3.83138 0.212118 0.421763
pixel: 120 116
valid: 3.83556 0.224292 0.428113
pixel: 120 117
valid: 3.83981 0.236486 0.434473
pixel: 120 118
valid: 3.84413 0.2487 0.440844
pixel: 120 119
valid: 3.84852 0.260935 0.447226
pixel: 120 120
valid: 3.85298 0.273191 0.453619
pixel: 120 121
valid: 3.85751 0.285467 0.460022
pixel: 120 122
valid: 3.86211 0.297763 0.466436
pixel: 120 123
valid: 3.86677 0.31008 0.47286
pixel: 120 124
valid: 3.87151 0.322418 0.479296
pixel: 120 125
valid: 3.87632 0.334776 0.485742
pixel: 120 126
valid: 3.88119 0.347155 0.492199
pixel: 120 127
valid: 3.88614 0.359555 0.498667
pixel: 120 128
valid: 3.89115 0.371976 0.505146
pixel: 120 129
valid: 3.89624 0.384418 0.511635
pixel: 120 130
valid: 3.90139 0.396881 0.518136
pixel: 120 131
valid: 3.90662 0.409365 0.524648
pixel: 120 132
valid: 3.91191 0.42187 0.53117
pixel: 120 133
valid: 3.91728 0.434396 0.537704
pixel: 120 134
valid: 3.92271 0.446943 0.544249
pixel: 120 135
pixel: 120 136
pixel: 120 137
pixel: 120 138
pixel: 120 139
pixel: 120 140
pixel: 120 141
pixel: 120 142
pixel: 120 143
pixel: 120 144
pixel: 120 145
pixel: 120 146
pixel: 120 147
pixel: 120 148
pixel: 120 149
pixel: 120 150
pixel: 120 151
pixel: 120 152
pixel: 120 153
pixel: 120 154
pixel: 120 155
pixel: 120 156
pixel: 120 157
pixel: 120 158
pixel: 120 159
pixel: 120 160
pixel: 120 161
pixel: 120 162
pixel: 120 163
pixel: 120 164
pixel: 120 165
pixel: 120 166
pixel: 120 167
pixel: 120 168
pixel: 120 169
pixel: 120 170
pixel: 120 171
pixel: 120 172
pixel: 120 173
pixel: 120 174
pixel: 120 175
pixel: 120 176
pixel: 120 177
pixel: 120 178
pixel: 120 179
pixel: 120 180
pixel: 120 181
pixel: 120 182
pixel: 120 183
pixel: 120 184
pixel: 120 185
pixel: 120 186
pixel: 120 187
pixel: 120 188
pixel: 120 189
pixel: 120 190
pixel: 120 191
pixel: 120 192
pixel: 120 193
pixel: 120 194
pixel: 120 195
pixel: 120 196
pixel: 120 197
pixel: 120 198
pixel: 120 199
pixel: 121 0
pixel: 121 1
pixel: 121 2
pixel: 121 3
pixel: 121 4
pixel: 121 5
pixel: 121 6
pixel: 121 7
pixel: 121 8
pixel: 121 9
pixel: 121 10
pixel: 121 11
pixel: 121 12
pixel: 121 13
pixel: 121 14
pixel: 121 15
pixel: 121 16
pixel: 121 17
pixel: 121 18
pixel: 121 19
pixel: 121 20
pixel: 121 21
pixel: 121 22
pixel: 121 23
pixel: 121 24
pixel: 121 25
pixel: 121 26
pixel: 121 27
pixel: 121 28
pixel: 121 29
pixel: 121 30
pixel: 121 31
pixel: 121 32
pixel: 121 33
pixel: 121 34
pixel: 121 35
pixel: 121 36
pixel: 121 37
pixel: 121 38
pixel: 121 39
pixel: 121 40
pixel: 121 41
pixel: 121 42
pixel: 121 43
pixel: 121 44
pixel: 121 45
pixel: 121 46
pixel: 121 47
pixel: 121 48
pixel: 121 49
pixel: 121 50
pixel: 121 51
pixel: 121 52
pixel: 121 53
pixel: 121 54
pixel: 121 55
pixel: 121 56
pixel: 121 57
pixel: 121 58
pixel: 121 59
pixel: 121 60
pixel: 121 61
pixel: 121 62
pixel: 121 63
pixel: 121 64
pixel: 121 65
pixel: 121 66
pixel: 121 67
pixel: 121 68
pixel: 121 69
pixel: 121 70
pixel: 121 71
pixel: 121 72
pixel: 121 73
pixel: 121 74
pixel: 121 75
pixel: 121 76
pixel: 121 77
pixel: 121 78
pixel: 121 79
pixel: 121 80
pixel: 121 81
pixel: 121 82
pixel: 121 83
pixel: 121 84
pixel: 121 85
pixel: 121 86
pixel: 121 87
pixel: 121 88
pixel: 121 89
pixel: 121 90
pixel: 121 91
pixel: 121 92
pixel: 121 93
pixel: 121 94
pixel: 121 95
pixel: 121 96
pixel: 121 97
pixel: 121 98
pixel: 121 99
valid: 3.77807 0.00149113 0.327766
pixel: 121 100
valid: 3.78118 0.0133414 0.33396
pixel: 121 101
valid: 3.78435 0.0252113 0.340165
pixel: 121 102
valid: 3.7876 0.0371007 0.34638
pixel: 121 103
valid: 3.7909 0.0490097 0.352604
pixel: 121 104
valid: 3.79428 0.0609383 0.35884
pixel: 121 105
valid: 3.79772 0.0728867 0.365085
pixel: 121 106
valid: 3.80123 0.0848549 0.371341
pixel: 121 107
valid: 3.80481 0.0968429 0.377607
pixel: 121 108
valid: 3.80845 0.108851 0.383884
pixel: 121 109
valid: 3.81217 0.120878 0.390171
pixel: 121 110
valid: 3.81595 0.132926 0.396468
pixel: 121 111
valid: 3.8198 0.144994 0.402776
pixel: 121 112
valid: 3.82371 0.157081 0.409094
pixel: 121 113
valid: 3.8277 0.169189 0.415423
pixel: 121 114
valid: 3.83175 0.181317 0.421763
pixel: 121 115
valid: 3.83587 0.193466 0.428113
pixel: 121 116
valid: 3.84006 0.205634 0.434473
pixel: 121 117
valid: 3.84432 0.217823 0.440844
pixel: 121 118
valid: 3.84865 0.230032 0.447226
pixel: 121 119
valid: 3.85304 0.242262 0.453619
pixel: 121 120
valid: 3.85751 0.254512 0.460022
pixel: 121 121
valid: 3.86205 0.266782 0.466436
pixel: 121 122
valid: 3.86665 0.279073 0.47286
pixel: 121 123
valid: 3.87132 0.291385 0.479296
pixel: 121 124
valid: 3.87607 0.303717 0.485742
pixel: 121 125
valid: 3.88088 0.31607 0.492199
pixel: 121 126
valid: 3.88576 0.328444 0.498667
pixel: 121 127
valid: 3.89071 0.340839 0.505146
pixel: 121 128
valid: 3.89574 0.353255 0.511636
pixel: 121 129
valid: 3.90083 0.365691 0.518136
pixel: 121 130
valid: 3.90599 0.378149 0.524648
pixel: 121 131
valid: 3.91122 0.390627 0.53117
pixel: 121 132
valid: 3.91653 0.403127 0.537704
pixel: 121 133
valid: 3.9219 0.415648 0.544249
pixel: 121 134
valid: 3.92735 0.42819 0.550805
pixel: 121 135
valid: 3.93286 0.440753 0.557371
pixel: 121 136
pixel: 121 137
pixel: 121 138
pixel: 121 139
pixel: 121 140
pixel: 121 141
pixel: 121 142
pixel: 121 143
pixel: 121 144
pixel: 121 145
pixel: 121 146
pixel: 121 147
pixel: 121 148
pixel: 121 149
pixel: 121 150
pixel: 121 151
pixel: 121 152
pixel: 121 153
pixel: 121 154
pixel: 121 155
pixel: 121 156
pixel: 121 157
pixel: 121 158
pixel: 121 159
pixel: 121 160
pixel: 121 161
pixel: 121 162
pixel: 121 163
pixel: 121 164
pixel: 121 165
pixel: 121 166
pixel: 121 167
pixel: 121 168
pixel: 121 169
pixel: 121 170
pixel: 121 171
pixel: 121 172
pixel: 121 173
pixel: 121 174
pixel: 121 175
pixel: 121 176
pixel: 121 177
pixel: 121 178
pixel: 121 179
pixel: 121 180
pixel: 121 181
pixel: 121 182
pixel: 121 183
pixel: 121 184
pixel: 121 185
pixel: 121 186
pixel: 121 187
pixel: 121 188
pixel: 121 189
pixel: 121 190
pixel: 121 191
pixel: 121 192
pixel: 121 193
pixel: 121 194
pixel: 121 195
pixel: 121 196
pixel: 121 197
pixel: 121 198
pixel: 121 199
pixel: 122 0
pixel: 122 1
pixel: 122 2
pixel: 122 3
pixel: 122 4
pixel: 122 5
pixel: 122 6
pixel: 122 7
pixel: 122 8
pixel: 122 9
pixel: 122 10
pixel: 122 11
pixel: 122 12
pixel: 122 13
pixel: 122 14
pixel: 122 15
pixel: 122 16
pixel: 122 17
pixel: 122 18
pixel: 122 19
pixel: 122 20
pixel: 122 21
pixel: 122 22
pixel: 122 23
pixel: 122 24
pixel: 122 25
pixel: 122 26
pixel: 122 27
pixel: 122 28
pixel: 122 29
pixel: 122 30
pixel: 122 31
pixel: 122 32
pixel: 122 33
pixel: 122 34
pixel: 122 35
pixel: 122 36
pixel: 122 37
pixel: 122 38
pixel: 122 39
pixel: 122 40
pixel: 122 41
pixel: 122 42
pixel: 122 43
pixel: 122 44
pixel: 122 45
pixel: 122 46
pixel: 122 47
pixel: 122 48
pixel: 122 49
pixel: 122 50
pixel: 122 51
pixel: 122 52
pixel: 122 53
pixel: 122 54
pixel: 122 55
pixel: 122 56
pixel: 122 57
pixel: 122 58
pixel: 122 59
pixel: 122 60
pixel: 122 61
pixel: 122 62
pixel: 122 63
pixel: 122 64
pixel: 122 65
pixel: 122 66
pixel: 122 67
pixel: 122 68
pixel: 122 69
pixel: 122 70
pixel: 122 71
pixel: 122 72
pixel: 122 73
pixel: 122 74
pixel: 122 75
pixel: 122 76
pixel: 122 77
pixel: 122 78
pixel: 122 79
pixel: 122 80
pixel: 122 81
pixel: 122 82
pixel: 122 83
pixel: 122 84
pixel: 122 85
pixel: 122 86
pixel: 122 87
pixel: 122 88
pixel: 122 89
pixel: 122 90
pixel: 122 91
pixel: 122 92
pixel: 122 93
pixel: 122 94
pixel: 122 95
pixel: 122 96
pixel: 122 97
pixel: 122 98
pixel: 122 99
pixel: 122 100
pixel: 122 101
valid: 3.78882 0.006605 0.34638
pixel: 122 102
valid: 3.79207 0.0184888 0.352604
pixel: 122 103
valid: 3.79539 0.0303923 0.35884
pixel: 122 104
valid: 3.79877 0.0423154 0.365085
pixel: 122 105
valid: 3.80222 0.0542582 0.371341
pixel: 122 106
valid: 3.80573 0.066221 0.377607
pixel: 122 107
valid: 3.80932 0.0782035 0.383884
pixel: 122 108
valid: 3.81297 0.0902057 0.390171
pixel: 122 109
valid: 3.81669 0.102228 0.396468
pixel: 122 110
valid: 3.82048 0.11427 0.402776
pixel: 122 111
valid: 3.82433 0.126332 0.409094
pixel: 122 112
valid: 3.82825 0.138415 0.415423
pixel: 122 113
valid: 3.83225 0.150517 0.421763
pixel: 122 114
valid: 3.8363 0.16264 0.428113
pixel: 122 115
valid: 3.84043 0.174782 0.434473
pixel: 122 116
valid: 3.84463 0.186945 0.440844
pixel: 122 117
valid: 3.8489 0.199129 0.447226
pixel: 122 118
valid: 3.85323 0.211332 0.453619
pixel: 122 119
valid: 3.85763 0.223557 0.460022
pixel: 122 120
valid: 3.86211 0.235801 0.466436
pixel: 122 121
valid: 3.86665 0.248066 0.47286
pixel: 122 122
valid: 3.87126 0.260352 0.479296
pixel: 122 123
valid: 3.87594 0.272658 0.485742
pixel: 122 124
valid: 3.88069 0.284985 0.492199
pixel: 122 125
valid: 3.88551 0.297333 0.498667
pixel: 122 126
valid: 3.8904 0.309702 0.505146
pixel: 122 127
valid: 3.89536 0.322091 0.511636
pixel: 122 128
valid: 3.90039 0.334501 0.518136
pixel: 122 129
valid: 3.90549 0.346932 0.524648
pixel: 122 130
valid: 3.91066 0.359385 0.53117
pixel: 122 131
valid: 3.9159 0.371858 0.537704
pixel: 122 132
valid: 3.92121 0.384352 0.544249
pixel: 122 133
valid: 3.9266 0.396868 0.550805
pixel: 122 134
valid: 3.93205 0.409404 0.557371
pixel: 122 135
valid: 3.93757 0.421962 0.56395
pixel: 122 136
pixel: 122 137
pixel: 122 138
pixel: 122 139
pixel: 122 140
pixel: 122 141
pixel: 122 142
pixel: 122 143
pixel: 122 144
pixel: 122 145
pixel: 122 146
pixel: 122 147
pixel: 122 148
pixel: 122 149
pixel: 122 150
pixel: 122 151
pixel: 122 152
pixel: 122 153
pixel: 122 154
pixel: 122 155
pixel: 122 156
pixel: 122 157
pixel: 122 158
pixel: 122 159
pixel: 122 160
pixel: 122 161
pixel: 122 162
pixel: 122 163
pixel: 122 164
pixel: 122 165
pixel: 122 166
pixel: 122 167
pixel: 122 168
pixel: 122 169
pixel: 122 170
pixel: 122 171
pixel: 122 172
pixel: 122 173
pixel: 122 174
pixel: 122 175
pixel: 122 176
pixel: 122 177
pixel: 122 178
pixel: 122 179
pixel: 122 180
pixel: 122 181
pixel: 122 182
pixel: 122 183
pixel: 122 184
pixel: 122 185
pixel: 122 186
pixel: 122 187
pixel: 122 188
pixel: 122 189
pixel: 122 190
pixel: 122 191
pixel: 122 192
pixel: 122 193
pixel: 122 194
pixel: 122 195
pixel: 122 196
pixel: 122 197
pixel: 122 198
pixel: 122 199
pixel: 123 0
pixel: 123 1
pixel: 123 2
pixel: 123 3
pixel: 123 4
pixel: 123 5
pixel: 123 6
pixel: 123 7
pixel: 123 8
pixel: 123 9
pixel: 123 10
pixel: 123 11
pixel: 123 12
pixel: 123 13
pixel: 123 14
pixel: 123 15
pixel: 123 16
pixel: 123 17
pixel: 123 18
pixel: 123 19
pixel: 123 20
pixel: 123 21
pixel: 123 22
pixel: 123 23
pixel: 123 24
pixel: 123 25
pixel: 123 26
pixel: 123 27
pixel: 123 28
pixel: 123 29
pixel: 123 30
pixel: 123 31
pixel: 123 32
pixel: 123 33
pixel: 123 34
pixel: 123 35
pixel: 123 36
pixel: 123 37
pixel: 123 38
pixel: 123 39
pixel: 123 40
pixel: 123 41
pixel: 123 42
pixel: 123 43
pixel: 123 44
pixel: 123 45
pixel: 123 46
pixel: 123 47
pixel: 123 48
pixel: 123 49
pixel: 123 50
pixel: 123 51
pixel: 123 52
pixel: 123 53
pixel: 123 54
pixel: 123 55
pixel: 123 56
pixel: 123 57
pixel: 123 58
pixel: 123 59
pixel: 123 60
pixel: 123 61
pixel: 123 62
pixel: 123 63
pixel: 123 64
pixel: 123 65
pixel: 123 66
pixel: 123 67
pixel: 123 68
pixel: 123 69
pixel: 123 70
pixel: 123 71
pixel: 123 72
pixel: 123 73
pixel: 123 74
pixel: 123 75
pixel: 123 76
pixel: 123 77
pixel: 123 78
pixel: 123 79
pixel: 123 80
pixel: 123 81
pixel: 123 82
pixel: 123 83
pixel: 123 84
pixel: 123 85
pixel: 123 86
pixel: 123 87
pixel: 123 88
pixel: 123 89
pixel: 123 90
pixel: 123 91
pixel: 123 92
pixel: 123 93
pixel: 123 94
pixel: 123 95
pixel: 123 96
pixel: 123 97
pixel: 123 98
pixel: 123 99
pixel: 123 100
pixel: 123 101
pixel: 123 102
pixel: 123 103
valid: 3.79994 0.0117441 0.365085
pixel: 123 104
valid: 3.80333 0.0236616 0.371341
pixel: 123 105
valid: 3.80678 0.0355989 0.377607
pixel: 123 106
valid: 3.8103 0.0475561 0.383884
pixel: 123 107
valid: 3.81389 0.059533 0.390171
pixel: 123 108
valid: 3.81755 0.0715298 0.396468
pixel: 123 109
valid: 3.82128 0.0835465 0.402776
pixel: 123 110
valid: 3.82507 0.0955832 0.409094
pixel: 123 111
valid: 3.82893 0.10764 0.415423
pixel: 123 112
valid: 3.83286 0.119717 0.421763
pixel: 123 113
valid: 3.83686 0.131813 0.428113
pixel: 123 114
valid: 3.84093 0.143931 0.434473
pixel: 123 115
valid: 3.84506 0.156068 0.440844
pixel: 123 116
valid: 3.84927 0.168225 0.447226
pixel: 123 117
valid: 3.85354 0.180403 0.453619
pixel: 123 118
valid: 3.85788 0.192602 0.460022
pixel: 123 119
valid: 3.86229 0.20482 0.466436
pixel: 123 120
valid: 3.86677 0.21706 0.47286
pixel: 123 121
valid: 3.87132 0.229319 0.479296
pixel: 123 122
valid: 3.87594 0.2416 0.485742
pixel: 123 123
valid: 3.88063 0.2539 0.492199
pixel: 123 124
valid: 3.88539 0.266222 0.498667
pixel: 123 125
valid: 3.89022 0.278564 0.505146
pixel: 123 126
valid: 3.89511 0.290927 0.511635
pixel: 123 127
valid: 3.90008 0.303311 0.518136
pixel: 123 128
valid: 3.90512 0.315716 0.524648
pixel: 123 129
valid: 3.91023 0.328142 0.53117
pixel: 123 130
valid: 3.9154 0.340589 0.537704
pixel: 123 131
valid: 3.92065 0.353057 0.544249
pixel: 123 132
valid: 3.92597 0.365546 0.550805
pixel: 123 133
valid: 3.93136 0.378056 0.557371
pixel: 123 134
valid: 3.93682 0.390588 0.56395
pixel: 123 135
valid: 3.94235 0.40314 0.570539
pixel: 123 136
valid: 3.94795 0.415714 0.577139
pixel: 123 137
pixel: 123 138
pixel: 123 139
pixel: 123 140
pixel: 123 141
pixel: 123 142
pixel: 123 143
pixel: 123 144
pixel: 123 145
pixel: 123 146
pixel: 123 147
pixel: 123 148
pixel: 123 149
pixel: 123 150
pixel: 123 151
pixel: 123 152
pixel: 123 153
pixel: 123 154
pixel: 123 155
pixel: 123 156
pixel: 123 157
pixel: 123 158
pixel: 123 159
pixel: 123 160
pixel: 123 161
pixel: 123 162
pixel: 123 163
pixel: 123 164
pixel: 123 165
pixel: 123 166
pixel: 123 167
pixel: 123 168
pixel: 123 169
pixel: 123 170
pixel: 123 171
pixel: 123 172
pixel: 123 173
pixel: 123 174
pixel: 123 175
pixel: 123 176
pixel: 123 177
pixel: 123 178
pixel: 123 179
pixel: 123 180
pixel: 123 181
pixel: 123 182
pixel: 123 183
pixel: 123 184
pixel: 123 185
pixel: 123 186
pixel: 123 187
pixel: 123 188
pixel: 123 189
pixel: 123 190
pixel: 123 191
pixel: 123 192
pixel: 123 193
pixel: 123 194
pixel: 123 195
pixel: 123 196
pixel: 123 197
pixel: 123 198
pixel: 123 199
pixel: 124 0
pixel: 124 1
pixel: 124 2
pixel: 124 3
pixel: 124 4
pixel: 124 5
pixel: 124 6
pixel: 124 7
pixel: 124 8
pixel: 124 9
pixel: 124 10
pixel: 124 11
pixel: 124 12
pixel: 124 13
pixel: 124 14
pixel: 124 15
pixel: 124 16
pixel: 124 17
pixel: 124 18
pixel: 124 19
pixel: 124 20
pixel: 124 21
pixel: 124 22
pixel: 124 23
pixel: 124 24
pixel: 124 25
pixel: 124 26
pixel: 124 27
pixel: 124 28
pixel: 124 29
pixel: 124 30
pixel: 124 31
pixel: 124 32
pixel: 124 33
pixel: 124 34
pixel: 124 35
pixel: 124 36
pixel: 124 37
pixel: 124 38
pixel: 124 39
pixel: 124 40
pixel: 124 41
pixel: 124 42
pixel: 124 43
pixel: 124 44
pixel: 124 45
pixel: 124 46
pixel: 124 47
pixel: 124 48
pixel: 124 49
pixel: 124 50
pixel: 124 51
pixel: 124 52
pixel: 124 53
pixel: 124 54
pixel: 124 55
pixel: 124 56
pixel: 124 57
pixel: 124 58
pixel: 124 59
pixel: 124 60
pixel: 124 61
pixel: 124 62
pixel: 124 63
pixel: 124 64
pixel: 124 65
pixel: 124 66
pixel: 124 67
pixel: 124 68
pixel: 124 69
pixel: 124 70
pixel: 124 71
pixel: 124 72
pixel: 124 73
pixel: 124 74
pixel: 124 75
pixel: 124 76
pixel: 124 77
pixel: 124 78
pixel: 124 79
pixel: 124 80
pixel: 124 81
pixel: 124 82
pixel: 124 83
pixel: 124 84
pixel: 124 85
pixel: 124 86
pixel: 124 87
pixel: 124 88
pixel: 124 89
pixel: 124 90
pixel: 124 91
pixel: 124 92
pixel: 124 93
pixel: 124 94
pixel: 124 95
pixel: 124 96
pixel: 124 97
pixel: 124 98
pixel: 124 99
pixel: 124 100
pixel: 124 101
pixel: 124 102
pixel: 124 103
pixel: 124 104
valid: 3.80795 0.00497706 0.377607
pixel: 124 105
valid: 3.81141 0.0169087 0.383884
pixel: 124 106
valid: 3.81494 0.0288604 0.390171
pixel: 124 107
valid: 3.81854 0.0408317 0.396468
pixel: 124 108
valid: 3.8222 0.0528229 0.402776
pixel: 124 109
valid: 3.82594 0.064834 0.409094
pixel: 124 110
valid: 3.82974 0.0768652 0.415423
pixel: 124 111
valid: 3.83361 0.0889163 0.421763
pixel: 124 112
valid: 3.83754 0.100988 0.428113
pixel: 124 113
valid: 3.84155 0.113079 0.434473
pixel: 124 114
valid: 3.84562 0.12519 0.440844
pixel: 124 115
valid: 3.84976 0.137322 0.447226
pixel: 124 116
valid: 3.85398 0.149474 0.453619
pixel: 124 117
valid: 3.85826 0.161647 0.460022
pixel: 124 118
valid: 3.8626 0.173839 0.466436
pixel: 124 119
valid: 3.86702 0.186053 0.47286
pixel: 124 120
valid: 3.87151 0.198286 0.479296
pixel: 124 121
valid: 3.87607 0.210541 0.485742
pixel: 124 122
valid: 3.88069 0.222815 0.492199
pixel: 124 123
valid: 3.88539 0.235111 0.498667
pixel: 124 124
valid: 3.89015 0.247427 0.505146
pixel: 124 125
valid: 3.89499 0.259764 0.511636
pixel: 124 126
valid: 3.89989 0.272122 0.518136
pixel: 124 127
valid: 3.90487 0.2845 0.524648
pixel: 124 128
valid: 3.90991 0.2969 0.53117
pixel: 124 129
valid: 3.91503 0.30932 0.537704
pixel: 124 130
valid: 3.92022 0.321762 0.544249
pixel: 124 131
valid: 3.92547 0.334224 0.550805
pixel: 124 132
valid: 3.9308 0.346708 0.557372
pixel: 124 133
valid: 3.93619 0.359213 0.56395
pixel: 124 134
valid: 3.94166 0.371739 0.570539
pixel: 124 135
valid: 3.9472 0.384286 0.577139
pixel: 124 136
valid: 3.95281 0.396854 0.583751
pixel: 124 137
valid: 3.95849 0.409445 0.590374
pixel: 124 138
pixel: 124 139
pixel: 124 140
pixel: 124 141
pixel: 124 142
pixel: 124 143
pixel: 124 144
pixel: 124 145
pixel: 124 146
pixel: 124 147
pixel: 124 148
pixel: 124 149
pixel: 124 150
pixel: 124 151
pixel: 124 152
pixel: 124 153
pixel: 124 154
pixel: 124 155
pixel: 124 156
pixel: 124 157
pixel: 124 158
pixel: 124 159
pixel: 124 160
pixel: 124 161
pixel: 124 162
pixel: 124 163
pixel: 124 164
pixel: 124 165
pixel: 124 166
pixel: 124 167
pixel: 124 168
pixel: 124 169
pixel: 124 170
pixel: 124 171
pixel: 124 172
pixel: 124 173
pixel: 124 174
pixel: 124 175
pixel: 124 176
pixel: 124 177
pixel: 124 178
pixel: 124 179
pixel: 124 180
pixel: 124 181
pixel: 124 182
pixel: 124 183
pixel: 124 184
pixel: 124 185
pixel: 124 186
pixel: 124 187
pixel: 124 188
pixel: 124 189
pixel: 124 190
pixel: 124 191
pixel: 124 192
pixel: 124 193
pixel: 124 194
pixel: 124 195
pixel: 124 196
pixel: 124 197
pixel: 124 198
pixel: 124 199
pixel: 125 0
pixel: 125 1
pixel: 125 2
pixel: 125 3
pixel: 125 4
pixel: 125 5
pixel: 125 6
pixel: 125 7
pixel: 125 8
pixel: 125 9
pixel: 125 10
pixel: 125 11
pixel: 125 12
pixel: 125 13
pixel: 125 14
pixel: 125 15
pixel: 125 16
pixel: 125 17
pixel: 125 18
pixel: 125 19
pixel: 125 20
pixel: 125 21
pixel: 125 22
pixel: 125 23
pixel: 125 24
pixel: 125 25
pixel: 125 26
pixel: 125 27
pixel: 125 28
pixel: 125 29
pixel: 125 30
pixel: 125 31
pixel: 125 32
pixel: 125 33
pixel: 125 34
pixel: 125 35
pixel: 125 36
pixel: 125 37
pixel: 125 38
pixel: 125 39
pixel: 125 40
pixel: 125 41
pixel: 125 42
pixel: 125 43
pixel: 125 44
pixel: 125 45
pixel: 125 46
pixel: 125 47
pixel: 125 48
pixel: 125 49
pixel: 125 50
pixel: 125 51
pixel: 125 52
pixel: 125 53
pixel: 125 54
pixel: 125 55
pixel: 125 56
pixel: 125 57
pixel: 125 58
pixel: 125 59
pixel: 125 60
pixel: 125 61
pixel: 125 62
pixel: 125 63
pixel: 125 64
pixel: 125 65
pixel: 125 66
pixel: 125 67
pixel: 125 68
pixel: 125 69
pixel: 125 70
pixel: 125 71
pixel: 125 72
pixel: 125 73
pixel: 125 74
pixel: 125 75
pixel: 125 76
pixel: 125 77
pixel: 125 78
pixel: 125 79
pixel: 125 80
pixel: 125 81
pixel: 125 82
pixel: 125 83
pixel: 125 84
pixel: 125 85
pixel: 125 86
pixel: 125 87
pixel: 125 88
pixel: 125 89
pixel: 125 90
pixel: 125 91
pixel: 125 92
pixel: 125 93
pixel: 125 94
pixel: 125 95
pixel: 125 96
pixel: 125 97
pixel: 125 98
pixel: 125 99
pixel: 125 100
pixel: 125 101
pixel: 125 102
pixel: 125 103
pixel: 125 104
pixel: 125 105
pixel: 125 106
valid: 3.81965 0.0101336 0.396468
pixel: 125 107
valid: 3.82325 0.0220993 0.402776
pixel: 125 108
valid: 3.82693 0.0340849 0.409094
pixel: 125 109
valid: 3.83067 0.0460904 0.415423
pixel: 125 110
valid: 3.83447 0.058116 0.421763
pixel: 125 111
valid: 3.83835 0.0701615 0.428113
pixel: 125 112
valid: 3.84229 0.0822272 0.434473
pixel: 125 113
valid: 3.8463 0.0943129 0.440844
pixel: 125 114
valid: 3.85038 0.106419 0.447226
pixel: 125 115
valid: 3.85453 0.118545 0.453619
pixel: 125 116
valid: 3.85875 0.130692 0.460022
pixel: 125 117
valid: 3.86304 0.142858 0.466436
pixel: 125 118
valid: 3.8674 0.155046 0.47286
pixel: 125 119
valid: 3.87182 0.167254 0.479296
pixel: 125 120
valid: 3.87632 0.179482 0.485742
pixel: 125 121
valid: 3.88088 0.19173 0.492199
pixel: 125 122
valid: 3.88551 0.204 0.498667
pixel: 125 123
valid: 3.89022 0.21629 0.505146
pixel: 125 124
valid: 3.89499 0.228601 0.511636
pixel: 125 125
valid: 3.89983 0.240932 0.518136
pixel: 125 126
valid: 3.90475 0.253284 0.524648
pixel: 125 127
valid: 3.90973 0.265657 0.53117
pixel: 125 128
valid: 3.91478 0.278051 0.537704
pixel: 125 129
valid: 3.9199 0.290466 0.544249
pixel: 125 130
valid: 3.9251 0.302902 0.550805
pixel: 125 131
valid: 3.93036 0.315359 0.557371
pixel: 125 132
valid: 3.93569 0.327838 0.563949
pixel: 125 133
valid: 3.9411 0.340337 0.570539
pixel: 125 134
valid: 3.94657 0.352858 0.577139
pixel: 125 135
valid: 3.95212 0.365399 0.583751
pixel: 125 136
valid: 3.95774 0.377963 0.590374
pixel: 125 137
valid: 3.96343 0.390547 0.597008
pixel: 125 138
pixel: 125 139
pixel: 125 140
pixel: 125 141
pixel: 125 142
pixel: 125 143
pixel: 125 144
pixel: 125 145
pixel: 125 146
pixel: 125 147
pixel: 125 148
pixel: 125 149
pixel: 125 150
pixel: 125 151
pixel: 125 152
pixel: 125 153
pixel: 125 154
pixel: 125 155
pixel: 125 156
pixel: 125 157
pixel: 125 158
pixel: 125 159
pixel: 125 160
pixel: 125 161
pixel: 125 162
pixel: 125 163
pixel: 125 164
pixel: 125 165
pixel: 125 166
pixel: 125 167
pixel: 125 168
pixel: 125 169
pixel: 125 170
pixel: 125 171
pixel: 125 172
pixel: 125 173
pixel: 125 174
pixel: 125 175
pixel: 125 176
pixel: 125 177
pixel: 125 178
pixel: 125 179
pixel: 125 180
pixel: 125 181
pixel: 125 182
pixel: 125 183
pixel: 125 184
pixel: 125 185
pixel: 125 186
pixel: 125 187
pixel: 125 188
pixel: 125 189
pixel: 125 190
pixel: 125 191
pixel: 125 192
pixel: 125 193
pixel: 125 194
pixel: 125 195
pixel: 125 196
pixel: 125 197
pixel: 125 198
pixel: 125 199
pixel: 126 0
pixel: 126 1
pixel: 126 2
pixel: 126 3
pixel: 126 4
pixel: 126 5
pixel: 126 6
pixel: 126 7
pixel: 126 8
pixel: 126 9
pixel: 126 10
pixel: 126 11
pixel: 126 12
pixel: 126 13
pixel: 126 14
pixel: 126 15
pixel: 126 16
pixel: 126 17
pixel: 126 18
pixel: 126 19
pixel: 126 20
pixel: 126 21
pixel: 126 22
pixel: 126 23
pixel: 126 24
pixel: 126 25
pixel: 126 26
pixel: 126 27
pixel: 126 28
pixel: 126 29
pixel: 126 30
pixel: 126 31
pixel: 126 32
pixel: 126 33
pixel: 126 34
pixel: 126 35
pixel: 126 36
pixel: 126 37
pixel: 126 38
pixel: 126 39
pixel: 126 40
pixel: 126 41
pixel: 126 42
pixel: 126 43
pixel: 126 44
pixel: 126 45
pixel: 126 46
pixel: 126 47
pixel: 126 48
pixel: 126 49
pixel: 126 50
pixel: 126 51
pixel: 126 52
pixel: 126 53
pixel: 126 54
pixel: 126 55
pixel: 126 56
pixel: 126 57
pixel: 126 58
pixel: 126 59
pixel: 126 60
pixel: 126 61
pixel: 126 62
pixel: 126 63
pixel: 126 64
pixel: 126 65
pixel: 126 66
pixel: 126 67
pixel: 126 68
pixel: 126 69
pixel: 126 70
pixel: 126 71
pixel: 126 72
pixel: 126 73
pixel: 126 74
pixel: 126 75
pixel: 126 76
pixel: 126 77
pixel: 126 78
pixel: 126 79
pixel: 126 80
pixel: 126 81
pixel: 126 82
pixel: 126 83
pixel: 126 84
pixel: 126 85
pixel: 126 86
pixel: 126 87
pixel: 126 88
pixel: 126 89
pixel: 126 90
pixel: 126 91
pixel: 126 92
pixel: 126 93
pixel: 126 94
pixel: 126 95
pixel: 126 96
pixel: 126 97
pixel: 126 98
pixel: 126 99
pixel: 126 100
pixel: 126 101
pixel: 126 102
pixel: 126 103
pixel: 126 104
pixel: 126 105
pixel: 126 106
pixel: 126 107
valid: 3.82804 0.00333575 0.409094
pixel: 126 108
valid: 3.83172 0.0153158 0.415423
pixel: 126 109
valid: 3.83546 0.0273156 0.421763
pixel: 126 110
valid: 3.83928 0.0393355 0.428113
pixel: 126 111
valid: 3.84316 0.0513755 0.434473
pixel: 126 112
valid: 3.84711 0.0634355 0.440844
pixel: 126 113
valid: 3.85113 0.0755157 0.447226
pixel: 126 114
valid: 3.85522 0.0876161 0.453619
pixel: 126 115
valid: 3.85937 0.0997367 0.460022
pixel: 126 116
valid: 3.8636 0.111878 0.466436
pixel: 126 117
valid: 3.86789 0.124039 0.47286
pixel: 126 118
valid: 3.87226 0.136221 0.479296
pixel: 126 119
valid: 3.87669 0.148423 0.485742
pixel: 126 120
valid: 3.88119 0.160646 0.492199
pixel: 126 121
valid: 3.88576 0.172889 0.498667
pixel: 126 122
valid: 3.8904 0.185152 0.505146
pixel: 126 123
valid: 3.89511 0.197437 0.511635
pixel: 126 124
valid: 3.89989 0.209742 0.518136
pixel: 126 125
valid: 3.90474 0.222068 0.524648
pixel: 126 126
valid: 3.90966 0.234415 0.53117
pixel: 126 127
valid: 3.91465 0.246782 0.537704
pixel: 126 128
valid: 3.91972 0.259171 0.544249
pixel: 126 129
valid: 3.92485 0.27158 0.550805
pixel: 126 130
valid: 3.93005 0.284011 0.557371
pixel: 126 131
valid: 3.93532 0.296463 0.56395
pixel: 126 132
valid: 3.94066 0.308935 0.570539
pixel: 126 133
valid: 3.94607 0.321429 0.577139
pixel: 126 134
valid: 3.95156 0.333945 0.583751
pixel: 126 135
valid: 3.95711 0.346481 0.590374
pixel: 126 136
valid: 3.96274 0.359039 0.597008
pixel: 126 137
valid: 3.96843 0.371618 0.603653
pixel: 126 138
valid: 3.9742 0.384219 0.61031
pixel: 126 139
pixel: 126 140
pixel: 126 141
pixel: 126 142
pixel: 126 143
pixel: 126 144
pixel: 126 145
pixel: 126 146
pixel: 126 147
pixel: 126 148
pixel: 126 149
pixel: 126 150
pixel: 126 151
pixel: 126 152
pixel: 126 153
pixel: 126 154
pixel: 126 155
pixel: 126 156
pixel: 126 157
pixel: 126 158
pixel: 126 159
pixel: 126 160
pixel: 126 161
pixel: 126 162
pixel: 126 163
pixel: 126 164
pixel: 126 165
pixel: 126 166
pixel: 126 167
pixel: 126 168
pixel: 126 169
pixel: 126 170
pixel: 126 171
pixel: 126 172
pixel: 126 173
pixel: 126 174
pixel: 126 175
pixel: 126 176
pixel: 126 177
pixel: 126 178
pixel: 126 179
pixel: 126 180
pixel: 126 181
pixel: 126 182
pixel: 126 183
pixel: 126 184
pixel: 126 185
pixel: 126 186
pixel: 126 187
pixel: 126 188
pixel: 126 189
pixel: 126 190
pixel: 126 191
pixel: 126 192
pixel: 126 193
pixel: 126 194
pixel: 126 195
pixel: 126 196
pixel: 126 197
pixel: 126 198
pixel: 126 199
pixel: 127 0
pixel: 127 1
pixel: 127 2
pixel: 127 3
pixel: 127 4
pixel: 127 5
pixel: 127 6
pixel: 127 7
pixel: 127 8
pixel: 127 9
pixel: 127 10
pixel: 127 11
pixel: 127 12
pixel: 127 13
pixel: 127 14
pixel: 127 15
pixel: 127 16
pixel: 127 17
pixel: 127 18
pixel: 127 19
pixel: 127 20
pixel: 127 21
pixel: 127 22
pixel: 127 23
pixel: 127 24
pixel: 127 25
pixel: 127 26
pixel: 127 27
pixel: 127 28
pixel: 127 29
pixel: 127 30
pixel: 127 31
pixel: 127 32
pixel: 127 33
pixel: 127 34
pixel: 127 35
pixel: 127 36
pixel: 127 37
pixel: 127 38
pixel: 127 39
pixel: 127 40
pixel: 127 41
pixel: 127 42
pixel: 127 43
pixel: 127 44
pixel: 127 45
pixel: 127 46
pixel: 127 47
pixel: 127 48
pixel: 127 49
pixel: 127 50
pixel: 127 51
pixel: 127 52
pixel: 127 53
pixel: 127 54
pixel: 127 55
pixel: 127 56
pixel: 127 57
pixel: 127 58
pixel: 127 59
pixel: 127 60
pixel: 127 61
pixel: 127 62
pixel: 127 63
pixel: 127 64
pixel: 127 65
pixel: 127 66
pixel: 127 67
pixel: 127 68
pixel: 127 69
pixel: 127 70
pixel: 127 71
pixel: 127 72
pixel: 127 73
pixel: 127 74
pixel: 127 75
pixel: 127 76
pixel: 127 77
pixel: 127 78
pixel: 127 79
pixel: 127 80
pixel: 127 81
pixel: 127 82
pixel: 127 83
pixel: 127 84
pixel: 127 85
pixel: 127 86
pixel: 127 87
pixel: 127 88
pixel: 127 89
pixel: 127 90
pixel: 127 91
pixel: 127 92
pixel: 127 93
pixel: 127 94
pixel: 127 95
pixel: 127 96
pixel: 127 97
pixel: 127 98
pixel: 127 99
pixel: 127 100
pixel: 127 101
pixel: 127 102
pixel: 127 103
pixel: 127 104
pixel: 127 105
pixel: 127 106
pixel: 127 107
pixel: 127 108
pixel: 127 109
valid: 3.84033 0.00850959 0.428113
pixel: 127 110
valid: 3.84415 0.0205238 0.434473
pixel: 127 111
valid: 3.84804 0.032558 0.440844
pixel: 127 112
valid: 3.852 0.0446125 0.447226
pixel: 127 113
valid: 3.85602 0.0566871 0.453619
pixel: 127 114
valid: 3.86012 0.0687817 0.460022
pixel: 127 115
valid: 3.86428 0.0808968 0.466436
pixel: 127 116
valid: 3.86851 0.0930321 0.47286
pixel: 127 117
valid: 3.87282 0.105188 0.479296
pixel: 127 118
valid: 3.87719 0.117364 0.485742
pixel: 127 119
valid: 3.88163 0.129561 0.492199
pixel: 127 120
valid: 3.88614 0.141778 0.498667
pixel: 127 121
valid: 3.89071 0.154015 0.505146
pixel: 127 122
valid: 3.89536 0.166273 0.511636
pixel: 127 123
valid: 3.90008 0.178552 0.518136
pixel: 127 124
valid: 3.90487 0.190852 0.524648
pixel: 127 125
valid: 3.90973 0.203172 0.53117
pixel: 127 126
valid: 3.91465 0.215514 0.537704
pixel: 127 127
valid: 3.91965 0.227876 0.544249
pixel: 127 128
valid: 3.92472 0.240259 0.550804
pixel: 127 129
valid: 3.92986 0.252663 0.557371
pixel: 127 130
valid: 3.93507 0.265088 0.563949
pixel: 127 131
valid: 3.94035 0.277534 0.570539
pixel: 127 132
valid: 3.9457 0.290001 0.577139
pixel: 127 133
valid: 3.95112 0.30249 0.583751
pixel: 127 134
valid: 3.95661 0.314999 0.590374
pixel: 127 135
valid: 3.96217 0.32753 0.597008
pixel: 127 136
valid: 3.96781 0.340083 0.603653
pixel: 127 137
valid: 3.97351 0.352657 0.61031
pixel: 127 138
valid: 3.97929 0.365252 0.616978
pixel: 127 139
pixel: 127 140
pixel: 127 141
pixel: 127 142
pixel: 127 143
pixel: 127 144
pixel: 127 145
pixel: 127 146
pixel: 127 147
pixel: 127 148
pixel: 127 149
pixel: 127 150
pixel: 127 151
pixel: 127 152
pixel: 127 153
pixel: 127 154
pixel: 127 155
pixel: 127 156
pixel: 127 157
pixel: 127 158
pixel: 127 159
pixel: 127 160
pixel: 127 161
pixel: 127 162
pixel: 127 163
pixel: 127 164
pixel: 127 165
pixel: 127 166
pixel: 127 167
pixel: 127 168
pixel: 127 169
pixel: 127 170
pixel: 127 171
pixel: 127 172
pixel: 127 173
pixel: 127 174
pixel: 127 175
pixel: 127 176
pixel: 127 177
pixel: 127 178
pixel: 127 179
pixel: 127 180
pixel: 127 181
pixel: 127 182
pixel: 127 183
pixel: 127 184
pixel: 127 185
pixel: 127 186
pixel: 127 187
pixel: 127 188
pixel: 127 189
pixel: 127 190
pixel: 127 191
pixel: 127 192
pixel: 127 193
pixel: 127 194
pixel: 127 195
pixel: 127 196
pixel: 127 197
pixel: 127 198
pixel: 127 199
pixel: 128 0
pixel: 128 1
pixel: 128 2
pixel: 128 3
pixel: 128 4
pixel: 128 5
pixel: 128 6
pixel: 128 7
pixel: 128 8
pixel: 128 9
pixel: 128 10
pixel: 128 11
pixel: 128 12
pixel: 128 13
pixel: 128 14
pixel: 128 15
pixel: 128 16
pixel: 128 17
pixel: 128 18
pixel: 128 19
pixel: 128 20
pixel: 128 21
pixel: 128 22
pixel: 128 23
pixel: 128 24
pixel: 128 25
pixel: 128 26
pixel: 128 27
pixel: 128 28
pixel: 128 29
pixel: 128 30
pixel: 128 31
pixel: 128 32
pixel: 128 33
pixel: 128 34
pixel: 128 35
pixel: 128 36
pixel: 128 37
pixel: 128 38
pixel: 128 39
pixel: 128 40
pixel: 128 41
pixel: 128 42
pixel: 128 43
pixel: 128 44
pixel: 128 45
pixel: 128 46
pixel: 128 47
pixel: 128 48
pixel: 128 49
pixel: 128 50
pixel: 128 51
pixel: 128 52
pixel: 128 53
pixel: 128 54
pixel: 128 55
pixel: 128 56
pixel: 128 57
pixel: 128 58
pixel: 128 59
pixel: 128 60
pixel: 128 61
pixel: 128 62
pixel: 128 63
pixel: 128 64
pixel: 128 65
pixel: 128 66
pixel: 128 67
pixel: 128 68
pixel: 128 69
pixel: 128 70
pixel: 128 71
pixel: 128 72
pixel: 128 73
pixel: 128 74
pixel: 128 75
pixel: 128 76
pixel: 128 77
pixel: 128 78
pixel: 128 79
pixel: 128 80
pixel: 128 81
pixel: 128 82
pixel: 128 83
pixel: 128 84
pixel: 128 85
pixel: 128 86
pixel: 128 87
pixel: 128 88
pixel: 128 89
pixel: 128 90
pixel: 128 91
pixel: 128 92
pixel: 128 93
pixel: 128 94
pixel: 128 95
pixel: 128 96
pixel: 128 97
pixel: 128 98
pixel: 128 99
pixel: 128 100
pixel: 128 101
pixel: 128 102
pixel: 128 103
pixel: 128 104
pixel: 128 105
pixel: 128 106
pixel: 128 107
pixel: 128 108
pixel: 128 109
pixel: 128 110
valid: 3.84909 0.00168067 0.440844
pixel: 128 111
valid: 3.85299 0.0137093 0.447226
pixel: 128 112
valid: 3.85695 0.025758 0.453619
pixel: 128 113
valid: 3.86099 0.0378268 0.460022
pixel: 128 114
valid: 3.86509 0.0499159 0.466436
pixel: 128 115
valid: 3.86926 0.0620253 0.47286
pixel: 128 116
valid: 3.8735 0.074155 0.479296
pixel: 128 117
valid: 3.87781 0.086305 0.485742
pixel: 128 118
valid: 3.88219 0.0984755 0.492199
pixel: 128 119
valid: 3.88663 0.110666 0.498667
pixel: 128 120
valid: 3.89115 0.122878 0.505146
pixel: 128 121
valid: 3.89574 0.13511 0.511636
pixel: 128 122
valid: 3.90039 0.147363 0.518136
pixel: 128 123
valid: 3.90512 0.159636 0.524648
pixel: 128 124
valid: 3.90991 0.17193 0.53117
pixel: 128 125
valid: 3.91478 0.184245 0.537704
pixel: 128 126
valid: 3.91972 0.19658 0.544249
pixel: 128 127
valid: 3.92472 0.208937 0.550805
pixel: 128 128
valid: 3.9298 0.221314 0.557371
pixel: 128 129
valid: 3.93494 0.233713 0.563949
pixel: 128 130
valid: 3.94016 0.246132 0.570539
pixel: 128 131
valid: 3.94545 0.258573 0.577139
pixel: 128 132
valid: 3.95081 0.271035 0.583751
pixel: 128 133
valid: 3.95624 0.283518 0.590374
pixel: 128 134
valid: 3.96174 0.296022 0.597008
pixel: 128 135
valid: 3.96731 0.308547 0.603653
pixel: 128 136
valid: 3.97295 0.321094 0.61031
pixel: 128 137
valid: 3.97866 0.333663 0.616978
pixel: 128 138
valid: 3.98444 0.346253 0.623658
pixel: 128 139
valid: 3.9903 0.358864 0.630349
pixel: 128 140
pixel: 128 141
pixel: 128 142
pixel: 128 143
pixel: 128 144
pixel: 128 145
pixel: 128 146
pixel: 128 147
pixel: 128 148
pixel: 128 149
pixel: 128 150
pixel: 128 151
pixel: 128 152
pixel: 128 153
pixel: 128 154
pixel: 128 155
pixel: 128 156
pixel: 128 157
pixel: 128 158
pixel: 128 159
pixel: 128 160
pixel: 128 161
pixel: 128 162
pixel: 128 163
pixel: 128 164
pixel: 128 165
pixel: 128 166
pixel: 128 167
pixel: 128 168
pixel: 128 169
pixel: 128 170
pixel: 128 171
pixel: 128 172
pixel: 128 173
pixel: 128 174
pixel: 128 175
pixel: 128 176
pixel: 128 177
pixel: 128 178
pixel: 128 179
pixel: 128 180
pixel: 128 181
pixel: 128 182
pixel: 128 183
pixel: 128 184
pixel: 128 185
pixel: 128 186
pixel: 128 187
pixel: 128 188
pixel: 128 189
pixel: 128 190
pixel: 128 191
pixel: 128 192
pixel: 128 193
pixel: 128 194
pixel: 128 195
pixel: 128 196
pixel: 128 197
pixel: 128 198
pixel: 128 199
pixel: 129 0
pixel: 129 1
pixel: 129 2
pixel: 129 3
pixel: 129 4
pixel: 129 5
pixel: 129 6
pixel: 129 7
pixel: 129 8
pixel: 129 9
pixel: 129 10
pixel: 129 11
pixel: 129 12
pixel: 129 13
pixel: 129 14
pixel: 129 15
pixel: 129 16
pixel: 129 17
pixel: 129 18
pixel: 129 19
pixel: 129 20
pixel: 129 21
pixel: 129 22
pixel: 129 23
pixel: 129 24
pixel: 129 25
pixel: 129 26
pixel: 129 27
pixel: 129 28
pixel: 129 29
pixel: 129 30
pixel: 129 31
pixel: 129 32
pixel: 129 33
pixel: 129 34
pixel: 129 35
pixel: 129 36
pixel: 129 37
pixel: 129 38
pixel: 129 39
pixel: 129 40
pixel: 129 41
pixel: 129 42
pixel: 129 43
pixel: 129 44
pixel: 129 45
pixel: 129 46
pixel: 129 47
pixel: 129 48
pixel: 129 49
pixel: 129 50
pixel: 129 51
pixel: 129 52
pixel: 129 53
pixel: 129 54
pixel: 129 55
pixel: 129 56
pixel: 129 57
pixel: 129 58
pixel: 129 59
pixel: 129 60
pixel: 129 61
pixel: 129 62
pixel: 129 63
pixel: 129 64
pixel: 129 65
pixel: 129 66
pixel: 129 67
pixel: 129 68
pixel: 129 69
pixel: 129 70
pixel: 129 71
pixel: 129 72
pixel: 129 73
pixel: 129 74
pixel: 129 75
pixel: 129 76
pixel: 129 77
pixel: 129 78
pixel: 129 79
pixel: 129 80
pixel: 129 81
pixel: 129 82
pixel: 129 83
pixel: 129 84
pixel: 129 85
pixel: 129 86
pixel: 129 87
pixel: 129 88
pixel: 129 89
pixel: 129 90
pixel: 129 91
pixel: 129 92
pixel: 129 93
pixel: 129 94
pixel: 129 95
pixel: 129 96
pixel: 129 97
pixel: 129 98
pixel: 129 99
pixel: 129 100
pixel: 129 101
pixel: 129 102
pixel: 129 103
pixel: 129 104
pixel: 129 105
pixel: 129 106
pixel: 129 107
pixel: 129 108
pixel: 129 109
pixel: 129 110
pixel: 129 111
pixel: 129 112
valid: 3.86198 0.00687186 0.460022
pixel: 129 113
valid: 3.86602 0.0189351 0.466436
pixel: 129 114
valid: 3.87013 0.0310184 0.47286
pixel: 129 115
valid: 3.87431 0.0431221 0.479296
pixel: 129 116
valid: 3.87855 0.0552461 0.485742
pixel: 129 117
valid: 3.88287 0.0673904 0.492199
pixel: 129 118
valid: 3.88726 0.0795552 0.498667
pixel: 129 119
valid: 3.89171 0.0917406 0.505146
pixel: 129 120
valid: 3.89624 0.103946 0.511636
pixel: 129 121
valid: 3.90083 0.116173 0.518136
pixel: 129 122
valid: 3.90549 0.12842 0.524648
pixel: 129 123
valid: 3.91023 0.140687 0.53117
pixel: 129 124
valid: 3.91503 0.152976 0.537704
pixel: 129 125
valid: 3.9199 0.165285 0.544249
pixel: 129 126
valid: 3.92485 0.177615 0.550805
pixel: 129 127
valid: 3.92986 0.189966 0.557371
pixel: 129 128
valid: 3.93494 0.202338 0.563949
pixel: 129 129
valid: 3.9401 0.214731 0.570539
pixel: 129 130
valid: 3.94532 0.227145 0.577139
pixel: 129 131
valid: 3.95062 0.23958 0.583751
pixel: 129 132
valid: 3.95598 0.252036 0.590374
pixel: 129 133
valid: 3.96142 0.264513 0.597008
pixel: 129 134
valid: 3.96693 0.277012 0.603653
pixel: 129 135
valid: 3.97251 0.289532 0.61031
pixel: 129 136
valid: 3.97816 0.302073 0.616978
pixel: 129 137
valid: 3.98388 0.314636 0.623658
pixel: 129 138
valid: 3.98967 0.327221 0.630349
pixel: 129 139
valid: 3.99553 0.339826 0.637051
pixel: 129 140
valid: 4.00147 0.352454 0.643765
pixel: 129 141
pixel: 129 142
pixel: 129 143
pixel: 129 144
pixel: 129 145
pixel: 129 146
pixel: 129 147
pixel: 129 148
pixel: 129 149
pixel: 129 150
pixel: 129 151
pixel: 129 152
pixel: 129 153
pixel: 129 154
pixel: 129 155
pixel: 129 156
pixel: 129 157
pixel: 129 158
pixel: 129 159
pixel: 129 160
pixel: 129 161
pixel: 129 162
pixel: 129 163
pixel: 129 164
pixel: 129 165
pixel: 129 166
pixel: 129 167
pixel: 129 168
pixel: 129 169
pixel: 129 170
pixel: 129 171
pixel: 129 172
pixel: 129 173
pixel: 129 174
pixel: 129 175
pixel: 129 176
pixel: 129 177
pixel: 129 178
pixel: 129 179
pixel: 129 180
pixel: 129 181
pixel: 129 182
pixel: 129 183
pixel: 129 184
pixel: 129 185
pixel: 129 186
pixel: 129 187
pixel: 129 188
pixel: 129 189
pixel: 129 190
pixel: 129 191
pixel: 129 192
pixel: 129 193
pixel: 129 194
pixel: 129 195
pixel: 129 196
pixel: 129 197
pixel: 129 198
pixel: 129 199
pixel: 130 0
pixel: 130 1
pixel: 130 2
pixel: 130 3
pixel: 130 4
pixel: 130 5
pixel: 130 6
pixel: 130 7
pixel: 130 8
pixel: 130 9
pixel: 130 10
pixel: 130 11
pixel: 130 12
pixel: 130 13
pixel: 130 14
pixel: 130 15
pixel: 130 16
pixel: 130 17
pixel: 130 18
pixel: 130 19
pixel: 130 20
pixel: 130 21
pixel: 130 22
pixel: 130 23
pixel: 130 24
pixel: 130 25
pixel: 130 26
pixel: 130 27
pixel: 130 28
pixel: 130 29
pixel: 130 30
pixel: 130 31
pixel: 130 32
pixel: 130 33
pixel: 130 34
pixel: 130 35
pixel: 130 36
pixel: 130 37
pixel: 130 38
pixel: 130 39
pixel: 130 40
pixel: 130 41
pixel: 130 42
pixel: 130 43
pixel: 130 44
pixel: 130 45
pixel: 130 46
pixel: 130 47
pixel: 130 48
pixel: 130 49
pixel: 130 50
pixel: 130 51
pixel: 130 52
pixel: 130 53
pixel: 130 54
pixel: 130 55
pixel: 130 56
pixel: 130 57
pixel: 130 58
pixel: 130 59
pixel: 130 60
pixel: 130 61
pixel: 130 62
pixel: 130 63
pixel: 130 64
pixel: 130 65
pixel: 130 66
pixel: 130 67
pixel: 130 68
pixel: 130 69
pixel: 130 70
pixel: 130 71
pixel: 130 72
pixel: 130 73
pixel: 130 74
pixel: 130 75
pixel: 130 76
pixel: 130 77
pixel: 130 78
pixel: 130 79
pixel: 130 80
pixel: 130 81
pixel: 130 82
pixel: 130 83
pixel: 130 84
pixel: 130 85
pixel: 130 86
pixel: 130 87
pixel: 130 88
pixel: 130 89
pixel: 130 90
pixel: 130 91
pixel: 130 92
pixel: 130 93
pixel: 130 94
pixel: 130 95
pixel: 130 96
pixel: 130 97
pixel: 130 98
pixel: 130 99
pixel: 130 100
pixel: 130 101
pixel: 130 102
pixel: 130 103
pixel: 130 104
pixel: 130 105
pixel: 130 106
pixel: 130 107
pixel: 130 108
pixel: 130 109
pixel: 130 110
pixel: 130 111
pixel: 130 112
pixel: 130 113
valid: 3.87112 1.15992e-05 0.47286
pixel: 130 114
valid: 3.87524 0.0120893 0.479296
pixel: 130 115
valid: 3.87943 0.0241872 0.485742
pixel: 130 116
valid: 3.88368 0.0363055 0.492199
pixel: 130 117
valid: 3.888 0.0484441 0.498667
pixel: 130 118
valid: 3.8924 0.0606032 0.505146
pixel: 130 119
valid: 3.89686 0.0727829 0.511635
pixel: 130 120
valid: 3.90139 0.0849829 0.518136
pixel: 130 121
valid: 3.90599 0.0972036 0.524648
pixel: 130 122
valid: 3.91066 0.109445 0.53117
pixel: 130 123
valid: 3.9154 0.121707 0.537704
pixel: 130 124
valid: 3.92022 0.13399 0.544249
pixel: 130 125
valid: 3.9251 0.146293 0.550805
pixel: 130 126
valid: 3.93005 0.158618 0.557371
pixel: 130 127
valid: 3.93507 0.170963 0.563949
pixel: 130 128
valid: 3.94016 0.183329 0.570539
pixel: 130 129
valid: 3.94532 0.195716 0.577139
pixel: 130 130
valid: 3.95056 0.208125 0.583751
pixel: 130 131
valid: 3.95586 0.220554 0.590374
pixel: 130 132
valid: 3.96123 0.233005 0.597008
pixel: 130 133
valid: 3.96668 0.245477 0.603653
pixel: 130 134
valid: 3.9722 0.25797 0.61031
pixel: 130 135
valid: 3.97778 0.270484 0.616978
pixel: 130 136
valid: 3.98344 0.28302 0.623658
pixel: 130 137
valid: 3.98917 0.295577 0.630349
pixel: 130 138
valid: 3.99497 0.308156 0.637051
pixel: 130 139
valid: 4.00084 0.320756 0.643765
pixel: 130 140
valid: 4.00678 0.333378 0.65049
pixel: 130 141
pixel: 130 142
pixel: 130 143
pixel: 130 144
pixel: 130 145
pixel: 130 146
pixel: 130 147
pixel: 130 148
pixel: 130 149
pixel: 130 150
pixel: 130 151
pixel: 130 152
pixel: 130 153
pixel: 130 154
pixel: 130 155
pixel: 130 156
pixel: 130 157
pixel: 130 158
pixel: 130 159
pixel: 130 160
pixel: 130 161
pixel: 130 162
pixel: 130 163
pixel: 130 164
pixel: 130 165
pixel: 130 166
pixel: 130 167
pixel: 130 168
pixel: 130 169
pixel: 130 170
pixel: 130 171
pixel: 130 172
pixel: 130 173
pixel: 130 174
pixel: 130 175
pixel: 130 176
pixel: 130 177
pixel: 130 178
pixel: 130 179
pixel: 130 180
pixel: 130 181
pixel: 130 182
pixel: 130 183
pixel: 130 184
pixel: 130 185
pixel: 130 186
pixel: 130 187
pixel: 130 188
pixel: 130 189
pixel: 130 190
pixel: 130 191
pixel: 130 192
pixel: 130 193
pixel: 130 194
pixel: 130 195
pixel: 130 196
pixel: 130 197
pixel: 130 198
pixel: 130 199
pixel: 131 0
pixel: 131 1
pixel: 131 2
pixel: 131 3
pixel: 131 4
pixel: 131 5
pixel: 131 6
pixel: 131 7
pixel: 131 8
pixel: 131 9
pixel: 131 10
pixel: 131 11
pixel: 131 12
pixel: 131 13
pixel: 131 14
pixel: 131 15
pixel: 131 16
pixel: 131 17
pixel: 131 18
pixel: 131 19
pixel: 131 20
pixel: 131 21
pixel: 131 22
pixel: 131 23
pixel: 131 24
pixel: 131 25
pixel: 131 26
pixel: 131 27
pixel: 131 28
pixel: 131 29
pixel: 131 30
pixel: 131 31
pixel: 131 32
pixel: 131 33
pixel: 131 34
pixel: 131 35
pixel: 131 36
pixel: 131 37
pixel: 131 38
pixel: 131 39
pixel: 131 40
pixel: 131 41
pixel: 131 42
pixel: 131 43
pixel: 131 44
pixel: 131 45
pixel: 131 46
pixel: 131 47
pixel: 131 48
pixel: 131 49
pixel: 131 50
pixel: 131 51
pixel: 131 52
pixel: 131 53
pixel: 131 54
pixel: 131 55
pixel: 131 56
pixel: 131 57
pixel: 131 58
pixel: 131 59
pixel: 131 60
pixel: 131 61
pixel: 131 62
pixel: 131 63
pixel: 131 64
pixel: 131 65
pixel: 131 66
pixel: 131 67
pixel: 131 68
pixel: 131 69
pixel: 131 70
pixel: 131 71
pixel: 131 72
pixel: 131 73
pixel: 131 74
pixel: 131 75
pixel: 131 76
pixel: 131 77
pixel: 131 78
pixel: 131 79
pixel: 131 80
pixel: 131 81
pixel: 131 82
pixel: 131 83
pixel: 131 84
pixel: 131 85
pixel: 131 86
pixel: 131 87
pixel: 131 88
pixel: 131 89
pixel: 131 90
pixel: 131 91
pixel: 131 92
pixel: 131 93
pixel: 131 94
pixel: 131 95
pixel: 131 96
pixel: 131 97
pixel: 131 98
pixel: 131 99
pixel: 131 100
pixel: 131 101
pixel: 131 102
pixel: 131 103
pixel: 131 104
pixel: 131 105
pixel: 131 106
pixel: 131 107
pixel: 131 108
pixel: 131 109
pixel: 131 110
pixel: 131 111
pixel: 131 112
pixel: 131 113
pixel: 131 114
pixel: 131 115
valid: 3.88461 0.00522028 0.492199
pixel: 131 116
valid: 3.88887 0.0173328 0.498667
pixel: 131 117
valid: 3.89321 0.0294657 0.505146
pixel: 131 118
valid: 3.89761 0.041619 0.511636
pixel: 131 119
valid: 3.90208 0.0537929 0.518136
pixel: 131 120
valid: 3.90662 0.0659874 0.524648
pixel: 131 121
valid: 3.91122 0.0782023 0.53117
pixel: 131 122
valid: 3.9159 0.0904378 0.537704
pixel: 131 123
valid: 3.92065 0.102694 0.544249
pixel: 131 124
valid: 3.92547 0.114971 0.550805
pixel: 131 125
valid: 3.93036 0.127269 0.557371
pixel: 131 126
valid: 3.93532 0.139588 0.56395
pixel: 131 127
valid: 3.94035 0.151927 0.570539
pixel: 131 128
valid: 3.94545 0.164288 0.577139
pixel: 131 129
valid: 3.95062 0.17667 0.583751
pixel: 131 130
valid: 3.95586 0.189072 0.590374
pixel: 131 131
valid: 3.96117 0.201496 0.597008
pixel: 131 132
valid: 3.96655 0.213941 0.603653
pixel: 131 133
valid: 3.97201 0.226407 0.61031
pixel: 131 134
valid: 3.97753 0.238895 0.616978
pixel: 131 135
valid: 3.98313 0.251404 0.623658
pixel: 131 136
valid: 3.98879 0.263934 0.630349
pixel: 131 137
valid: 3.99453 0.276485 0.637051
pixel: 131 138
valid: 4.00034 0.289059 0.643765
pixel: 131 139
valid: 4.00622 0.301653 0.65049
pixel: 131 140
valid: 4.01217 0.31427 0.657228
pixel: 131 141
valid: 4.01819 0.326908 0.663976
pixel: 131 142
pixel: 131 143
pixel: 131 144
pixel: 131 145
pixel: 131 146
pixel: 131 147
pixel: 131 148
pixel: 131 149
pixel: 131 150
pixel: 131 151
pixel: 131 152
pixel: 131 153
pixel: 131 154
pixel: 131 155
pixel: 131 156
pixel: 131 157
pixel: 131 158
pixel: 131 159
pixel: 131 160
pixel: 131 161
pixel: 131 162
pixel: 131 163
pixel: 131 164
pixel: 131 165
pixel: 131 166
pixel: 131 167
pixel: 131 168
pixel: 131 169
pixel: 131 170
pixel: 131 171
pixel: 131 172
pixel: 131 173
pixel: 131 174
pixel: 131 175
pixel: 131 176
pixel: 131 177
pixel: 131 178
pixel: 131 179
pixel: 131 180
pixel: 131 181
pixel: 131 182
pixel: 131 183
pixel: 131 184
pixel: 131 185
pixel: 131 186
pixel: 131 187
pixel: 131 188
pixel: 131 189
pixel: 131 190
pixel: 131 191
pixel: 131 192
pixel: 131 193
pixel: 131 194
pixel: 131 195
pixel: 131 196
pixel: 131 197
pixel: 131 198
pixel: 131 199
pixel: 132 0
pixel: 132 1
pixel: 132 2
pixel: 132 3
pixel: 132 4
pixel: 132 5
pixel: 132 6
pixel: 132 7
pixel: 132 8
pixel: 132 9
pixel: 132 10
pixel: 132 11
pixel: 132 12
pixel: 132 13
pixel: 132 14
pixel: 132 15
pixel: 132 16
pixel: 132 17
pixel: 132 18
pixel: 132 19
pixel: 132 20
pixel: 132 21
pixel: 132 22
pixel: 132 23
pixel: 132 24
pixel: 132 25
pixel: 132 26
pixel: 132 27
pixel: 132 28
pixel: 132 29
pixel: 132 30
pixel: 132 31
pixel: 132 32
pixel: 132 33
pixel: 132 34
pixel: 132 35
pixel: 132 36
pixel: 132 37
pixel: 132 38
pixel: 132 39
pixel: 132 40
pixel: 132 41
pixel: 132 42
pixel: 132 43
pixel: 132 44
pixel: 132 45
pixel: 132 46
pixel: 132 47
pixel: 132 48
pixel: 132 49
pixel: 132 50
pixel: 132 51
pixel: 132 52
pixel: 132 53
pixel: 132 54
pixel: 132 55
pixel: 132 56
pixel: 132 57
pixel: 132 58
pixel: 132 59
pixel: 132 60
pixel: 132 61
pixel: 132 62
pixel: 132 63
pixel: 132 64
pixel: 132 65
pixel: 132 66
pixel: 132 67
pixel: 132 68
pixel: 132 69
pixel: 132 70
pixel: 132 71
pixel: 132 72
pixel: 132 73
pixel: 132 74
pixel: 132 75
pixel: 132 76
pixel: 132 77
pixel: 132 78
pixel: 132 79
pixel: 132 80
pixel: 132 81
pixel: 132 82
pixel: 132 83
pixel: 132 84
pixel: 132 85
pixel: 132 86
pixel: 132 87
pixel: 132 88
pixel: 132 89
pixel: 132 90
pixel: 132 91
pixel: 132 92
pixel: 132 93
pixel: 132 94
pixel: 132 95
pixel: 132 96
pixel: 132 97
pixel: 132 98
pixel: 132 99
pixel: 132 100
pixel: 132 101
pixel: 132 102
pixel: 132 103
pixel: 132 104
pixel: 132 105
pixel: 132 106
pixel: 132 107
pixel: 132 108
pixel: 132 109
pixel: 132 110
pixel: 132 111
pixel: 132 112
pixel: 132 113
pixel: 132 114
pixel: 132 115
pixel: 132 116
pixel: 132 117
valid: 3.89848 0.0104555 0.511636
pixel: 132 118
valid: 3.90289 0.022603 0.518136
pixel: 132 119
valid: 3.90736 0.0347711 0.524648
pixel: 132 120
valid: 3.91191 0.0469598 0.53117
pixel: 132 121
valid: 3.91653 0.0591689 0.537704
pixel: 132 122
valid: 3.92121 0.0713988 0.544249
pixel: 132 123
valid: 3.92597 0.0836493 0.550805
pixel: 132 124
valid: 3.9308 0.0959207 0.557372
pixel: 132 125
valid: 3.93569 0.108213 0.563949
pixel: 132 126
valid: 3.94066 0.120526 0.570539
pixel: 132 127
valid: 3.9457 0.13286 0.577139
pixel: 132 128
valid: 3.95081 0.145215 0.583751
pixel: 132 129
valid: 3.95599 0.15759 0.590374
pixel: 132 130
valid: 3.96123 0.169987 0.597008
pixel: 132 131
valid: 3.96655 0.182406 0.603653
pixel: 132 132
valid: 3.97194 0.194845 0.61031
pixel: 132 133
valid: 3.97741 0.207306 0.616978
pixel: 132 134
valid: 3.98294 0.219787 0.623658
pixel: 132 135
valid: 3.98854 0.232291 0.630349
pixel: 132 136
valid: 3.99422 0.244815 0.637051
pixel: 132 137
valid: 3.99996 0.257361 0.643765
pixel: 132 138
valid: 4.00578 0.269929 0.65049
pixel: 132 139
valid: 4.01167 0.282518 0.657227
pixel: 132 140
valid: 4.01763 0.295129 0.663976
pixel: 132 141
valid: 4.02366 0.307761 0.670736
pixel: 132 142
valid: 4.02976 0.320415 0.677508
pixel: 132 143
pixel: 132 144
pixel: 132 145
pixel: 132 146
pixel: 132 147
pixel: 132 148
pixel: 132 149
pixel: 132 150
pixel: 132 151
pixel: 132 152
pixel: 132 153
pixel: 132 154
pixel: 132 155
pixel: 132 156
pixel: 132 157
pixel: 132 158
pixel: 132 159
pixel: 132 160
pixel: 132 161
pixel: 132 162
pixel: 132 163
pixel: 132 164
pixel: 132 165
pixel: 132 166
pixel: 132 167
pixel: 132 168
pixel: 132 169
pixel: 132 170
pixel: 132 171
pixel: 132 172
pixel: 132 173
pixel: 132 174
pixel: 132 175
pixel: 132 176
pixel: 132 177
pixel: 132 178
pixel: 132 179
pixel: 132 180
pixel: 132 181
pixel: 132 182
pixel: 132 183
pixel: 132 184
pixel: 132 185
pixel: 132 186
pixel: 132 187
pixel: 132 188
pixel: 132 189
pixel: 132 190
pixel: 132 191
pixel: 132 192
pixel: 132 193
pixel: 132 194
pixel: 132 195
pixel: 132 196
pixel: 132 197
pixel: 132 198
pixel: 132 199
pixel: 133 0
pixel: 133 1
pixel: 133 2
pixel: 133 3
pixel: 133 4
pixel: 133 5
pixel: 133 6
pixel: 133 7
pixel: 133 8
pixel: 133 9
pixel: 133 10
pixel: 133 11
pixel: 133 12
pixel: 133 13
pixel: 133 14
pixel: 133 15
pixel: 133 16
pixel: 133 17
pixel: 133 18
pixel: 133 19
pixel: 133 20
pixel: 133 21
pixel: 133 22
pixel: 133 23
pixel: 133 24
pixel: 133 25
pixel: 133 26
pixel: 133 27
pixel: 133 28
pixel: 133 29
pixel: 133 30
pixel: 133 31
pixel: 133 32
pixel: 133 33
pixel: 133 34
pixel: 133 35
pixel: 133 36
pixel: 133 37
pixel: 133 38
pixel: 133 39
pixel: 133 40
pixel: 133 41
pixel: 133 42
pixel: 133 43
pixel: 133 44
pixel: 133 45
pixel: 133 46
pixel: 133 47
pixel: 133 48
pixel: 133 49
pixel: 133 50
pixel: 133 51
pixel: 133 52
pixel: 133 53
pixel: 133 54
pixel: 133 55
pixel: 133 56
pixel: 133 57
pixel: 133 58
pixel: 133 59
pixel: 133 60
pixel: 133 61
pixel: 133 62
pixel: 133 63
pixel: 133 64
pixel: 133 65
pixel: 133 66
pixel: 133 67
pixel: 133 68
pixel: 133 69
pixel: 133 70
pixel: 133 71
pixel: 133 72
pixel: 133 73
pixel: 133 74
pixel: 133 75
pixel: 133 76
pixel: 133 77
pixel: 133 78
pixel: 133 79
pixel: 133 80
pixel: 133 81
pixel: 133 82
pixel: 133 83
pixel: 133 84
pixel: 133 85
pixel: 133 86
pixel: 133 87
pixel: 133 88
pixel: 133 89
pixel: 133 90
pixel: 133 91
pixel: 133 92
pixel: 133 93
pixel: 133 94
pixel: 133 95
pixel: 133 96
pixel: 133 97
pixel: 133 98
pixel: 133 99
pixel: 133 100
pixel: 133 101
pixel: 133 102
pixel: 133 103
pixel: 133 104
pixel: 133 105
pixel: 133 106
pixel: 133 107
pixel: 133 108
pixel: 133 109
pixel: 133 110
pixel: 133 111
pixel: 133 112
pixel: 133 113
pixel: 133 114
pixel: 133 115
pixel: 133 116
pixel: 133 117
pixel: 133 118
valid: 3.90824 0.00355493 0.524648
pixel: 133 119
valid: 3.91272 0.0157173 0.531171
pixel: 133 120
valid: 3.91728 0.0279001 0.537704
pixel: 133 121
valid: 3.9219 0.0401035 0.544249
pixel: 133 122
valid: 3.9266 0.0523275 0.550805
pixel: 133 123
valid: 3.93136 0.0645723 0.557372
pixel: 133 124
valid: 3.93619 0.0768378 0.56395
pixel: 133 125
valid: 3.9411 0.0891242 0.570539
pixel: 133 126
valid: 3.94607 0.101431 0.577139
pixel: 133 127
valid: 3.95112 0.11376 0.583751
pixel: 133 128
valid: 3.95624 0.126109 0.590374
pixel: 133 129
valid: 3.96142 0.138479 0.597008
pixel: 133 130
valid: 3.96668 0.15087 0.603653
pixel: 133 131
valid: 3.97201 0.163283 0.61031
pixel: 133 132
valid: 3.97741 0.175716 0.616978
pixel: 133 133
valid: 3.98288 0.188171 0.623658
pixel: 133 134
valid: 3.98842 0.200647 0.630349
pixel: 133 135
valid: 3.99403 0.213145 0.637051
pixel: 133 136
valid: 3.99971 0.225664 0.643765
pixel: 133 137
valid: 4.00547 0.238204 0.650491
pixel: 133 138
valid: 4.01129 0.250766 0.657227
pixel: 133 139
valid: 4.01719 0.263349 0.663976
pixel: 133 140
valid: 4.02316 0.275955 0.670736
pixel: 133 141
valid: 4.0292 0.288581 0.677508
pixel: 133 142
valid: 4.03531 0.30123 0.684291
pixel: 133 143
pixel: 133 144
pixel: 133 145
pixel: 133 146
pixel: 133 147
pixel: 133 148
pixel: 133 149
pixel: 133 150
pixel: 133 151
pixel: 133 152
pixel: 133 153
pixel: 133 154
pixel: 133 155
pixel: 133 156
pixel: 133 157
pixel: 133 158
pixel: 133 159
pixel: 133 160
pixel: 133 161
pixel: 133 162
pixel: 133 163
pixel: 133 164
pixel: 133 165
pixel: 133 166
pixel: 133 167
pixel: 133 168
pixel: 133 169
pixel: 133 170
pixel: 133 171
pixel: 133 172
pixel: 133 173
pixel: 133 174
pixel: 133 175
pixel: 133 176
pixel: 133 177
pixel: 133 178
pixel: 133 179
pixel: 133 180
pixel: 133 181
pixel: 133 182
pixel: 133 183
pixel: 133 184
pixel: 133 185
pixel: 133 186
pixel: 133 187
pixel: 133 188
pixel: 133 189
pixel: 133 190
pixel: 133 191
pixel: 133 192
pixel: 133 193
pixel: 133 194
pixel: 133 195
pixel: 133 196
pixel: 133 197
pixel: 133 198
pixel: 133 199
pixel: 134 0
pixel: 134 1
pixel: 134 2
pixel: 134 3
pixel: 134 4
pixel: 134 5
pixel: 134 6
pixel: 134 7
pixel: 134 8
pixel: 134 9
pixel: 134 10
pixel: 134 11
pixel: 134 12
pixel: 134 13
pixel: 134 14
pixel: 134 15
pixel: 134 16
pixel: 134 17
pixel: 134 18
pixel: 134 19
pixel: 134 20
pixel: 134 21
pixel: 134 22
pixel: 134 23
pixel: 134 24
pixel: 134 25
pixel: 134 26
pixel: 134 27
pixel: 134 28
pixel: 134 29
pixel: 134 30
pixel: 134 31
pixel: 134 32
pixel: 134 33
pixel: 134 34
pixel: 134 35
pixel: 134 36
pixel: 134 37
pixel: 134 38
pixel: 134 39
pixel: 134 40
pixel: 134 41
pixel: 134 42
pixel: 134 43
pixel: 134 44
pixel: 134 45
pixel: 134 46
pixel: 134 47
pixel: 134 48
pixel: 134 49
pixel: 134 50
pixel: 134 51
pixel: 134 52
pixel: 134 53
pixel: 134 54
pixel: 134 55
pixel: 134 56
pixel: 134 57
pixel: 134 58
pixel: 134 59
pixel: 134 60
pixel: 134 61
pixel: 134 62
pixel: 134 63
pixel: 134 64
pixel: 134 65
pixel: 134 66
pixel: 134 67
pixel: 134 68
pixel: 134 69
pixel: 134 70
pixel: 134 71
pixel: 134 72
pixel: 134 73
pixel: 134 74
pixel: 134 75
pixel: 134 76
pixel: 134 77
pixel: 134 78
pixel: 134 79
pixel: 134 80
pixel: 134 81
pixel: 134 82
pixel: 134 83
pixel: 134 84
pixel: 134 85
pixel: 134 86
pixel: 134 87
pixel: 134 88
pixel: 134 89
pixel: 134 90
pixel: 134 91
pixel: 134 92
pixel: 134 93
pixel: 134 94
pixel: 134 95
pixel: 134 96
pixel: 134 97
pixel: 134 98
pixel: 134 99
pixel: 134 100
pixel: 134 101
pixel: 134 102
pixel: 134 103
pixel: 134 104
pixel: 134 105
pixel: 134 106
pixel: 134 107
pixel: 134 108
pixel: 134 109
pixel: 134 110
pixel: 134 111
pixel: 134 112
pixel: 134 113
pixel: 134 114
pixel: 134 115
pixel: 134 116
pixel: 134 117
pixel: 134 118
pixel: 134 119
pixel: 134 120
valid: 3.92271 0.00880826 0.544249
pixel: 134 121
valid: 3.92735 0.0210058 0.550805
pixel: 134 122
valid: 3.93205 0.033224 0.557371
pixel: 134 123
valid: 3.93682 0.0454629 0.56395
pixel: 134 124
valid: 3.94166 0.0577227 0.570539
pixel: 134 125
valid: 3.94657 0.0700033 0.577139
pixel: 134 126
valid: 3.95156 0.0823047 0.583751
pixel: 134 127
valid: 3.95661 0.094627 0.590374
pixel: 134 128
valid: 3.96174 0.10697 0.597008
pixel: 134 129
valid: 3.96693 0.119335 0.603653
pixel: 134 130
valid: 3.9722 0.13172 0.61031
pixel: 134 131
valid: 3.97753 0.144127 0.616978
pixel: 134 132
valid: 3.98294 0.156555 0.623658
pixel: 134 133
valid: 3.98842 0.169004 0.630349
pixel: 134 134
valid: 3.99397 0.181474 0.637051
pixel: 134 135
valid: 3.99959 0.193966 0.643765
pixel: 134 136
valid: 4.00528 0.20648 0.650491
pixel: 134 137
valid: 4.01104 0.219014 0.657228
pixel: 134 138
valid: 4.01687 0.23157 0.663976
pixel: 134 139
valid: 4.02278 0.244148 0.670736
pixel: 134 140
valid: 4.02876 0.256748 0.677508
pixel: 134 141
valid: 4.03481 0.269369 0.684291
pixel: 134 142
valid: 4.04093 0.282012 0.691086
pixel: 134 143
valid: 4.04712 0.294676 0.697893
pixel: 134 144
pixel: 134 145
pixel: 134 146
pixel: 134 147
pixel: 134 148
pixel: 134 149
pixel: 134 150
pixel: 134 151
pixel: 134 152
pixel: 134 153
pixel: 134 154
pixel: 134 155
pixel: 134 156
pixel: 134 157
pixel: 134 158
pixel: 134 159
pixel: 134 160
pixel: 134 161
pixel: 134 162
pixel: 134 163
pixel: 134 164
pixel: 134 165
pixel: 134 166
pixel: 134 167
pixel: 134 168
pixel: 134 169
pixel: 134 170
pixel: 134 171
pixel: 134 172
pixel: 134 173
pixel: 134 174
pixel: 134 175
pixel: 134 176
pixel: 134 177
pixel: 134 178
pixel: 134 179
pixel: 134 180
pixel: 134 181
pixel: 134 182
pixel: 134 183
pixel: 134 184
pixel: 134 185
pixel: 134 186
pixel: 134 187
pixel: 134 188
pixel: 134 189
pixel: 134 190
pixel: 134 191
pixel: 134 192
pixel: 134 193
pixel: 134 194
pixel: 134 195
pixel: 134 196
pixel: 134 197
pixel: 134 198
pixel: 134 199
pixel: 135 0
pixel: 135 1
pixel: 135 2
pixel: 135 3
pixel: 135 4
pixel: 135 5
pixel: 135 6
pixel: 135 7
pixel: 135 8
pixel: 135 9
pixel: 135 10
pixel: 135 11
pixel: 135 12
pixel: 135 13
pixel: 135 14
pixel: 135 15
pixel: 135 16
pixel: 135 17
pixel: 135 18
pixel: 135 19
pixel: 135 20
pixel: 135 21
pixel: 135 22
pixel: 135 23
pixel: 135 24
pixel: 135 25
pixel: 135 26
pixel: 135 27
pixel: 135 28
pixel: 135 29
pixel: 135 30
pixel: 135 31
pixel: 135 32
pixel: 135 33
pixel: 135 34
pixel: 135 35
pixel: 135 36
pixel: 135 37
pixel: 135 38
pixel: 135 39
pixel: 135 40
pixel: 135 41
pixel: 135 42
pixel: 135 43
pixel: 135 44
pixel: 135 45
pixel: 135 46
pixel: 135 47
pixel: 135 48
pixel: 135 49
pixel: 135 50
pixel: 135 51
pixel: 135 52
pixel: 135 53
pixel: 135 54
pixel: 135 55
pixel: 135 56
pixel: 135 57
pixel: 135 58
pixel: 135 59
pixel: 135 60
pixel: 135 61
pixel: 135 62
pixel: 135 63
pixel: 135 64
pixel: 135 65
pixel: 135 66
pixel: 135 67
pixel: 135 68
pixel: 135 69
pixel: 135 70
pixel: 135 71
pixel: 135 72
pixel: 135 73
pixel: 135 74
pixel: 135 75
pixel: 135 76
pixel: 135 77
pixel: 135 78
pixel: 135 79
pixel: 135 80
pixel: 135 81
pixel: 135 82
pixel: 135 83
pixel: 135 84
pixel: 135 85
pixel: 135 86
pixel: 135 87
pixel: 135 88
pixel: 135 89
pixel: 135 90
pixel: 135 91
pixel: 135 92
pixel: 135 93
pixel: 135 94
pixel: 135 95
pixel: 135 96
pixel: 135 97
pixel: 135 98
pixel: 135 99
pixel: 135 100
pixel: 135 101
pixel: 135 102
pixel: 135 103
pixel: 135 104
pixel: 135 105
pixel: 135 106
pixel: 135 107
pixel: 135 108
pixel: 135 109
pixel: 135 110
pixel: 135 111
pixel: 135 112
pixel: 135 113
pixel: 135 114
pixel: 135 115
pixel: 135 116
pixel: 135 117
pixel: 135 118
pixel: 135 119
pixel: 135 120
pixel: 135 121
valid: 3.93286 0.00187566 0.557371
pixel: 135 122
valid: 3.93757 0.014088 0.56395
pixel: 135 123
valid: 3.94235 0.0263211 0.570539
pixel: 135 124
valid: 3.9472 0.038575 0.577139
pixel: 135 125
valid: 3.95212 0.0508498 0.583751
pixel: 135 126
valid: 3.95711 0.0631453 0.590374
pixel: 135 127
valid: 3.96217 0.0754619 0.597008
pixel: 135 128
valid: 3.96731 0.0877994 0.603653
pixel: 135 129
valid: 3.97251 0.100158 0.61031
pixel: 135 130
valid: 3.97778 0.112538 0.616978
pixel: 135 131
valid: 3.98313 0.124939 0.623658
pixel: 135 132
valid: 3.98854 0.137361 0.630349
pixel: 135 133
valid: 3.99403 0.149804 0.637051
pixel: 135 134
valid: 3.99959 0.162269 0.643765
pixel: 135 135
valid: 4.00521 0.174755 0.65049
pixel: 135 136
valid: 4.01091 0.187262 0.657227
pixel: 135 137
valid: 4.01669 0.199791 0.663976
pixel: 135 138
valid: 4.02253 0.212342 0.670736
pixel: 135 139
valid: 4.02844 0.224914 0.677508
pixel: 135 140
valid: 4.03443 0.237507 0.684291
pixel: 135 141
valid: 4.04049 0.250123 0.691086
pixel: 135 142
valid: 4.04662 0.26276 0.697893
pixel: 135 143
valid: 4.05282 0.275419 0.704712
pixel: 135 144
valid: 4.05909 0.2881 0.711542
pixel: 135 145
pixel: 135 146
pixel: 135 147
pixel: 135 148
pixel: 135 149
pixel: 135 150
pixel: 135 151
pixel: 135 152
pixel: 135 153
pixel: 135 154
pixel: 135 155
pixel: 135 156
pixel: 135 157
pixel: 135 158
pixel: 135 159
pixel: 135 160
pixel: 135 161
pixel: 135 162
pixel: 135 163
pixel: 135 164
pixel: 135 165
pixel: 135 166
pixel: 135 167
pixel: 135 168
pixel: 135 169
pixel: 135 170
pixel: 135 171
pixel: 135 172
pixel: 135 173
pixel: 135 174
pixel: 135 175
pixel: 135 176
pixel: 135 177
pixel: 135 178
pixel: 135 179
pixel: 135 180
pixel: 135 181
pixel: 135 182
pixel: 135 183
pixel: 135 184
pixel: 135 185
pixel: 135 186
pixel: 135 187
pixel: 135 188
pixel: 135 189
pixel: 135 190
pixel: 135 191
pixel: 135 192
pixel: 135 193
pixel: 135 194
pixel: 135 195
pixel: 135 196
pixel: 135 197
pixel: 135 198
pixel: 135 199
pixel: 136 0
pixel: 136 1
pixel: 136 2
pixel: 136 3
pixel: 136 4
pixel: 136 5
pixel: 136 6
pixel: 136 7
pixel: 136 8
pixel: 136 9
pixel: 136 10
pixel: 136 11
pixel: 136 12
pixel: 136 13
pixel: 136 14
pixel: 136 15
pixel: 136 16
pixel: 136 17
pixel: 136 18
pixel: 136 19
pixel: 136 20
pixel: 136 21
pixel: 136 22
pixel: 136 23
pixel: 136 24
pixel: 136 25
pixel: 136 26
pixel: 136 27
pixel: 136 28
pixel: 136 29
pixel: 136 30
pixel: 136 31
pixel: 136 32
pixel: 136 33
pixel: 136 34
pixel: 136 35
pixel: 136 36
pixel: 136 37
pixel: 136 38
pixel: 136 39
pixel: 136 40
pixel: 136 41
pixel: 136 42
pixel: 136 43
pixel: 136 44
pixel: 136 45
pixel: 136 46
pixel: 136 47
pixel: 136 48
pixel: 136 49
pixel: 136 50
pixel: 136 51
pixel: 136 52
pixel: 136 53
pixel: 136 54
pixel: 136 55
pixel: 136 56
pixel: 136 57
pixel: 136 58
pixel: 136 59
pixel: 136 60
pixel: 136 61
pixel: 136 62
pixel: 136 63
pixel: 136 64
pixel: 136 65
pixel: 136 66
pixel: 136 67
pixel: 136 68
pixel: 136 69
pixel: 136 70
pixel: 136 71
pixel: 136 72
pixel: 136 73
pixel: 136 74
pixel: 136 75
pixel: 136 76
pixel: 136 77
pixel: 136 78
pixel: 136 79
pixel: 136 80
pixel: 136 81
pixel: 136 82
pixel: 136 83
pixel: 136 84
pixel: 136 85
pixel: 136 86
pixel: 136 87
pixel: 136 88
pixel: 136 89
pixel: 136 90
pixel: 136 91
pixel: 136 92
pixel: 136 93
pixel: 136 94
pixel: 136 95
pixel: 136 96
pixel: 136 97
pixel: 136 98
pixel: 136 99
pixel: 136 100
pixel: 136 101
pixel: 136 102
pixel: 136 103
pixel: 136 104
pixel: 136 105
pixel: 136 106
pixel: 136 107
pixel: 136 108
pixel: 136 109
pixel: 136 110
pixel: 136 111
pixel: 136 112
pixel: 136 113
pixel: 136 114
pixel: 136 115
pixel: 136 116
pixel: 136 117
pixel: 136 118
pixel: 136 119
pixel: 136 120
pixel: 136 121
pixel: 136 122
pixel: 136 123
valid: 3.94795 0.00714677 0.577139
pixel: 136 124
valid: 3.95281 0.0193948 0.583751
pixel: 136 125
valid: 3.95774 0.0316636 0.590374
pixel: 136 126
valid: 3.96274 0.0439534 0.597008
pixel: 136 127
valid: 3.96781 0.0562641 0.603653
pixel: 136 128
valid: 3.97295 0.0685958 0.61031
pixel: 136 129
valid: 3.97816 0.0809485 0.616978
pixel: 136 130
valid: 3.98344 0.0933223 0.623658
pixel: 136 131
valid: 3.98879 0.105718 0.630349
pixel: 136 132
valid: 3.99422 0.118134 0.637051
pixel: 136 133
valid: 3.99971 0.130571 0.643765
pixel: 136 134
valid: 4.00528 0.14303 0.650491
pixel: 136 135
valid: 4.01091 0.15551 0.657227
pixel: 136 136
valid: 4.01662 0.168012 0.663976
pixel: 136 137
valid: 4.0224 0.180535 0.670736
pixel: 136 138
valid: 4.02825 0.19308 0.677508
pixel: 136 139
valid: 4.03418 0.205646 0.684291
pixel: 136 140
valid: 4.04017 0.218234 0.691086
pixel: 136 141
valid: 4.04624 0.230844 0.697893
pixel: 136 142
valid: 4.05238 0.243475 0.704712
pixel: 136 143
valid: 4.05859 0.256129 0.711542
pixel: 136 144
valid: 4.06487 0.268804 0.718385
pixel: 136 145
pixel: 136 146
pixel: 136 147
pixel: 136 148
pixel: 136 149
pixel: 136 150
pixel: 136 151
pixel: 136 152
pixel: 136 153
pixel: 136 154
pixel: 136 155
pixel: 136 156
pixel: 136 157
pixel: 136 158
pixel: 136 159
pixel: 136 160
pixel: 136 161
pixel: 136 162
pixel: 136 163
pixel: 136 164
pixel: 136 165
pixel: 136 166
pixel: 136 167
pixel: 136 168
pixel: 136 169
pixel: 136 170
pixel: 136 171
pixel: 136 172
pixel: 136 173
pixel: 136 174
pixel: 136 175
pixel: 136 176
pixel: 136 177
pixel: 136 178
pixel: 136 179
pixel: 136 180
pixel: 136 181
pixel: 136 182
pixel: 136 183
pixel: 136 184
pixel: 136 185
pixel: 136 186
pixel: 136 187
pixel: 136 188
pixel: 136 189
pixel: 136 190
pixel: 136 191
pixel: 136 192
pixel: 136 193
pixel: 136 194
pixel: 136 195
pixel: 136 196
pixel: 136 197
pixel: 136 198
pixel: 136 199
pixel: 137 0
pixel: 137 1
pixel: 137 2
pixel: 137 3
pixel: 137 4
pixel: 137 5
pixel: 137 6
pixel: 137 7
pixel: 137 8
pixel: 137 9
pixel: 137 10
pixel: 137 11
pixel: 137 12
pixel: 137 13
pixel: 137 14
pixel: 137 15
pixel: 137 16
pixel: 137 17
pixel: 137 18
pixel: 137 19
pixel: 137 20
pixel: 137 21
pixel: 137 22
pixel: 137 23
pixel: 137 24
pixel: 137 25
pixel: 137 26
pixel: 137 27
pixel: 137 28
pixel: 137 29
pixel: 137 30
pixel: 137 31
pixel: 137 32
pixel: 137 33
pixel: 137 34
pixel: 137 35
pixel: 137 36
pixel: 137 37
pixel: 137 38
pixel: 137 39
pixel: 137 40
pixel: 137 41
pixel: 137 42
pixel: 137 43
pixel: 137 44
pixel: 137 45
pixel: 137 46
pixel: 137 47
pixel: 137 48
pixel: 137 49
pixel: 137 50
pixel: 137 51
pixel: 137 52
pixel: 137 53
pixel: 137 54
pixel: 137 55
pixel: 137 56
pixel: 137 57
pixel: 137 58
pixel: 137 59
pixel: 137 60
pixel: 137 61
pixel: 137 62
pixel: 137 63
pixel: 137 64
pixel: 137 65
pixel: 137 66
pixel: 137 67
pixel: 137 68
pixel: 137 69
pixel: 137 70
pixel: 137 71
pixel: 137 72
pixel: 137 73
pixel: 137 74
pixel: 137 75
pixel: 137 76
pixel: 137 77
pixel: 137 78
pixel: 137 79
pixel: 137 80
pixel: 137 81
pixel: 137 82
pixel: 137 83
pixel: 137 84
pixel: 137 85
pixel: 137 86
pixel: 137 87
pixel: 137 88
pixel: 137 89
pixel: 137 90
pixel: 137 91
pixel: 137 92
pixel: 137 93
pixel: 137 94
pixel: 137 95
pixel: 137 96
pixel: 137 97
pixel: 137 98
pixel: 137 99
pixel: 137 100
pixel: 137 101
pixel: 137 102
pixel: 137 103
pixel: 137 104
pixel: 137 105
pixel: 137 106
pixel: 137 107
pixel: 137 108
pixel: 137 109
pixel: 137 110
pixel: 137 111
pixel: 137 112
pixel: 137 113
pixel: 137 114
pixel: 137 115
pixel: 137 116
pixel: 137 117
pixel: 137 118
pixel: 137 119
pixel: 137 120
pixel: 137 121
pixel: 137 122
pixel: 137 123
pixel: 137 124
valid: 3.95849 0.000181868 0.590374
pixel: 137 125
valid: 3.96343 0.0124448 0.597008
pixel: 137 126
valid: 3.96843 0.0247287 0.603653
pixel: 137 127
valid: 3.97351 0.0370334 0.61031
pixel: 137 128
valid: 3.97866 0.0493593 0.616978
pixel: 137 129
valid: 3.98388 0.0617061 0.623658
pixel: 137 130
valid: 3.98917 0.0740741 0.630349
pixel: 137 131
valid: 3.99453 0.0864635 0.637051
pixel: 137 132
valid: 3.99996 0.0988738 0.643765
pixel: 137 133
valid: 4.00547 0.111305 0.650491
pixel: 137 134
valid: 4.01104 0.123758 0.657228
pixel: 137 135
valid: 4.01669 0.136233 0.663976
pixel: 137 136
valid: 4.0224 0.148729 0.670736
pixel: 137 137
valid: 4.02819 0.161246 0.677508
pixel: 137 138
valid: 4.03405 0.173785 0.684291
pixel: 137 139
valid: 4.03998 0.186345 0.691086
pixel: 137 140
valid: 4.04599 0.198928 0.697893
pixel: 137 141
valid: 4.05206 0.211532 0.704712
pixel: 137 142
valid: 4.05821 0.224157 0.711542
pixel: 137 143
valid: 4.06443 0.236805 0.718385
pixel: 137 144
valid: 4.07072 0.249474 0.725239
pixel: 137 145
valid: 4.07708 0.262166 0.732104
pixel: 137 146
pixel: 137 147
pixel: 137 148
pixel: 137 149
pixel: 137 150
pixel: 137 151
pixel: 137 152
pixel: 137 153
pixel: 137 154
pixel: 137 155
pixel: 137 156
pixel: 137 157
pixel: 137 158
pixel: 137 159
pixel: 137 160
pixel: 137 161
pixel: 137 162
pixel: 137 163
pixel: 137 164
pixel: 137 165
pixel: 137 166
pixel: 137 167
pixel: 137 168
pixel: 137 169
pixel: 137 170
pixel: 137 171
pixel: 137 172
pixel: 137 173
pixel: 137 174
pixel: 137 175
pixel: 137 176
pixel: 137 177
pixel: 137 178
pixel: 137 179
pixel: 137 180
pixel: 137 181
pixel: 137 182
pixel: 137 183
pixel: 137 184
pixel: 137 185
pixel: 137 186
pixel: 137 187
pixel: 137 188
pixel: 137 189
pixel: 137 190
pixel: 137 191
pixel: 137 192
pixel: 137 193
pixel: 137 194
pixel: 137 195
pixel: 137 196
pixel: 137 197
pixel: 137 198
pixel: 137 199
pixel: 138 0
pixel: 138 1
pixel: 138 2
pixel: 138 3
pixel: 138 4
pixel: 138 5
pixel: 138 6
pixel: 138 7
pixel: 138 8
pixel: 138 9
pixel: 138 10
pixel: 138 11
pixel: 138 12
pixel: 138 13
pixel: 138 14
pixel: 138 15
pixel: 138 16
pixel: 138 17
pixel: 138 18
pixel: 138 19
pixel: 138 20
pixel: 138 21
pixel: 138 22
pixel: 138 23
pixel: 138 24
pixel: 138 25
pixel: 138 26
pixel: 138 27
pixel: 138 28
pixel: 138 29
pixel: 138 30
pixel: 138 31
pixel: 138 32
pixel: 138 33
pixel: 138 34
pixel: 138 35
pixel: 138 36
pixel: 138 37
pixel: 138 38
pixel: 138 39
pixel: 138 40
pixel: 138 41
pixel: 138 42
pixel: 138 43
pixel: 138 44
pixel: 138 45
pixel: 138 46
pixel: 138 47
pixel: 138 48
pixel: 138 49
pixel: 138 50
pixel: 138 51
pixel: 138 52
pixel: 138 53
pixel: 138 54
pixel: 138 55
pixel: 138 56
pixel: 138 57
pixel: 138 58
pixel: 138 59
pixel: 138 60
pixel: 138 61
pixel: 138 62
pixel: 138 63
pixel: 138 64
pixel: 138 65
pixel: 138 66
pixel: 138 67
pixel: 138 68
pixel: 138 69
pixel: 138 70
pixel: 138 71
pixel: 138 72
pixel: 138 73
pixel: 138 74
pixel: 138 75
pixel: 138 76
pixel: 138 77
pixel: 138 78
pixel: 138 79
pixel: 138 80
pixel: 138 81
pixel: 138 82
pixel: 138 83
pixel: 138 84
pixel: 138 85
pixel: 138 86
pixel: 138 87
pixel: 138 88
pixel: 138 89
pixel: 138 90
pixel: 138 91
pixel: 138 92
pixel: 138 93
pixel: 138 94
pixel: 138 95
pixel: 138 96
pixel: 138 97
pixel: 138 98
pixel: 138 99
pixel: 138 100
pixel: 138 101
pixel: 138 102
pixel: 138 103
pixel: 138 104
pixel: 138 105
pixel: 138 106
pixel: 138 107
pixel: 138 108
pixel: 138 109
pixel: 138 110
pixel: 138 111
pixel: 138 112
pixel: 138 113
pixel: 138 114
pixel: 138 115
pixel: 138 116
pixel: 138 117
pixel: 138 118
pixel: 138 119
pixel: 138 120
pixel: 138 121
pixel: 138 122
pixel: 138 123
pixel: 138 124
pixel: 138 125
pixel: 138 126
valid: 3.9742 0.00547115 0.61031
pixel: 138 127
valid: 3.97929 0.01777 0.616978
pixel: 138 128
valid: 3.98444 0.0300899 0.623658
pixel: 138 129
valid: 3.98967 0.0424308 0.630349
pixel: 138 130
valid: 3.99497 0.0547929 0.637051
pixel: 138 131
valid: 4.00034 0.0671763 0.643765
pixel: 138 132
valid: 4.00578 0.0795807 0.65049
pixel: 138 133
valid: 4.01129 0.0920066 0.657227
pixel: 138 134
valid: 4.01687 0.104454 0.663976
pixel: 138 135
valid: 4.02253 0.116922 0.670736
pixel: 138 136
valid: 4.02825 0.129412 0.677508
pixel: 138 137
valid: 4.03405 0.141924 0.684291
pixel: 138 138
valid: 4.03992 0.154457 0.691086
pixel: 138 139
valid: 4.04586 0.167011 0.697893
pixel: 138 140
valid: 4.05187 0.179588 0.704712
pixel: 138 141
valid: 4.05796 0.192186 0.711542
pixel: 138 142
valid: 4.06411 0.204806 0.718385
pixel: 138 143
valid: 4.07034 0.217447 0.725239
pixel: 138 144
valid: 4.07664 0.230111 0.732105
pixel: 138 145
valid: 4.08301 0.242797 0.738982
pixel: 138 146
pixel: 138 147
pixel: 138 148
pixel: 138 149
pixel: 138 150
pixel: 138 151
pixel: 138 152
pixel: 138 153
pixel: 138 154
pixel: 138 155
pixel: 138 156
pixel: 138 157
pixel: 138 158
pixel: 138 159
pixel: 138 160
pixel: 138 161
pixel: 138 162
pixel: 138 163
pixel: 138 164
pixel: 138 165
pixel: 138 166
pixel: 138 167
pixel: 138 168
pixel: 138 169
pixel: 138 170
pixel: 138 171
pixel: 138 172
pixel: 138 173
pixel: 138 174
pixel: 138 175
pixel: 138 176
pixel: 138 177
pixel: 138 178
pixel: 138 179
pixel: 138 180
pixel: 138 181
pixel: 138 182
pixel: 138 183
pixel: 138 184
pixel: 138 185
pixel: 138 186
pixel: 138 187
pixel: 138 188
pixel: 138 189
pixel: 138 190
pixel: 138 191
pixel: 138 192
pixel: 138 193
pixel: 138 194
pixel: 138 195
pixel: 138 196
pixel: 138 197
pixel: 138 198
pixel: 138 199
pixel: 139 0
pixel: 139 1
pixel: 139 2
pixel: 139 3
pixel: 139 4
pixel: 139 5
pixel: 139 6
pixel: 139 7
pixel: 139 8
pixel: 139 9
pixel: 139 10
pixel: 139 11
pixel: 139 12
pixel: 139 13
pixel: 139 14
pixel: 139 15
pixel: 139 16
pixel: 139 17
pixel: 139 18
pixel: 139 19
pixel: 139 20
pixel: 139 21
pixel: 139 22
pixel: 139 23
pixel: 139 24
pixel: 139 25
pixel: 139 26
pixel: 139 27
pixel: 139 28
pixel: 139 29
pixel: 139 30
pixel: 139 31
pixel: 139 32
pixel: 139 33
pixel: 139 34
pixel: 139 35
pixel: 139 36
pixel: 139 37
pixel: 139 38
pixel: 139 39
pixel: 139 40
pixel: 139 41
pixel: 139 42
pixel: 139 43
pixel: 139 44
pixel: 139 45
pixel: 139 46
pixel: 139 47
pixel: 139 48
pixel: 139 49
pixel: 139 50
pixel: 139 51
pixel: 139 52
pixel: 139 53
pixel: 139 54
pixel: 139 55
pixel: 139 56
pixel: 139 57
pixel: 139 58
pixel: 139 59
pixel: 139 60
pixel: 139 61
pixel: 139 62
pixel: 139 63
pixel: 139 64
pixel: 139 65
pixel: 139 66
pixel: 139 67
pixel: 139 68
pixel: 139 69
pixel: 139 70
pixel: 139 71
pixel: 139 72
pixel: 139 73
pixel: 139 74
pixel: 139 75
pixel: 139 76
pixel: 139 77
pixel: 139 78
pixel: 139 79
pixel: 139 80
pixel: 139 81
pixel: 139 82
pixel: 139 83
pixel: 139 84
pixel: 139 85
pixel: 139 86
pixel: 139 87
pixel: 139 88
pixel: 139 89
pixel: 139 90
pixel: 139 91
pixel: 139 92
pixel: 139 93
pixel: 139 94
pixel: 139 95
pixel: 139 96
pixel: 139 97
pixel: 139 98
pixel: 139 99
pixel: 139 100
pixel: 139 101
pixel: 139 102
pixel: 139 103
pixel: 139 104
pixel: 139 105
pixel: 139 106
pixel: 139 107
pixel: 139 108
pixel: 139 109
pixel: 139 110
pixel: 139 111
pixel: 139 112
pixel: 139 113
pixel: 139 114
pixel: 139 115
pixel: 139 116
pixel: 139 117
pixel: 139 118
pixel: 139 119
pixel: 139 120
pixel: 139 121
pixel: 139 122
pixel: 139 123
pixel: 139 124
pixel: 139 125
pixel: 139 126
pixel: 139 127
pixel: 139 128
valid: 3.9903 0.0107876 0.630349
pixel: 139 129
valid: 3.99553 0.0231226 0.637051
pixel: 139 130
valid: 4.00084 0.0354787 0.643765
pixel: 139 131
valid: 4.00622 0.0478562 0.65049
pixel: 139 132
valid: 4.01167 0.0602547 0.657227
pixel: 139 133
valid: 4.01719 0.0726746 0.663976
pixel: 139 134
valid: 4.02278 0.0851158 0.670736
pixel: 139 135
valid: 4.02844 0.0975784 0.677508
pixel: 139 136
valid: 4.03418 0.110062 0.684291
pixel: 139 137
valid: 4.03998 0.122568 0.691086
pixel: 139 138
valid: 4.04586 0.135095 0.697893
pixel: 139 139
valid: 4.05181 0.147644 0.704712
pixel: 139 140
valid: 4.05783 0.160214 0.711542
pixel: 139 141
valid: 4.06392 0.172807 0.718384
pixel: 139 142
valid: 4.07009 0.185421 0.725239
pixel: 139 143
valid: 4.07632 0.198057 0.732104
pixel: 139 144
valid: 4.08263 0.210715 0.738982
pixel: 139 145
valid: 4.08901 0.223394 0.745872
pixel: 139 146
valid: 4.09547 0.236096 0.752774
pixel: 139 147
pixel: 139 148
pixel: 139 149
pixel: 139 150
pixel: 139 151
pixel: 139 152
pixel: 139 153
pixel: 139 154
pixel: 139 155
pixel: 139 156
pixel: 139 157
pixel: 139 158
pixel: 139 159
pixel: 139 160
pixel: 139 161
pixel: 139 162
pixel: 139 163
pixel: 139 164
pixel: 139 165
pixel: 139 166
pixel: 139 167
pixel: 139 168
pixel: 139 169
pixel: 139 170
pixel: 139 171
pixel: 139 172
pixel: 139 173
pixel: 139 174
pixel: 139 175
pixel: 139 176
pixel: 139 177
pixel: 139 178
pixel: 139 179
pixel: 139 180
pixel: 139 181
pixel: 139 182
pixel: 139 183
pixel: 139 184
pixel: 139 185
pixel: 139 186
pixel: 139 187
pixel: 139 188
pixel: 139 189
pixel: 139 190
pixel: 139 191
pixel: 139 192
pixel: 139 193
pixel: 139 194
pixel: 139 195
pixel: 139 196
pixel: 139 197
pixel: 139 198
pixel: 139 199
pixel: 140 0
pixel: 140 1
pixel: 140 2
pixel: 140 3
pixel: 140 4
pixel: 140 5
pixel: 140 6
pixel: 140 7
pixel: 140 8
pixel: 140 9
pixel: 140 10
pixel: 140 11
pixel: 140 12
pixel: 140 13
pixel: 140 14
pixel: 140 15
pixel: 140 16
pixel: 140 17
pixel: 140 18
pixel: 140 19
pixel: 140 20
pixel: 140 21
pixel: 140 22
pixel: 140 23
pixel: 140 24
pixel: 140 25
pixel: 140 26
pixel: 140 27
pixel: 140 28
pixel: 140 29
pixel: 140 30
pixel: 140 31
pixel: 140 32
pixel: 140 33
pixel: 140 34
pixel: 140 35
pixel: 140 36
pixel: 140 37
pixel: 140 38
pixel: 140 39
pixel: 140 40
pixel: 140 41
pixel: 140 42
pixel: 140 43
pixel: 140 44
pixel: 140 45
pixel: 140 46
pixel: 140 47
pixel: 140 48
pixel: 140 49
pixel: 140 50
pixel: 140 51
pixel: 140 52
pixel: 140 53
pixel: 140 54
pixel: 140 55
pixel: 140 56
pixel: 140 57
pixel: 140 58
pixel: 140 59
pixel: 140 60
pixel: 140 61
pixel: 140 62
pixel: 140 63
pixel: 140 64
pixel: 140 65
pixel: 140 66
pixel: 140 67
pixel: 140 68
pixel: 140 69
pixel: 140 70
pixel: 140 71
pixel: 140 72
pixel: 140 73
pixel: 140 74
pixel: 140 75
pixel: 140 76
pixel: 140 77
pixel: 140 78
pixel: 140 79
pixel: 140 80
pixel: 140 81
pixel: 140 82
pixel: 140 83
pixel: 140 84
pixel: 140 85
pixel: 140 86
pixel: 140 87
pixel: 140 88
pixel: 140 89
pixel: 140 90
pixel: 140 91
pixel: 140 92
pixel: 140 93
pixel: 140 94
pixel: 140 95
pixel: 140 96
pixel: 140 97
pixel: 140 98
pixel: 140 99
pixel: 140 100
pixel: 140 101
pixel: 140 102
pixel: 140 103
pixel: 140 104
pixel: 140 105
pixel: 140 106
pixel: 140 107
pixel: 140 108
pixel: 140 109
pixel: 140 110
pixel: 140 111
pixel: 140 112
pixel: 140 113
pixel: 140 114
pixel: 140 115
pixel: 140 116
pixel: 140 117
pixel: 140 118
pixel: 140 119
pixel: 140 120
pixel: 140 121
pixel: 140 122
pixel: 140 123
pixel: 140 124
pixel: 140 125
pixel: 140 126
pixel: 140 127
pixel: 140 128
pixel: 140 129
valid: 4.00147 0.00378124 0.643765
pixel: 140 130
valid: 4.00678 0.0161314 0.65049
pixel: 140 131
valid: 4.01217 0.0285028 0.657228
pixel: 140 132
valid: 4.01763 0.0408954 0.663976
pixel: 140 133
valid: 4.02316 0.0533093 0.670736
pixel: 140 134
valid: 4.02876 0.0657446 0.677508
pixel: 140 135
valid: 4.03443 0.0782012 0.684291
pixel: 140 136
valid: 4.04017 0.0906794 0.691087
pixel: 140 137
valid: 4.04599 0.103179 0.697893
pixel: 140 138
valid: 4.05187 0.1157 0.704712
pixel: 140 139
valid: 4.05783 0.128243 0.711542
pixel: 140 140
valid: 4.06386 0.140808 0.718384
pixel: 140 141
valid: 4.06996 0.153394 0.725239
pixel: 140 142
valid: 4.07614 0.166002 0.732105
pixel: 140 143
valid: 4.08238 0.178632 0.738982
pixel: 140 144
valid: 4.0887 0.191284 0.745872
pixel: 140 145
valid: 4.09509 0.203958 0.752774
pixel: 140 146
valid: 4.10155 0.216654 0.759688
pixel: 140 147
valid: 4.10808 0.229372 0.766613
pixel: 140 148
pixel: 140 149
pixel: 140 150
pixel: 140 151
pixel: 140 152
pixel: 140 153
pixel: 140 154
pixel: 140 155
pixel: 140 156
pixel: 140 157
pixel: 140 158
pixel: 140 159
pixel: 140 160
pixel: 140 161
pixel: 140 162
pixel: 140 163
pixel: 140 164
pixel: 140 165
pixel: 140 166
pixel: 140 167
pixel: 140 168
pixel: 140 169
pixel: 140 170
pixel: 140 171
pixel: 140 172
pixel: 140 173
pixel: 140 174
pixel: 140 175
pixel: 140 176
pixel: 140 177
pixel: 140 178
pixel: 140 179
pixel: 140 180
pixel: 140 181
pixel: 140 182
pixel: 140 183
pixel: 140 184
pixel: 140 185
pixel: 140 186
pixel: 140 187
pixel: 140 188
pixel: 140 189
pixel: 140 190
pixel: 140 191
pixel: 140 192
pixel: 140 193
pixel: 140 194
pixel: 140 195
pixel: 140 196
pixel: 140 197
pixel: 140 198
pixel: 140 199
pixel: 141 0
pixel: 141 1
pixel: 141 2
pixel: 141 3
pixel: 141 4
pixel: 141 5
pixel: 141 6
pixel: 141 7
pixel: 141 8
pixel: 141 9
pixel: 141 10
pixel: 141 11
pixel: 141 12
pixel: 141 13
pixel: 141 14
pixel: 141 15
pixel: 141 16
pixel: 141 17
pixel: 141 18
pixel: 141 19
pixel: 141 20
pixel: 141 21
pixel: 141 22
pixel: 141 23
pixel: 141 24
pixel: 141 25
pixel: 141 26
pixel: 141 27
pixel: 141 28
pixel: 141 29
pixel: 141 30
pixel: 141 31
pixel: 141 32
pixel: 141 33
pixel: 141 34
pixel: 141 35
pixel: 141 36
pixel: 141 37
pixel: 141 38
pixel: 141 39
pixel: 141 40
pixel: 141 41
pixel: 141 42
pixel: 141 43
pixel: 141 44
pixel: 141 45
pixel: 141 46
pixel: 141 47
pixel: 141 48
pixel: 141 49
pixel: 141 50
pixel: 141 51
pixel: 141 52
pixel: 141 53
pixel: 141 54
pixel: 141 55
pixel: 141 56
pixel: 141 57
pixel: 141 58
pixel: 141 59
pixel: 141 60
pixel: 141 61
pixel: 141 62
pixel: 141 63
pixel: 141 64
pixel: 141 65
pixel: 141 66
pixel: 141 67
pixel: 141 68
pixel: 141 69
pixel: 141 70
pixel: 141 71
pixel: 141 72
pixel: 141 73
pixel: 141 74
pixel: 141 75
pixel: 141 76
pixel: 141 77
pixel: 141 78
pixel: 141 79
pixel: 141 80
pixel: 141 81
pixel: 141 82
pixel: 141 83
pixel: 141 84
pixel: 141 85
pixel: 141 86
pixel: 141 87
pixel: 141 88
pixel: 141 89
pixel: 141 90
pixel: 141 91
pixel: 141 92
pixel: 141 93
pixel: 141 94
pixel: 141 95
pixel: 141 96
pixel: 141 97
pixel: 141 98
pixel: 141 99
pixel: 141 100
pixel: 141 101
pixel: 141 102
pixel: 141 103
pixel: 141 104
pixel: 141 105
pixel: 141 106
pixel: 141 107
pixel: 141 108
pixel: 141 109
pixel: 141 110
pixel: 141 111
pixel: 141 112
pixel: 141 113
pixel: 141 114
pixel: 141 115
pixel: 141 116
pixel: 141 117
pixel: 141 118
pixel: 141 119
pixel: 141 120
pixel: 141 121
pixel: 141 122
pixel: 141 123
pixel: 141 124
pixel: 141 125
pixel: 141 126
pixel: 141 127
pixel: 141 128
pixel: 141 129
pixel: 141 130
pixel: 141 131
valid: 4.01819 0.00911626 0.663976
pixel: 141 132
valid: 4.02366 0.0215028 0.670736
pixel: 141 133
valid: 4.0292 0.0339107 0.677508
pixel: 141 134
valid: 4.03481 0.0463399 0.684291
pixel: 141 135
valid: 4.04049 0.0587906 0.691086
pixel: 141 136
valid: 4.04624 0.0712628 0.697893
pixel: 141 137
valid: 4.05206 0.0837565 0.704712
pixel: 141 138
valid: 4.05796 0.0962719 0.711542
pixel: 141 139
valid: 4.06392 0.108809 0.718384
pixel: 141 140
valid: 4.06996 0.121367 0.725239
pixel: 141 141
valid: 4.07607 0.133948 0.732105
pixel: 141 142
valid: 4.08226 0.14655 0.738982
pixel: 141 143
valid: 4.08851 0.159174 0.745872
pixel: 141 144
valid: 4.09484 0.17182 0.752774
pixel: 141 145
valid: 4.10124 0.184488 0.759688
pixel: 141 146
valid: 4.10771 0.197178 0.766613
pixel: 141 147
valid: 4.11425 0.20989 0.773551
pixel: 141 148
pixel: 141 149
pixel: 141 150
pixel: 141 151
pixel: 141 152
pixel: 141 153
pixel: 141 154
pixel: 141 155
pixel: 141 156
pixel: 141 157
pixel: 141 158
pixel: 141 159
pixel: 141 160
pixel: 141 161
pixel: 141 162
pixel: 141 163
pixel: 141 164
pixel: 141 165
pixel: 141 166
pixel: 141 167
pixel: 141 168
pixel: 141 169
pixel: 141 170
pixel: 141 171
pixel: 141 172
pixel: 141 173
pixel: 141 174
pixel: 141 175
pixel: 141 176
pixel: 141 177
pixel: 141 178
pixel: 141 179
pixel: 141 180
pixel: 141 181
pixel: 141 182
pixel: 141 183
pixel: 141 184
pixel: 141 185
pixel: 141 186
pixel: 141 187
pixel: 141 188
pixel: 141 189
pixel: 141 190
pixel: 141 191
pixel: 141 192
pixel: 141 193
pixel: 141 194
pixel: 141 195
pixel: 141 196
pixel: 141 197
pixel: 141 198
pixel: 141 199
pixel: 142 0
pixel: 142 1
pixel: 142 2
pixel: 142 3
pixel: 142 4
pixel: 142 5
pixel: 142 6
pixel: 142 7
pixel: 142 8
pixel: 142 9
pixel: 142 10
pixel: 142 11
pixel: 142 12
pixel: 142 13
pixel: 142 14
pixel: 142 15
pixel: 142 16
pixel: 142 17
pixel: 142 18
pixel: 142 19
pixel: 142 20
pixel: 142 21
pixel: 142 22
pixel: 142 23
pixel: 142 24
pixel: 142 25
pixel: 142 26
pixel: 142 27
pixel: 142 28
pixel: 142 29
pixel: 142 30
pixel: 142 31
pixel: 142 32
pixel: 142 33
pixel: 142 34
pixel: 142 35
pixel: 142 36
pixel: 142 37
pixel: 142 38
pixel: 142 39
pixel: 142 40
pixel: 142 41
pixel: 142 42
pixel: 142 43
pixel: 142 44
pixel: 142 45
pixel: 142 46
pixel: 142 47
pixel: 142 48
pixel: 142 49
pixel: 142 50
pixel: 142 51
pixel: 142 52
pixel: 142 53
pixel: 142 54
pixel: 142 55
pixel: 142 56
pixel: 142 57
pixel: 142 58
pixel: 142 59
pixel: 142 60
pixel: 142 61
pixel: 142 62
pixel: 142 63
pixel: 142 64
pixel: 142 65
pixel: 142 66
pixel: 142 67
pixel: 142 68
pixel: 142 69
pixel: 142 70
pixel: 142 71
pixel: 142 72
pixel: 142 73
pixel: 142 74
pixel: 142 75
pixel: 142 76
pixel: 142 77
pixel: 142 78
pixel: 142 79
pixel: 142 80
pixel: 142 81
pixel: 142 82
pixel: 142 83
pixel: 142 84
pixel: 142 85
pixel: 142 86
pixel: 142 87
pixel: 142 88
pixel: 142 89
pixel: 142 90
pixel: 142 91
pixel: 142 92
pixel: 142 93
pixel: 142 94
pixel: 142 95
pixel: 142 96
pixel: 142 97
pixel: 142 98
pixel: 142 99
pixel: 142 100
pixel: 142 101
pixel: 142 102
pixel: 142 103
pixel: 142 104
pixel: 142 105
pixel: 142 106
pixel: 142 107
pixel: 142 108
pixel: 142 109
pixel: 142 110
pixel: 142 111
pixel: 142 112
pixel: 142 113
pixel: 142 114
pixel: 142 115
pixel: 142 116
pixel: 142 117
pixel: 142 118
pixel: 142 119
pixel: 142 120
pixel: 142 121
pixel: 142 122
pixel: 142 123
pixel: 142 124
pixel: 142 125
pixel: 142 126
pixel: 142 127
pixel: 142 128
pixel: 142 129
pixel: 142 130
pixel: 142 131
pixel: 142 132
valid: 4.02976 0.00207687 0.677508
pixel: 142 133
valid: 4.03531 0.0144787 0.684291
pixel: 142 134
valid: 4.04093 0.0269019 0.691086
pixel: 142 135
valid: 4.04662 0.0393466 0.697893
pixel: 142 136
valid: 4.05238 0.0518127 0.704712
pixel: 142 137
valid: 4.05821 0.0643004 0.711542
pixel: 142 138
valid: 4.06411 0.0768097 0.718385
pixel: 142 139
valid: 4.07009 0.0893406 0.725239
pixel: 142 140
valid: 4.07614 0.101893 0.732105
pixel: 142 141
valid: 4.08226 0.114468 0.738982
pixel: 142 142
valid: 4.08845 0.127064 0.745872
pixel: 142 143
valid: 4.09471 0.139682 0.752774
pixel: 142 144
valid: 4.10105 0.152322 0.759688
pixel: 142 145
valid: 4.10745 0.164984 0.766613
pixel: 142 146
valid: 4.11393 0.177668 0.773551
pixel: 142 147
valid: 4.12049 0.190375 0.780501
pixel: 142 148
valid: 4.12711 0.203103 0.787463
pixel: 142 149
pixel: 142 150
pixel: 142 151
pixel: 142 152
pixel: 142 153
pixel: 142 154
pixel: 142 155
pixel: 142 156
pixel: 142 157
pixel: 142 158
pixel: 142 159
pixel: 142 160
pixel: 142 161
pixel: 142 162
pixel: 142 163
pixel: 142 164
pixel: 142 165
pixel: 142 166
pixel: 142 167
pixel: 142 168
pixel: 142 169
pixel: 142 170
pixel: 142 171
pixel: 142 172
pixel: 142 173
pixel: 142 174
pixel: 142 175
pixel: 142 176
pixel: 142 177
pixel: 142 178
pixel: 142 179
pixel: 142 180
pixel: 142 181
pixel: 142 182
pixel: 142 183
pixel: 142 184
pixel: 142 185
pixel: 142 186
pixel: 142 187
pixel: 142 188
pixel: 142 189
pixel: 142 190
pixel: 142 191
pixel: 142 192
pixel: 142 193
pixel: 142 194
pixel: 142 195
pixel: 142 196
pixel: 142 197
pixel: 142 198
pixel: 142 199
pixel: 143 0
pixel: 143 1
pixel: 143 2
pixel: 143 3
pixel: 143 4
pixel: 143 5
pixel: 143 6
pixel: 143 7
pixel: 143 8
pixel: 143 9
pixel: 143 10
pixel: 143 11
pixel: 143 12
pixel: 143 13
pixel: 143 14
pixel: 143 15
pixel: 143 16
pixel: 143 17
pixel: 143 18
pixel: 143 19
pixel: 143 20
pixel: 143 21
pixel: 143 22
pixel: 143 23
pixel: 143 24
pixel: 143 25
pixel: 143 26
pixel: 143 27
pixel: 143 28
pixel: 143 29
pixel: 143 30
pixel: 143 31
pixel: 143 32
pixel: 143 33
pixel: 143 34
pixel: 143 35
pixel: 143 36
pixel: 143 37
pixel: 143 38
pixel: 143 39
pixel: 143 40
pixel: 143 41
pixel: 143 42
pixel: 143 43
pixel: 143 44
pixel: 143 45
pixel: 143 46
pixel: 143 47
pixel: 143 48
pixel: 143 49
pixel: 143 50
pixel: 143 51
pixel: 143 52
pixel: 143 53
pixel: 143 54
pixel: 143 55
pixel: 143 56
pixel: 143 57
pixel: 143 58
pixel: 143 59
pixel: 143 60
pixel: 143 61
pixel: 143 62
pixel: 143 63
pixel: 143 64
pixel: 143 65
pixel: 143 66
pixel: 143 67
pixel: 143 68
pixel: 143 69
pixel: 143 70
pixel: 143 71
pixel: 143 72
pixel: 143 73
pixel: 143 74
pixel: 143 75
pixel: 143 76
pixel: 143 77
pixel: 143 78
pixel: 143 79
pixel: 143 80
pixel: 143 81
pixel: 143 82
pixel: 143 83
pixel: 143 84
pixel: 143 85
pixel: 143 86
pixel: 143 87
pixel: 143 88
pixel: 143 89
pixel: 143 90
pixel: 143 91
pixel: 143 92
pixel: 143 93
pixel: 143 94
pixel: 143 95
pixel: 143 96
pixel: 143 97
pixel: 143 98
pixel: 143 99
pixel: 143 100
pixel: 143 101
pixel: 143 102
pixel: 143 103
pixel: 143 104
pixel: 143 105
pixel: 143 106
pixel: 143 107
pixel: 143 108
pixel: 143 109
pixel: 143 110
pixel: 143 111
pixel: 143 112
pixel: 143 113
pixel: 143 114
pixel: 143 115
pixel: 143 116
pixel: 143 117
pixel: 143 118
pixel: 143 119
pixel: 143 120
pixel: 143 121
pixel: 143 122
pixel: 143 123
pixel: 143 124
pixel: 143 125
pixel: 143 126
pixel: 143 127
pixel: 143 128
pixel: 143 129
pixel: 143 130
pixel: 143 131
pixel: 143 132
pixel: 143 133
pixel: 143 134
valid: 4.04712 0.00743039 0.697893
pixel: 143 135
valid: 4.05282 0.019869 0.704712
pixel: 143 136
valid: 4.05859 0.0323291 0.711542
pixel: 143 137
valid: 4.06443 0.0448108 0.718385
pixel: 143 138
valid: 4.07034 0.057314 0.725239
pixel: 143 139
valid: 4.07632 0.0698389 0.732104
pixel: 143 140
valid: 4.08238 0.0823855 0.738982
pixel: 143 141
valid: 4.08851 0.0949539 0.745872
pixel: 143 142
valid: 4.09471 0.107544 0.752774
pixel: 143 143
valid: 4.10098 0.120156 0.759688
pixel: 143 144
valid: 4.10733 0.13279 0.766613
pixel: 143 145
valid: 4.11375 0.145447 0.773551
pixel: 143 146
valid: 4.12023 0.158125 0.780501
pixel: 143 147
valid: 4.1268 0.170825 0.787463
pixel: 143 148
valid: 4.13343 0.183547 0.794437
pixel: 143 149
valid: 4.14014 0.196292 0.801424
pixel: 143 150
pixel: 143 151
pixel: 143 152
pixel: 143 153
pixel: 143 154
pixel: 143 155
pixel: 143 156
pixel: 143 157
pixel: 143 158
pixel: 143 159
pixel: 143 160
pixel: 143 161
pixel: 143 162
pixel: 143 163
pixel: 143 164
pixel: 143 165
pixel: 143 166
pixel: 143 167
pixel: 143 168
pixel: 143 169
pixel: 143 170
pixel: 143 171
pixel: 143 172
pixel: 143 173
pixel: 143 174
pixel: 143 175
pixel: 143 176
pixel: 143 177
pixel: 143 178
pixel: 143 179
pixel: 143 180
pixel: 143 181
pixel: 143 182
pixel: 143 183
pixel: 143 184
pixel: 143 185
pixel: 143 186
pixel: 143 187
pixel: 143 188
pixel: 143 189
pixel: 143 190
pixel: 143 191
pixel: 143 192
pixel: 143 193
pixel: 143 194
pixel: 143 195
pixel: 143 196
pixel: 143 197
pixel: 143 198
pixel: 143 199
pixel: 144 0
pixel: 144 1
pixel: 144 2
pixel: 144 3
pixel: 144 4
pixel: 144 5
pixel: 144 6
pixel: 144 7
pixel: 144 8
pixel: 144 9
pixel: 144 10
pixel: 144 11
pixel: 144 12
pixel: 144 13
pixel: 144 14
pixel: 144 15
pixel: 144 16
pixel: 144 17
pixel: 144 18
pixel: 144 19
pixel: 144 20
pixel: 144 21
pixel: 144 22
pixel: 144 23
pixel: 144 24
pixel: 144 25
pixel: 144 26
pixel: 144 27
pixel: 144 28
pixel: 144 29
pixel: 144 30
pixel: 144 31
pixel: 144 32
pixel: 144 33
pixel: 144 34
pixel: 144 35
pixel: 144 36
pixel: 144 37
pixel: 144 38
pixel: 144 39
pixel: 144 40
pixel: 144 41
pixel: 144 42
pixel: 144 43
pixel: 144 44
pixel: 144 45
pixel: 144 46
pixel: 144 47
pixel: 144 48
pixel: 144 49
pixel: 144 50
pixel: 144 51
pixel: 144 52
pixel: 144 53
pixel: 144 54
pixel: 144 55
pixel: 144 56
pixel: 144 57
pixel: 144 58
pixel: 144 59
pixel: 144 60
pixel: 144 61
pixel: 144 62
pixel: 144 63
pixel: 144 64
pixel: 144 65
pixel: 144 66
pixel: 144 67
pixel: 144 68
pixel: 144 69
pixel: 144 70
pixel: 144 71
pixel: 144 72
pixel: 144 73
pixel: 144 74
pixel: 144 75
pixel: 144 76
pixel: 144 77
pixel: 144 78
pixel: 144 79
pixel: 144 80
pixel: 144 81
pixel: 144 82
pixel: 144 83
pixel: 144 84
pixel: 144 85
pixel: 144 86
pixel: 144 87
pixel: 144 88
pixel: 144 89
pixel: 144 90
pixel: 144 91
pixel: 144 92
pixel: 144 93
pixel: 144 94
pixel: 144 95
pixel: 144 96
pixel: 144 97
pixel: 144 98
pixel: 144 99
pixel: 144 100
pixel: 144 101
pixel: 144 102
pixel: 144 103
pixel: 144 104
pixel: 144 105
pixel: 144 106
pixel: 144 107
pixel: 144 108
pixel: 144 109
pixel: 144 110
pixel: 144 111
pixel: 144 112
pixel: 144 113
pixel: 144 114
pixel: 144 115
pixel: 144 116
pixel: 144 117
pixel: 144 118
pixel: 144 119
pixel: 144 120
pixel: 144 121
pixel: 144 122
pixel: 144 123
pixel: 144 124
pixel: 144 125
pixel: 144 126
pixel: 144 127
pixel: 144 128
pixel: 144 129
pixel: 144 130
pixel: 144 131
pixel: 144 132
pixel: 144 133
pixel: 144 134
pixel: 144 135
valid: 4.05909 0.000357523 0.711542
pixel: 144 136
valid: 4.06487 0.0128115 0.718385
pixel: 144 137
valid: 4.07072 0.0252871 0.725239
pixel: 144 138
valid: 4.07664 0.0377842 0.732105
pixel: 144 139
valid: 4.08263 0.050303 0.738982
pixel: 144 140
valid: 4.0887 0.0628435 0.745872
pixel: 144 141
valid: 4.09484 0.0754059 0.752774
pixel: 144 142
valid: 4.10105 0.0879901 0.759688
pixel: 144 143
valid: 4.10733 0.100596 0.766613
pixel: 144 144
valid: 4.11368 0.113224 0.773551
pixel: 144 145
valid: 4.12011 0.125874 0.780501
pixel: 144 146
valid: 4.12661 0.138547 0.787463
pixel: 144 147
valid: 4.13318 0.151241 0.794438
pixel: 144 148
valid: 4.13982 0.163957 0.801424
pixel: 144 149
valid: 4.14654 0.176696 0.808423
pixel: 144 150
pixel: 144 151
pixel: 144 152
pixel: 144 153
pixel: 144 154
pixel: 144 155
pixel: 144 156
pixel: 144 157
pixel: 144 158
pixel: 144 159
pixel: 144 160
pixel: 144 161
pixel: 144 162
pixel: 144 163
pixel: 144 164
pixel: 144 165
pixel: 144 166
pixel: 144 167
pixel: 144 168
pixel: 144 169
pixel: 144 170
pixel: 144 171
pixel: 144 172
pixel: 144 173
pixel: 144 174
pixel: 144 175
pixel: 144 176
pixel: 144 177
pixel: 144 178
pixel: 144 179
pixel: 144 180
pixel: 144 181
pixel: 144 182
pixel: 144 183
pixel: 144 184
pixel: 144 185
pixel: 144 186
pixel: 144 187
pixel: 144 188
pixel: 144 189
pixel: 144 190
pixel: 144 191
pixel: 144 192
pixel: 144 193
pixel: 144 194
pixel: 144 195
pixel: 144 196
pixel: 144 197
pixel: 144 198
pixel: 144 199
pixel: 145 0
pixel: 145 1
pixel: 145 2
pixel: 145 3
pixel: 145 4
pixel: 145 5
pixel: 145 6
pixel: 145 7
pixel: 145 8
pixel: 145 9
pixel: 145 10
pixel: 145 11
pixel: 145 12
pixel: 145 13
pixel: 145 14
pixel: 145 15
pixel: 145 16
pixel: 145 17
pixel: 145 18
pixel: 145 19
pixel: 145 20
pixel: 145 21
pixel: 145 22
pixel: 145 23
pixel: 145 24
pixel: 145 25
pixel: 145 26
pixel: 145 27
pixel: 145 28
pixel: 145 29
pixel: 145 30
pixel: 145 31
pixel: 145 32
pixel: 145 33
pixel: 145 34
pixel: 145 35
pixel: 145 36
pixel: 145 37
pixel: 145 38
pixel: 145 39
pixel: 145 40
pixel: 145 41
pixel: 145 42
pixel: 145 43
pixel: 145 44
pixel: 145 45
pixel: 145 46
pixel: 145 47
pixel: 145 48
pixel: 145 49
pixel: 145 50
pixel: 145 51
pixel: 145 52
pixel: 145 53
pixel: 145 54
pixel: 145 55
pixel: 145 56
pixel: 145 57
pixel: 145 58
pixel: 145 59
pixel: 145 60
pixel: 145 61
pixel: 145 62
pixel: 145 63
pixel: 145 64
pixel: 145 65
pixel: 145 66
pixel: 145 67
pixel: 145 68
pixel: 145 69
pixel: 145 70
pixel: 145 71
pixel: 145 72
pixel: 145 73
pixel: 145 74
pixel: 145 75
pixel: 145 76
pixel: 145 77
pixel: 145 78
pixel: 145 79
pixel: 145 80
pixel: 145 81
pixel: 145 82
pixel: 145 83
pixel: 145 84
pixel: 145 85
pixel: 145 86
pixel: 145 87
pixel: 145 88
pixel: 145 89
pixel: 145 90
pixel: 145 91
pixel: 145 92
pixel: 145 93
pixel: 145 94
pixel: 145 95
pixel: 145 96
pixel: 145 97
pixel: 145 98
pixel: 145 99
pixel: 145 100
pixel: 145 101
pixel: 145 102
pixel: 145 103
pixel: 145 104
pixel: 145 105
pixel: 145 106
pixel: 145 107
pixel: 145 108
pixel: 145 109
pixel: 145 110
pixel: 145 111
pixel: 145 112
pixel: 145 113
pixel: 145 114
pixel: 145 115
pixel: 145 116
pixel: 145 117
pixel: 145 118
pixel: 145 119
pixel: 145 120
pixel: 145 121
pixel: 145 122
pixel: 145 123
pixel: 145 124
pixel: 145 125
pixel: 145 126
pixel: 145 127
pixel: 145 128
pixel: 145 129
pixel: 145 130
pixel: 145 131
pixel: 145 132
pixel: 145 133
pixel: 145 134
pixel: 145 135
pixel: 145 136
pixel: 145 137
valid: 4.07708 0.00572969 0.732104
pixel: 145 138
valid: 4.08301 0.0182207 0.738982
pixel: 145 139
valid: 4.08901 0.0307334 0.745872
pixel: 145 140
valid: 4.09509 0.0432679 0.752774
pixel: 145 141
valid: 4.10124 0.0558241 0.759688
pixel: 145 142
valid: 4.10745 0.0684022 0.766613
pixel: 145 143
valid: 4.11375 0.0810022 0.773551
pixel: 145 144
valid: 4.12011 0.0936243 0.780501
pixel: 145 145
valid: 4.12654 0.106268 0.787463
pixel: 145 146
valid: 4.13305 0.118934 0.794437
pixel: 145 147
valid: 4.13963 0.131623 0.801424
pixel: 145 148
valid: 4.14629 0.144333 0.808423
pixel: 145 149
valid: 4.15301 0.157066 0.815433
pixel: 145 150
valid: 4.15981 0.169821 0.822457
pixel: 145 151
pixel: 145 152
pixel: 145 153
pixel: 145 154
pixel: 145 155
pixel: 145 156
pixel: 145 157
pixel: 145 158
pixel: 145 159
pixel: 145 160
pixel: 145 161
pixel: 145 162
pixel: 145 163
pixel: 145 164
pixel: 145 165
pixel: 145 166
pixel: 145 167
pixel: 145 168
pixel: 145 169
pixel: 145 170
pixel: 145 171
pixel: 145 172
pixel: 145 173
pixel: 145 174
pixel: 145 175
pixel: 145 176
pixel: 145 177
pixel: 145 178
pixel: 145 179
pixel: 145 180
pixel: 145 181
pixel: 145 182
pixel: 145 183
pixel: 145 184
pixel: 145 185
pixel: 145 186
pixel: 145 187
pixel: 145 188
pixel: 145 189
pixel: 145 190
pixel: 145 191
pixel: 145 192
pixel: 145 193
pixel: 145 194
pixel: 145 195
pixel: 145 196
pixel: 145 197
pixel: 145 198
pixel: 145 199
pixel: 146 0
pixel: 146 1
pixel: 146 2
pixel: 146 3
pixel: 146 4
pixel: 146 5
pixel: 146 6
pixel: 146 7
pixel: 146 8
pixel: 146 9
pixel: 146 10
pixel: 146 11
pixel: 146 12
pixel: 146 13
pixel: 146 14
pixel: 146 15
pixel: 146 16
pixel: 146 17
pixel: 146 18
pixel: 146 19
pixel: 146 20
pixel: 146 21
pixel: 146 22
pixel: 146 23
pixel: 146 24
pixel: 146 25
pixel: 146 26
pixel: 146 27
pixel: 146 28
pixel: 146 29
pixel: 146 30
pixel: 146 31
pixel: 146 32
pixel: 146 33
pixel: 146 34
pixel: 146 35
pixel: 146 36
pixel: 146 37
pixel: 146 38
pixel: 146 39
pixel: 146 40
pixel: 146 41
pixel: 146 42
pixel: 146 43
pixel: 146 44
pixel: 146 45
pixel: 146 46
pixel: 146 47
pixel: 146 48
pixel: 146 49
pixel: 146 50
pixel: 146 51
pixel: 146 52
pixel: 146 53
pixel: 146 54
pixel: 146 55
pixel: 146 56
pixel: 146 57
pixel: 146 58
pixel: 146 59
pixel: 146 60
pixel: 146 61
pixel: 146 62
pixel: 146 63
pixel: 146 64
pixel: 146 65
pixel: 146 66
pixel: 146 67
pixel: 146 68
pixel: 146 69
pixel: 146 70
pixel: 146 71
pixel: 146 72
pixel: 146 73
pixel: 146 74
pixel: 146 75
pixel: 146 76
pixel: 146 77
pixel: 146 78
pixel: 146 79
pixel: 146 80
pixel: 146 81
pixel: 146 82
pixel: 146 83
pixel: 146 84
pixel: 146 85
pixel: 146 86
pixel: 146 87
pixel: 146 88
pixel: 146 89
pixel: 146 90
pixel: 146 91
pixel: 146 92
pixel: 146 93
pixel: 146 94
pixel: 146 95
pixel: 146 96
pixel: 146 97
pixel: 146 98
pixel: 146 99
pixel: 146 100
pixel: 146 101
pixel: 146 102
pixel: 146 103
pixel: 146 104
pixel: 146 105
pixel: 146 106
pixel: 146 107
pixel: 146 108
pixel: 146 109
pixel: 146 110
pixel: 146 111
pixel: 146 112
pixel: 146 113
pixel: 146 114
pixel: 146 115
pixel: 146 116
pixel: 146 117
pixel: 146 118
pixel: 146 119
pixel: 146 120
pixel: 146 121
pixel: 146 122
pixel: 146 123
pixel: 146 124
pixel: 146 125
pixel: 146 126
pixel: 146 127
pixel: 146 128
pixel: 146 129
pixel: 146 130
pixel: 146 131
pixel: 146 132
pixel: 146 133
pixel: 146 134
pixel: 146 135
pixel: 146 136
pixel: 146 137
pixel: 146 138
pixel: 146 139
valid: 4.09547 0.0111299 0.752774
pixel: 146 140
valid: 4.10155 0.0236581 0.759688
pixel: 146 141
valid: 4.10771 0.0362083 0.766613
pixel: 146 142
valid: 4.11393 0.0487803 0.773551
pixel: 146 143
valid: 4.12023 0.0613741 0.780501
pixel: 146 144
valid: 4.12661 0.0739901 0.787463
pixel: 146 145
valid: 4.13305 0.086628 0.794437
pixel: 146 146
valid: 4.13957 0.099288 0.801424
pixel: 146 147
valid: 4.14616 0.11197 0.808423
pixel: 146 148
valid: 4.15282 0.124675 0.815433
pixel: 146 149
valid: 4.15956 0.137401 0.822457
pixel: 146 150
valid: 4.16637 0.15015 0.829492
pixel: 146 151
valid: 4.17325 0.162921 0.83654
pixel: 146 152
pixel: 146 153
pixel: 146 154
pixel: 146 155
pixel: 146 156
pixel: 146 157
pixel: 146 158
pixel: 146 159
pixel: 146 160
pixel: 146 161
pixel: 146 162
pixel: 146 163
pixel: 146 164
pixel: 146 165
pixel: 146 166
pixel: 146 167
pixel: 146 168
pixel: 146 169
pixel: 146 170
pixel: 146 171
pixel: 146 172
pixel: 146 173
pixel: 146 174
pixel: 146 175
pixel: 146 176
pixel: 146 177
pixel: 146 178
pixel: 146 179
pixel: 146 180
pixel: 146 181
pixel: 146 182
pixel: 146 183
pixel: 146 184
pixel: 146 185
pixel: 146 186
pixel: 146 187
pixel: 146 188
pixel: 146 189
pixel: 146 190
pixel: 146 191
pixel: 146 192
pixel: 146 193
pixel: 146 194
pixel: 146 195
pixel: 146 196
pixel: 146 197
pixel: 146 198
pixel: 146 199
pixel: 147 0
pixel: 147 1
pixel: 147 2
pixel: 147 3
pixel: 147 4
pixel: 147 5
pixel: 147 6
pixel: 147 7
pixel: 147 8
pixel: 147 9
pixel: 147 10
pixel: 147 11
pixel: 147 12
pixel: 147 13
pixel: 147 14
pixel: 147 15
pixel: 147 16
pixel: 147 17
pixel: 147 18
pixel: 147 19
pixel: 147 20
pixel: 147 21
pixel: 147 22
pixel: 147 23
pixel: 147 24
pixel: 147 25
pixel: 147 26
pixel: 147 27
pixel: 147 28
pixel: 147 29
pixel: 147 30
pixel: 147 31
pixel: 147 32
pixel: 147 33
pixel: 147 34
pixel: 147 35
pixel: 147 36
pixel: 147 37
pixel: 147 38
pixel: 147 39
pixel: 147 40
pixel: 147 41
pixel: 147 42
pixel: 147 43
pixel: 147 44
pixel: 147 45
pixel: 147 46
pixel: 147 47
pixel: 147 48
pixel: 147 49
pixel: 147 50
pixel: 147 51
pixel: 147 52
pixel: 147 53
pixel: 147 54
pixel: 147 55
pixel: 147 56
pixel: 147 57
pixel: 147 58
pixel: 147 59
pixel: 147 60
pixel: 147 61
pixel: 147 62
pixel: 147 63
pixel: 147 64
pixel: 147 65
pixel: 147 66
pixel: 147 67
pixel: 147 68
pixel: 147 69
pixel: 147 70
pixel: 147 71
pixel: 147 72
pixel: 147 73
pixel: 147 74
pixel: 147 75
pixel: 147 76
pixel: 147 77
pixel: 147 78
pixel: 147 79
pixel: 147 80
pixel: 147 81
pixel: 147 82
pixel: 147 83
pixel: 147 84
pixel: 147 85
pixel: 147 86
pixel: 147 87
pixel: 147 88
pixel: 147 89
pixel: 147 90
pixel: 147 91
pixel: 147 92
pixel: 147 93
pixel: 147 94
pixel: 147 95
pixel: 147 96
pixel: 147 97
pixel: 147 98
pixel: 147 99
pixel: 147 100
pixel: 147 101
pixel: 147 102
pixel: 147 103
pixel: 147 104
pixel: 147 105
pixel: 147 106
pixel: 147 107
pixel: 147 108
pixel: 147 109
pixel: 147 110
pixel: 147 111
pixel: 147 112
pixel: 147 113
pixel: 147 114
pixel: 147 115
pixel: 147 116
pixel: 147 117
pixel: 147 118
pixel: 147 119
pixel: 147 120
pixel: 147 121
pixel: 147 122
pixel: 147 123
pixel: 147 124
pixel: 147 125
pixel: 147 126
pixel: 147 127
pixel: 147 128
pixel: 147 129
pixel: 147 130
pixel: 147 131
pixel: 147 132
pixel: 147 133
pixel: 147 134
pixel: 147 135
pixel: 147 136
pixel: 147 137
pixel: 147 138
pixel: 147 139
pixel: 147 140
valid: 4.10808 0.00401432 0.766613
pixel: 147 141
valid: 4.11425 0.0165583 0.773551
pixel: 147 142
valid: 4.12049 0.0291241 0.780501
pixel: 147 143
valid: 4.1268 0.0417118 0.787463
pixel: 147 144
valid: 4.13318 0.0543217 0.794438
pixel: 147 145
valid: 4.13963 0.0669535 0.801424
pixel: 147 146
valid: 4.14616 0.0796073 0.808423
pixel: 147 147
valid: 4.15276 0.0922833 0.815433
pixel: 147 148
valid: 4.15943 0.104982 0.822457
pixel: 147 149
valid: 4.16618 0.117702 0.829492
pixel: 147 150
valid: 4.17299 0.130445 0.83654
pixel: 147 151
valid: 4.17988 0.14321 0.8436
pixel: 147 152
pixel: 147 153
pixel: 147 154
pixel: 147 155
pixel: 147 156
pixel: 147 157
pixel: 147 158
pixel: 147 159
pixel: 147 160
pixel: 147 161
pixel: 147 162
pixel: 147 163
pixel: 147 164
pixel: 147 165
pixel: 147 166
pixel: 147 167
pixel: 147 168
pixel: 147 169
pixel: 147 170
pixel: 147 171
pixel: 147 172
pixel: 147 173
pixel: 147 174
pixel: 147 175
pixel: 147 176
pixel: 147 177
pixel: 147 178
pixel: 147 179
pixel: 147 180
pixel: 147 181
pixel: 147 182
pixel: 147 183
pixel: 147 184
pixel: 147 185
pixel: 147 186
pixel: 147 187
pixel: 147 188
pixel: 147 189
pixel: 147 190
pixel: 147 191
pixel: 147 192
pixel: 147 193
pixel: 147 194
pixel: 147 195
pixel: 147 196
pixel: 147 197
pixel: 147 198
pixel: 147 199
pixel: 148 0
pixel: 148 1
pixel: 148 2
pixel: 148 3
pixel: 148 4
pixel: 148 5
pixel: 148 6
pixel: 148 7
pixel: 148 8
pixel: 148 9
pixel: 148 10
pixel: 148 11
pixel: 148 12
pixel: 148 13
pixel: 148 14
pixel: 148 15
pixel: 148 16
pixel: 148 17
pixel: 148 18
pixel: 148 19
pixel: 148 20
pixel: 148 21
pixel: 148 22
pixel: 148 23
pixel: 148 24
pixel: 148 25
pixel: 148 26
pixel: 148 27
pixel: 148 28
pixel: 148 29
pixel: 148 30
pixel: 148 31
pixel: 148 32
pixel: 148 33
pixel: 148 34
pixel: 148 35
pixel: 148 36
pixel: 148 37
pixel: 148 38
pixel: 148 39
pixel: 148 40
pixel: 148 41
pixel: 148 42
pixel: 148 43
pixel: 148 44
pixel: 148 45
pixel: 148 46
pixel: 148 47
pixel: 148 48
pixel: 148 49
pixel: 148 50
pixel: 148 51
pixel: 148 52
pixel: 148 53
pixel: 148 54
pixel: 148 55
pixel: 148 56
pixel: 148 57
pixel: 148 58
pixel: 148 59
pixel: 148 60
pixel: 148 61
pixel: 148 62
pixel: 148 63
pixel: 148 64
pixel: 148 65
pixel: 148 66
pixel: 148 67
pixel: 148 68
pixel: 148 69
pixel: 148 70
pixel: 148 71
pixel: 148 72
pixel: 148 73
pixel: 148 74
pixel: 148 75
pixel: 148 76
pixel: 148 77
pixel: 148 78
pixel: 148 79
pixel: 148 80
pixel: 148 81
pixel: 148 82
pixel: 148 83
pixel: 148 84
pixel: 148 85
pixel: 148 86
pixel: 148 87
pixel: 148 88
pixel: 148 89
pixel: 148 90
pixel: 148 91
pixel: 148 92
pixel: 148 93
pixel: 148 94
pixel: 148 95
pixel: 148 96
pixel: 148 97
pixel: 148 98
pixel: 148 99
pixel: 148 100
pixel: 148 101
pixel: 148 102
pixel: 148 103
pixel: 148 104
pixel: 148 105
pixel: 148 106
pixel: 148 107
pixel: 148 108
pixel: 148 109
pixel: 148 110
pixel: 148 111
pixel: 148 112
pixel: 148 113
pixel: 148 114
pixel: 148 115
pixel: 148 116
pixel: 148 117
pixel: 148 118
pixel: 148 119
pixel: 148 120
pixel: 148 121
pixel: 148 122
pixel: 148 123
pixel: 148 124
pixel: 148 125
pixel: 148 126
pixel: 148 127
pixel: 148 128
pixel: 148 129
pixel: 148 130
pixel: 148 131
pixel: 148 132
pixel: 148 133
pixel: 148 134
pixel: 148 135
pixel: 148 136
pixel: 148 137
pixel: 148 138
pixel: 148 139
pixel: 148 140
pixel: 148 141
pixel: 148 142
valid: 4.12711 0.00943371 0.787463
pixel: 148 143
valid: 4.13343 0.0220152 0.794437
pixel: 148 144
valid: 4.13982 0.0346189 0.801424
pixel: 148 145
valid: 4.14629 0.0472444 0.808422
pixel: 148 146
valid: 4.15282 0.0598921 0.815433
pixel: 148 147
valid: 4.15943 0.0725619 0.822457
pixel: 148 148
valid: 4.16611 0.085254 0.829492
pixel: 148 149
valid: 4.17287 0.0979683 0.83654
pixel: 148 150
valid: 4.17969 0.110705 0.8436
pixel: 148 151
valid: 4.18659 0.123464 0.850673
pixel: 148 152
valid: 4.19357 0.136246 0.857758
pixel: 148 153
pixel: 148 154
pixel: 148 155
pixel: 148 156
pixel: 148 157
pixel: 148 158
pixel: 148 159
pixel: 148 160
pixel: 148 161
pixel: 148 162
pixel: 148 163
pixel: 148 164
pixel: 148 165
pixel: 148 166
pixel: 148 167
pixel: 148 168
pixel: 148 169
pixel: 148 170
pixel: 148 171
pixel: 148 172
pixel: 148 173
pixel: 148 174
pixel: 148 175
pixel: 148 176
pixel: 148 177
pixel: 148 178
pixel: 148 179
pixel: 148 180
pixel: 148 181
pixel: 148 182
pixel: 148 183
pixel: 148 184
pixel: 148 185
pixel: 148 186
pixel: 148 187
pixel: 148 188
pixel: 148 189
pixel: 148 190
pixel: 148 191
pixel: 148 192
pixel: 148 193
pixel: 148 194
pixel: 148 195
pixel: 148 196
pixel: 148 197
pixel: 148 198
pixel: 148 199
pixel: 149 0
pixel: 149 1
pixel: 149 2
pixel: 149 3
pixel: 149 4
pixel: 149 5
pixel: 149 6
pixel: 149 7
pixel: 149 8
pixel: 149 9
pixel: 149 10
pixel: 149 11
pixel: 149 12
pixel: 149 13
pixel: 149 14
pixel: 149 15
pixel: 149 16
pixel: 149 17
pixel: 149 18
pixel: 149 19
pixel: 149 20
pixel: 149 21
pixel: 149 22
pixel: 149 23
pixel: 149 24
pixel: 149 25
pixel: 149 26
pixel: 149 27
pixel: 149 28
pixel: 149 29
pixel: 149 30
pixel: 149 31
pixel: 149 32
pixel: 149 33
pixel: 149 34
pixel: 149 35
pixel: 149 36
pixel: 149 37
pixel: 149 38
pixel: 149 39
pixel: 149 40
pixel: 149 41
pixel: 149 42
pixel: 149 43
pixel: 149 44
pixel: 149 45
pixel: 149 46
pixel: 149 47
pixel: 149 48
pixel: 149 49
pixel: 149 50
pixel: 149 51
pixel: 149 52
pixel: 149 53
pixel: 149 54
pixel: 149 55
pixel: 149 56
pixel: 149 57
pixel: 149 58
pixel: 149 59
pixel: 149 60
pixel: 149 61
pixel: 149 62
pixel: 149 63
pixel: 149 64
pixel: 149 65
pixel: 149 66
pixel: 149 67
pixel: 149 68
pixel: 149 69
pixel: 149 70
pixel: 149 71
pixel: 149 72
pixel: 149 73
pixel: 149 74
pixel: 149 75
pixel: 149 76
pixel: 149 77
pixel: 149 78
pixel: 149 79
pixel: 149 80
pixel: 149 81
pixel: 149 82
pixel: 149 83
pixel: 149 84
pixel: 149 85
pixel: 149 86
pixel: 149 87
pixel: 149 88
pixel: 149 89
pixel: 149 90
pixel: 149 91
pixel: 149 92
pixel: 149 93
pixel: 149 94
pixel: 149 95
pixel: 149 96
pixel: 149 97
pixel: 149 98
pixel: 149 99
pixel: 149 100
pixel: 149 101
pixel: 149 102
pixel: 149 103
pixel: 149 104
pixel: 149 105
pixel: 149 106
pixel: 149 107
pixel: 149 108
pixel: 149 109
pixel: 149 110
pixel: 149 111
pixel: 149 112
pixel: 149 113
pixel: 149 114
pixel: 149 115
pixel: 149 116
pixel: 149 117
pixel: 149 118
pixel: 149 119
pixel: 149 120
pixel: 149 121
pixel: 149 122
pixel: 149 123
pixel: 149 124
pixel: 149 125
pixel: 149 126
pixel: 149 127
pixel: 149 128
pixel: 149 129
pixel: 149 130
pixel: 149 131
pixel: 149 132
pixel: 149 133
pixel: 149 134
pixel: 149 135
pixel: 149 136
pixel: 149 137
pixel: 149 138
pixel: 149 139
pixel: 149 140
pixel: 149 141
pixel: 149 142
pixel: 149 143
valid: 4.14014 0.00228404 0.801424
pixel: 149 144
valid: 4.14654 0.0148814 0.808423
pixel: 149 145
valid: 4.15301 0.0275009 0.815433
pixel: 149 146
valid: 4.15956 0.0401424 0.822457
pixel: 149 147
valid: 4.16618 0.0528059 0.829492
pixel: 149 148
valid: 4.17287 0.0654917 0.83654
pixel: 149 149
valid: 4.17963 0.0782 0.8436
pixel: 149 150
valid: 4.18647 0.0909304 0.850673
pixel: 149 151
valid: 4.19338 0.103683 0.857758
pixel: 149 152
valid: 4.20036 0.116459 0.864855
pixel: 149 153
pixel: 149 154
pixel: 149 155
pixel: 149 156
pixel: 149 157
pixel: 149 158
pixel: 149 159
pixel: 149 160
pixel: 149 161
pixel: 149 162
pixel: 149 163
pixel: 149 164
pixel: 149 165
pixel: 149 166
pixel: 149 167
pixel: 149 168
pixel: 149 169
pixel: 149 170
pixel: 149 171
pixel: 149 172
pixel: 149 173
pixel: 149 174
pixel: 149 175
pixel: 149 176
pixel: 149 177
pixel: 149 178
pixel: 149 179
pixel: 149 180
pixel: 149 181
pixel: 149 182
pixel: 149 183
pixel: 149 184
pixel: 149 185
pixel: 149 186
pixel: 149 187
pixel: 149 188
pixel: 149 189
pixel: 149 190
pixel: 149 191
pixel: 149 192
pixel: 149 193
pixel: 149 194
pixel: 149 195
pixel: 149 196
pixel: 149 197
pixel: 149 198
pixel: 149 199
pixel: 150 0
pixel: 150 1
pixel: 150 2
pixel: 150 3
pixel: 150 4
pixel: 150 5
pixel: 150 6
pixel: 150 7
pixel: 150 8
pixel: 150 9
pixel: 150 10
pixel: 150 11
pixel: 150 12
pixel: 150 13
pixel: 150 14
pixel: 150 15
pixel: 150 16
pixel: 150 17
pixel: 150 18
pixel: 150 19
pixel: 150 20
pixel: 150 21
pixel: 150 22
pixel: 150 23
pixel: 150 24
pixel: 150 25
pixel: 150 26
pixel: 150 27
pixel: 150 28
pixel: 150 29
pixel: 150 30
pixel: 150 31
pixel: 150 32
pixel: 150 33
pixel: 150 34
pixel: 150 35
pixel: 150 36
pixel: 150 37
pixel: 150 38
pixel: 150 39
pixel: 150 40
pixel: 150 41
pixel: 150 42
pixel: 150 43
pixel: 150 44
pixel: 150 45
pixel: 150 46
pixel: 150 47
pixel: 150 48
pixel: 150 49
pixel: 150 50
pixel: 150 51
pixel: 150 52
pixel: 150 53
pixel: 150 54
pixel: 150 55
pixel: 150 56
pixel: 150 57
pixel: 150 58
pixel: 150 59
pixel: 150 60
pixel: 150 61
pixel: 150 62
pixel: 150 63
pixel: 150 64
pixel: 150 65
pixel: 150 66
pixel: 150 67
pixel: 150 68
pixel: 150 69
pixel: 150 70
pixel: 150 71
pixel: 150 72
pixel: 150 73
pixel: 150 74
pixel: 150 75
pixel: 150 76
pixel: 150 77
pixel: 150 78
pixel: 150 79
pixel: 150 80
pixel: 150 81
pixel: 150 82
pixel: 150 83
pixel: 150 84
pixel: 150 85
pixel: 150 86
pixel: 150 87
pixel: 150 88
pixel: 150 89
pixel: 150 90
pixel: 150 91
pixel: 150 92
pixel: 150 93
pixel: 150 94
pixel: 150 95
pixel: 150 96
pixel: 150 97
pixel: 150 98
pixel: 150 99
pixel: 150 100
pixel: 150 101
pixel: 150 102
pixel: 150 103
pixel: 150 104
pixel: 150 105
pixel: 150 106
pixel: 150 107
pixel: 150 108
pixel: 150 109
pixel: 150 110
pixel: 150 111
pixel: 150 112
pixel: 150 113
pixel: 150 114
pixel: 150 115
pixel: 150 116
pixel: 150 117
pixel: 150 118
pixel: 150 119
pixel: 150 120
pixel: 150 121
pixel: 150 122
pixel: 150 123
pixel: 150 124
pixel: 150 125
pixel: 150 126
pixel: 150 127
pixel: 150 128
pixel: 150 129
pixel: 150 130
pixel: 150 131
pixel: 150 132
pixel: 150 133
pixel: 150 134
pixel: 150 135
pixel: 150 136
pixel: 150 137
pixel: 150 138
pixel: 150 139
pixel: 150 140
pixel: 150 141
pixel: 150 142
pixel: 150 143
pixel: 150 144
pixel: 150 145
valid: 4.15981 0.00772275 0.822457
pixel: 150 146
valid: 4.16637 0.0203579 0.829492
pixel: 150 147
valid: 4.17299 0.0330153 0.83654
pixel: 150 148
valid: 4.17969 0.0456949 0.8436
pixel: 150 149
valid: 4.18647 0.0583967 0.850673
pixel: 150 150
valid: 4.19331 0.0711211 0.857758
pixel: 150 151
valid: 4.20023 0.0838677 0.864856
pixel: 150 152
valid: 4.20723 0.0966369 0.871965
pixel: 150 153
valid: 4.21429 0.109429 0.879088
pixel: 150 154
pixel: 150 155
pixel: 150 156
pixel: 150 157
pixel: 150 158
pixel: 150 159
pixel: 150 160
pixel: 150 161
pixel: 150 162
pixel: 150 163
pixel: 150 164
pixel: 150 165
pixel: 150 166
pixel: 150 167
pixel: 150 168
pixel: 150 169
pixel: 150 170
pixel: 150 171
pixel: 150 172
pixel: 150 173
pixel: 150 174
pixel: 150 175
pixel: 150 176
pixel: 150 177
pixel: 150 178
pixel: 150 179
pixel: 150 180
pixel: 150 181
pixel: 150 182
pixel: 150 183
pixel: 150 184
pixel: 150 185
pixel: 150 186
pixel: 150 187
pixel: 150 188
pixel: 150 189
pixel: 150 190
pixel: 150 191
pixel: 150 192
pixel: 150 193
pixel: 150 194
pixel: 150 195
pixel: 150 196
pixel: 150 197
pixel: 150 198
pixel: 150 199
pixel: 151 0
pixel: 151 1
pixel: 151 2
pixel: 151 3
pixel: 151 4
pixel: 151 5
pixel: 151 6
pixel: 151 7
pixel: 151 8
pixel: 151 9
pixel: 151 10
pixel: 151 11
pixel: 151 12
pixel: 151 13
pixel: 151 14
pixel: 151 15
pixel: 151 16
pixel: 151 17
pixel: 151 18
pixel: 151 19
pixel: 151 20
pixel: 151 21
pixel: 151 22
pixel: 151 23
pixel: 151 24
pixel: 151 25
pixel: 151 26
pixel: 151 27
pixel: 151 28
pixel: 151 29
pixel: 151 30
pixel: 151 31
pixel: 151 32
pixel: 151 33
pixel: 151 34
pixel: 151 35
pixel: 151 36
pixel: 151 37
pixel: 151 38
pixel: 151 39
pixel: 151 40
pixel: 151 41
pixel: 151 42
pixel: 151 43
pixel: 151 44
pixel: 151 45
pixel: 151 46
pixel: 151 47
pixel: 151 48
pixel: 151 49
pixel: 151 50
pixel: 151 51
pixel: 151 52
pixel: 151 53
pixel: 151 54
pixel: 151 55
pixel: 151 56
pixel: 151 57
pixel: 151 58
pixel: 151 59
pixel: 151 60
pixel: 151 61
pixel: 151 62
pixel: 151 63
pixel: 151 64
pixel: 151 65
pixel: 151 66
pixel: 151 67
pixel: 151 68
pixel: 151 69
pixel: 151 70
pixel: 151 71
pixel: 151 72
pixel: 151 73
pixel: 151 74
pixel: 151 75
pixel: 151 76
pixel: 151 77
pixel: 151 78
pixel: 151 79
pixel: 151 80
pixel: 151 81
pixel: 151 82
pixel: 151 83
pixel: 151 84
pixel: 151 85
pixel: 151 86
pixel: 151 87
pixel: 151 88
pixel: 151 89
pixel: 151 90
pixel: 151 91
pixel: 151 92
pixel: 151 93
pixel: 151 94
pixel: 151 95
pixel: 151 96
pixel: 151 97
pixel: 151 98
pixel: 151 99
pixel: 151 100
pixel: 151 101
pixel: 151 102
pixel: 151 103
pixel: 151 104
pixel: 151 105
pixel: 151 106
pixel: 151 107
pixel: 151 108
pixel: 151 109
pixel: 151 110
pixel: 151 111
pixel: 151 112
pixel: 151 113
pixel: 151 114
pixel: 151 115
pixel: 151 116
pixel: 151 117
pixel: 151 118
pixel: 151 119
pixel: 151 120
pixel: 151 121
pixel: 151 122
pixel: 151 123
pixel: 151 124
pixel: 151 125
pixel: 151 126
pixel: 151 127
pixel: 151 128
pixel: 151 129
pixel: 151 130
pixel: 151 131
pixel: 151 132
pixel: 151 133
pixel: 151 134
pixel: 151 135
pixel: 151 136
pixel: 151 137
pixel: 151 138
pixel: 151 139
pixel: 151 140
pixel: 151 141
pixel: 151 142
pixel: 151 143
pixel: 151 144
pixel: 151 145
pixel: 151 146
valid: 4.17325 0.000538795 0.83654
pixel: 151 147
valid: 4.17988 0.0131898 0.8436
pixel: 151 148
valid: 4.18659 0.0258632 0.850673
pixel: 151 149
valid: 4.19338 0.0385588 0.857758
pixel: 151 150
valid: 4.20023 0.0512769 0.864856
pixel: 151 151
valid: 4.20716 0.0640172 0.871966
pixel: 151 152
valid: 4.21416 0.0767801 0.879088
pixel: 151 153
valid: 4.22124 0.0895655 0.886223
pixel: 151 154
valid: 4.22839 0.102374 0.893371
pixel: 151 155
pixel: 151 156
pixel: 151 157
pixel: 151 158
pixel: 151 159
pixel: 151 160
pixel: 151 161
pixel: 151 162
pixel: 151 163
pixel: 151 164
pixel: 151 165
pixel: 151 166
pixel: 151 167
pixel: 151 168
pixel: 151 169
pixel: 151 170
pixel: 151 171
pixel: 151 172
pixel: 151 173
pixel: 151 174
pixel: 151 175
pixel: 151 176
pixel: 151 177
pixel: 151 178
pixel: 151 179
pixel: 151 180
pixel: 151 181
pixel: 151 182
pixel: 151 183
pixel: 151 184
pixel: 151 185
pixel: 151 186
pixel: 151 187
pixel: 151 188
pixel: 151 189
pixel: 151 190
pixel: 151 191
pixel: 151 192
pixel: 151 193
pixel: 151 194
pixel: 151 195
pixel: 151 196
pixel: 151 197
pixel: 151 198
pixel: 151 199
pixel: 152 0
pixel: 152 1
pixel: 152 2
pixel: 152 3
pixel: 152 4
pixel: 152 5
pixel: 152 6
pixel: 152 7
pixel: 152 8
pixel: 152 9
pixel: 152 10
pixel: 152 11
pixel: 152 12
pixel: 152 13
pixel: 152 14
pixel: 152 15
pixel: 152 16
pixel: 152 17
pixel: 152 18
pixel: 152 19
pixel: 152 20
pixel: 152 21
pixel: 152 22
pixel: 152 23
pixel: 152 24
pixel: 152 25
pixel: 152 26
pixel: 152 27
pixel: 152 28
pixel: 152 29
pixel: 152 30
pixel: 152 31
pixel: 152 32
pixel: 152 33
pixel: 152 34
pixel: 152 35
pixel: 152 36
pixel: 152 37
pixel: 152 38
pixel: 152 39
pixel: 152 40
pixel: 152 41
pixel: 152 42
pixel: 152 43
pixel: 152 44
pixel: 152 45
pixel: 152 46
pixel: 152 47
pixel: 152 48
pixel: 152 49
pixel: 152 50
pixel: 152 51
pixel: 152 52
pixel: 152 53
pixel: 152 54
pixel: 152 55
pixel: 152 56
pixel: 152 57
pixel: 152 58
pixel: 152 59
pixel: 152 60
pixel: 152 61
pixel: 152 62
pixel: 152 63
pixel: 152 64
pixel: 152 65
pixel: 152 66
pixel: 152 67
pixel: 152 68
pixel: 152 69
pixel: 152 70
pixel: 152 71
pixel: 152 72
pixel: 152 73
pixel: 152 74
pixel: 152 75
pixel: 152 76
pixel: 152 77
pixel: 152 78
pixel: 152 79
pixel: 152 80
pixel: 152 81
pixel: 152 82
pixel: 152 83
pixel: 152 84
pixel: 152 85
pixel: 152 86
pixel: 152 87
pixel: 152 88
pixel: 152 89
pixel: 152 90
pixel: 152 91
pixel: 152 92
pixel: 152 93
pixel: 152 94
pixel: 152 95
pixel: 152 96
pixel: 152 97
pixel: 152 98
pixel: 152 99
pixel: 152 100
pixel: 152 101
pixel: 152 102
pixel: 152 103
pixel: 152 104
pixel: 152 105
pixel: 152 106
pixel: 152 107
pixel: 152 108
pixel: 152 109
pixel: 152 110
pixel: 152 111
pixel: 152 112
pixel: 152 113
pixel: 152 114
pixel: 152 115
pixel: 152 116
pixel: 152 117
pixel: 152 118
pixel: 152 119
pixel: 152 120
pixel: 152 121
pixel: 152 122
pixel: 152 123
pixel: 152 124
pixel: 152 125
pixel: 152 126
pixel: 152 127
pixel: 152 128
pixel: 152 129
pixel: 152 130
pixel: 152 131
pixel: 152 132
pixel: 152 133
pixel: 152 134
pixel: 152 135
pixel: 152 136
pixel: 152 137
pixel: 152 138
pixel: 152 139
pixel: 152 140
pixel: 152 141
pixel: 152 142
pixel: 152 143
pixel: 152 144
pixel: 152 145
pixel: 152 146
pixel: 152 147
pixel: 152 148
valid: 4.19357 0.00599662 0.857758
pixel: 152 149
valid: 4.20036 0.0186859 0.864855
pixel: 152 150
valid: 4.20722 0.0313977 0.871965
pixel: 152 151
valid: 4.21416 0.0441318 0.879088
pixel: 152 152
valid: 4.22118 0.0568883 0.886223
pixel: 152 153
valid: 4.22826 0.0696676 0.893371
pixel: 152 154
valid: 4.23542 0.0824692 0.900532
pixel: 152 155
pixel: 152 156
pixel: 152 157
pixel: 152 158
pixel: 152 159
pixel: 152 160
pixel: 152 161
pixel: 152 162
pixel: 152 163
pixel: 152 164
pixel: 152 165
pixel: 152 166
pixel: 152 167
pixel: 152 168
pixel: 152 169
pixel: 152 170
pixel: 152 171
pixel: 152 172
pixel: 152 173
pixel: 152 174
pixel: 152 175
pixel: 152 176
pixel: 152 177
pixel: 152 178
pixel: 152 179
pixel: 152 180
pixel: 152 181
pixel: 152 182
pixel: 152 183
pixel: 152 184
pixel: 152 185
pixel: 152 186
pixel: 152 187
pixel: 152 188
pixel: 152 189
pixel: 152 190
pixel: 152 191
pixel: 152 192
pixel: 152 193
pixel: 152 194
pixel: 152 195
pixel: 152 196
pixel: 152 197
pixel: 152 198
pixel: 152 199
pixel: 153 0
pixel: 153 1
pixel: 153 2
pixel: 153 3
pixel: 153 4
pixel: 153 5
pixel: 153 6
pixel: 153 7
pixel: 153 8
pixel: 153 9
pixel: 153 10
pixel: 153 11
pixel: 153 12
pixel: 153 13
pixel: 153 14
pixel: 153 15
pixel: 153 16
pixel: 153 17
pixel: 153 18
pixel: 153 19
pixel: 153 20
pixel: 153 21
pixel: 153 22
pixel: 153 23
pixel: 153 24
pixel: 153 25
pixel: 153 26
pixel: 153 27
pixel: 153 28
pixel: 153 29
pixel: 153 30
pixel: 153 31
pixel: 153 32
pixel: 153 33
pixel: 153 34
pixel: 153 35
pixel: 153 36
pixel: 153 37
pixel: 153 38
pixel: 153 39
pixel: 153 40
pixel: 153 41
pixel: 153 42
pixel: 153 43
pixel: 153 44
pixel: 153 45
pixel: 153 46
pixel: 153 47
pixel: 153 48
pixel: 153 49
pixel: 153 50
pixel: 153 51
pixel: 153 52
pixel: 153 53
pixel: 153 54
pixel: 153 55
pixel: 153 56
pixel: 153 57
pixel: 153 58
pixel: 153 59
pixel: 153 60
pixel: 153 61
pixel: 153 62
pixel: 153 63
pixel: 153 64
pixel: 153 65
pixel: 153 66
pixel: 153 67
pixel: 153 68
pixel: 153 69
pixel: 153 70
pixel: 153 71
pixel: 153 72
pixel: 153 73
pixel: 153 74
pixel: 153 75
pixel: 153 76
pixel: 153 77
pixel: 153 78
pixel: 153 79
pixel: 153 80
pixel: 153 81
pixel: 153 82
pixel: 153 83
pixel: 153 84
pixel: 153 85
pixel: 153 86
pixel: 153 87
pixel: 153 88
pixel: 153 89
pixel: 153 90
pixel: 153 91
pixel: 153 92
pixel: 153 93
pixel: 153 94
pixel: 153 95
pixel: 153 96
pixel: 153 97
pixel: 153 98
pixel: 153 99
pixel: 153 100
pixel: 153 101
pixel: 153 102
pixel: 153 103
pixel: 153 104
pixel: 153 105
pixel: 153 106
pixel: 153 107
pixel: 153 108
pixel: 153 109
pixel: 153 110
pixel: 153 111
pixel: 153 112
pixel: 153 113
pixel: 153 114
pixel: 153 115
pixel: 153 116
pixel: 153 117
pixel: 153 118
pixel: 153 119
pixel: 153 120
pixel: 153 121
pixel: 153 122
pixel: 153 123
pixel: 153 124
pixel: 153 125
pixel: 153 126
pixel: 153 127
pixel: 153 128
pixel: 153 129
pixel: 153 130
pixel: 153 131
pixel: 153 132
pixel: 153 133
pixel: 153 134
pixel: 153 135
pixel: 153 136
pixel: 153 137
pixel: 153 138
pixel: 153 139
pixel: 153 140
pixel: 153 141
pixel: 153 142
pixel: 153 143
pixel: 153 144
pixel: 153 145
pixel: 153 146
pixel: 153 147
pixel: 153 148
pixel: 153 149
pixel: 153 150
valid: 4.21429 0.0114833 0.879088
pixel: 153 151
valid: 4.22124 0.0242111 0.886223
pixel: 153 152
valid: 4.22826 0.0369614 0.893371
pixel: 153 153
valid: 4.23535 0.0497343 0.900531
pixel: 153 154
valid: 4.24252 0.0625297 0.907705
pixel: 153 155
valid: 4.24976 0.0753478 0.914891
pixel: 153 156
pixel: 153 157
pixel: 153 158
pixel: 153 159
pixel: 153 160
pixel: 153 161
pixel: 153 162
pixel: 153 163
pixel: 153 164
pixel: 153 165
pixel: 153 166
pixel: 153 167
pixel: 153 168
pixel: 153 169
pixel: 153 170
pixel: 153 171
pixel: 153 172
pixel: 153 173
pixel: 153 174
pixel: 153 175
pixel: 153 176
pixel: 153 177
pixel: 153 178
pixel: 153 179
pixel: 153 180
pixel: 153 181
pixel: 153 182
pixel: 153 183
pixel: 153 184
pixel: 153 185
pixel: 153 186
pixel: 153 187
pixel: 153 188
pixel: 153 189
pixel: 153 190
pixel: 153 191
pixel: 153 192
pixel: 153 193
pixel: 153 194
pixel: 153 195
pixel: 153 196
pixel: 153 197
pixel: 153 198
pixel: 153 199
pixel: 154 0
pixel: 154 1
pixel: 154 2
pixel: 154 3
pixel: 154 4
pixel: 154 5
pixel: 154 6
pixel: 154 7
pixel: 154 8
pixel: 154 9
pixel: 154 10
pixel: 154 11
pixel: 154 12
pixel: 154 13
pixel: 154 14
pixel: 154 15
pixel: 154 16
pixel: 154 17
pixel: 154 18
pixel: 154 19
pixel: 154 20
pixel: 154 21
pixel: 154 22
pixel: 154 23
pixel: 154 24
pixel: 154 25
pixel: 154 26
pixel: 154 27
pixel: 154 28
pixel: 154 29
pixel: 154 30
pixel: 154 31
pixel: 154 32
pixel: 154 33
pixel: 154 34
pixel: 154 35
pixel: 154 36
pixel: 154 37
pixel: 154 38
pixel: 154 39
pixel: 154 40
pixel: 154 41
pixel: 154 42
pixel: 154 43
pixel: 154 44
pixel: 154 45
pixel: 154 46
pixel: 154 47
pixel: 154 48
pixel: 154 49
pixel: 154 50
pixel: 154 51
pixel: 154 52
pixel: 154 53
pixel: 154 54
pixel: 154 55
pixel: 154 56
pixel: 154 57
pixel: 154 58
pixel: 154 59
pixel: 154 60
pixel: 154 61
pixel: 154 62
pixel: 154 63
pixel: 154 64
pixel: 154 65
pixel: 154 66
pixel: 154 67
pixel: 154 68
pixel: 154 69
pixel: 154 70
pixel: 154 71
pixel: 154 72
pixel: 154 73
pixel: 154 74
pixel: 154 75
pixel: 154 76
pixel: 154 77
pixel: 154 78
pixel: 154 79
pixel: 154 80
pixel: 154 81
pixel: 154 82
pixel: 154 83
pixel: 154 84
pixel: 154 85
pixel: 154 86
pixel: 154 87
pixel: 154 88
pixel: 154 89
pixel: 154 90
pixel: 154 91
pixel: 154 92
pixel: 154 93
pixel: 154 94
pixel: 154 95
pixel: 154 96
pixel: 154 97
pixel: 154 98
pixel: 154 99
pixel: 154 100
pixel: 154 101
pixel: 154 102
pixel: 154 103
pixel: 154 104
pixel: 154 105
pixel: 154 106
pixel: 154 107
pixel: 154 108
pixel: 154 109
pixel: 154 110
pixel: 154 111
pixel: 154 112
pixel: 154 113
pixel: 154 114
pixel: 154 115
pixel: 154 116
pixel: 154 117
pixel: 154 118
pixel: 154 119
pixel: 154 120
pixel: 154 121
pixel: 154 122
pixel: 154 123
pixel: 154 124
pixel: 154 125
pixel: 154 126
pixel: 154 127
pixel: 154 128
pixel: 154 129
pixel: 154 130
pixel: 154 131
pixel: 154 132
pixel: 154 133
pixel: 154 134
pixel: 154 135
pixel: 154 136
pixel: 154 137
pixel: 154 138
pixel: 154 139
pixel: 154 140
pixel: 154 141
pixel: 154 142
pixel: 154 143
pixel: 154 144
pixel: 154 145
pixel: 154 146
pixel: 154 147
pixel: 154 148
pixel: 154 149
pixel: 154 150
pixel: 154 151
valid: 4.22839 0.00425516 0.893371
pixel: 154 152
valid: 4.23542 0.0169991 0.900532
pixel: 154 153
valid: 4.24252 0.0297655 0.907705
pixel: 154 154
valid: 4.2497 0.0425547 0.914891
pixel: 154 155
valid: 4.25695 0.0553664 0.922089
pixel: 154 156
valid: 4.26428 0.0682012 0.929301
pixel: 154 157
pixel: 154 158
pixel: 154 159
pixel: 154 160
pixel: 154 161
pixel: 154 162
pixel: 154 163
pixel: 154 164
pixel: 154 165
pixel: 154 166
pixel: 154 167
pixel: 154 168
pixel: 154 169
pixel: 154 170
pixel: 154 171
pixel: 154 172
pixel: 154 173
pixel: 154 174
pixel: 154 175
pixel: 154 176
pixel: 154 177
pixel: 154 178
pixel: 154 179
pixel: 154 180
pixel: 154 181
pixel: 154 182
pixel: 154 183
pixel: 154 184
pixel: 154 185
pixel: 154 186
pixel: 154 187
pixel: 154 188
pixel: 154 189
pixel: 154 190
pixel: 154 191
pixel: 154 192
pixel: 154 193
pixel: 154 194
pixel: 154 195
pixel: 154 196
pixel: 154 197
pixel: 154 198
pixel: 154 199
pixel: 155 0
pixel: 155 1
pixel: 155 2
pixel: 155 3
pixel: 155 4
pixel: 155 5
pixel: 155 6
pixel: 155 7
pixel: 155 8
pixel: 155 9
pixel: 155 10
pixel: 155 11
pixel: 155 12
pixel: 155 13
pixel: 155 14
pixel: 155 15
pixel: 155 16
pixel: 155 17
pixel: 155 18
pixel: 155 19
pixel: 155 20
pixel: 155 21
pixel: 155 22
pixel: 155 23
pixel: 155 24
pixel: 155 25
pixel: 155 26
pixel: 155 27
pixel: 155 28
pixel: 155 29
pixel: 155 30
pixel: 155 31
pixel: 155 32
pixel: 155 33
pixel: 155 34
pixel: 155 35
pixel: 155 36
pixel: 155 37
pixel: 155 38
pixel: 155 39
pixel: 155 40
pixel: 155 41
pixel: 155 42
pixel: 155 43
pixel: 155 44
pixel: 155 45
pixel: 155 46
pixel: 155 47
pixel: 155 48
pixel: 155 49
pixel: 155 50
pixel: 155 51
pixel: 155 52
pixel: 155 53
pixel: 155 54
pixel: 155 55
pixel: 155 56
pixel: 155 57
pixel: 155 58
pixel: 155 59
pixel: 155 60
pixel: 155 61
pixel: 155 62
pixel: 155 63
pixel: 155 64
pixel: 155 65
pixel: 155 66
pixel: 155 67
pixel: 155 68
pixel: 155 69
pixel: 155 70
pixel: 155 71
pixel: 155 72
pixel: 155 73
pixel: 155 74
pixel: 155 75
pixel: 155 76
pixel: 155 77
pixel: 155 78
pixel: 155 79
pixel: 155 80
pixel: 155 81
pixel: 155 82
pixel: 155 83
pixel: 155 84
pixel: 155 85
pixel: 155 86
pixel: 155 87
pixel: 155 88
pixel: 155 89
pixel: 155 90
pixel: 155 91
pixel: 155 92
pixel: 155 93
pixel: 155 94
pixel: 155 95
pixel: 155 96
pixel: 155 97
pixel: 155 98
pixel: 155 99
pixel: 155 100
pixel: 155 101
pixel: 155 102
pixel: 155 103
pixel: 155 104
pixel: 155 105
pixel: 155 106
pixel: 155 107
pixel: 155 108
pixel: 155 109
pixel: 155 110
pixel: 155 111
pixel: 155 112
pixel: 155 113
pixel: 155 114
pixel: 155 115
pixel: 155 116
pixel: 155 117
pixel: 155 118
pixel: 155 119
pixel: 155 120
pixel: 155 121
pixel: 155 122
pixel: 155 123
pixel: 155 124
pixel: 155 125
pixel: 155 126
pixel: 155 127
pixel: 155 128
pixel: 155 129
pixel: 155 130
pixel: 155 131
pixel: 155 132
pixel: 155 133
pixel: 155 134
pixel: 155 135
pixel: 155 136
pixel: 155 137
pixel: 155 138
pixel: 155 139
pixel: 155 140
pixel: 155 141
pixel: 155 142
pixel: 155 143
pixel: 155 144
pixel: 155 145
pixel: 155 146
pixel: 155 147
pixel: 155 148
pixel: 155 149
pixel: 155 150
pixel: 155 151
pixel: 155 152
pixel: 155 153
valid: 4.24976 0.00976155 0.914891
pixel: 155 154
valid: 4.25695 0.0225443 0.922089
pixel: 155 155
valid: 4.26421 0.0353497 0.9293
pixel: 155 156
valid: 4.27155 0.048178 0.936525
pixel: 155 157
pixel: 155 158
pixel: 155 159
pixel: 155 160
pixel: 155 161
pixel: 155 162
pixel: 155 163
pixel: 155 164
pixel: 155 165
pixel: 155 166
pixel: 155 167
pixel: 155 168
pixel: 155 169
pixel: 155 170
pixel: 155 171
pixel: 155 172
pixel: 155 173
pixel: 155 174
pixel: 155 175
pixel: 155 176
pixel: 155 177
pixel: 155 178
pixel: 155 179
pixel: 155 180
pixel: 155 181
pixel: 155 182
pixel: 155 183
pixel: 155 184
pixel: 155 185
pixel: 155 186
pixel: 155 187
pixel: 155 188
pixel: 155 189
pixel: 155 190
pixel: 155 191
pixel: 155 192
pixel: 155 193
pixel: 155 194
pixel: 155 195
pixel: 155 196
pixel: 155 197
pixel: 155 198
pixel: 155 199
pixel: 156 0
pixel: 156 1
pixel: 156 2
pixel: 156 3
pixel: 156 4
pixel: 156 5
pixel: 156 6
pixel: 156 7
pixel: 156 8
pixel: 156 9
pixel: 156 10
pixel: 156 11
pixel: 156 12
pixel: 156 13
pixel: 156 14
pixel: 156 15
pixel: 156 16
pixel: 156 17
pixel: 156 18
pixel: 156 19
pixel: 156 20
pixel: 156 21
pixel: 156 22
pixel: 156 23
pixel: 156 24
pixel: 156 25
pixel: 156 26
pixel: 156 27
pixel: 156 28
pixel: 156 29
pixel: 156 30
pixel: 156 31
pixel: 156 32
pixel: 156 33
pixel: 156 34
pixel: 156 35
pixel: 156 36
pixel: 156 37
pixel: 156 38
pixel: 156 39
pixel: 156 40
pixel: 156 41
pixel: 156 42
pixel: 156 43
pixel: 156 44
pixel: 156 45
pixel: 156 46
pixel: 156 47
pixel: 156 48
pixel: 156 49
pixel: 156 50
pixel: 156 51
pixel: 156 52
pixel: 156 53
pixel: 156 54
pixel: 156 55
pixel: 156 56
pixel: 156 57
pixel: 156 58
pixel: 156 59
pixel: 156 60
pixel: 156 61
pixel: 156 62
pixel: 156 63
pixel: 156 64
pixel: 156 65
pixel: 156 66
pixel: 156 67
pixel: 156 68
pixel: 156 69
pixel: 156 70
pixel: 156 71
pixel: 156 72
pixel: 156 73
pixel: 156 74
pixel: 156 75
pixel: 156 76
pixel: 156 77
pixel: 156 78
pixel: 156 79
pixel: 156 80
pixel: 156 81
pixel: 156 82
pixel: 156 83
pixel: 156 84
pixel: 156 85
pixel: 156 86
pixel: 156 87
pixel: 156 88
pixel: 156 89
pixel: 156 90
pixel: 156 91
pixel: 156 92
pixel: 156 93
pixel: 156 94
pixel: 156 95
pixel: 156 96
pixel: 156 97
pixel: 156 98
pixel: 156 99
pixel: 156 100
pixel: 156 101
pixel: 156 102
pixel: 156 103
pixel: 156 104
pixel: 156 105
pixel: 156 106
pixel: 156 107
pixel: 156 108
pixel: 156 109
pixel: 156 110
pixel: 156 111
pixel: 156 112
pixel: 156 113
pixel: 156 114
pixel: 156 115
pixel: 156 116
pixel: 156 117
pixel: 156 118
pixel: 156 119
pixel: 156 120
pixel: 156 121
pixel: 156 122
pixel: 156 123
pixel: 156 124
pixel: 156 125
pixel: 156 126
pixel: 156 127
pixel: 156 128
pixel: 156 129
pixel: 156 130
pixel: 156 131
pixel: 156 132
pixel: 156 133
pixel: 156 134
pixel: 156 135
pixel: 156 136
pixel: 156 137
pixel: 156 138
pixel: 156 139
pixel: 156 140
pixel: 156 141
pixel: 156 142
pixel: 156 143
pixel: 156 144
pixel: 156 145
pixel: 156 146
pixel: 156 147
pixel: 156 148
pixel: 156 149
pixel: 156 150
pixel: 156 151
pixel: 156 152
pixel: 156 153
pixel: 156 154
valid: 4.26428 0.0024981 0.929301
pixel: 156 155
valid: 4.27155 0.0152971 0.936525
pixel: 156 156
valid: 4.27889 0.028119 0.943762
pixel: 156 157
valid: 4.28631 0.0409635 0.951012
pixel: 156 158
pixel: 156 159
pixel: 156 160
pixel: 156 161
pixel: 156 162
pixel: 156 163
pixel: 156 164
pixel: 156 165
pixel: 156 166
pixel: 156 167
pixel: 156 168
pixel: 156 169
pixel: 156 170
pixel: 156 171
pixel: 156 172
pixel: 156 173
pixel: 156 174
pixel: 156 175
pixel: 156 176
pixel: 156 177
pixel: 156 178
pixel: 156 179
pixel: 156 180
pixel: 156 181
pixel: 156 182
pixel: 156 183
pixel: 156 184
pixel: 156 185
pixel: 156 186
pixel: 156 187
pixel: 156 188
pixel: 156 189
pixel: 156 190
pixel: 156 191
pixel: 156 192
pixel: 156 193
pixel: 156 194
pixel: 156 195
pixel: 156 196
pixel: 156 197
pixel: 156 198
pixel: 156 199
pixel: 157 0
pixel: 157 1
pixel: 157 2
pixel: 157 3
pixel: 157 4
pixel: 157 5
pixel: 157 6
pixel: 157 7
pixel: 157 8
pixel: 157 9
pixel: 157 10
pixel: 157 11
pixel: 157 12
pixel: 157 13
pixel: 157 14
pixel: 157 15
pixel: 157 16
pixel: 157 17
pixel: 157 18
pixel: 157 19
pixel: 157 20
pixel: 157 21
pixel: 157 22
pixel: 157 23
pixel: 157 24
pixel: 157 25
pixel: 157 26
pixel: 157 27
pixel: 157 28
pixel: 157 29
pixel: 157 30
pixel: 157 31
pixel: 157 32
pixel: 157 33
pixel: 157 34
pixel: 157 35
pixel: 157 36
pixel: 157 37
pixel: 157 38
pixel: 157 39
pixel: 157 40
pixel: 157 41
pixel: 157 42
pixel: 157 43
pixel: 157 44
pixel: 157 45
pixel: 157 46
pixel: 157 47
pixel: 157 48
pixel: 157 49
pixel: 157 50
pixel: 157 51
pixel: 157 52
pixel: 157 53
pixel: 157 54
pixel: 157 55
pixel: 157 56
pixel: 157 57
pixel: 157 58
pixel: 157 59
pixel: 157 60
pixel: 157 61
pixel: 157 62
pixel: 157 63
pixel: 157 64
pixel: 157 65
pixel: 157 66
pixel: 157 67
pixel: 157 68
pixel: 157 69
pixel: 157 70
pixel: 157 71
pixel: 157 72
pixel: 157 73
pixel: 157 74
pixel: 157 75
pixel: 157 76
pixel: 157 77
pixel: 157 78
pixel: 157 79
pixel: 157 80
pixel: 157 81
pixel: 157 82
pixel: 157 83
pixel: 157 84
pixel: 157 85
pixel: 157 86
pixel: 157 87
pixel: 157 88
pixel: 157 89
pixel: 157 90
pixel: 157 91
pixel: 157 92
pixel: 157 93
pixel: 157 94
pixel: 157 95
pixel: 157 96
pixel: 157 97
pixel: 157 98
pixel: 157 99
pixel: 157 100
pixel: 157 101
pixel: 157 102
pixel: 157 103
pixel: 157 104
pixel: 157 105
pixel: 157 106
pixel: 157 107
pixel: 157 108
pixel: 157 109
pixel: 157 110
pixel: 157 111
pixel: 157 112
pixel: 157 113
pixel: 157 114
pixel: 157 115
pixel: 157 116
pixel: 157 117
pixel: 157 118
pixel: 157 119
pixel: 157 120
pixel: 157 121
pixel: 157 122
pixel: 157 123
pixel: 157 124
pixel: 157 125
pixel: 157 126
pixel: 157 127
pixel: 157 128
pixel: 157 129
pixel: 157 130
pixel: 157 131
pixel: 157 132
pixel: 157 133
pixel: 157 134
pixel: 157 135
pixel: 157 136
pixel: 157 137
pixel: 157 138
pixel: 157 139
pixel: 157 140
pixel: 157 141
pixel: 157 142
pixel: 157 143
pixel: 157 144
pixel: 157 145
pixel: 157 146
pixel: 157 147
pixel: 157 148
pixel: 157 149
pixel: 157 150
pixel: 157 151
pixel: 157 152
pixel: 157 153
pixel: 157 154
pixel: 157 155
pixel: 157 156
valid: 4.28631 0.00802451 0.951012
pixel: 157 157
valid: 4.29374 0.0208625 0.958275
pixel: 157 158
valid: 4.30124 0.0337235 0.965551
pixel: 157 159
pixel: 157 160
pixel: 157 161
pixel: 157 162
pixel: 157 163
pixel: 157 164
pixel: 157 165
pixel: 157 166
pixel: 157 167
pixel: 157 168
pixel: 157 169
pixel: 157 170
pixel: 157 171
pixel: 157 172
pixel: 157 173
pixel: 157 174
pixel: 157 175
pixel: 157 176
pixel: 157 177
pixel: 157 178
pixel: 157 179
pixel: 157 180
pixel: 157 181
pixel: 157 182
pixel: 157 183
pixel: 157 184
pixel: 157 185
pixel: 157 186
pixel: 157 187
pixel: 157 188
pixel: 157 189
pixel: 157 190
pixel: 157 191
pixel: 157 192
pixel: 157 193
pixel: 157 194
pixel: 157 195
pixel: 157 196
pixel: 157 197
pixel: 157 198
pixel: 157 199
pixel: 158 0
pixel: 158 1
pixel: 158 2
pixel: 158 3
pixel: 158 4
pixel: 158 5
pixel: 158 6
pixel: 158 7
pixel: 158 8
pixel: 158 9
pixel: 158 10
pixel: 158 11
pixel: 158 12
pixel: 158 13
pixel: 158 14
pixel: 158 15
pixel: 158 16
pixel: 158 17
pixel: 158 18
pixel: 158 19
pixel: 158 20
pixel: 158 21
pixel: 158 22
pixel: 158 23
pixel: 158 24
pixel: 158 25
pixel: 158 26
pixel: 158 27
pixel: 158 28
pixel: 158 29
pixel: 158 30
pixel: 158 31
pixel: 158 32
pixel: 158 33
pixel: 158 34
pixel: 158 35
pixel: 158 36
pixel: 158 37
pixel: 158 38
pixel: 158 39
pixel: 158 40
pixel: 158 41
pixel: 158 42
pixel: 158 43
pixel: 158 44
pixel: 158 45
pixel: 158 46
pixel: 158 47
pixel: 158 48
pixel: 158 49
pixel: 158 50
pixel: 158 51
pixel: 158 52
pixel: 158 53
pixel: 158 54
pixel: 158 55
pixel: 158 56
pixel: 158 57
pixel: 158 58
pixel: 158 59
pixel: 158 60
pixel: 158 61
pixel: 158 62
pixel: 158 63
pixel: 158 64
pixel: 158 65
pixel: 158 66
pixel: 158 67
pixel: 158 68
pixel: 158 69
pixel: 158 70
pixel: 158 71
pixel: 158 72
pixel: 158 73
pixel: 158 74
pixel: 158 75
pixel: 158 76
pixel: 158 77
pixel: 158 78
pixel: 158 79
pixel: 158 80
pixel: 158 81
pixel: 158 82
pixel: 158 83
pixel: 158 84
pixel: 158 85
pixel: 158 86
pixel: 158 87
pixel: 158 88
pixel: 158 89
pixel: 158 90
pixel: 158 91
pixel: 158 92
pixel: 158 93
pixel: 158 94
pixel: 158 95
pixel: 158 96
pixel: 158 97
pixel: 158 98
pixel: 158 99
pixel: 158 100
pixel: 158 101
pixel: 158 102
pixel: 158 103
pixel: 158 104
pixel: 158 105
pixel: 158 106
pixel: 158 107
pixel: 158 108
pixel: 158 109
pixel: 158 110
pixel: 158 111
pixel: 158 112
pixel: 158 113
pixel: 158 114
pixel: 158 115
pixel: 158 116
pixel: 158 117
pixel: 158 118
pixel: 158 119
pixel: 158 120
pixel: 158 121
pixel: 158 122
pixel: 158 123
pixel: 158 124
pixel: 158 125
pixel: 158 126
pixel: 158 127
pixel: 158 128
pixel: 158 129
pixel: 158 130
pixel: 158 131
pixel: 158 132
pixel: 158 133
pixel: 158 134
pixel: 158 135
pixel: 158 136
pixel: 158 137
pixel: 158 138
pixel: 158 139
pixel: 158 140
pixel: 158 141
pixel: 158 142
pixel: 158 143
pixel: 158 144
pixel: 158 145
pixel: 158 146
pixel: 158 147
pixel: 158 148
pixel: 158 149
pixel: 158 150
pixel: 158 151
pixel: 158 152
pixel: 158 153
pixel: 158 154
pixel: 158 155
pixel: 158 156
pixel: 158 157
valid: 4.30124 0.00072569 0.965551
pixel: 158 158
valid: 4.30875 0.0135803 0.972839
pixel: 158 159
pixel: 158 160
pixel: 158 161
pixel: 158 162
pixel: 158 163
pixel: 158 164
pixel: 158 165
pixel: 158 166
pixel: 158 167
pixel: 158 168
pixel: 158 169
pixel: 158 170
pixel: 158 171
pixel: 158 172
pixel: 158 173
pixel: 158 174
pixel: 158 175
pixel: 158 176
pixel: 158 177
pixel: 158 178
pixel: 158 179
pixel: 158 180
pixel: 158 181
pixel: 158 182
pixel: 158 183
pixel: 158 184
pixel: 158 185
pixel: 158 186
pixel: 158 187
pixel: 158 188
pixel: 158 189
pixel: 158 190
pixel: 158 191
pixel: 158 192
pixel: 158 193
pixel: 158 194
pixel: 158 195
pixel: 158 196
pixel: 158 197
pixel: 158 198
pixel: 158 199
pixel: 159 0
pixel: 159 1
pixel: 159 2
pixel: 159 3
pixel: 159 4
pixel: 159 5
pixel: 159 6
pixel: 159 7
pixel: 159 8
pixel: 159 9
pixel: 159 10
pixel: 159 11
pixel: 159 12
pixel: 159 13
pixel: 159 14
pixel: 159 15
pixel: 159 16
pixel: 159 17
pixel: 159 18
pixel: 159 19
pixel: 159 20
pixel: 159 21
pixel: 159 22
pixel: 159 23
pixel: 159 24
pixel: 159 25
pixel: 159 26
pixel: 159 27
pixel: 159 28
pixel: 159 29
pixel: 159 30
pixel: 159 31
pixel: 159 32
pixel: 159 33
pixel: 159 34
pixel: 159 35
pixel: 159 36
pixel: 159 37
pixel: 159 38
pixel: 159 39
pixel: 159 40
pixel: 159 41
pixel: 159 42
pixel: 159 43
pixel: 159 44
pixel: 159 45
pixel: 159 46
pixel: 159 47
pixel: 159 48
pixel: 159 49
pixel: 159 50
pixel: 159 51
pixel: 159 52
pixel: 159 53
pixel: 159 54
pixel: 159 55
pixel: 159 56
pixel: 159 57
pixel: 159 58
pixel: 159 59
pixel: 159 60
pixel: 159 61
pixel: 159 62
pixel: 159 63
pixel: 159 64
pixel: 159 65
pixel: 159 66
pixel: 159 67
pixel: 159 68
pixel: 159 69
pixel: 159 70
pixel: 159 71
pixel: 159 72
pixel: 159 73
pixel: 159 74
pixel: 159 75
pixel: 159 76
pixel: 159 77
pixel: 159 78
pixel: 159 79
pixel: 159 80
pixel: 159 81
pixel: 159 82
pixel: 159 83
pixel: 159 84
pixel: 159 85
pixel: 159 86
pixel: 159 87
pixel: 159 88
pixel: 159 89
pixel: 159 90
pixel: 159 91
pixel: 159 92
pixel: 159 93
pixel: 159 94
pixel: 159 95
pixel: 159 96
pixel: 159 97
pixel: 159 98
pixel: 159 99
pixel: 159 100
pixel: 159 101
pixel: 159 102
pixel: 159 103
pixel: 159 104
pixel: 159 105
pixel: 159 106
pixel: 159 107
pixel: 159 108
pixel: 159 109
pixel: 159 110
pixel: 159 111
pixel: 159 112
pixel: 159 113
pixel: 159 114
pixel: 159 115
pixel: 159 116
pixel: 159 117
pixel: 159 118
pixel: 159 119
pixel: 159 120
pixel: 159 121
pixel: 159 122
pixel: 159 123
pixel: 159 124
pixel: 159 125
pixel: 159 126
pixel: 159 127
pixel: 159 128
pixel: 159 129
pixel: 159 130
pixel: 159 131
pixel: 159 132
pixel: 159 133
pixel: 159 134
pixel: 159 135
pixel: 159 136
pixel: 159 137
pixel: 159 138
pixel: 159 139
pixel: 159 140
pixel: 159 141
pixel: 159 142
pixel: 159 143
pixel: 159 144
pixel: 159 145
pixel: 159 146
pixel: 159 147
pixel: 159 148
pixel: 159 149
pixel: 159 150
pixel: 159 151
pixel: 159 152
pixel: 159 153
pixel: 159 154
pixel: 159 155
pixel: 159 156
pixel: 159 157
pixel: 159 158
pixel: 159 159
valid: 4.32393 0.00627189 0.987456
pixel: 159 160
pixel: 159 161
pixel: 159 162
pixel: 159 163
pixel: 159 164
pixel: 159 165
pixel: 159 166
pixel: 159 167
pixel: 159 168
pixel: 159 169
pixel: 159 170
pixel: 159 171
pixel: 159 172
pixel: 159 173
pixel: 159 174
pixel: 159 175
pixel: 159 176
pixel: 159 177
pixel: 159 178
pixel: 159 179
pixel: 159 180
pixel: 159 181
pixel: 159 182
pixel: 159 183
pixel: 159 184
pixel: 159 185
pixel: 159 186
pixel: 159 187
pixel: 159 188
pixel: 159 189
pixel: 159 190
pixel: 159 191
pixel: 159 192
pixel: 159 193
pixel: 159 194
pixel: 159 195
pixel: 159 196
pixel: 159 197
pixel: 159 198
pixel: 159 199
pixel: 160 0
pixel: 160 1
pixel: 160 2
pixel: 160 3
pixel: 160 4
pixel: 160 5
pixel: 160 6
pixel: 160 7
pixel: 160 8
pixel: 160 9
pixel: 160 10
pixel: 160 11
pixel: 160 12
pixel: 160 13
pixel: 160 14
pixel: 160 15
pixel: 160 16
pixel: 160 17
pixel: 160 18
pixel: 160 19
pixel: 160 20
pixel: 160 21
pixel: 160 22
pixel: 160 23
pixel: 160 24
pixel: 160 25
pixel: 160 26
pixel: 160 27
pixel: 160 28
pixel: 160 29
pixel: 160 30
pixel: 160 31
pixel: 160 32
pixel: 160 33
pixel: 160 34
pixel: 160 35
pixel: 160 36
pixel: 160 37
pixel: 160 38
pixel: 160 39
pixel: 160 40
pixel: 160 41
pixel: 160 42
pixel: 160 43
pixel: 160 44
pixel: 160 45
pixel: 160 46
pixel: 160 47
pixel: 160 48
pixel: 160 49
pixel: 160 50
pixel: 160 51
pixel: 160 52
pixel: 160 53
pixel: 160 54
pixel: 160 55
pixel: 160 56
pixel: 160 57
pixel: 160 58
pixel: 160 59
pixel: 160 60
pixel: 160 61
pixel: 160 62
pixel: 160 63
pixel: 160 64
pixel: 160 65
pixel: 160 66
pixel: 160 67
pixel: 160 68
pixel: 160 69
pixel: 160 70
pixel: 160 71
pixel: 160 72
pixel: 160 73
pixel: 160 74
pixel: 160 75
pixel: 160 76
pixel: 160 77
pixel: 160 78
pixel: 160 79
pixel: 160 80
pixel: 160 81
pixel: 160 82
pixel: 160 83
pixel: 160 84
pixel: 160 85
pixel: 160 86
pixel: 160 87
pixel: 160 88
pixel: 160 89
pixel: 160 90
pixel: 160 91
pixel: 160 92
pixel: 160 93
pixel: 160 94
pixel: 160 95
pixel: 160 96
pixel: 160 97
pixel: 160 98
pixel: 160 99
pixel: 160 100
pixel: 160 101
pixel: 160 102
pixel: 160 103
pixel: 160 104
pixel: 160 105
pixel: 160 106
pixel: 160 107
pixel: 160 108
pixel: 160 109
pixel: 160 110
pixel: 160 111
pixel: 160 112
pixel: 160 113
pixel: 160 114
pixel: 160 115
pixel: 160 116
pixel: 160 117
pixel: 160 118
pixel: 160 119
pixel: 160 120
pixel: 160 121
pixel: 160 122
pixel: 160 123
pixel: 160 124
pixel: 160 125
pixel: 160 126
pixel: 160 127
pixel: 160 128
pixel: 160 129
pixel: 160 130
pixel: 160 131
pixel: 160 132
pixel: 160 133
pixel: 160 134
pixel: 160 135
pixel: 160 136
pixel: 160 137
pixel: 160 138
pixel: 160 139
pixel: 160 140
pixel: 160 141
pixel: 160 142
pixel: 160 143
pixel: 160 144
pixel: 160 145
pixel: 160 146
pixel: 160 147
pixel: 160 148
pixel: 160 149
pixel: 160 150
pixel: 160 151
pixel: 160 152
pixel: 160 153
pixel: 160 154
pixel: 160 155
pixel: 160 156
pixel: 160 157
pixel: 160 158
pixel: 160 159
pixel: 160 160
pixel: 160 161
pixel: 160 162
pixel: 160 163
pixel: 160 164
pixel: 160 165
pixel: 160 166
pixel: 160 167
pixel: 160 168
pixel: 160 169
pixel: 160 170
pixel: 160 171
pixel: 160 172
pixel: 160 173
pixel: 160 174
pixel: 160 175
pixel: 160 176
pixel: 160 177
pixel: 160 178
pixel: 160 179
pixel: 160 180
pixel: 160 181
pixel: 160 182
pixel: 160 183
pixel: 160 184
pixel: 160 185
pixel: 160 186
pixel: 160 187
pixel: 160 188
pixel: 160 189
pixel: 160 190
pixel: 160 191
pixel: 160 192
pixel: 160 193
pixel: 160 194
pixel: 160 195
pixel: 160 196
pixel: 160 197
pixel: 160 198
pixel: 160 199
pixel: 161 0
pixel: 161 1
pixel: 161 2
pixel: 161 3
pixel: 161 4
pixel: 161 5
pixel: 161 6
pixel: 161 7
pixel: 161 8
pixel: 161 9
pixel: 161 10
pixel: 161 11
pixel: 161 12
pixel: 161 13
pixel: 161 14
pixel: 161 15
pixel: 161 16
pixel: 161 17
pixel: 161 18
pixel: 161 19
pixel: 161 20
pixel: 161 21
pixel: 161 22
pixel: 161 23
pixel: 161 24
pixel: 161 25
pixel: 161 26
pixel: 161 27
pixel: 161 28
pixel: 161 29
pixel: 161 30
pixel: 161 31
pixel: 161 32
pixel: 161 33
pixel: 161 34
pixel: 161 35
pixel: 161 36
pixel: 161 37
pixel: 161 38
pixel: 161 39
pixel: 161 40
pixel: 161 41
pixel: 161 42
pixel: 161 43
pixel: 161 44
pixel: 161 45
pixel: 161 46
pixel: 161 47
pixel: 161 48
pixel: 161 49
pixel: 161 50
pixel: 161 51
pixel: 161 52
pixel: 161 53
pixel: 161 54
pixel: 161 55
pixel: 161 56
pixel: 161 57
pixel: 161 58
pixel: 161 59
pixel: 161 60
pixel: 161 61
pixel: 161 62
pixel: 161 63
pixel: 161 64
pixel: 161 65
pixel: 161 66
pixel: 161 67
pixel: 161 68
pixel: 161 69
pixel: 161 70
pixel: 161 71
pixel: 161 72
pixel: 161 73
pixel: 161 74
pixel: 161 75
pixel: 161 76
pixel: 161 77
pixel: 161 78
pixel: 161 79
pixel: 161 80
pixel: 161 81
pixel: 161 82
pixel: 161 83
pixel: 161 84
pixel: 161 85
pixel: 161 86
pixel: 161 87
pixel: 161 88
pixel: 161 89
pixel: 161 90
pixel: 161 91
pixel: 161 92
pixel: 161 93
pixel: 161 94
pixel: 161 95
pixel: 161 96
pixel: 161 97
pixel: 161 98
pixel: 161 99
pixel: 161 100
pixel: 161 101
pixel: 161 102
pixel: 161 103
pixel: 161 104
pixel: 161 105
pixel: 161 106
pixel: 161 107
pixel: 161 108
pixel: 161 109
pixel: 161 110
pixel: 161 111
pixel: 161 112
pixel: 161 113
pixel: 161 114
pixel: 161 115
pixel: 161 116
pixel: 161 117
pixel: 161 118
pixel: 161 119
pixel: 161 120
pixel: 161 121
pixel: 161 122
pixel: 161 123
pixel: 161 124
pixel: 161 125
pixel: 161 126
pixel: 161 127
pixel: 161 128
pixel: 161 129
pixel: 161 130
pixel: 161 131
pixel: 161 132
pixel: 161 133
pixel: 161 134
pixel: 161 135
pixel: 161 136
pixel: 161 137
pixel: 161 138
pixel: 161 139
pixel: 161 140
pixel: 161 141
pixel: 161 142
pixel: 161 143
pixel: 161 144
pixel: 161 145
pixel: 161 146
pixel: 161 147
pixel: 161 148
pixel: 161 149
pixel: 161 150
pixel: 161 151
pixel: 161 152
pixel: 161 153
pixel: 161 154
pixel: 161 155
pixel: 161 156
pixel: 161 157
pixel: 161 158
pixel: 161 159
pixel: 161 160
pixel: 161 161
pixel: 161 162
pixel: 161 163
pixel: 161 164
pixel: 161 165
pixel: 161 166
pixel: 161 167
pixel: 161 168
pixel: 161 169
pixel: 161 170
pixel: 161 171
pixel: 161 172
pixel: 161 173
pixel: 161 174
pixel: 161 175
pixel: 161 176
pixel: 161 177
pixel: 161 178
pixel: 161 179
pixel: 161 180
pixel: 161 181
pixel: 161 182
pixel: 161 183
pixel: 161 184
pixel: 161 185
pixel: 161 186
pixel: 161 187
pixel: 161 188
pixel: 161 189
pixel: 161 190
pixel: 161 191
pixel: 161 192
pixel: 161 193
pixel: 161 194
pixel: 161 195
pixel: 161 196
pixel: 161 197
pixel: 161 198
pixel: 161 199
pixel: 162 0
pixel: 162 1
pixel: 162 2
pixel: 162 3
pixel: 162 4
pixel: 162 5
pixel: 162 6
pixel: 162 7
pixel: 162 8
pixel: 162 9
pixel: 162 10
pixel: 162 11
pixel: 162 12
pixel: 162 13
pixel: 162 14
pixel: 162 15
pixel: 162 16
pixel: 162 17
pixel: 162 18
pixel: 162 19
pixel: 162 20
pixel: 162 21
pixel: 162 22
pixel: 162 23
pixel: 162 24
pixel: 162 25
pixel: 162 26
pixel: 162 27
pixel: 162 28
pixel: 162 29
pixel: 162 30
pixel: 162 31
pixel: 162 32
pixel: 162 33
pixel: 162 34
pixel: 162 35
pixel: 162 36
pixel: 162 37
pixel: 162 38
pixel: 162 39
pixel: 162 40
pixel: 162 41
pixel: 162 42
pixel: 162 43
pixel: 162 44
pixel: 162 45
pixel: 162 46
pixel: 162 47
pixel: 162 48
pixel: 162 49
pixel: 162 50
pixel: 162 51
pixel: 162 52
pixel: 162 53
pixel: 162 54
pixel: 162 55
pixel: 162 56
pixel: 162 57
pixel: 162 58
pixel: 162 59
pixel: 162 60
pixel: 162 61
pixel: 162 62
pixel: 162 63
pixel: 162 64
pixel: 162 65
pixel: 162 66
pixel: 162 67
pixel: 162 68
pixel: 162 69
pixel: 162 70
pixel: 162 71
pixel: 162 72
pixel: 162 73
pixel: 162 74
pixel: 162 75
pixel: 162 76
pixel: 162 77
pixel: 162 78
pixel: 162 79
pixel: 162 80
pixel: 162 81
pixel: 162 82
pixel: 162 83
pixel: 162 84
pixel: 162 85
pixel: 162 86
pixel: 162 87
pixel: 162 88
pixel: 162 89
pixel: 162 90
pixel: 162 91
pixel: 162 92
pixel: 162 93
pixel: 162 94
pixel: 162 95
pixel: 162 96
pixel: 162 97
pixel: 162 98
pixel: 162 99
pixel: 162 100
pixel: 162 101
pixel: 162 102
pixel: 162 103
pixel: 162 104
pixel: 162 105
pixel: 162 106
pixel: 162 107
pixel: 162 108
pixel: 162 109
pixel: 162 110
pixel: 162 111
pixel: 162 112
pixel: 162 113
pixel: 162 114
pixel: 162 115
pixel: 162 116
pixel: 162 117
pixel: 162 118
pixel: 162 119
pixel: 162 120
pixel: 162 121
pixel: 162 122
pixel: 162 123
pixel: 162 124
pixel: 162 125
pixel: 162 126
pixel: 162 127
pixel: 162 128
pixel: 162 129
pixel: 162 130
pixel: 162 131
pixel: 162 132
pixel: 162 133
pixel: 162 134
pixel: 162 135
pixel: 162 136
pixel: 162 137
pixel: 162 138
pixel: 162 139
pixel: 162 140
pixel: 162 141
pixel: 162 142
pixel: 162 143
pixel: 162 144
pixel: 162 145
pixel: 162 146
pixel: 162 147
pixel: 162 148
pixel: 162 149
pixel: 162 150
pixel: 162 151
pixel: 162 152
pixel: 162 153
pixel: 162 154
pixel: 162 155
pixel: 162 156
pixel: 162 157
pixel: 162 158
pixel: 162 159
pixel: 162 160
pixel: 162 161
pixel: 162 162
pixel: 162 163
pixel: 162 164
pixel: 162 165
pixel: 162 166
pixel: 162 167
pixel: 162 168
pixel: 162 169
pixel: 162 170
pixel: 162 171
pixel: 162 172
pixel: 162 173
pixel: 162 174
pixel: 162 175
pixel: 162 176
pixel: 162 177
pixel: 162 178
pixel: 162 179
pixel: 162 180
pixel: 162 181
pixel: 162 182
pixel: 162 183
pixel: 162 184
pixel: 162 185
pixel: 162 186
pixel: 162 187
pixel: 162 188
pixel: 162 189
pixel: 162 190
pixel: 162 191
pixel: 162 192
pixel: 162 193
pixel: 162 194
pixel: 162 195
pixel: 162 196
pixel: 162 197
pixel: 162 198
pixel: 162 199
pixel: 163 0
pixel: 163 1
pixel: 163 2
pixel: 163 3
pixel: 163 4
pixel: 163 5
pixel: 163 6
pixel: 163 7
pixel: 163 8
pixel: 163 9
pixel: 163 10
pixel: 163 11
pixel: 163 12
pixel: 163 13
pixel: 163 14
pixel: 163 15
pixel: 163 16
pixel: 163 17
pixel: 163 18
pixel: 163 19
pixel: 163 20
pixel: 163 21
pixel: 163 22
pixel: 163 23
pixel: 163 24
pixel: 163 25
pixel: 163 26
pixel: 163 27
pixel: 163 28
pixel: 163 29
pixel: 163 30
pixel: 163 31
pixel: 163 32
pixel: 163 33
pixel: 163 34
pixel: 163 35
pixel: 163 36
pixel: 163 37
pixel: 163 38
pixel: 163 39
pixel: 163 40
pixel: 163 41
pixel: 163 42
pixel: 163 43
pixel: 163 44
pixel: 163 45
pixel: 163 46
pixel: 163 47
pixel: 163 48
pixel: 163 49
pixel: 163 50
pixel: 163 51
pixel: 163 52
pixel: 163 53
pixel: 163 54
pixel: 163 55
pixel: 163 56
pixel: 163 57
pixel: 163 58
pixel: 163 59
pixel: 163 60
pixel: 163 61
pixel: 163 62
pixel: 163 63
pixel: 163 64
pixel: 163 65
pixel: 163 66
pixel: 163 67
pixel: 163 68
pixel: 163 69
pixel: 163 70
pixel: 163 71
pixel: 163 72
pixel: 163 73
pixel: 163 74
pixel: 163 75
pixel: 163 76
pixel: 163 77
pixel: 163 78
pixel: 163 79
pixel: 163 80
pixel: 163 81
pixel: 163 82
pixel: 163 83
pixel: 163 84
pixel: 163 85
pixel: 163 86
pixel: 163 87
pixel: 163 88
pixel: 163 89
pixel: 163 90
pixel: 163 91
pixel: 163 92
pixel: 163 93
pixel: 163 94
pixel: 163 95
pixel: 163 96
pixel: 163 97
pixel: 163 98
pixel: 163 99
pixel: 163 100
pixel: 163 101
pixel: 163 102
pixel: 163 103
pixel: 163 104
pixel: 163 105
pixel: 163 106
pixel: 163 107
pixel: 163 108
pixel: 163 109
pixel: 163 110
pixel: 163 111
pixel: 163 112
pixel: 163 113
pixel: 163 114
pixel: 163 115
pixel: 163 116
pixel: 163 117
pixel: 163 118
pixel: 163 119
pixel: 163 120
pixel: 163 121
pixel: 163 122
pixel: 163 123
pixel: 163 124
pixel: 163 125
pixel: 163 126
pixel: 163 127
pixel: 163 128
pixel: 163 129
pixel: 163 130
pixel: 163 131
pixel: 163 132
pixel: 163 133
pixel: 163 134
pixel: 163 135
pixel: 163 136
pixel: 163 137
pixel: 163 138
pixel: 163 139
pixel: 163 140
pixel: 163 141
pixel: 163 142
pixel: 163 143
pixel: 163 144
pixel: 163 145
pixel: 163 146
pixel: 163 147
pixel: 163 148
pixel: 163 149
pixel: 163 150
pixel: 163 151
pixel: 163 152
pixel: 163 153
pixel: 163 154
pixel: 163 155
pixel: 163 156
pixel: 163 157
pixel: 163 158
pixel: 163 159
pixel: 163 160
pixel: 163 161
pixel: 163 162
pixel: 163 163
pixel: 163 164
pixel: 163 165
pixel: 163 166
pixel: 163 167
pixel: 163 168
pixel: 163 169
pixel: 163 170
pixel: 163 171
pixel: 163 172
pixel: 163 173
pixel: 163 174
pixel: 163 175
pixel: 163 176
pixel: 163 177
pixel: 163 178
pixel: 163 179
pixel: 163 180
pixel: 163 181
pixel: 163 182
pixel: 163 183
pixel: 163 184
pixel: 163 185
pixel: 163 186
pixel: 163 187
pixel: 163 188
pixel: 163 189
pixel: 163 190
pixel: 163 191
pixel: 163 192
pixel: 163 193
pixel: 163 194
pixel: 163 195
pixel: 163 196
pixel: 163 197
pixel: 163 198
pixel: 163 199
pixel: 164 0
pixel: 164 1
pixel: 164 2
pixel: 164 3
pixel: 164 4
pixel: 164 5
pixel: 164 6
pixel: 164 7
pixel: 164 8
pixel: 164 9
pixel: 164 10
pixel: 164 11
pixel: 164 12
pixel: 164 13
pixel: 164 14
pixel: 164 15
pixel: 164 16
pixel: 164 17
pixel: 164 18
pixel: 164 19
pixel: 164 20
pixel: 164 21
pixel: 164 22
pixel: 164 23
pixel: 164 24
pixel: 164 25
pixel: 164 26
pixel: 164 27
pixel: 164 28
pixel: 164 29
pixel: 164 30
pixel: 164 31
pixel: 164 32
pixel: 164 33
pixel: 164 34
pixel: 164 35
pixel: 164 36
pixel: 164 37
pixel: 164 38
pixel: 164 39
pixel: 164 40
pixel: 164 41
pixel: 164 42
pixel: 164 43
pixel: 164 44
pixel: 164 45
pixel: 164 46
pixel: 164 47
pixel: 164 48
pixel: 164 49
pixel: 164 50
pixel: 164 51
pixel: 164 52
pixel: 164 53
pixel: 164 54
pixel: 164 55
pixel: 164 56
pixel: 164 57
pixel: 164 58
pixel: 164 59
pixel: 164 60
pixel: 164 61
pixel: 164 62
pixel: 164 63
pixel: 164 64
pixel: 164 65
pixel: 164 66
pixel: 164 67
pixel: 164 68
pixel: 164 69
pixel: 164 70
pixel: 164 71
pixel: 164 72
pixel: 164 73
pixel: 164 74
pixel: 164 75
pixel: 164 76
pixel: 164 77
pixel: 164 78
pixel: 164 79
pixel: 164 80
pixel: 164 81
pixel: 164 82
pixel: 164 83
pixel: 164 84
pixel: 164 85
pixel: 164 86
pixel: 164 87
pixel: 164 88
pixel: 164 89
pixel: 164 90
pixel: 164 91
pixel: 164 92
pixel: 164 93
pixel: 164 94
pixel: 164 95
pixel: 164 96
pixel: 164 97
pixel: 164 98
pixel: 164 99
pixel: 164 100
pixel: 164 101
pixel: 164 102
pixel: 164 103
pixel: 164 104
pixel: 164 105
pixel: 164 106
pixel: 164 107
pixel: 164 108
pixel: 164 109
pixel: 164 110
pixel: 164 111
pixel: 164 112
pixel: 164 113
pixel: 164 114
pixel: 164 115
pixel: 164 116
pixel: 164 117
pixel: 164 118
pixel: 164 119
pixel: 164 120
pixel: 164 121
pixel: 164 122
pixel: 164 123
pixel: 164 124
pixel: 164 125
pixel: 164 126
pixel: 164 127
pixel: 164 128
pixel: 164 129
pixel: 164 130
pixel: 164 131
pixel: 164 132
pixel: 164 133
pixel: 164 134
pixel: 164 135
pixel: 164 136
pixel: 164 137
pixel: 164 138
pixel: 164 139
pixel: 164 140
pixel: 164 141
pixel: 164 142
pixel: 164 143
pixel: 164 144
pixel: 164 145
pixel: 164 146
pixel: 164 147
pixel: 164 148
pixel: 164 149
pixel: 164 150
pixel: 164 151
pixel: 164 152
pixel: 164 153
pixel: 164 154
pixel: 164 155
pixel: 164 156
pixel: 164 157
pixel: 164 158
pixel: 164 159
pixel: 164 160
pixel: 164 161
pixel: 164 162
pixel: 164 163
pixel: 164 164
pixel: 164 165
pixel: 164 166
pixel: 164 167
pixel: 164 168
pixel: 164 169
pixel: 164 170
pixel: 164 171
pixel: 164 172
pixel: 164 173
pixel: 164 174
pixel: 164 175
pixel: 164 176
pixel: 164 177
pixel: 164 178
pixel: 164 179
pixel: 164 180
pixel: 164 181
pixel: 164 182
pixel: 164 183
pixel: 164 184
pixel: 164 185
pixel: 164 186
pixel: 164 187
pixel: 164 188
pixel: 164 189
pixel: 164 190
pixel: 164 191
pixel: 164 192
pixel: 164 193
pixel: 164 194
pixel: 164 195
pixel: 164 196
pixel: 164 197
pixel: 164 198
pixel: 164 199
pixel: 165 0
pixel: 165 1
pixel: 165 2
pixel: 165 3
pixel: 165 4
pixel: 165 5
pixel: 165 6
pixel: 165 7
pixel: 165 8
pixel: 165 9
pixel: 165 10
pixel: 165 11
pixel: 165 12
pixel: 165 13
pixel: 165 14
pixel: 165 15
pixel: 165 16
pixel: 165 17
pixel: 165 18
pixel: 165 19
pixel: 165 20
pixel: 165 21
pixel: 165 22
pixel: 165 23
pixel: 165 24
pixel: 165 25
pixel: 165 26
pixel: 165 27
pixel: 165 28
pixel: 165 29
pixel: 165 30
pixel: 165 31
pixel: 165 32
pixel: 165 33
pixel: 165 34
pixel: 165 35
pixel: 165 36
pixel: 165 37
pixel: 165 38
pixel: 165 39
pixel: 165 40
pixel: 165 41
pixel: 165 42
pixel: 165 43
pixel: 165 44
pixel: 165 45
pixel: 165 46
pixel: 165 47
pixel: 165 48
pixel: 165 49
pixel: 165 50
pixel: 165 51
pixel: 165 52
pixel: 165 53
pixel: 165 54
pixel: 165 55
pixel: 165 56
pixel: 165 57
pixel: 165 58
pixel: 165 59
pixel: 165 60
pixel: 165 61
pixel: 165 62
pixel: 165 63
pixel: 165 64
pixel: 165 65
pixel: 165 66
pixel: 165 67
pixel: 165 68
pixel: 165 69
pixel: 165 70
pixel: 165 71
pixel: 165 72
pixel: 165 73
pixel: 165 74
pixel: 165 75
pixel: 165 76
pixel: 165 77
pixel: 165 78
pixel: 165 79
pixel: 165 80
pixel: 165 81
pixel: 165 82
pixel: 165 83
pixel: 165 84
pixel: 165 85
pixel: 165 86
pixel: 165 87
pixel: 165 88
pixel: 165 89
pixel: 165 90
pixel: 165 91
pixel: 165 92
pixel: 165 93
pixel: 165 94
pixel: 165 95
pixel: 165 96
pixel: 165 97
pixel: 165 98
pixel: 165 99
pixel: 165 100
pixel: 165 101
pixel: 165 102
pixel: 165 103
pixel: 165 104
pixel: 165 105
pixel: 165 106
pixel: 165 107
pixel: 165 108
pixel: 165 109
pixel: 165 110
pixel: 165 111
pixel: 165 112
pixel: 165 113
pixel: 165 114
pixel: 165 115
pixel: 165 116
pixel: 165 117
pixel: 165 118
pixel: 165 119
pixel: 165 120
pixel: 165 121
pixel: 165 122
pixel: 165 123
pixel: 165 124
pixel: 165 125
pixel: 165 126
pixel: 165 127
pixel: 165 128
pixel: 165 129
pixel: 165 130
pixel: 165 131
pixel: 165 132
pixel: 165 133
pixel: 165 134
pixel: 165 135
pixel: 165 136
pixel: 165 137
pixel: 165 138
pixel: 165 139
pixel: 165 140
pixel: 165 141
pixel: 165 142
pixel: 165 143
pixel: 165 144
pixel: 165 145
pixel: 165 146
pixel: 165 147
pixel: 165 148
pixel: 165 149
pixel: 165 150
pixel: 165 151
pixel: 165 152
pixel: 165 153
pixel: 165 154
pixel: 165 155
pixel: 165 156
pixel: 165 157
pixel: 165 158
pixel: 165 159
pixel: 165 160
pixel: 165 161
pixel: 165 162
pixel: 165 163
pixel: 165 164
pixel: 165 165
pixel: 165 166
pixel: 165 167
pixel: 165 168
pixel: 165 169
pixel: 165 170
pixel: 165 171
pixel: 165 172
pixel: 165 173
pixel: 165 174
pixel: 165 175
pixel: 165 176
pixel: 165 177
pixel: 165 178
pixel: 165 179
pixel: 165 180
pixel: 165 181
pixel: 165 182
pixel: 165 183
pixel: 165 184
pixel: 165 185
pixel: 165 186
pixel: 165 187
pixel: 165 188
pixel: 165 189
pixel: 165 190
pixel: 165 191
pixel: 165 192
pixel: 165 193
pixel: 165 194
pixel: 165 195
pixel: 165 196
pixel: 165 197
pixel: 165 198
pixel: 165 199
pixel: 166 0
pixel: 166 1
pixel: 166 2
pixel: 166 3
pixel: 166 4
pixel: 166 5
pixel: 166 6
pixel: 166 7
pixel: 166 8
pixel: 166 9
pixel: 166 10
pixel: 166 11
pixel: 166 12
pixel: 166 13
pixel: 166 14
pixel: 166 15
pixel: 166 16
pixel: 166 17
pixel: 166 18
pixel: 166 19
pixel: 166 20
pixel: 166 21
pixel: 166 22
pixel: 166 23
pixel: 166 24
pixel: 166 25
pixel: 166 26
pixel: 166 27
pixel: 166 28
pixel: 166 29
pixel: 166 30
pixel: 166 31
pixel: 166 32
pixel: 166 33
pixel: 166 34
pixel: 166 35
pixel: 166 36
pixel: 166 37
pixel: 166 38
pixel: 166 39
pixel: 166 40
pixel: 166 41
pixel: 166 42
pixel: 166 43
pixel: 166 44
pixel: 166 45
pixel: 166 46
pixel: 166 47
pixel: 166 48
pixel: 166 49
pixel: 166 50
pixel: 166 51
pixel: 166 52
pixel: 166 53
pixel: 166 54
pixel: 166 55
pixel: 166 56
pixel: 166 57
pixel: 166 58
pixel: 166 59
pixel: 166 60
pixel: 166 61
pixel: 166 62
pixel: 166 63
pixel: 166 64
pixel: 166 65
pixel: 166 66
pixel: 166 67
pixel: 166 68
pixel: 166 69
pixel: 166 70
pixel: 166 71
pixel: 166 72
pixel: 166 73
pixel: 166 74
pixel: 166 75
pixel: 166 76
pixel: 166 77
pixel: 166 78
pixel: 166 79
pixel: 166 80
pixel: 166 81
pixel: 166 82
pixel: 166 83
pixel: 166 84
pixel: 166 85
pixel: 166 86
pixel: 166 87
pixel: 166 88
pixel: 166 89
pixel: 166 90
pixel: 166 91
pixel: 166 92
pixel: 166 93
pixel: 166 94
pixel: 166 95
pixel: 166 96
pixel: 166 97
pixel: 166 98
pixel: 166 99
pixel: 166 100
pixel: 166 101
pixel: 166 102
pixel: 166 103
pixel: 166 104
pixel: 166 105
pixel: 166 106
pixel: 166 107
pixel: 166 108
pixel: 166 109
pixel: 166 110
pixel: 166 111
pixel: 166 112
pixel: 166 113
pixel: 166 114
pixel: 166 115
pixel: 166 116
pixel: 166 117
pixel: 166 118
pixel: 166 119
pixel: 166 120
pixel: 166 121
pixel: 166 122
pixel: 166 123
pixel: 166 124
pixel: 166 125
pixel: 166 126
pixel: 166 127
pixel: 166 128
pixel: 166 129
pixel: 166 130
pixel: 166 131
pixel: 166 132
pixel: 166 133
pixel: 166 134
pixel: 166 135
pixel: 166 136
pixel: 166 137
pixel: 166 138
pixel: 166 139
pixel: 166 140
pixel: 166 141
pixel: 166 142
pixel: 166 143
pixel: 166 144
pixel: 166 145
pixel: 166 146
pixel: 166 147
pixel: 166 148
pixel: 166 149
pixel: 166 150
pixel: 166 151
pixel: 166 152
pixel: 166 153
pixel: 166 154
pixel: 166 155
pixel: 166 156
pixel: 166 157
pixel: 166 158
pixel: 166 159
pixel: 166 160
pixel: 166 161
pixel: 166 162
pixel: 166 163
pixel: 166 164
pixel: 166 165
pixel: 166 166
pixel: 166 167
pixel: 166 168
pixel: 166 169
pixel: 166 170
pixel: 166 171
pixel: 166 172
pixel: 166 173
pixel: 166 174
pixel: 166 175
pixel: 166 176
pixel: 166 177
pixel: 166 178
pixel: 166 179
pixel: 166 180
pixel: 166 181
pixel: 166 182
pixel: 166 183
pixel: 166 184
pixel: 166 185
pixel: 166 186
pixel: 166 187
pixel: 166 188
pixel: 166 189
pixel: 166 190
pixel: 166 191
pixel: 166 192
pixel: 166 193
pixel: 166 194
pixel: 166 195
pixel: 166 196
pixel: 166 197
pixel: 166 198
pixel: 166 199
pixel: 167 0
pixel: 167 1
pixel: 167 2
pixel: 167 3
pixel: 167 4
pixel: 167 5
pixel: 167 6
pixel: 167 7
pixel: 167 8
pixel: 167 9
pixel: 167 10
pixel: 167 11
pixel: 167 12
pixel: 167 13
pixel: 167 14
pixel: 167 15
pixel: 167 16
pixel: 167 17
pixel: 167 18
pixel: 167 19
pixel: 167 20
pixel: 167 21
pixel: 167 22
pixel: 167 23
pixel: 167 24
pixel: 167 25
pixel: 167 26
pixel: 167 27
pixel: 167 28
pixel: 167 29
pixel: 167 30
pixel: 167 31
pixel: 167 32
pixel: 167 33
pixel: 167 34
pixel: 167 35
pixel: 167 36
pixel: 167 37
pixel: 167 38
pixel: 167 39
pixel: 167 40
pixel: 167 41
pixel: 167 42
pixel: 167 43
pixel: 167 44
pixel: 167 45
pixel: 167 46
pixel: 167 47
pixel: 167 48
pixel: 167 49
pixel: 167 50
pixel: 167 51
pixel: 167 52
pixel: 167 53
pixel: 167 54
pixel: 167 55
pixel: 167 56
pixel: 167 57
pixel: 167 58
pixel: 167 59
pixel: 167 60
pixel: 167 61
pixel: 167 62
pixel: 167 63
pixel: 167 64
pixel: 167 65
pixel: 167 66
pixel: 167 67
pixel: 167 68
pixel: 167 69
pixel: 167 70
pixel: 167 71
pixel: 167 72
pixel: 167 73
pixel: 167 74
pixel: 167 75
pixel: 167 76
pixel: 167 77
pixel: 167 78
pixel: 167 79
pixel: 167 80
pixel: 167 81
pixel: 167 82
pixel: 167 83
pixel: 167 84
pixel: 167 85
pixel: 167 86
pixel: 167 87
pixel: 167 88
pixel: 167 89
pixel: 167 90
pixel: 167 91
pixel: 167 92
pixel: 167 93
pixel: 167 94
pixel: 167 95
pixel: 167 96
pixel: 167 97
pixel: 167 98
pixel: 167 99
pixel: 167 100
pixel: 167 101
pixel: 167 102
pixel: 167 103
pixel: 167 104
pixel: 167 105
pixel: 167 106
pixel: 167 107
pixel: 167 108
pixel: 167 109
pixel: 167 110
pixel: 167 111
pixel: 167 112
pixel: 167 113
pixel: 167 114
pixel: 167 115
pixel: 167 116
pixel: 167 117
pixel: 167 118
pixel: 167 119
pixel: 167 120
pixel: 167 121
pixel: 167 122
pixel: 167 123
pixel: 167 124
pixel: 167 125
pixel: 167 126
pixel: 167 127
pixel: 167 128
pixel: 167 129
pixel: 167 130
pixel: 167 131
pixel: 167 132
pixel: 167 133
pixel: 167 134
pixel: 167 135
pixel: 167 136
pixel: 167 137
pixel: 167 138
pixel: 167 139
pixel: 167 140
pixel: 167 141
pixel: 167 142
pixel: 167 143
pixel: 167 144
pixel: 167 145
pixel: 167 146
pixel: 167 147
pixel: 167 148
pixel: 167 149
pixel: 167 150
pixel: 167 151
pixel: 167 152
pixel: 167 153
pixel: 167 154
pixel: 167 155
pixel: 167 156
pixel: 167 157
pixel: 167 158
pixel: 167 159
pixel: 167 160
pixel: 167 161
pixel: 167 162
pixel: 167 163
pixel: 167 164
pixel: 167 165
pixel: 167 166
pixel: 167 167
pixel: 167 168
pixel: 167 169
pixel: 167 170
pixel: 167 171
pixel: 167 172
pixel: 167 173
pixel: 167 174
pixel: 167 175
pixel: 167 176
pixel: 167 177
pixel: 167 178
pixel: 167 179
pixel: 167 180
pixel: 167 181
pixel: 167 182
pixel: 167 183
pixel: 167 184
pixel: 167 185
pixel: 167 186
pixel: 167 187
pixel: 167 188
pixel: 167 189
pixel: 167 190
pixel: 167 191
pixel: 167 192
pixel: 167 193
pixel: 167 194
pixel: 167 195
pixel: 167 196
pixel: 167 197
pixel: 167 198
pixel: 167 199
pixel: 168 0
pixel: 168 1
pixel: 168 2
pixel: 168 3
pixel: 168 4
pixel: 168 5
pixel: 168 6
pixel: 168 7
pixel: 168 8
pixel: 168 9
pixel: 168 10
pixel: 168 11
pixel: 168 12
pixel: 168 13
pixel: 168 14
pixel: 168 15
pixel: 168 16
pixel: 168 17
pixel: 168 18
pixel: 168 19
pixel: 168 20
pixel: 168 21
pixel: 168 22
pixel: 168 23
pixel: 168 24
pixel: 168 25
pixel: 168 26
pixel: 168 27
pixel: 168 28
pixel: 168 29
pixel: 168 30
pixel: 168 31
pixel: 168 32
pixel: 168 33
pixel: 168 34
pixel: 168 35
pixel: 168 36
pixel: 168 37
pixel: 168 38
pixel: 168 39
pixel: 168 40
pixel: 168 41
pixel: 168 42
pixel: 168 43
pixel: 168 44
pixel: 168 45
pixel: 168 46
pixel: 168 47
pixel: 168 48
pixel: 168 49
pixel: 168 50
pixel: 168 51
pixel: 168 52
pixel: 168 53
pixel: 168 54
pixel: 168 55
pixel: 168 56
pixel: 168 57
pixel: 168 58
pixel: 168 59
pixel: 168 60
pixel: 168 61
pixel: 168 62
pixel: 168 63
pixel: 168 64
pixel: 168 65
pixel: 168 66
pixel: 168 67
pixel: 168 68
pixel: 168 69
pixel: 168 70
pixel: 168 71
pixel: 168 72
pixel: 168 73
pixel: 168 74
pixel: 168 75
pixel: 168 76
pixel: 168 77
pixel: 168 78
pixel: 168 79
pixel: 168 80
pixel: 168 81
pixel: 168 82
pixel: 168 83
pixel: 168 84
pixel: 168 85
pixel: 168 86
pixel: 168 87
pixel: 168 88
pixel: 168 89
pixel: 168 90
pixel: 168 91
pixel: 168 92
pixel: 168 93
pixel: 168 94
pixel: 168 95
pixel: 168 96
pixel: 168 97
pixel: 168 98
pixel: 168 99
pixel: 168 100
pixel: 168 101
pixel: 168 102
pixel: 168 103
pixel: 168 104
pixel: 168 105
pixel: 168 106
pixel: 168 107
pixel: 168 108
pixel: 168 109
pixel: 168 110
pixel: 168 111
pixel: 168 112
pixel: 168 113
pixel: 168 114
pixel: 168 115
pixel: 168 116
pixel: 168 117
pixel: 168 118
pixel: 168 119
pixel: 168 120
pixel: 168 121
pixel: 168 122
pixel: 168 123
pixel: 168 124
pixel: 168 125
pixel: 168 126
pixel: 168 127
pixel: 168 128
pixel: 168 129
pixel: 168 130
pixel: 168 131
pixel: 168 132
pixel: 168 133
pixel: 168 134
pixel: 168 135
pixel: 168 136
pixel: 168 137
pixel: 168 138
pixel: 168 139
pixel: 168 140
pixel: 168 141
pixel: 168 142
pixel: 168 143
pixel: 168 144
pixel: 168 145
pixel: 168 146
pixel: 168 147
pixel: 168 148
pixel: 168 149
pixel: 168 150
pixel: 168 151
pixel: 168 152
pixel: 168 153
pixel: 168 154
pixel: 168 155
pixel: 168 156
pixel: 168 157
pixel: 168 158
pixel: 168 159
pixel: 168 160
pixel: 168 161
pixel: 168 162
pixel: 168 163
pixel: 168 164
pixel: 168 165
pixel: 168 166
pixel: 168 167
pixel: 168 168
pixel: 168 169
pixel: 168 170
pixel: 168 171
pixel: 168 172
pixel: 168 173
pixel: 168 174
pixel: 168 175
pixel: 168 176
pixel: 168 177
pixel: 168 178
pixel: 168 179
pixel: 168 180
pixel: 168 181
pixel: 168 182
pixel: 168 183
pixel: 168 184
pixel: 168 185
pixel: 168 186
pixel: 168 187
pixel: 168 188
pixel: 168 189
pixel: 168 190
pixel: 168 191
pixel: 168 192
pixel: 168 193
pixel: 168 194
pixel: 168 195
pixel: 168 196
pixel: 168 197
pixel: 168 198
pixel: 168 199
pixel: 169 0
pixel: 169 1
pixel: 169 2
pixel: 169 3
pixel: 169 4
pixel: 169 5
pixel: 169 6
pixel: 169 7
pixel: 169 8
pixel: 169 9
pixel: 169 10
pixel: 169 11
pixel: 169 12
pixel: 169 13
pixel: 169 14
pixel: 169 15
pixel: 169 16
pixel: 169 17
pixel: 169 18
pixel: 169 19
pixel: 169 20
pixel: 169 21
pixel: 169 22
pixel: 169 23
pixel: 169 24
pixel: 169 25
pixel: 169 26
pixel: 169 27
pixel: 169 28
pixel: 169 29
pixel: 169 30
pixel: 169 31
pixel: 169 32
pixel: 169 33
pixel: 169 34
pixel: 169 35
pixel: 169 36
pixel: 169 37
pixel: 169 38
pixel: 169 39
pixel: 169 40
pixel: 169 41
pixel: 169 42
pixel: 169 43
pixel: 169 44
pixel: 169 45
pixel: 169 46
pixel: 169 47
pixel: 169 48
pixel: 169 49
pixel: 169 50
pixel: 169 51
pixel: 169 52
pixel: 169 53
pixel: 169 54
pixel: 169 55
pixel: 169 56
pixel: 169 57
pixel: 169 58
pixel: 169 59
pixel: 169 60
pixel: 169 61
pixel: 169 62
pixel: 169 63
pixel: 169 64
pixel: 169 65
pixel: 169 66
pixel: 169 67
pixel: 169 68
pixel: 169 69
pixel: 169 70
pixel: 169 71
pixel: 169 72
pixel: 169 73
pixel: 169 74
pixel: 169 75
pixel: 169 76
pixel: 169 77
pixel: 169 78
pixel: 169 79
pixel: 169 80
pixel: 169 81
pixel: 169 82
pixel: 169 83
pixel: 169 84
pixel: 169 85
pixel: 169 86
pixel: 169 87
pixel: 169 88
pixel: 169 89
pixel: 169 90
pixel: 169 91
pixel: 169 92
pixel: 169 93
pixel: 169 94
pixel: 169 95
pixel: 169 96
pixel: 169 97
pixel: 169 98
pixel: 169 99
pixel: 169 100
pixel: 169 101
pixel: 169 102
pixel: 169 103
pixel: 169 104
pixel: 169 105
pixel: 169 106
pixel: 169 107
pixel: 169 108
pixel: 169 109
pixel: 169 110
pixel: 169 111
pixel: 169 112
pixel: 169 113
pixel: 169 114
pixel: 169 115
pixel: 169 116
pixel: 169 117
pixel: 169 118
pixel: 169 119
pixel: 169 120
pixel: 169 121
pixel: 169 122
pixel: 169 123
pixel: 169 124
pixel: 169 125
pixel: 169 126
pixel: 169 127
pixel: 169 128
pixel: 169 129
pixel: 169 130
pixel: 169 131
pixel: 169 132
pixel: 169 133
pixel: 169 134
pixel: 169 135
pixel: 169 136
pixel: 169 137
pixel: 169 138
pixel: 169 139
pixel: 169 140
pixel: 169 141
pixel: 169 142
pixel: 169 143
pixel: 169 144
pixel: 169 145
pixel: 169 146
pixel: 169 147
pixel: 169 148
pixel: 169 149
pixel: 169 150
pixel: 169 151
pixel: 169 152
pixel: 169 153
pixel: 169 154
pixel: 169 155
pixel: 169 156
pixel: 169 157
pixel: 169 158
pixel: 169 159
pixel: 169 160
pixel: 169 161
pixel: 169 162
pixel: 169 163
pixel: 169 164
pixel: 169 165
pixel: 169 166
pixel: 169 167
pixel: 169 168
pixel: 169 169
pixel: 169 170
pixel: 169 171
pixel: 169 172
pixel: 169 173
pixel: 169 174
pixel: 169 175
pixel: 169 176
pixel: 169 177
pixel: 169 178
pixel: 169 179
pixel: 169 180
pixel: 169 181
pixel: 169 182
pixel: 169 183
pixel: 169 184
pixel: 169 185
pixel: 169 186
pixel: 169 187
pixel: 169 188
pixel: 169 189
pixel: 169 190
pixel: 169 191
pixel: 169 192
pixel: 169 193
pixel: 169 194
pixel: 169 195
pixel: 169 196
pixel: 169 197
pixel: 169 198
pixel: 169 199
pixel: 170 0
pixel: 170 1
pixel: 170 2
pixel: 170 3
pixel: 170 4
pixel: 170 5
pixel: 170 6
pixel: 170 7
pixel: 170 8
pixel: 170 9
pixel: 170 10
pixel: 170 11
pixel: 170 12
pixel: 170 13
pixel: 170 14
pixel: 170 15
pixel: 170 16
pixel: 170 17
pixel: 170 18
pixel: 170 19
pixel: 170 20
pixel: 170 21
pixel: 170 22
pixel: 170 23
pixel: 170 24
pixel: 170 25
pixel: 170 26
pixel: 170 27
pixel: 170 28
pixel: 170 29
pixel: 170 30
pixel: 170 31
pixel: 170 32
pixel: 170 33
pixel: 170 34
pixel: 170 35
pixel: 170 36
pixel: 170 37
pixel: 170 38
pixel: 170 39
pixel: 170 40
pixel: 170 41
pixel: 170 42
pixel: 170 43
pixel: 170 44
pixel: 170 45
pixel: 170 46
pixel: 170 47
pixel: 170 48
pixel: 170 49
pixel: 170 50
pixel: 170 51
pixel: 170 52
pixel: 170 53
pixel: 170 54
pixel: 170 55
pixel: 170 56
pixel: 170 57
pixel: 170 58
pixel: 170 59
pixel: 170 60
pixel: 170 61
pixel: 170 62
pixel: 170 63
pixel: 170 64
pixel: 170 65
pixel: 170 66
pixel: 170 67
pixel: 170 68
pixel: 170 69
pixel: 170 70
pixel: 170 71
pixel: 170 72
pixel: 170 73
pixel: 170 74
pixel: 170 75
pixel: 170 76
pixel: 170 77
pixel: 170 78
pixel: 170 79
pixel: 170 80
pixel: 170 81
pixel: 170 82
pixel: 170 83
pixel: 170 84
pixel: 170 85
pixel: 170 86
pixel: 170 87
pixel: 170 88
pixel: 170 89
pixel: 170 90
pixel: 170 91
pixel: 170 92
pixel: 170 93
pixel: 170 94
pixel: 170 95
pixel: 170 96
pixel: 170 97
pixel: 170 98
pixel: 170 99
pixel: 170 100
pixel: 170 101
pixel: 170 102
pixel: 170 103
pixel: 170 104
pixel: 170 105
pixel: 170 106
pixel: 170 107
pixel: 170 108
pixel: 170 109
pixel: 170 110
pixel: 170 111
pixel: 170 112
pixel: 170 113
pixel: 170 114
pixel: 170 115
pixel: 170 116
pixel: 170 117
pixel: 170 118
pixel: 170 119
pixel: 170 120
pixel: 170 121
pixel: 170 122
pixel: 170 123
pixel: 170 124
pixel: 170 125
pixel: 170 126
pixel: 170 127
pixel: 170 128
pixel: 170 129
pixel: 170 130
pixel: 170 131
pixel: 170 132
pixel: 170 133
pixel: 170 134
pixel: 170 135
pixel: 170 136
pixel: 170 137
pixel: 170 138
pixel: 170 139
pixel: 170 140
pixel: 170 141
pixel: 170 142
pixel: 170 143
pixel: 170 144
pixel: 170 145
pixel: 170 146
pixel: 170 147
pixel: 170 148
pixel: 170 149
pixel: 170 150
pixel: 170 151
pixel: 170 152
pixel: 170 153
pixel: 170 154
pixel: 170 155
pixel: 170 156
pixel: 170 157
pixel: 170 158
pixel: 170 159
pixel: 170 160
pixel: 170 161
pixel: 170 162
pixel: 170 163
pixel: 170 164
pixel: 170 165
pixel: 170 166
pixel: 170 167
pixel: 170 168
pixel: 170 169
pixel: 170 170
pixel: 170 171
pixel: 170 172
pixel: 170 173
pixel: 170 174
pixel: 170 175
pixel: 170 176
pixel: 170 177
pixel: 170 178
pixel: 170 179
pixel: 170 180
pixel: 170 181
pixel: 170 182
pixel: 170 183
pixel: 170 184
pixel: 170 185
pixel: 170 186
pixel: 170 187
pixel: 170 188
pixel: 170 189
pixel: 170 190
pixel: 170 191
pixel: 170 192
pixel: 170 193
pixel: 170 194
pixel: 170 195
pixel: 170 196
pixel: 170 197
pixel: 170 198
pixel: 170 199
pixel: 171 0
pixel: 171 1
pixel: 171 2
pixel: 171 3
pixel: 171 4
pixel: 171 5
pixel: 171 6
pixel: 171 7
pixel: 171 8
pixel: 171 9
pixel: 171 10
pixel: 171 11
pixel: 171 12
pixel: 171 13
pixel: 171 14
pixel: 171 15
pixel: 171 16
pixel: 171 17
pixel: 171 18
pixel: 171 19
pixel: 171 20
pixel: 171 21
pixel: 171 22
pixel: 171 23
pixel: 171 24
pixel: 171 25
pixel: 171 26
pixel: 171 27
pixel: 171 28
pixel: 171 29
pixel: 171 30
pixel: 171 31
pixel: 171 32
pixel: 171 33
pixel: 171 34
pixel: 171 35
pixel: 171 36
pixel: 171 37
pixel: 171 38
pixel: 171 39
pixel: 171 40
pixel: 171 41
pixel: 171 42
pixel: 171 43
pixel: 171 44
pixel: 171 45
pixel: 171 46
pixel: 171 47
pixel: 171 48
pixel: 171 49
pixel: 171 50
pixel: 171 51
pixel: 171 52
pixel: 171 53
pixel: 171 54
pixel: 171 55
pixel: 171 56
pixel: 171 57
pixel: 171 58
pixel: 171 59
pixel: 171 60
pixel: 171 61
pixel: 171 62
pixel: 171 63
pixel: 171 64
pixel: 171 65
pixel: 171 66
pixel: 171 67
pixel: 171 68
pixel: 171 69
pixel: 171 70
pixel: 171 71
pixel: 171 72
pixel: 171 73
pixel: 171 74
pixel: 171 75
pixel: 171 76
pixel: 171 77
pixel: 171 78
pixel: 171 79
pixel: 171 80
pixel: 171 81
pixel: 171 82
pixel: 171 83
pixel: 171 84
pixel: 171 85
pixel: 171 86
pixel: 171 87
pixel: 171 88
pixel: 171 89
pixel: 171 90
pixel: 171 91
pixel: 171 92
pixel: 171 93
pixel: 171 94
pixel: 171 95
pixel: 171 96
pixel: 171 97
pixel: 171 98
pixel: 171 99
pixel: 171 100
pixel: 171 101
pixel: 171 102
pixel: 171 103
pixel: 171 104
pixel: 171 105
pixel: 171 106
pixel: 171 107
pixel: 171 108
pixel: 171 109
pixel: 171 110
pixel: 171 111
pixel: 171 112
pixel: 171 113
pixel: 171 114
pixel: 171 115
pixel: 171 116
pixel: 171 117
pixel: 171 118
pixel: 171 119
pixel: 171 120
pixel: 171 121
pixel: 171 122
pixel: 171 123
pixel: 171 124
pixel: 171 125
pixel: 171 126
pixel: 171 127
pixel: 171 128
pixel: 171 129
pixel: 171 130
pixel: 171 131
pixel: 171 132
pixel: 171 133
pixel: 171 134
pixel: 171 135
pixel: 171 136
pixel: 171 137
pixel: 171 138
pixel: 171 139
pixel: 171 140
pixel: 171 141
pixel: 171 142
pixel: 171 143
pixel: 171 144
pixel: 171 145
pixel: 171 146
pixel: 171 147
pixel: 171 148
pixel: 171 149
pixel: 171 150
pixel: 171 151
pixel: 171 152
pixel: 171 153
pixel: 171 154
pixel: 171 155
pixel: 171 156
pixel: 171 157
pixel: 171 158
pixel: 171 159
pixel: 171 160
pixel: 171 161
pixel: 171 162
pixel: 171 163
pixel: 171 164
pixel: 171 165
pixel: 171 166
pixel: 171 167
pixel: 171 168
pixel: 171 169
pixel: 171 170
pixel: 171 171
pixel: 171 172
pixel: 171 173
pixel: 171 174
pixel: 171 175
pixel: 171 176
pixel: 171 177
pixel: 171 178
pixel: 171 179
pixel: 171 180
pixel: 171 181
pixel: 171 182
pixel: 171 183
pixel: 171 184
pixel: 171 185
pixel: 171 186
pixel: 171 187
pixel: 171 188
pixel: 171 189
pixel: 171 190
pixel: 171 191
pixel: 171 192
pixel: 171 193
pixel: 171 194
pixel: 171 195
pixel: 171 196
pixel: 171 197
pixel: 171 198
pixel: 171 199
pixel: 172 0
pixel: 172 1
pixel: 172 2
pixel: 172 3
pixel: 172 4
pixel: 172 5
pixel: 172 6
pixel: 172 7
pixel: 172 8
pixel: 172 9
pixel: 172 10
pixel: 172 11
pixel: 172 12
pixel: 172 13
pixel: 172 14
pixel: 172 15
pixel: 172 16
pixel: 172 17
pixel: 172 18
pixel: 172 19
pixel: 172 20
pixel: 172 21
pixel: 172 22
pixel: 172 23
pixel: 172 24
pixel: 172 25
pixel: 172 26
pixel: 172 27
pixel: 172 28
pixel: 172 29
pixel: 172 30
pixel: 172 31
pixel: 172 32
pixel: 172 33
pixel: 172 34
pixel: 172 35
pixel: 172 36
pixel: 172 37
pixel: 172 38
pixel: 172 39
pixel: 172 40
pixel: 172 41
pixel: 172 42
pixel: 172 43
pixel: 172 44
pixel: 172 45
pixel: 172 46
pixel: 172 47
pixel: 172 48
pixel: 172 49
pixel: 172 50
pixel: 172 51
pixel: 172 52
pixel: 172 53
pixel: 172 54
pixel: 172 55
pixel: 172 56
pixel: 172 57
pixel: 172 58
pixel: 172 59
pixel: 172 60
pixel: 172 61
pixel: 172 62
pixel: 172 63
pixel: 172 64
pixel: 172 65
pixel: 172 66
pixel: 172 67
pixel: 172 68
pixel: 172 69
pixel: 172 70
pixel: 172 71
pixel: 172 72
pixel: 172 73
pixel: 172 74
pixel: 172 75
pixel: 172 76
pixel: 172 77
pixel: 172 78
pixel: 172 79
pixel: 172 80
pixel: 172 81
pixel: 172 82
pixel: 172 83
pixel: 172 84
pixel: 172 85
pixel: 172 86
pixel: 172 87
pixel: 172 88
pixel: 172 89
pixel: 172 90
pixel: 172 91
pixel: 172 92
pixel: 172 93
pixel: 172 94
pixel: 172 95
pixel: 172 96
pixel: 172 97
pixel: 172 98
pixel: 172 99
pixel: 172 100
pixel: 172 101
pixel: 172 102
pixel: 172 103
pixel: 172 104
pixel: 172 105
pixel: 172 106
pixel: 172 107
pixel: 172 108
pixel: 172 109
pixel: 172 110
pixel: 172 111
pixel: 172 112
pixel: 172 113
pixel: 172 114
pixel: 172 115
pixel: 172 116
pixel: 172 117
pixel: 172 118
pixel: 172 119
pixel: 172 120
pixel: 172 121
pixel: 172 122
pixel: 172 123
pixel: 172 124
pixel: 172 125
pixel: 172 126
pixel: 172 127
pixel: 172 128
pixel: 172 129
pixel: 172 130
pixel: 172 131
pixel: 172 132
pixel: 172 133
pixel: 172 134
pixel: 172 135
pixel: 172 136
pixel: 172 137
pixel: 172 138
pixel: 172 139
pixel: 172 140
pixel: 172 141
pixel: 172 142
pixel: 172 143
pixel: 172 144
pixel: 172 145
pixel: 172 146
pixel: 172 147
pixel: 172 148
pixel: 172 149
pixel: 172 150
pixel: 172 151
pixel: 172 152
pixel: 172 153
pixel: 172 154
pixel: 172 155
pixel: 172 156
pixel: 172 157
pixel: 172 158
pixel: 172 159
pixel: 172 160
pixel: 172 161
pixel: 172 162
pixel: 172 163
pixel: 172 164
pixel: 172 165
pixel: 172 166
pixel: 172 167
pixel: 172 168
pixel: 172 169
pixel: 172 170
pixel: 172 171
pixel: 172 172
pixel: 172 173
pixel: 172 174
pixel: 172 175
pixel: 172 176
pixel: 172 177
pixel: 172 178
pixel: 172 179
pixel: 172 180
pixel: 172 181
pixel: 172 182
pixel: 172 183
pixel: 172 184
pixel: 172 185
pixel: 172 186
pixel: 172 187
pixel: 172 188
pixel: 172 189
pixel: 172 190
pixel: 172 191
pixel: 172 192
pixel: 172 193
pixel: 172 194
pixel: 172 195
pixel: 172 196
pixel: 172 197
pixel: 172 198
pixel: 172 199
pixel: 173 0
pixel: 173 1
pixel: 173 2
pixel: 173 3
pixel: 173 4
pixel: 173 5
pixel: 173 6
pixel: 173 7
pixel: 173 8
pixel: 173 9
pixel: 173 10
pixel: 173 11
pixel: 173 12
pixel: 173 13
pixel: 173 14
pixel: 173 15
pixel: 173 16
pixel: 173 17
pixel: 173 18
pixel: 173 19
pixel: 173 20
pixel: 173 21
pixel: 173 22
pixel: 173 23
pixel: 173 24
pixel: 173 25
pixel: 173 26
pixel: 173 27
pixel: 173 28
pixel: 173 29
pixel: 173 30
pixel: 173 31
pixel: 173 32
pixel: 173 33
pixel: 173 34
pixel: 173 35
pixel: 173 36
pixel: 173 37
pixel: 173 38
pixel: 173 39
pixel: 173 40
pixel: 173 41
pixel: 173 42
pixel: 173 43
pixel: 173 44
pixel: 173 45
pixel: 173 46
pixel: 173 47
pixel: 173 48
pixel: 173 49
pixel: 173 50
pixel: 173 51
pixel: 173 52
pixel: 173 53
pixel: 173 54
pixel: 173 55
pixel: 173 56
pixel: 173 57
pixel: 173 58
pixel: 173 59
pixel: 173 60
pixel: 173 61
pixel: 173 62
pixel: 173 63
pixel: 173 64
pixel: 173 65
pixel: 173 66
pixel: 173 67
pixel: 173 68
pixel: 173 69
pixel: 173 70
pixel: 173 71
pixel: 173 72
pixel: 173 73
pixel: 173 74
pixel: 173 75
pixel: 173 76
pixel: 173 77
pixel: 173 78
pixel: 173 79
pixel: 173 80
pixel: 173 81
pixel: 173 82
pixel: 173 83
pixel: 173 84
pixel: 173 85
pixel: 173 86
pixel: 173 87
pixel: 173 88
pixel: 173 89
pixel: 173 90
pixel: 173 91
pixel: 173 92
pixel: 173 93
pixel: 173 94
pixel: 173 95
pixel: 173 96
pixel: 173 97
pixel: 173 98
pixel: 173 99
pixel: 173 100
pixel: 173 101
pixel: 173 102
pixel: 173 103
pixel: 173 104
pixel: 173 105
pixel: 173 106
pixel: 173 107
pixel: 173 108
pixel: 173 109
pixel: 173 110
pixel: 173 111
pixel: 173 112
pixel: 173 113
pixel: 173 114
pixel: 173 115
pixel: 173 116
pixel: 173 117
pixel: 173 118
pixel: 173 119
pixel: 173 120
pixel: 173 121
pixel: 173 122
pixel: 173 123
pixel: 173 124
pixel: 173 125
pixel: 173 126
pixel: 173 127
pixel: 173 128
pixel: 173 129
pixel: 173 130
pixel: 173 131
pixel: 173 132
pixel: 173 133
pixel: 173 134
pixel: 173 135
pixel: 173 136
pixel: 173 137
pixel: 173 138
pixel: 173 139
pixel: 173 140
pixel: 173 141
pixel: 173 142
pixel: 173 143
pixel: 173 144
pixel: 173 145
pixel: 173 146
pixel: 173 147
pixel: 173 148
pixel: 173 149
pixel: 173 150
pixel: 173 151
pixel: 173 152
pixel: 173 153
pixel: 173 154
pixel: 173 155
pixel: 173 156
pixel: 173 157
pixel: 173 158
pixel: 173 159
pixel: 173 160
pixel: 173 161
pixel: 173 162
pixel: 173 163
pixel: 173 164
pixel: 173 165
pixel: 173 166
pixel: 173 167
pixel: 173 168
pixel: 173 169
pixel: 173 170
pixel: 173 171
pixel: 173 172
pixel: 173 173
pixel: 173 174
pixel: 173 175
pixel: 173 176
pixel: 173 177
pixel: 173 178
pixel: 173 179
pixel: 173 180
pixel: 173 181
pixel: 173 182
pixel: 173 183
pixel: 173 184
pixel: 173 185
pixel: 173 186
pixel: 173 187
pixel: 173 188
pixel: 173 189
pixel: 173 190
pixel: 173 191
pixel: 173 192
pixel: 173 193
pixel: 173 194
pixel: 173 195
pixel: 173 196
pixel: 173 197
pixel: 173 198
pixel: 173 199
pixel: 174 0
pixel: 174 1
pixel: 174 2
pixel: 174 3
pixel: 174 4
pixel: 174 5
pixel: 174 6
pixel: 174 7
pixel: 174 8
pixel: 174 9
pixel: 174 10
pixel: 174 11
pixel: 174 12
pixel: 174 13
pixel: 174 14
pixel: 174 15
pixel: 174 16
pixel: 174 17
pixel: 174 18
pixel: 174 19
pixel: 174 20
pixel: 174 21
pixel: 174 22
pixel: 174 23
pixel: 174 24
pixel: 174 25
pixel: 174 26
pixel: 174 27
pixel: 174 28
pixel: 174 29
pixel: 174 30
pixel: 174 31
pixel: 174 32
pixel: 174 33
pixel: 174 34
pixel: 174 35
pixel: 174 36
pixel: 174 37
pixel: 174 38
pixel: 174 39
pixel: 174 40
pixel: 174 41
pixel: 174 42
pixel: 174 43
pixel: 174 44
pixel: 174 45
pixel: 174 46
pixel: 174 47
pixel: 174 48
pixel: 174 49
pixel: 174 50
pixel: 174 51
pixel: 174 52
pixel: 174 53
pixel: 174 54
pixel: 174 55
pixel: 174 56
pixel: 174 57
pixel: 174 58
pixel: 174 59
pixel: 174 60
pixel: 174 61
pixel: 174 62
pixel: 174 63
pixel: 174 64
pixel: 174 65
pixel: 174 66
pixel: 174 67
pixel: 174 68
pixel: 174 69
pixel: 174 70
pixel: 174 71
pixel: 174 72
pixel: 174 73
pixel: 174 74
pixel: 174 75
pixel: 174 76
pixel: 174 77
pixel: 174 78
pixel: 174 79
pixel: 174 80
pixel: 174 81
pixel: 174 82
pixel: 174 83
pixel: 174 84
pixel: 174 85
pixel: 174 86
pixel: 174 87
pixel: 174 88
pixel: 174 89
pixel: 174 90
pixel: 174 91
pixel: 174 92
pixel: 174 93
pixel: 174 94
pixel: 174 95
pixel: 174 96
pixel: 174 97
pixel: 174 98
pixel: 174 99
pixel: 174 100
pixel: 174 101
pixel: 174 102
pixel: 174 103
pixel: 174 104
pixel: 174 105
pixel: 174 106
pixel: 174 107
pixel: 174 108
pixel: 174 109
pixel: 174 110
pixel: 174 111
pixel: 174 112
pixel: 174 113
pixel: 174 114
pixel: 174 115
pixel: 174 116
pixel: 174 117
pixel: 174 118
pixel: 174 119
pixel: 174 120
pixel: 174 121
pixel: 174 122
pixel: 174 123
pixel: 174 124
pixel: 174 125
pixel: 174 126
pixel: 174 127
pixel: 174 128
pixel: 174 129
pixel: 174 130
pixel: 174 131
pixel: 174 132
pixel: 174 133
pixel: 174 134
pixel: 174 135
pixel: 174 136
pixel: 174 137
pixel: 174 138
pixel: 174 139
pixel: 174 140
pixel: 174 141
pixel: 174 142
pixel: 174 143
pixel: 174 144
pixel: 174 145
pixel: 174 146
pixel: 174 147
pixel: 174 148
pixel: 174 149
pixel: 174 150
pixel: 174 151
pixel: 174 152
pixel: 174 153
pixel: 174 154
pixel: 174 155
pixel: 174 156
pixel: 174 157
pixel: 174 158
pixel: 174 159
pixel: 174 160
pixel: 174 161
pixel: 174 162
pixel: 174 163
pixel: 174 164
pixel: 174 165
pixel: 174 166
pixel: 174 167
pixel: 174 168
pixel: 174 169
pixel: 174 170
pixel: 174 171
pixel: 174 172
pixel: 174 173
pixel: 174 174
pixel: 174 175
pixel: 174 176
pixel: 174 177
pixel: 174 178
pixel: 174 179
pixel: 174 180
pixel: 174 181
pixel: 174 182
pixel: 174 183
pixel: 174 184
pixel: 174 185
pixel: 174 186
pixel: 174 187
pixel: 174 188
pixel: 174 189
pixel: 174 190
pixel: 174 191
pixel: 174 192
pixel: 174 193
pixel: 174 194
pixel: 174 195
pixel: 174 196
pixel: 174 197
pixel: 174 198
pixel: 174 199
pixel: 175 0
pixel: 175 1
pixel: 175 2
pixel: 175 3
pixel: 175 4
pixel: 175 5
pixel: 175 6
pixel: 175 7
pixel: 175 8
pixel: 175 9
pixel: 175 10
pixel: 175 11
pixel: 175 12
pixel: 175 13
pixel: 175 14
pixel: 175 15
pixel: 175 16
pixel: 175 17
pixel: 175 18
pixel: 175 19
pixel: 175 20
pixel: 175 21
pixel: 175 22
pixel: 175 23
pixel: 175 24
pixel: 175 25
pixel: 175 26
pixel: 175 27
pixel: 175 28
pixel: 175 29
pixel: 175 30
pixel: 175 31
pixel: 175 32
pixel: 175 33
pixel: 175 34
pixel: 175 35
pixel: 175 36
pixel: 175 37
pixel: 175 38
pixel: 175 39
pixel: 175 40
pixel: 175 41
pixel: 175 42
pixel: 175 43
pixel: 175 44
pixel: 175 45
pixel: 175 46
pixel: 175 47
pixel: 175 48
pixel: 175 49
pixel: 175 50
pixel: 175 51
pixel: 175 52
pixel: 175 53
pixel: 175 54
pixel: 175 55
pixel: 175 56
pixel: 175 57
pixel: 175 58
pixel: 175 59
pixel: 175 60
pixel: 175 61
pixel: 175 62
pixel: 175 63
pixel: 175 64
pixel: 175 65
pixel: 175 66
pixel: 175 67
pixel: 175 68
pixel: 175 69
pixel: 175 70
pixel: 175 71
pixel: 175 72
pixel: 175 73
pixel: 175 74
pixel: 175 75
pixel: 175 76
pixel: 175 77
pixel: 175 78
pixel: 175 79
pixel: 175 80
pixel: 175 81
pixel: 175 82
pixel: 175 83
pixel: 175 84
pixel: 175 85
pixel: 175 86
pixel: 175 87
pixel: 175 88
pixel: 175 89
pixel: 175 90
pixel: 175 91
pixel: 175 92
pixel: 175 93
pixel: 175 94
pixel: 175 95
pixel: 175 96
pixel: 175 97
pixel: 175 98
pixel: 175 99
pixel: 175 100
pixel: 175 101
pixel: 175 102
pixel: 175 103
pixel: 175 104
pixel: 175 105
pixel: 175 106
pixel: 175 107
pixel: 175 108
pixel: 175 109
pixel: 175 110
pixel: 175 111
pixel: 175 112
pixel: 175 113
pixel: 175 114
pixel: 175 115
pixel: 175 116
pixel: 175 117
pixel: 175 118
pixel: 175 119
pixel: 175 120
pixel: 175 121
pixel: 175 122
pixel: 175 123
pixel: 175 124
pixel: 175 125
pixel: 175 126
pixel: 175 127
pixel: 175 128
pixel: 175 129
pixel: 175 130
pixel: 175 131
pixel: 175 132
pixel: 175 133
pixel: 175 134
pixel: 175 135
pixel: 175 136
pixel: 175 137
pixel: 175 138
pixel: 175 139
pixel: 175 140
pixel: 175 141
pixel: 175 142
pixel: 175 143
pixel: 175 144
pixel: 175 145
pixel: 175 146
pixel: 175 147
pixel: 175 148
pixel: 175 149
pixel: 175 150
pixel: 175 151
pixel: 175 152
pixel: 175 153
pixel: 175 154
pixel: 175 155
pixel: 175 156
pixel: 175 157
pixel: 175 158
pixel: 175 159
pixel: 175 160
pixel: 175 161
pixel: 175 162
pixel: 175 163
pixel: 175 164
pixel: 175 165
pixel: 175 166
pixel: 175 167
pixel: 175 168
pixel: 175 169
pixel: 175 170
pixel: 175 171
pixel: 175 172
pixel: 175 173
pixel: 175 174
pixel: 175 175
pixel: 175 176
pixel: 175 177
pixel: 175 178
pixel: 175 179
pixel: 175 180
pixel: 175 181
pixel: 175 182
pixel: 175 183
pixel: 175 184
pixel: 175 185
pixel: 175 186
pixel: 175 187
pixel: 175 188
pixel: 175 189
pixel: 175 190
pixel: 175 191
pixel: 175 192
pixel: 175 193
pixel: 175 194
pixel: 175 195
pixel: 175 196
pixel: 175 197
pixel: 175 198
pixel: 175 199
pixel: 176 0
pixel: 176 1
pixel: 176 2
pixel: 176 3
pixel: 176 4
pixel: 176 5
pixel: 176 6
pixel: 176 7
pixel: 176 8
pixel: 176 9
pixel: 176 10
pixel: 176 11
pixel: 176 12
pixel: 176 13
pixel: 176 14
pixel: 176 15
pixel: 176 16
pixel: 176 17
pixel: 176 18
pixel: 176 19
pixel: 176 20
pixel: 176 21
pixel: 176 22
pixel: 176 23
pixel: 176 24
pixel: 176 25
pixel: 176 26
pixel: 176 27
pixel: 176 28
pixel: 176 29
pixel: 176 30
pixel: 176 31
pixel: 176 32
pixel: 176 33
pixel: 176 34
pixel: 176 35
pixel: 176 36
pixel: 176 37
pixel: 176 38
pixel: 176 39
pixel: 176 40
pixel: 176 41
pixel: 176 42
pixel: 176 43
pixel: 176 44
pixel: 176 45
pixel: 176 46
pixel: 176 47
pixel: 176 48
pixel: 176 49
pixel: 176 50
pixel: 176 51
pixel: 176 52
pixel: 176 53
pixel: 176 54
pixel: 176 55
pixel: 176 56
pixel: 176 57
pixel: 176 58
pixel: 176 59
pixel: 176 60
pixel: 176 61
pixel: 176 62
pixel: 176 63
pixel: 176 64
pixel: 176 65
pixel: 176 66
pixel: 176 67
pixel: 176 68
pixel: 176 69
pixel: 176 70
pixel: 176 71
pixel: 176 72
pixel: 176 73
pixel: 176 74
pixel: 176 75
pixel: 176 76
pixel: 176 77
pixel: 176 78
pixel: 176 79
pixel: 176 80
pixel: 176 81
pixel: 176 82
pixel: 176 83
pixel: 176 84
pixel: 176 85
pixel: 176 86
pixel: 176 87
pixel: 176 88
pixel: 176 89
pixel: 176 90
pixel: 176 91
pixel: 176 92
pixel: 176 93
pixel: 176 94
pixel: 176 95
pixel: 176 96
pixel: 176 97
pixel: 176 98
pixel: 176 99
pixel: 176 100
pixel: 176 101
pixel: 176 102
pixel: 176 103
pixel: 176 104
pixel: 176 105
pixel: 176 106
pixel: 176 107
pixel: 176 108
pixel: 176 109
pixel: 176 110
pixel: 176 111
pixel: 176 112
pixel: 176 113
pixel: 176 114
pixel: 176 115
pixel: 176 116
pixel: 176 117
pixel: 176 118
pixel: 176 119
pixel: 176 120
pixel: 176 121
pixel: 176 122
pixel: 176 123
pixel: 176 124
pixel: 176 125
pixel: 176 126
pixel: 176 127
pixel: 176 128
pixel: 176 129
pixel: 176 130
pixel: 176 131
pixel: 176 132
pixel: 176 133
pixel: 176 134
pixel: 176 135
pixel: 176 136
pixel: 176 137
pixel: 176 138
pixel: 176 139
pixel: 176 140
pixel: 176 141
pixel: 176 142
pixel: 176 143
pixel: 176 144
pixel: 176 145
pixel: 176 146
pixel: 176 147
pixel: 176 148
pixel: 176 149
pixel: 176 150
pixel: 176 151
pixel: 176 152
pixel: 176 153
pixel: 176 154
pixel: 176 155
pixel: 176 156
pixel: 176 157
pixel: 176 158
pixel: 176 159
pixel: 176 160
pixel: 176 161
pixel: 176 162
pixel: 176 163
pixel: 176 164
pixel: 176 165
pixel: 176 166
pixel: 176 167
pixel: 176 168
pixel: 176 169
pixel: 176 170
pixel: 176 171
pixel: 176 172
pixel: 176 173
pixel: 176 174
pixel: 176 175
pixel: 176 176
pixel: 176 177
pixel: 176 178
pixel: 176 179
pixel: 176 180
pixel: 176 181
pixel: 176 182
pixel: 176 183
pixel: 176 184
pixel: 176 185
pixel: 176 186
pixel: 176 187
pixel: 176 188
pixel: 176 189
pixel: 176 190
pixel: 176 191
pixel: 176 192
pixel: 176 193
pixel: 176 194
pixel: 176 195
pixel: 176 196
pixel: 176 197
pixel: 176 198
pixel: 176 199
pixel: 177 0
pixel: 177 1
pixel: 177 2
pixel: 177 3
pixel: 177 4
pixel: 177 5
pixel: 177 6
pixel: 177 7
pixel: 177 8
pixel: 177 9
pixel: 177 10
pixel: 177 11
pixel: 177 12
pixel: 177 13
pixel: 177 14
pixel: 177 15
pixel: 177 16
pixel: 177 17
pixel: 177 18
pixel: 177 19
pixel: 177 20
pixel: 177 21
pixel: 177 22
pixel: 177 23
pixel: 177 24
pixel: 177 25
pixel: 177 26
pixel: 177 27
pixel: 177 28
pixel: 177 29
pixel: 177 30
pixel: 177 31
pixel: 177 32
pixel: 177 33
pixel: 177 34
pixel: 177 35
pixel: 177 36
pixel: 177 37
pixel: 177 38
pixel: 177 39
pixel: 177 40
pixel: 177 41
pixel: 177 42
pixel: 177 43
pixel: 177 44
pixel: 177 45
pixel: 177 46
pixel: 177 47
pixel: 177 48
pixel: 177 49
pixel: 177 50
pixel: 177 51
pixel: 177 52
pixel: 177 53
pixel: 177 54
pixel: 177 55
pixel: 177 56
pixel: 177 57
pixel: 177 58
pixel: 177 59
pixel: 177 60
pixel: 177 61
pixel: 177 62
pixel: 177 63
pixel: 177 64
pixel: 177 65
pixel: 177 66
pixel: 177 67
pixel: 177 68
pixel: 177 69
pixel: 177 70
pixel: 177 71
pixel: 177 72
pixel: 177 73
pixel: 177 74
pixel: 177 75
pixel: 177 76
pixel: 177 77
pixel: 177 78
pixel: 177 79
pixel: 177 80
pixel: 177 81
pixel: 177 82
pixel: 177 83
pixel: 177 84
pixel: 177 85
pixel: 177 86
pixel: 177 87
pixel: 177 88
pixel: 177 89
pixel: 177 90
pixel: 177 91
pixel: 177 92
pixel: 177 93
pixel: 177 94
pixel: 177 95
pixel: 177 96
pixel: 177 97
pixel: 177 98
pixel: 177 99
pixel: 177 100
pixel: 177 101
pixel: 177 102
pixel: 177 103
pixel: 177 104
pixel: 177 105
pixel: 177 106
pixel: 177 107
pixel: 177 108
pixel: 177 109
pixel: 177 110
pixel: 177 111
pixel: 177 112
pixel: 177 113
pixel: 177 114
pixel: 177 115
pixel: 177 116
pixel: 177 117
pixel: 177 118
pixel: 177 119
pixel: 177 120
pixel: 177 121
pixel: 177 122
pixel: 177 123
pixel: 177 124
pixel: 177 125
pixel: 177 126
pixel: 177 127
pixel: 177 128
pixel: 177 129
pixel: 177 130
pixel: 177 131
pixel: 177 132
pixel: 177 133
pixel: 177 134
pixel: 177 135
pixel: 177 136
pixel: 177 137
pixel: 177 138
pixel: 177 139
pixel: 177 140
pixel: 177 141
pixel: 177 142
pixel: 177 143
pixel: 177 144
pixel: 177 145
pixel: 177 146
pixel: 177 147
pixel: 177 148
pixel: 177 149
pixel: 177 150
pixel: 177 151
pixel: 177 152
pixel: 177 153
pixel: 177 154
pixel: 177 155
pixel: 177 156
pixel: 177 157
pixel: 177 158
pixel: 177 159
pixel: 177 160
pixel: 177 161
pixel: 177 162
pixel: 177 163
pixel: 177 164
pixel: 177 165
pixel: 177 166
pixel: 177 167
pixel: 177 168
pixel: 177 169
pixel: 177 170
pixel: 177 171
pixel: 177 172
pixel: 177 173
pixel: 177 174
pixel: 177 175
pixel: 177 176
pixel: 177 177
pixel: 177 178
pixel: 177 179
pixel: 177 180
pixel: 177 181
pixel: 177 182
pixel: 177 183
pixel: 177 184
pixel: 177 185
pixel: 177 186
pixel: 177 187
pixel: 177 188
pixel: 177 189
pixel: 177 190
pixel: 177 191
pixel: 177 192
pixel: 177 193
pixel: 177 194
pixel: 177 195
pixel: 177 196
pixel: 177 197
pixel: 177 198
pixel: 177 199
pixel: 178 0
pixel: 178 1
pixel: 178 2
pixel: 178 3
pixel: 178 4
pixel: 178 5
pixel: 178 6
pixel: 178 7
pixel: 178 8
pixel: 178 9
pixel: 178 10
pixel: 178 11
pixel: 178 12
pixel: 178 13
pixel: 178 14
pixel: 178 15
pixel: 178 16
pixel: 178 17
pixel: 178 18
pixel: 178 19
pixel: 178 20
pixel: 178 21
pixel: 178 22
pixel: 178 23
pixel: 178 24
pixel: 178 25
pixel: 178 26
pixel: 178 27
pixel: 178 28
pixel: 178 29
pixel: 178 30
pixel: 178 31
pixel: 178 32
pixel: 178 33
pixel: 178 34
pixel: 178 35
pixel: 178 36
pixel: 178 37
pixel: 178 38
pixel: 178 39
pixel: 178 40
pixel: 178 41
pixel: 178 42
pixel: 178 43
pixel: 178 44
pixel: 178 45
pixel: 178 46
pixel: 178 47
pixel: 178 48
pixel: 178 49
pixel: 178 50
pixel: 178 51
pixel: 178 52
pixel: 178 53
pixel: 178 54
pixel: 178 55
pixel: 178 56
pixel: 178 57
pixel: 178 58
pixel: 178 59
pixel: 178 60
pixel: 178 61
pixel: 178 62
pixel: 178 63
pixel: 178 64
pixel: 178 65
pixel: 178 66
pixel: 178 67
pixel: 178 68
pixel: 178 69
pixel: 178 70
pixel: 178 71
pixel: 178 72
pixel: 178 73
pixel: 178 74
pixel: 178 75
pixel: 178 76
pixel: 178 77
pixel: 178 78
pixel: 178 79
pixel: 178 80
pixel: 178 81
pixel: 178 82
pixel: 178 83
pixel: 178 84
pixel: 178 85
pixel: 178 86
pixel: 178 87
pixel: 178 88
pixel: 178 89
pixel: 178 90
pixel: 178 91
pixel: 178 92
pixel: 178 93
pixel: 178 94
pixel: 178 95
pixel: 178 96
pixel: 178 97
pixel: 178 98
pixel: 178 99
pixel: 178 100
pixel: 178 101
pixel: 178 102
pixel: 178 103
pixel: 178 104
pixel: 178 105
pixel: 178 106
pixel: 178 107
pixel: 178 108
pixel: 178 109
pixel: 178 110
pixel: 178 111
pixel: 178 112
pixel: 178 113
pixel: 178 114
pixel: 178 115
pixel: 178 116
pixel: 178 117
pixel: 178 118
pixel: 178 119
pixel: 178 120
pixel: 178 121
pixel: 178 122
pixel: 178 123
pixel: 178 124
pixel: 178 125
pixel: 178 126
pixel: 178 127
pixel: 178 128
pixel: 178 129
pixel: 178 130
pixel: 178 131
pixel: 178 132
pixel: 178 133
pixel: 178 134
pixel: 178 135
pixel: 178 136
pixel: 178 137
pixel: 178 138
pixel: 178 139
pixel: 178 140
pixel: 178 141
pixel: 178 142
pixel: 178 143
pixel: 178 144
pixel: 178 145
pixel: 178 146
pixel: 178 147
pixel: 178 148
pixel: 178 149
pixel: 178 150
pixel: 178 151
pixel: 178 152
pixel: 178 153
pixel: 178 154
pixel: 178 155
pixel: 178 156
pixel: 178 157
pixel: 178 158
pixel: 178 159
pixel: 178 160
pixel: 178 161
pixel: 178 162
pixel: 178 163
pixel: 178 164
pixel: 178 165
pixel: 178 166
pixel: 178 167
pixel: 178 168
pixel: 178 169
pixel: 178 170
pixel: 178 171
pixel: 178 172
pixel: 178 173
pixel: 178 174
pixel: 178 175
pixel: 178 176
pixel: 178 177
pixel: 178 178
pixel: 178 179
pixel: 178 180
pixel: 178 181
pixel: 178 182
pixel: 178 183
pixel: 178 184
pixel: 178 185
pixel: 178 186
pixel: 178 187
pixel: 178 188
pixel: 178 189
pixel: 178 190
pixel: 178 191
pixel: 178 192
pixel: 178 193
pixel: 178 194
pixel: 178 195
pixel: 178 196
pixel: 178 197
pixel: 178 198
pixel: 178 199
pixel: 179 0
pixel: 179 1
pixel: 179 2
pixel: 179 3
pixel: 179 4
pixel: 179 5
pixel: 179 6
pixel: 179 7
pixel: 179 8
pixel: 179 9
pixel: 179 10
pixel: 179 11
pixel: 179 12
pixel: 179 13
pixel: 179 14
pixel: 179 15
pixel: 179 16
pixel: 179 17
pixel: 179 18
pixel: 179 19
pixel: 179 20
pixel: 179 21
pixel: 179 22
pixel: 179 23
pixel: 179 24
pixel: 179 25
pixel: 179 26
pixel: 179 27
pixel: 179 28
pixel: 179 29
pixel: 179 30
pixel: 179 31
pixel: 179 32
pixel: 179 33
pixel: 179 34
pixel: 179 35
pixel: 179 36
pixel: 179 37
pixel: 179 38
pixel: 179 39
pixel: 179 40
pixel: 179 41
pixel: 179 42
pixel: 179 43
pixel: 179 44
pixel: 179 45
pixel: 179 46
pixel: 179 47
pixel: 179 48
pixel: 179 49
pixel: 179 50
pixel: 179 51
pixel: 179 52
pixel: 179 53
pixel: 179 54
pixel: 179 55
pixel: 179 56
pixel: 179 57
pixel: 179 58
pixel: 179 59
pixel: 179 60
pixel: 179 61
pixel: 179 62
pixel: 179 63
pixel: 179 64
pixel: 179 65
pixel: 179 66
pixel: 179 67
pixel: 179 68
pixel: 179 69
pixel: 179 70
pixel: 179 71
pixel: 179 72
pixel: 179 73
pixel: 179 74
pixel: 179 75
pixel: 179 76
pixel: 179 77
pixel: 179 78
pixel: 179 79
pixel: 179 80
pixel: 179 81
pixel: 179 82
pixel: 179 83
pixel: 179 84
pixel: 179 85
pixel: 179 86
pixel: 179 87
pixel: 179 88
pixel: 179 89
pixel: 179 90
pixel: 179 91
pixel: 179 92
pixel: 179 93
pixel: 179 94
pixel: 179 95
pixel: 179 96
pixel: 179 97
pixel: 179 98
pixel: 179 99
pixel: 179 100
pixel: 179 101
pixel: 179 102
pixel: 179 103
pixel: 179 104
pixel: 179 105
pixel: 179 106
pixel: 179 107
pixel: 179 108
pixel: 179 109
pixel: 179 110
pixel: 179 111
pixel: 179 112
pixel: 179 113
pixel: 179 114
pixel: 179 115
pixel: 179 116
pixel: 179 117
pixel: 179 118
pixel: 179 119
pixel: 179 120
pixel: 179 121
pixel: 179 122
pixel: 179 123
pixel: 179 124
pixel: 179 125
pixel: 179 126
pixel: 179 127
pixel: 179 128
pixel: 179 129
pixel: 179 130
pixel: 179 131
pixel: 179 132
pixel: 179 133
pixel: 179 134
pixel: 179 135
pixel: 179 136
pixel: 179 137
pixel: 179 138
pixel: 179 139
pixel: 179 140
pixel: 179 141
pixel: 179 142
pixel: 179 143
pixel: 179 144
pixel: 179 145
pixel: 179 146
pixel: 179 147
pixel: 179 148
pixel: 179 149
pixel: 179 150
pixel: 179 151
pixel: 179 152
pixel: 179 153
pixel: 179 154
pixel: 179 155
pixel: 179 156
pixel: 179 157
pixel: 179 158
pixel: 179 159
pixel: 179 160
pixel: 179 161
pixel: 179 162
pixel: 179 163
pixel: 179 164
pixel: 179 165
pixel: 179 166
pixel: 179 167
pixel: 179 168
pixel: 179 169
pixel: 179 170
pixel: 179 171
pixel: 179 172
pixel: 179 173
pixel: 179 174
pixel: 179 175
pixel: 179 176
pixel: 179 177
pixel: 179 178
pixel: 179 179
pixel: 179 180
pixel: 179 181
pixel: 179 182
pixel: 179 183
pixel: 179 184
pixel: 179 185
pixel: 179 186
pixel: 179 187
pixel: 179 188
pixel: 179 189
pixel: 179 190
pixel: 179 191
pixel: 179 192
pixel: 179 193
pixel: 179 194
pixel: 179 195
pixel: 179 196
pixel: 179 197
pixel: 179 198
pixel: 179 199
pixel: 180 0
pixel: 180 1
pixel: 180 2
pixel: 180 3
pixel: 180 4
pixel: 180 5
pixel: 180 6
pixel: 180 7
pixel: 180 8
pixel: 180 9
pixel: 180 10
pixel: 180 11
pixel: 180 12
pixel: 180 13
pixel: 180 14
pixel: 180 15
pixel: 180 16
pixel: 180 17
pixel: 180 18
pixel: 180 19
pixel: 180 20
pixel: 180 21
pixel: 180 22
pixel: 180 23
pixel: 180 24
pixel: 180 25
pixel: 180 26
pixel: 180 27
pixel: 180 28
pixel: 180 29
pixel: 180 30
pixel: 180 31
pixel: 180 32
pixel: 180 33
pixel: 180 34
pixel: 180 35
pixel: 180 36
pixel: 180 37
pixel: 180 38
pixel: 180 39
pixel: 180 40
pixel: 180 41
pixel: 180 42
pixel: 180 43
pixel: 180 44
pixel: 180 45
pixel: 180 46
pixel: 180 47
pixel: 180 48
pixel: 180 49
pixel: 180 50
pixel: 180 51
pixel: 180 52
pixel: 180 53
pixel: 180 54
pixel: 180 55
pixel: 180 56
pixel: 180 57
pixel: 180 58
pixel: 180 59
pixel: 180 60
pixel: 180 61
pixel: 180 62
pixel: 180 63
pixel: 180 64
pixel: 180 65
pixel: 180 66
pixel: 180 67
pixel: 180 68
pixel: 180 69
pixel: 180 70
pixel: 180 71
pixel: 180 72
pixel: 180 73
pixel: 180 74
pixel: 180 75
pixel: 180 76
pixel: 180 77
pixel: 180 78
pixel: 180 79
pixel: 180 80
pixel: 180 81
pixel: 180 82
pixel: 180 83
pixel: 180 84
pixel: 180 85
pixel: 180 86
pixel: 180 87
pixel: 180 88
pixel: 180 89
pixel: 180 90
pixel: 180 91
pixel: 180 92
pixel: 180 93
pixel: 180 94
pixel: 180 95
pixel: 180 96
pixel: 180 97
pixel: 180 98
pixel: 180 99
pixel: 180 100
pixel: 180 101
pixel: 180 102
pixel: 180 103
pixel: 180 104
pixel: 180 105
pixel: 180 106
pixel: 180 107
pixel: 180 108
pixel: 180 109
pixel: 180 110
pixel: 180 111
pixel: 180 112
pixel: 180 113
pixel: 180 114
pixel: 180 115
pixel: 180 116
pixel: 180 117
pixel: 180 118
pixel: 180 119
pixel: 180 120
pixel: 180 121
pixel: 180 122
pixel: 180 123
pixel: 180 124
pixel: 180 125
pixel: 180 126
pixel: 180 127
pixel: 180 128
pixel: 180 129
pixel: 180 130
pixel: 180 131
pixel: 180 132
pixel: 180 133
pixel: 180 134
pixel: 180 135
pixel: 180 136
pixel: 180 137
pixel: 180 138
pixel: 180 139
pixel: 180 140
pixel: 180 141
pixel: 180 142
pixel: 180 143
pixel: 180 144
pixel: 180 145
pixel: 180 146
pixel: 180 147
pixel: 180 148
pixel: 180 149
pixel: 180 150
pixel: 180 151
pixel: 180 152
pixel: 180 153
pixel: 180 154
pixel: 180 155
pixel: 180 156
pixel: 180 157
pixel: 180 158
pixel: 180 159
pixel: 180 160
pixel: 180 161
pixel: 180 162
pixel: 180 163
pixel: 180 164
pixel: 180 165
pixel: 180 166
pixel: 180 167
pixel: 180 168
pixel: 180 169
pixel: 180 170
pixel: 180 171
pixel: 180 172
pixel: 180 173
pixel: 180 174
pixel: 180 175
pixel: 180 176
pixel: 180 177
pixel: 180 178
pixel: 180 179
pixel: 180 180
pixel: 180 181
pixel: 180 182
pixel: 180 183
pixel: 180 184
pixel: 180 185
pixel: 180 186
pixel: 180 187
pixel: 180 188
pixel: 180 189
pixel: 180 190
pixel: 180 191
pixel: 180 192
pixel: 180 193
pixel: 180 194
pixel: 180 195
pixel: 180 196
pixel: 180 197
pixel: 180 198
pixel: 180 199
pixel: 181 0
pixel: 181 1
pixel: 181 2
pixel: 181 3
pixel: 181 4
pixel: 181 5
pixel: 181 6
pixel: 181 7
pixel: 181 8
pixel: 181 9
pixel: 181 10
pixel: 181 11
pixel: 181 12
pixel: 181 13
pixel: 181 14
pixel: 181 15
pixel: 181 16
pixel: 181 17
pixel: 181 18
pixel: 181 19
pixel: 181 20
pixel: 181 21
pixel: 181 22
pixel: 181 23
pixel: 181 24
pixel: 181 25
pixel: 181 26
pixel: 181 27
pixel: 181 28
pixel: 181 29
pixel: 181 30
pixel: 181 31
pixel: 181 32
pixel: 181 33
pixel: 181 34
pixel: 181 35
pixel: 181 36
pixel: 181 37
pixel: 181 38
pixel: 181 39
pixel: 181 40
pixel: 181 41
pixel: 181 42
pixel: 181 43
pixel: 181 44
pixel: 181 45
pixel: 181 46
pixel: 181 47
pixel: 181 48
pixel: 181 49
pixel: 181 50
pixel: 181 51
pixel: 181 52
pixel: 181 53
pixel: 181 54
pixel: 181 55
pixel: 181 56
pixel: 181 57
pixel: 181 58
pixel: 181 59
pixel: 181 60
pixel: 181 61
pixel: 181 62
pixel: 181 63
pixel: 181 64
pixel: 181 65
pixel: 181 66
pixel: 181 67
pixel: 181 68
pixel: 181 69
pixel: 181 70
pixel: 181 71
pixel: 181 72
pixel: 181 73
pixel: 181 74
pixel: 181 75
pixel: 181 76
pixel: 181 77
pixel: 181 78
pixel: 181 79
pixel: 181 80
pixel: 181 81
pixel: 181 82
pixel: 181 83
pixel: 181 84
pixel: 181 85
pixel: 181 86
pixel: 181 87
pixel: 181 88
pixel: 181 89
pixel: 181 90
pixel: 181 91
pixel: 181 92
pixel: 181 93
pixel: 181 94
pixel: 181 95
pixel: 181 96
pixel: 181 97
pixel: 181 98
pixel: 181 99
pixel: 181 100
pixel: 181 101
pixel: 181 102
pixel: 181 103
pixel: 181 104
pixel: 181 105
pixel: 181 106
pixel: 181 107
pixel: 181 108
pixel: 181 109
pixel: 181 110
pixel: 181 111
pixel: 181 112
pixel: 181 113
pixel: 181 114
pixel: 181 115
pixel: 181 116
pixel: 181 117
pixel: 181 118
pixel: 181 119
pixel: 181 120
pixel: 181 121
pixel: 181 122
pixel: 181 123
pixel: 181 124
pixel: 181 125
pixel: 181 126
pixel: 181 127
pixel: 181 128
pixel: 181 129
pixel: 181 130
pixel: 181 131
pixel: 181 132
pixel: 181 133
pixel: 181 134
pixel: 181 135
pixel: 181 136
pixel: 181 137
pixel: 181 138
pixel: 181 139
pixel: 181 140
pixel: 181 141
pixel: 181 142
pixel: 181 143
pixel: 181 144
pixel: 181 145
pixel: 181 146
pixel: 181 147
pixel: 181 148
pixel: 181 149
pixel: 181 150
pixel: 181 151
pixel: 181 152
pixel: 181 153
pixel: 181 154
pixel: 181 155
pixel: 181 156
pixel: 181 157
pixel: 181 158
pixel: 181 159
pixel: 181 160
pixel: 181 161
pixel: 181 162
pixel: 181 163
pixel: 181 164
pixel: 181 165
pixel: 181 166
pixel: 181 167
pixel: 181 168
pixel: 181 169
pixel: 181 170
pixel: 181 171
pixel: 181 172
pixel: 181 173
pixel: 181 174
pixel: 181 175
pixel: 181 176
pixel: 181 177
pixel: 181 178
pixel: 181 179
pixel: 181 180
pixel: 181 181
pixel: 181 182
pixel: 181 183
pixel: 181 184
pixel: 181 185
pixel: 181 186
pixel: 181 187
pixel: 181 188
pixel: 181 189
pixel: 181 190
pixel: 181 191
pixel: 181 192
pixel: 181 193
pixel: 181 194
pixel: 181 195
pixel: 181 196
pixel: 181 197
pixel: 181 198
pixel: 181 199
pixel: 182 0
pixel: 182 1
pixel: 182 2
pixel: 182 3
pixel: 182 4
pixel: 182 5
pixel: 182 6
pixel: 182 7
pixel: 182 8
pixel: 182 9
pixel: 182 10
pixel: 182 11
pixel: 182 12
pixel: 182 13
pixel: 182 14
pixel: 182 15
pixel: 182 16
pixel: 182 17
pixel: 182 18
pixel: 182 19
pixel: 182 20
pixel: 182 21
pixel: 182 22
pixel: 182 23
pixel: 182 24
pixel: 182 25
pixel: 182 26
pixel: 182 27
pixel: 182 28
pixel: 182 29
pixel: 182 30
pixel: 182 31
pixel: 182 32
pixel: 182 33
pixel: 182 34
pixel: 182 35
pixel: 182 36
pixel: 182 37
pixel: 182 38
pixel: 182 39
pixel: 182 40
pixel: 182 41
pixel: 182 42
pixel: 182 43
pixel: 182 44
pixel: 182 45
pixel: 182 46
pixel: 182 47
pixel: 182 48
pixel: 182 49
pixel: 182 50
pixel: 182 51
pixel: 182 52
pixel: 182 53
pixel: 182 54
pixel: 182 55
pixel: 182 56
pixel: 182 57
pixel: 182 58
pixel: 182 59
pixel: 182 60
pixel: 182 61
pixel: 182 62
pixel: 182 63
pixel: 182 64
pixel: 182 65
pixel: 182 66
pixel: 182 67
pixel: 182 68
pixel: 182 69
pixel: 182 70
pixel: 182 71
pixel: 182 72
pixel: 182 73
pixel: 182 74
pixel: 182 75
pixel: 182 76
pixel: 182 77
pixel: 182 78
pixel: 182 79
pixel: 182 80
pixel: 182 81
pixel: 182 82
pixel: 182 83
pixel: 182 84
pixel: 182 85
pixel: 182 86
pixel: 182 87
pixel: 182 88
pixel: 182 89
pixel: 182 90
pixel: 182 91
pixel: 182 92
pixel: 182 93
pixel: 182 94
pixel: 182 95
pixel: 182 96
pixel: 182 97
pixel: 182 98
pixel: 182 99
pixel: 182 100
pixel: 182 101
pixel: 182 102
pixel: 182 103
pixel: 182 104
pixel: 182 105
pixel: 182 106
pixel: 182 107
pixel: 182 108
pixel: 182 109
pixel: 182 110
pixel: 182 111
pixel: 182 112
pixel: 182 113
pixel: 182 114
pixel: 182 115
pixel: 182 116
pixel: 182 117
pixel: 182 118
pixel: 182 119
pixel: 182 120
pixel: 182 121
pixel: 182 122
pixel: 182 123
pixel: 182 124
pixel: 182 125
pixel: 182 126
pixel: 182 127
pixel: 182 128
pixel: 182 129
pixel: 182 130
pixel: 182 131
pixel: 182 132
pixel: 182 133
pixel: 182 134
pixel: 182 135
pixel: 182 136
pixel: 182 137
pixel: 182 138
pixel: 182 139
pixel: 182 140
pixel: 182 141
pixel: 182 142
pixel: 182 143
pixel: 182 144
pixel: 182 145
pixel: 182 146
pixel: 182 147
pixel: 182 148
pixel: 182 149
pixel: 182 150
pixel: 182 151
pixel: 182 152
pixel: 182 153
pixel: 182 154
pixel: 182 155
pixel: 182 156
pixel: 182 157
pixel: 182 158
pixel: 182 159
pixel: 182 160
pixel: 182 161
pixel: 182 162
pixel: 182 163
pixel: 182 164
pixel: 182 165
pixel: 182 166
pixel: 182 167
pixel: 182 168
pixel: 182 169
pixel: 182 170
pixel: 182 171
pixel: 182 172
pixel: 182 173
pixel: 182 174
pixel: 182 175
pixel: 182 176
pixel: 182 177
pixel: 182 178
pixel: 182 179
pixel: 182 180
pixel: 182 181
pixel: 182 182
pixel: 182 183
pixel: 182 184
pixel: 182 185
pixel: 182 186
pixel: 182 187
pixel: 182 188
pixel: 182 189
pixel: 182 190
pixel: 182 191
pixel: 182 192
pixel: 182 193
pixel: 182 194
pixel: 182 195
pixel: 182 196
pixel: 182 197
pixel: 182 198
pixel: 182 199
pixel: 183 0
pixel: 183 1
pixel: 183 2
pixel: 183 3
pixel: 183 4
pixel: 183 5
pixel: 183 6
pixel: 183 7
pixel: 183 8
pixel: 183 9
pixel: 183 10
pixel: 183 11
pixel: 183 12
pixel: 183 13
pixel: 183 14
pixel: 183 15
pixel: 183 16
pixel: 183 17
pixel: 183 18
pixel: 183 19
pixel: 183 20
pixel: 183 21
pixel: 183 22
pixel: 183 23
pixel: 183 24
pixel: 183 25
pixel: 183 26
pixel: 183 27
pixel: 183 28
pixel: 183 29
pixel: 183 30
pixel: 183 31
pixel: 183 32
pixel: 183 33
pixel: 183 34
pixel: 183 35
pixel: 183 36
pixel: 183 37
pixel: 183 38
pixel: 183 39
pixel: 183 40
pixel: 183 41
pixel: 183 42
pixel: 183 43
pixel: 183 44
pixel: 183 45
pixel: 183 46
pixel: 183 47
pixel: 183 48
pixel: 183 49
pixel: 183 50
pixel: 183 51
pixel: 183 52
pixel: 183 53
pixel: 183 54
pixel: 183 55
pixel: 183 56
pixel: 183 57
pixel: 183 58
pixel: 183 59
pixel: 183 60
pixel: 183 61
pixel: 183 62
pixel: 183 63
pixel: 183 64
pixel: 183 65
pixel: 183 66
pixel: 183 67
pixel: 183 68
pixel: 183 69
pixel: 183 70
pixel: 183 71
pixel: 183 72
pixel: 183 73
pixel: 183 74
pixel: 183 75
pixel: 183 76
pixel: 183 77
pixel: 183 78
pixel: 183 79
pixel: 183 80
pixel: 183 81
pixel: 183 82
pixel: 183 83
pixel: 183 84
pixel: 183 85
pixel: 183 86
pixel: 183 87
pixel: 183 88
pixel: 183 89
pixel: 183 90
pixel: 183 91
pixel: 183 92
pixel: 183 93
pixel: 183 94
pixel: 183 95
pixel: 183 96
pixel: 183 97
pixel: 183 98
pixel: 183 99
pixel: 183 100
pixel: 183 101
pixel: 183 102
pixel: 183 103
pixel: 183 104
pixel: 183 105
pixel: 183 106
pixel: 183 107
pixel: 183 108
pixel: 183 109
pixel: 183 110
pixel: 183 111
pixel: 183 112
pixel: 183 113
pixel: 183 114
pixel: 183 115
pixel: 183 116
pixel: 183 117
pixel: 183 118
pixel: 183 119
pixel: 183 120
pixel: 183 121
pixel: 183 122
pixel: 183 123
pixel: 183 124
pixel: 183 125
pixel: 183 126
pixel: 183 127
pixel: 183 128
pixel: 183 129
pixel: 183 130
pixel: 183 131
pixel: 183 132
pixel: 183 133
pixel: 183 134
pixel: 183 135
pixel: 183 136
pixel: 183 137
pixel: 183 138
pixel: 183 139
pixel: 183 140
pixel: 183 141
pixel: 183 142
pixel: 183 143
pixel: 183 144
pixel: 183 145
pixel: 183 146
pixel: 183 147
pixel: 183 148
pixel: 183 149
pixel: 183 150
pixel: 183 151
pixel: 183 152
pixel: 183 153
pixel: 183 154
pixel: 183 155
pixel: 183 156
pixel: 183 157
pixel: 183 158
pixel: 183 159
pixel: 183 160
pixel: 183 161
pixel: 183 162
pixel: 183 163
pixel: 183 164
pixel: 183 165
pixel: 183 166
pixel: 183 167
pixel: 183 168
pixel: 183 169
pixel: 183 170
pixel: 183 171
pixel: 183 172
pixel: 183 173
pixel: 183 174
pixel: 183 175
pixel: 183 176
pixel: 183 177
pixel: 183 178
pixel: 183 179
pixel: 183 180
pixel: 183 181
pixel: 183 182
pixel: 183 183
pixel: 183 184
pixel: 183 185
pixel: 183 186
pixel: 183 187
pixel: 183 188
pixel: 183 189
pixel: 183 190
pixel: 183 191
pixel: 183 192
pixel: 183 193
pixel: 183 194
pixel: 183 195
pixel: 183 196
pixel: 183 197
pixel: 183 198
pixel: 183 199
pixel: 184 0
pixel: 184 1
pixel: 184 2
pixel: 184 3
pixel: 184 4
pixel: 184 5
pixel: 184 6
pixel: 184 7
pixel: 184 8
pixel: 184 9
pixel: 184 10
pixel: 184 11
pixel: 184 12
pixel: 184 13
pixel: 184 14
pixel: 184 15
pixel: 184 16
pixel: 184 17
pixel: 184 18
pixel: 184 19
pixel: 184 20
pixel: 184 21
pixel: 184 22
pixel: 184 23
pixel: 184 24
pixel: 184 25
pixel: 184 26
pixel: 184 27
pixel: 184 28
pixel: 184 29
pixel: 184 30
pixel: 184 31
pixel: 184 32
pixel: 184 33
pixel: 184 34
pixel: 184 35
pixel: 184 36
pixel: 184 37
pixel: 184 38
pixel: 184 39
pixel: 184 40
pixel: 184 41
pixel: 184 42
pixel: 184 43
pixel: 184 44
pixel: 184 45
pixel: 184 46
pixel: 184 47
pixel: 184 48
pixel: 184 49
pixel: 184 50
pixel: 184 51
pixel: 184 52
pixel: 184 53
pixel: 184 54
pixel: 184 55
pixel: 184 56
pixel: 184 57
pixel: 184 58
pixel: 184 59
pixel: 184 60
pixel: 184 61
pixel: 184 62
pixel: 184 63
pixel: 184 64
pixel: 184 65
pixel: 184 66
pixel: 184 67
pixel: 184 68
pixel: 184 69
pixel: 184 70
pixel: 184 71
pixel: 184 72
pixel: 184 73
pixel: 184 74
pixel: 184 75
pixel: 184 76
pixel: 184 77
pixel: 184 78
pixel: 184 79
pixel: 184 80
pixel: 184 81
pixel: 184 82
pixel: 184 83
pixel: 184 84
pixel: 184 85
pixel: 184 86
pixel: 184 87
pixel: 184 88
pixel: 184 89
pixel: 184 90
pixel: 184 91
pixel: 184 92
pixel: 184 93
pixel: 184 94
pixel: 184 95
pixel: 184 96
pixel: 184 97
pixel: 184 98
pixel: 184 99
pixel: 184 100
pixel: 184 101
pixel: 184 102
pixel: 184 103
pixel: 184 104
pixel: 184 105
pixel: 184 106
pixel: 184 107
pixel: 184 108
pixel: 184 109
pixel: 184 110
pixel: 184 111
pixel: 184 112
pixel: 184 113
pixel: 184 114
pixel: 184 115
pixel: 184 116
pixel: 184 117
pixel: 184 118
pixel: 184 119
pixel: 184 120
pixel: 184 121
pixel: 184 122
pixel: 184 123
pixel: 184 124
pixel: 184 125
pixel: 184 126
pixel: 184 127
pixel: 184 128
pixel: 184 129
pixel: 184 130
pixel: 184 131
pixel: 184 132
pixel: 184 133
pixel: 184 134
pixel: 184 135
pixel: 184 136
pixel: 184 137
pixel: 184 138
pixel: 184 139
pixel: 184 140
pixel: 184 141
pixel: 184 142
pixel: 184 143
pixel: 184 144
pixel: 184 145
pixel: 184 146
pixel: 184 147
pixel: 184 148
pixel: 184 149
pixel: 184 150
pixel: 184 151
pixel: 184 152
pixel: 184 153
pixel: 184 154
pixel: 184 155
pixel: 184 156
pixel: 184 157
pixel: 184 158
pixel: 184 159
pixel: 184 160
pixel: 184 161
pixel: 184 162
pixel: 184 163
pixel: 184 164
pixel: 184 165
pixel: 184 166
pixel: 184 167
pixel: 184 168
pixel: 184 169
pixel: 184 170
pixel: 184 171
pixel: 184 172
pixel: 184 173
pixel: 184 174
pixel: 184 175
pixel: 184 176
pixel: 184 177
pixel: 184 178
pixel: 184 179
pixel: 184 180
pixel: 184 181
pixel: 184 182
pixel: 184 183
pixel: 184 184
pixel: 184 185
pixel: 184 186
pixel: 184 187
pixel: 184 188
pixel: 184 189
pixel: 184 190
pixel: 184 191
pixel: 184 192
pixel: 184 193
pixel: 184 194
pixel: 184 195
pixel: 184 196
pixel: 184 197
pixel: 184 198
pixel: 184 199
pixel: 185 0
pixel: 185 1
pixel: 185 2
pixel: 185 3
pixel: 185 4
pixel: 185 5
pixel: 185 6
pixel: 185 7
pixel: 185 8
pixel: 185 9
pixel: 185 10
pixel: 185 11
pixel: 185 12
pixel: 185 13
pixel: 185 14
pixel: 185 15
pixel: 185 16
pixel: 185 17
pixel: 185 18
pixel: 185 19
pixel: 185 20
pixel: 185 21
pixel: 185 22
pixel: 185 23
pixel: 185 24
pixel: 185 25
pixel: 185 26
pixel: 185 27
pixel: 185 28
pixel: 185 29
pixel: 185 30
pixel: 185 31
pixel: 185 32
pixel: 185 33
pixel: 185 34
pixel: 185 35
pixel: 185 36
pixel: 185 37
pixel: 185 38
pixel: 185 39
pixel: 185 40
pixel: 185 41
pixel: 185 42
pixel: 185 43
pixel: 185 44
pixel: 185 45
pixel: 185 46
pixel: 185 47
pixel: 185 48
pixel: 185 49
pixel: 185 50
pixel: 185 51
pixel: 185 52
pixel: 185 53
pixel: 185 54
pixel: 185 55
pixel: 185 56
pixel: 185 57
pixel: 185 58
pixel: 185 59
pixel: 185 60
pixel: 185 61
pixel: 185 62
pixel: 185 63
pixel: 185 64
pixel: 185 65
pixel: 185 66
pixel: 185 67
pixel: 185 68
pixel: 185 69
pixel: 185 70
pixel: 185 71
pixel: 185 72
pixel: 185 73
pixel: 185 74
pixel: 185 75
pixel: 185 76
pixel: 185 77
pixel: 185 78
pixel: 185 79
pixel: 185 80
pixel: 185 81
pixel: 185 82
pixel: 185 83
pixel: 185 84
pixel: 185 85
pixel: 185 86
pixel: 185 87
pixel: 185 88
pixel: 185 89
pixel: 185 90
pixel: 185 91
pixel: 185 92
pixel: 185 93
pixel: 185 94
pixel: 185 95
pixel: 185 96
pixel: 185 97
pixel: 185 98
pixel: 185 99
pixel: 185 100
pixel: 185 101
pixel: 185 102
pixel: 185 103
pixel: 185 104
pixel: 185 105
pixel: 185 106
pixel: 185 107
pixel: 185 108
pixel: 185 109
pixel: 185 110
pixel: 185 111
pixel: 185 112
pixel: 185 113
pixel: 185 114
pixel: 185 115
pixel: 185 116
pixel: 185 117
pixel: 185 118
pixel: 185 119
pixel: 185 120
pixel: 185 121
pixel: 185 122
pixel: 185 123
pixel: 185 124
pixel: 185 125
pixel: 185 126
pixel: 185 127
pixel: 185 128
pixel: 185 129
pixel: 185 130
pixel: 185 131
pixel: 185 132
pixel: 185 133
pixel: 185 134
pixel: 185 135
pixel: 185 136
pixel: 185 137
pixel: 185 138
pixel: 185 139
pixel: 185 140
pixel: 185 141
pixel: 185 142
pixel: 185 143
pixel: 185 144
pixel: 185 145
pixel: 185 146
pixel: 185 147
pixel: 185 148
pixel: 185 149
pixel: 185 150
pixel: 185 151
pixel: 185 152
pixel: 185 153
pixel: 185 154
pixel: 185 155
pixel: 185 156
pixel: 185 157
pixel: 185 158
pixel: 185 159
pixel: 185 160
pixel: 185 161
pixel: 185 162
pixel: 185 163
pixel: 185 164
pixel: 185 165
pixel: 185 166
pixel: 185 167
pixel: 185 168
pixel: 185 169
pixel: 185 170
pixel: 185 171
pixel: 185 172
pixel: 185 173
pixel: 185 174
pixel: 185 175
pixel: 185 176
pixel: 185 177
pixel: 185 178
pixel: 185 179
pixel: 185 180
pixel: 185 181
pixel: 185 182
pixel: 185 183
pixel: 185 184
pixel: 185 185
pixel: 185 186
pixel: 185 187
pixel: 185 188
pixel: 185 189
pixel: 185 190
pixel: 185 191
pixel: 185 192
pixel: 185 193
pixel: 185 194
pixel: 185 195
pixel: 185 196
pixel: 185 197
pixel: 185 198
pixel: 185 199
pixel: 186 0
pixel: 186 1
pixel: 186 2
pixel: 186 3
pixel: 186 4
pixel: 186 5
pixel: 186 6
pixel: 186 7
pixel: 186 8
pixel: 186 9
pixel: 186 10
pixel: 186 11
pixel: 186 12
pixel: 186 13
pixel: 186 14
pixel: 186 15
pixel: 186 16
pixel: 186 17
pixel: 186 18
pixel: 186 19
pixel: 186 20
pixel: 186 21
pixel: 186 22
pixel: 186 23
pixel: 186 24
pixel: 186 25
pixel: 186 26
pixel: 186 27
pixel: 186 28
pixel: 186 29
pixel: 186 30
pixel: 186 31
pixel: 186 32
pixel: 186 33
pixel: 186 34
pixel: 186 35
pixel: 186 36
pixel: 186 37
pixel: 186 38
pixel: 186 39
pixel: 186 40
pixel: 186 41
pixel: 186 42
pixel: 186 43
pixel: 186 44
pixel: 186 45
pixel: 186 46
pixel: 186 47
pixel: 186 48
pixel: 186 49
pixel: 186 50
pixel: 186 51
pixel: 186 52
pixel: 186 53
pixel: 186 54
pixel: 186 55
pixel: 186 56
pixel: 186 57
pixel: 186 58
pixel: 186 59
pixel: 186 60
pixel: 186 61
pixel: 186 62
pixel: 186 63
pixel: 186 64
pixel: 186 65
pixel: 186 66
pixel: 186 67
pixel: 186 68
pixel: 186 69
pixel: 186 70
pixel: 186 71
pixel: 186 72
pixel: 186 73
pixel: 186 74
pixel: 186 75
pixel: 186 76
pixel: 186 77
pixel: 186 78
pixel: 186 79
pixel: 186 80
pixel: 186 81
pixel: 186 82
pixel: 186 83
pixel: 186 84
pixel: 186 85
pixel: 186 86
pixel: 186 87
pixel: 186 88
pixel: 186 89
pixel: 186 90
pixel: 186 91
pixel: 186 92
pixel: 186 93
pixel: 186 94
pixel: 186 95
pixel: 186 96
pixel: 186 97
pixel: 186 98
pixel: 186 99
pixel: 186 100
pixel: 186 101
pixel: 186 102
pixel: 186 103
pixel: 186 104
pixel: 186 105
pixel: 186 106
pixel: 186 107
pixel: 186 108
pixel: 186 109
pixel: 186 110
pixel: 186 111
pixel: 186 112
pixel: 186 113
pixel: 186 114
pixel: 186 115
pixel: 186 116
pixel: 186 117
pixel: 186 118
pixel: 186 119
pixel: 186 120
pixel: 186 121
pixel: 186 122
pixel: 186 123
pixel: 186 124
pixel: 186 125
pixel: 186 126
pixel: 186 127
pixel: 186 128
pixel: 186 129
pixel: 186 130
pixel: 186 131
pixel: 186 132
pixel: 186 133
pixel: 186 134
pixel: 186 135
pixel: 186 136
pixel: 186 137
pixel: 186 138
pixel: 186 139
pixel: 186 140
pixel: 186 141
pixel: 186 142
pixel: 186 143
pixel: 186 144
pixel: 186 145
pixel: 186 146
pixel: 186 147
pixel: 186 148
pixel: 186 149
pixel: 186 150
pixel: 186 151
pixel: 186 152
pixel: 186 153
pixel: 186 154
pixel: 186 155
pixel: 186 156
pixel: 186 157
pixel: 186 158
pixel: 186 159
pixel: 186 160
pixel: 186 161
pixel: 186 162
pixel: 186 163
pixel: 186 164
pixel: 186 165
pixel: 186 166
pixel: 186 167
pixel: 186 168
pixel: 186 169
pixel: 186 170
pixel: 186 171
pixel: 186 172
pixel: 186 173
pixel: 186 174
pixel: 186 175
pixel: 186 176
pixel: 186 177
pixel: 186 178
pixel: 186 179
pixel: 186 180
pixel: 186 181
pixel: 186 182
pixel: 186 183
pixel: 186 184
pixel: 186 185
pixel: 186 186
pixel: 186 187
pixel: 186 188
pixel: 186 189
pixel: 186 190
pixel: 186 191
pixel: 186 192
pixel: 186 193
pixel: 186 194
pixel: 186 195
pixel: 186 196
pixel: 186 197
pixel: 186 198
pixel: 186 199
pixel: 187 0
pixel: 187 1
pixel: 187 2
pixel: 187 3
pixel: 187 4
pixel: 187 5
pixel: 187 6
pixel: 187 7
pixel: 187 8
pixel: 187 9
pixel: 187 10
pixel: 187 11
pixel: 187 12
pixel: 187 13
pixel: 187 14
pixel: 187 15
pixel: 187 16
pixel: 187 17
pixel: 187 18
pixel: 187 19
pixel: 187 20
pixel: 187 21
pixel: 187 22
pixel: 187 23
pixel: 187 24
pixel: 187 25
pixel: 187 26
pixel: 187 27
pixel: 187 28
pixel: 187 29
pixel: 187 30
pixel: 187 31
pixel: 187 32
pixel: 187 33
pixel: 187 34
pixel: 187 35
pixel: 187 36
pixel: 187 37
pixel: 187 38
pixel: 187 39
pixel: 187 40
pixel: 187 41
pixel: 187 42
pixel: 187 43
pixel: 187 44
pixel: 187 45
pixel: 187 46
pixel: 187 47
pixel: 187 48
pixel: 187 49
pixel: 187 50
pixel: 187 51
pixel: 187 52
pixel: 187 53
pixel: 187 54
pixel: 187 55
pixel: 187 56
pixel: 187 57
pixel: 187 58
pixel: 187 59
pixel: 187 60
pixel: 187 61
pixel: 187 62
pixel: 187 63
pixel: 187 64
pixel: 187 65
pixel: 187 66
pixel: 187 67
pixel: 187 68
pixel: 187 69
pixel: 187 70
pixel: 187 71
pixel: 187 72
pixel: 187 73
pixel: 187 74
pixel: 187 75
pixel: 187 76
pixel: 187 77
pixel: 187 78
pixel: 187 79
pixel: 187 80
pixel: 187 81
pixel: 187 82
pixel: 187 83
pixel: 187 84
pixel: 187 85
pixel: 187 86
pixel: 187 87
pixel: 187 88
pixel: 187 89
pixel: 187 90
pixel: 187 91
pixel: 187 92
pixel: 187 93
pixel: 187 94
pixel: 187 95
pixel: 187 96
pixel: 187 97
pixel: 187 98
pixel: 187 99
pixel: 187 100
pixel: 187 101
pixel: 187 102
pixel: 187 103
pixel: 187 104
pixel: 187 105
pixel: 187 106
pixel: 187 107
pixel: 187 108
pixel: 187 109
pixel: 187 110
pixel: 187 111
pixel: 187 112
pixel: 187 113
pixel: 187 114
pixel: 187 115
pixel: 187 116
pixel: 187 117
pixel: 187 118
pixel: 187 119
pixel: 187 120
pixel: 187 121
pixel: 187 122
pixel: 187 123
pixel: 187 124
pixel: 187 125
pixel: 187 126
pixel: 187 127
pixel: 187 128
pixel: 187 129
pixel: 187 130
pixel: 187 131
pixel: 187 132
pixel: 187 133
pixel: 187 134
pixel: 187 135
pixel: 187 136
pixel: 187 137
pixel: 187 138
pixel: 187 139
pixel: 187 140
pixel: 187 141
pixel: 187 142
pixel: 187 143
pixel: 187 144
pixel: 187 145
pixel: 187 146
pixel: 187 147
pixel: 187 148
pixel: 187 149
pixel: 187 150
pixel: 187 151
pixel: 187 152
pixel: 187 153
pixel: 187 154
pixel: 187 155
pixel: 187 156
pixel: 187 157
pixel: 187 158
pixel: 187 159
pixel: 187 160
pixel: 187 161
pixel: 187 162
pixel: 187 163
pixel: 187 164
pixel: 187 165
pixel: 187 166
pixel: 187 167
pixel: 187 168
pixel: 187 169
pixel: 187 170
pixel: 187 171
pixel: 187 172
pixel: 187 173
pixel: 187 174
pixel: 187 175
pixel: 187 176
pixel: 187 177
pixel: 187 178
pixel: 187 179
pixel: 187 180
pixel: 187 181
pixel: 187 182
pixel: 187 183
pixel: 187 184
pixel: 187 185
pixel: 187 186
pixel: 187 187
pixel: 187 188
pixel: 187 189
pixel: 187 190
pixel: 187 191
pixel: 187 192
pixel: 187 193
pixel: 187 194
pixel: 187 195
pixel: 187 196
pixel: 187 197
pixel: 187 198
pixel: 187 199
pixel: 188 0
pixel: 188 1
pixel: 188 2
pixel: 188 3
pixel: 188 4
pixel: 188 5
pixel: 188 6
pixel: 188 7
pixel: 188 8
pixel: 188 9
pixel: 188 10
pixel: 188 11
pixel: 188 12
pixel: 188 13
pixel: 188 14
pixel: 188 15
pixel: 188 16
pixel: 188 17
pixel: 188 18
pixel: 188 19
pixel: 188 20
pixel: 188 21
pixel: 188 22
pixel: 188 23
pixel: 188 24
pixel: 188 25
pixel: 188 26
pixel: 188 27
pixel: 188 28
pixel: 188 29
pixel: 188 30
pixel: 188 31
pixel: 188 32
pixel: 188 33
pixel: 188 34
pixel: 188 35
pixel: 188 36
pixel: 188 37
pixel: 188 38
pixel: 188 39
pixel: 188 40
pixel: 188 41
pixel: 188 42
pixel: 188 43
pixel: 188 44
pixel: 188 45
pixel: 188 46
pixel: 188 47
pixel: 188 48
pixel: 188 49
pixel: 188 50
pixel: 188 51
pixel: 188 52
pixel: 188 53
pixel: 188 54
pixel: 188 55
pixel: 188 56
pixel: 188 57
pixel: 188 58
pixel: 188 59
pixel: 188 60
pixel: 188 61
pixel: 188 62
pixel: 188 63
pixel: 188 64
pixel: 188 65
pixel: 188 66
pixel: 188 67
pixel: 188 68
pixel: 188 69
pixel: 188 70
pixel: 188 71
pixel: 188 72
pixel: 188 73
pixel: 188 74
pixel: 188 75
pixel: 188 76
pixel: 188 77
pixel: 188 78
pixel: 188 79
pixel: 188 80
pixel: 188 81
pixel: 188 82
pixel: 188 83
pixel: 188 84
pixel: 188 85
pixel: 188 86
pixel: 188 87
pixel: 188 88
pixel: 188 89
pixel: 188 90
pixel: 188 91
pixel: 188 92
pixel: 188 93
pixel: 188 94
pixel: 188 95
pixel: 188 96
pixel: 188 97
pixel: 188 98
pixel: 188 99
pixel: 188 100
pixel: 188 101
pixel: 188 102
pixel: 188 103
pixel: 188 104
pixel: 188 105
pixel: 188 106
pixel: 188 107
pixel: 188 108
pixel: 188 109
pixel: 188 110
pixel: 188 111
pixel: 188 112
pixel: 188 113
pixel: 188 114
pixel: 188 115
pixel: 188 116
pixel: 188 117
pixel: 188 118
pixel: 188 119
pixel: 188 120
pixel: 188 121
pixel: 188 122
pixel: 188 123
pixel: 188 124
pixel: 188 125
pixel: 188 126
pixel: 188 127
pixel: 188 128
pixel: 188 129
pixel: 188 130
pixel: 188 131
pixel: 188 132
pixel: 188 133
pixel: 188 134
pixel: 188 135
pixel: 188 136
pixel: 188 137
pixel: 188 138
pixel: 188 139
pixel: 188 140
pixel: 188 141
pixel: 188 142
pixel: 188 143
pixel: 188 144
pixel: 188 145
pixel: 188 146
pixel: 188 147
pixel: 188 148
pixel: 188 149
pixel: 188 150
pixel: 188 151
pixel: 188 152
pixel: 188 153
pixel: 188 154
pixel: 188 155
pixel: 188 156
pixel: 188 157
pixel: 188 158
pixel: 188 159
pixel: 188 160
pixel: 188 161
pixel: 188 162
pixel: 188 163
pixel: 188 164
pixel: 188 165
pixel: 188 166
pixel: 188 167
pixel: 188 168
pixel: 188 169
pixel: 188 170
pixel: 188 171
pixel: 188 172
pixel: 188 173
pixel: 188 174
pixel: 188 175
pixel: 188 176
pixel: 188 177
pixel: 188 178
pixel: 188 179
pixel: 188 180
pixel: 188 181
pixel: 188 182
pixel: 188 183
pixel: 188 184
pixel: 188 185
pixel: 188 186
pixel: 188 187
pixel: 188 188
pixel: 188 189
pixel: 188 190
pixel: 188 191
pixel: 188 192
pixel: 188 193
pixel: 188 194
pixel: 188 195
pixel: 188 196
pixel: 188 197
pixel: 188 198
pixel: 188 199
pixel: 189 0
pixel: 189 1
pixel: 189 2
pixel: 189 3
pixel: 189 4
pixel: 189 5
pixel: 189 6
pixel: 189 7
pixel: 189 8
pixel: 189 9
pixel: 189 10
pixel: 189 11
pixel: 189 12
pixel: 189 13
pixel: 189 14
pixel: 189 15
pixel: 189 16
pixel: 189 17
pixel: 189 18
pixel: 189 19
pixel: 189 20
pixel: 189 21
pixel: 189 22
pixel: 189 23
pixel: 189 24
pixel: 189 25
pixel: 189 26
pixel: 189 27
pixel: 189 28
pixel: 189 29
pixel: 189 30
pixel: 189 31
pixel: 189 32
pixel: 189 33
pixel: 189 34
pixel: 189 35
pixel: 189 36
pixel: 189 37
pixel: 189 38
pixel: 189 39
pixel: 189 40
pixel: 189 41
pixel: 189 42
pixel: 189 43
pixel: 189 44
pixel: 189 45
pixel: 189 46
pixel: 189 47
pixel: 189 48
pixel: 189 49
pixel: 189 50
pixel: 189 51
pixel: 189 52
pixel: 189 53
pixel: 189 54
pixel: 189 55
pixel: 189 56
pixel: 189 57
pixel: 189 58
pixel: 189 59
pixel: 189 60
pixel: 189 61
pixel: 189 62
pixel: 189 63
pixel: 189 64
pixel: 189 65
pixel: 189 66
pixel: 189 67
pixel: 189 68
pixel: 189 69
pixel: 189 70
pixel: 189 71
pixel: 189 72
pixel: 189 73
pixel: 189 74
pixel: 189 75
pixel: 189 76
pixel: 189 77
pixel: 189 78
pixel: 189 79
pixel: 189 80
pixel: 189 81
pixel: 189 82
pixel: 189 83
pixel: 189 84
pixel: 189 85
pixel: 189 86
pixel: 189 87
pixel: 189 88
pixel: 189 89
pixel: 189 90
pixel: 189 91
pixel: 189 92
pixel: 189 93
pixel: 189 94
pixel: 189 95
pixel: 189 96
pixel: 189 97
pixel: 189 98
pixel: 189 99
pixel: 189 100
pixel: 189 101
pixel: 189 102
pixel: 189 103
pixel: 189 104
pixel: 189 105
pixel: 189 106
pixel: 189 107
pixel: 189 108
pixel: 189 109
pixel: 189 110
pixel: 189 111
pixel: 189 112
pixel: 189 113
pixel: 189 114
pixel: 189 115
pixel: 189 116
pixel: 189 117
pixel: 189 118
pixel: 189 119
pixel: 189 120
pixel: 189 121
pixel: 189 122
pixel: 189 123
pixel: 189 124
pixel: 189 125
pixel: 189 126
pixel: 189 127
pixel: 189 128
pixel: 189 129
pixel: 189 130
pixel: 189 131
pixel: 189 132
pixel: 189 133
pixel: 189 134
pixel: 189 135
pixel: 189 136
pixel: 189 137
pixel: 189 138
pixel: 189 139
pixel: 189 140
pixel: 189 141
pixel: 189 142
pixel: 189 143
pixel: 189 144
pixel: 189 145
pixel: 189 146
pixel: 189 147
pixel: 189 148
pixel: 189 149
pixel: 189 150
pixel: 189 151
pixel: 189 152
pixel: 189 153
pixel: 189 154
pixel: 189 155
pixel: 189 156
pixel: 189 157
pixel: 189 158
pixel: 189 159
pixel: 189 160
pixel: 189 161
pixel: 189 162
pixel: 189 163
pixel: 189 164
pixel: 189 165
pixel: 189 166
pixel: 189 167
pixel: 189 168
pixel: 189 169
pixel: 189 170
pixel: 189 171
pixel: 189 172
pixel: 189 173
pixel: 189 174
pixel: 189 175
pixel: 189 176
pixel: 189 177
pixel: 189 178
pixel: 189 179
pixel: 189 180
pixel: 189 181
pixel: 189 182
pixel: 189 183
pixel: 189 184
pixel: 189 185
pixel: 189 186
pixel: 189 187
pixel: 189 188
pixel: 189 189
pixel: 189 190
pixel: 189 191
pixel: 189 192
pixel: 189 193
pixel: 189 194
pixel: 189 195
pixel: 189 196
pixel: 189 197
pixel: 189 198
pixel: 189 199
pixel: 190 0
pixel: 190 1
pixel: 190 2
pixel: 190 3
pixel: 190 4
pixel: 190 5
pixel: 190 6
pixel: 190 7
pixel: 190 8
pixel: 190 9
pixel: 190 10
pixel: 190 11
pixel: 190 12
pixel: 190 13
pixel: 190 14
pixel: 190 15
pixel: 190 16
pixel: 190 17
pixel: 190 18
pixel: 190 19
pixel: 190 20
pixel: 190 21
pixel: 190 22
pixel: 190 23
pixel: 190 24
pixel: 190 25
pixel: 190 26
pixel: 190 27
pixel: 190 28
pixel: 190 29
pixel: 190 30
pixel: 190 31
pixel: 190 32
pixel: 190 33
pixel: 190 34
pixel: 190 35
pixel: 190 36
pixel: 190 37
pixel: 190 38
pixel: 190 39
pixel: 190 40
pixel: 190 41
pixel: 190 42
pixel: 190 43
pixel: 190 44
pixel: 190 45
pixel: 190 46
pixel: 190 47
pixel: 190 48
pixel: 190 49
pixel: 190 50
pixel: 190 51
pixel: 190 52
pixel: 190 53
pixel: 190 54
pixel: 190 55
pixel: 190 56
pixel: 190 57
pixel: 190 58
pixel: 190 59
pixel: 190 60
pixel: 190 61
pixel: 190 62
pixel: 190 63
pixel: 190 64
pixel: 190 65
pixel: 190 66
pixel: 190 67
pixel: 190 68
pixel: 190 69
pixel: 190 70
pixel: 190 71
pixel: 190 72
pixel: 190 73
pixel: 190 74
pixel: 190 75
pixel: 190 76
pixel: 190 77
pixel: 190 78
pixel: 190 79
pixel: 190 80
pixel: 190 81
pixel: 190 82
pixel: 190 83
pixel: 190 84
pixel: 190 85
pixel: 190 86
pixel: 190 87
pixel: 190 88
pixel: 190 89
pixel: 190 90
pixel: 190 91
pixel: 190 92
pixel: 190 93
pixel: 190 94
pixel: 190 95
pixel: 190 96
pixel: 190 97
pixel: 190 98
pixel: 190 99
pixel: 190 100
pixel: 190 101
pixel: 190 102
pixel: 190 103
pixel: 190 104
pixel: 190 105
pixel: 190 106
pixel: 190 107
pixel: 190 108
pixel: 190 109
pixel: 190 110
pixel: 190 111
pixel: 190 112
pixel: 190 113
pixel: 190 114
pixel: 190 115
pixel: 190 116
pixel: 190 117
pixel: 190 118
pixel: 190 119
pixel: 190 120
pixel: 190 121
pixel: 190 122
pixel: 190 123
pixel: 190 124
pixel: 190 125
pixel: 190 126
pixel: 190 127
pixel: 190 128
pixel: 190 129
pixel: 190 130
pixel: 190 131
pixel: 190 132
pixel: 190 133
pixel: 190 134
pixel: 190 135
pixel: 190 136
pixel: 190 137
pixel: 190 138
pixel: 190 139
pixel: 190 140
pixel: 190 141
pixel: 190 142
pixel: 190 143
pixel: 190 144
pixel: 190 145
pixel: 190 146
pixel: 190 147
pixel: 190 148
pixel: 190 149
pixel: 190 150
pixel: 190 151
pixel: 190 152
pixel: 190 153
pixel: 190 154
pixel: 190 155
pixel: 190 156
pixel: 190 157
pixel: 190 158
pixel: 190 159
pixel: 190 160
pixel: 190 161
pixel: 190 162
pixel: 190 163
pixel: 190 164
pixel: 190 165
pixel: 190 166
pixel: 190 167
pixel: 190 168
pixel: 190 169
pixel: 190 170
pixel: 190 171
pixel: 190 172
pixel: 190 173
pixel: 190 174
pixel: 190 175
pixel: 190 176
pixel: 190 177
pixel: 190 178
pixel: 190 179
pixel: 190 180
pixel: 190 181
pixel: 190 182
pixel: 190 183
pixel: 190 184
pixel: 190 185
pixel: 190 186
pixel: 190 187
pixel: 190 188
pixel: 190 189
pixel: 190 190
pixel: 190 191
pixel: 190 192
pixel: 190 193
pixel: 190 194
pixel: 190 195
pixel: 190 196
pixel: 190 197
pixel: 190 198
pixel: 190 199
pixel: 191 0
pixel: 191 1
pixel: 191 2
pixel: 191 3
pixel: 191 4
pixel: 191 5
pixel: 191 6
pixel: 191 7
pixel: 191 8
pixel: 191 9
pixel: 191 10
pixel: 191 11
pixel: 191 12
pixel: 191 13
pixel: 191 14
pixel: 191 15
pixel: 191 16
pixel: 191 17
pixel: 191 18
pixel: 191 19
pixel: 191 20
pixel: 191 21
pixel: 191 22
pixel: 191 23
pixel: 191 24
pixel: 191 25
pixel: 191 26
pixel: 191 27
pixel: 191 28
pixel: 191 29
pixel: 191 30
pixel: 191 31
pixel: 191 32
pixel: 191 33
pixel: 191 34
pixel: 191 35
pixel: 191 36
pixel: 191 37
pixel: 191 38
pixel: 191 39
pixel: 191 40
pixel: 191 41
pixel: 191 42
pixel: 191 43
pixel: 191 44
pixel: 191 45
pixel: 191 46
pixel: 191 47
pixel: 191 48
pixel: 191 49
pixel: 191 50
pixel: 191 51
pixel: 191 52
pixel: 191 53
pixel: 191 54
pixel: 191 55
pixel: 191 56
pixel: 191 57
pixel: 191 58
pixel: 191 59
pixel: 191 60
pixel: 191 61
pixel: 191 62
pixel: 191 63
pixel: 191 64
pixel: 191 65
pixel: 191 66
pixel: 191 67
pixel: 191 68
pixel: 191 69
pixel: 191 70
pixel: 191 71
pixel: 191 72
pixel: 191 73
pixel: 191 74
pixel: 191 75
pixel: 191 76
pixel: 191 77
pixel: 191 78
pixel: 191 79
pixel: 191 80
pixel: 191 81
pixel: 191 82
pixel: 191 83
pixel: 191 84
pixel: 191 85
pixel: 191 86
pixel: 191 87
pixel: 191 88
pixel: 191 89
pixel: 191 90
pixel: 191 91
pixel: 191 92
pixel: 191 93
pixel: 191 94
pixel: 191 95
pixel: 191 96
pixel: 191 97
pixel: 191 98
pixel: 191 99
pixel: 191 100
pixel: 191 101
pixel: 191 102
pixel: 191 103
pixel: 191 104
pixel: 191 105
pixel: 191 106
pixel: 191 107
pixel: 191 108
pixel: 191 109
pixel: 191 110
pixel: 191 111
pixel: 191 112
pixel: 191 113
pixel: 191 114
pixel: 191 115
pixel: 191 116
pixel: 191 117
pixel: 191 118
pixel: 191 119
pixel: 191 120
pixel: 191 121
pixel: 191 122
pixel: 191 123
pixel: 191 124
pixel: 191 125
pixel: 191 126
pixel: 191 127
pixel: 191 128
pixel: 191 129
pixel: 191 130
pixel: 191 131
pixel: 191 132
pixel: 191 133
pixel: 191 134
pixel: 191 135
pixel: 191 136
pixel: 191 137
pixel: 191 138
pixel: 191 139
pixel: 191 140
pixel: 191 141
pixel: 191 142
pixel: 191 143
pixel: 191 144
pixel: 191 145
pixel: 191 146
pixel: 191 147
pixel: 191 148
pixel: 191 149
pixel: 191 150
pixel: 191 151
pixel: 191 152
pixel: 191 153
pixel: 191 154
pixel: 191 155
pixel: 191 156
pixel: 191 157
pixel: 191 158
pixel: 191 159
pixel: 191 160
pixel: 191 161
pixel: 191 162
pixel: 191 163
pixel: 191 164
pixel: 191 165
pixel: 191 166
pixel: 191 167
pixel: 191 168
pixel: 191 169
pixel: 191 170
pixel: 191 171
pixel: 191 172
pixel: 191 173
pixel: 191 174
pixel: 191 175
pixel: 191 176
pixel: 191 177
pixel: 191 178
pixel: 191 179
pixel: 191 180
pixel: 191 181
pixel: 191 182
pixel: 191 183
pixel: 191 184
pixel: 191 185
pixel: 191 186
pixel: 191 187
pixel: 191 188
pixel: 191 189
pixel: 191 190
pixel: 191 191
pixel: 191 192
pixel: 191 193
pixel: 191 194
pixel: 191 195
pixel: 191 196
pixel: 191 197
pixel: 191 198
pixel: 191 199
pixel: 192 0
pixel: 192 1
pixel: 192 2
pixel: 192 3
pixel: 192 4
pixel: 192 5
pixel: 192 6
pixel: 192 7
pixel: 192 8
pixel: 192 9
pixel: 192 10
pixel: 192 11
pixel: 192 12
pixel: 192 13
pixel: 192 14
pixel: 192 15
pixel: 192 16
pixel: 192 17
pixel: 192 18
pixel: 192 19
pixel: 192 20
pixel: 192 21
pixel: 192 22
pixel: 192 23
pixel: 192 24
pixel: 192 25
pixel: 192 26
pixel: 192 27
pixel: 192 28
pixel: 192 29
pixel: 192 30
pixel: 192 31
pixel: 192 32
pixel: 192 33
pixel: 192 34
pixel: 192 35
pixel: 192 36
pixel: 192 37
pixel: 192 38
pixel: 192 39
pixel: 192 40
pixel: 192 41
pixel: 192 42
pixel: 192 43
pixel: 192 44
pixel: 192 45
pixel: 192 46
pixel: 192 47
pixel: 192 48
pixel: 192 49
pixel: 192 50
pixel: 192 51
pixel: 192 52
pixel: 192 53
pixel: 192 54
pixel: 192 55
pixel: 192 56
pixel: 192 57
pixel: 192 58
pixel: 192 59
pixel: 192 60
pixel: 192 61
pixel: 192 62
pixel: 192 63
pixel: 192 64
pixel: 192 65
pixel: 192 66
pixel: 192 67
pixel: 192 68
pixel: 192 69
pixel: 192 70
pixel: 192 71
pixel: 192 72
pixel: 192 73
pixel: 192 74
pixel: 192 75
pixel: 192 76
pixel: 192 77
pixel: 192 78
pixel: 192 79
pixel: 192 80
pixel: 192 81
pixel: 192 82
pixel: 192 83
pixel: 192 84
pixel: 192 85
pixel: 192 86
pixel: 192 87
pixel: 192 88
pixel: 192 89
pixel: 192 90
pixel: 192 91
pixel: 192 92
pixel: 192 93
pixel: 192 94
pixel: 192 95
pixel: 192 96
pixel: 192 97
pixel: 192 98
pixel: 192 99
pixel: 192 100
pixel: 192 101
pixel: 192 102
pixel: 192 103
pixel: 192 104
pixel: 192 105
pixel: 192 106
pixel: 192 107
pixel: 192 108
pixel: 192 109
pixel: 192 110
pixel: 192 111
pixel: 192 112
pixel: 192 113
pixel: 192 114
pixel: 192 115
pixel: 192 116
pixel: 192 117
pixel: 192 118
pixel: 192 119
pixel: 192 120
pixel: 192 121
pixel: 192 122
pixel: 192 123
pixel: 192 124
pixel: 192 125
pixel: 192 126
pixel: 192 127
pixel: 192 128
pixel: 192 129
pixel: 192 130
pixel: 192 131
pixel: 192 132
pixel: 192 133
pixel: 192 134
pixel: 192 135
pixel: 192 136
pixel: 192 137
pixel: 192 138
pixel: 192 139
pixel: 192 140
pixel: 192 141
pixel: 192 142
pixel: 192 143
pixel: 192 144
pixel: 192 145
pixel: 192 146
pixel: 192 147
pixel: 192 148
pixel: 192 149
pixel: 192 150
pixel: 192 151
pixel: 192 152
pixel: 192 153
pixel: 192 154
pixel: 192 155
pixel: 192 156
pixel: 192 157
pixel: 192 158
pixel: 192 159
pixel: 192 160
pixel: 192 161
pixel: 192 162
pixel: 192 163
pixel: 192 164
pixel: 192 165
pixel: 192 166
pixel: 192 167
pixel: 192 168
pixel: 192 169
pixel: 192 170
pixel: 192 171
pixel: 192 172
pixel: 192 173
pixel: 192 174
pixel: 192 175
pixel: 192 176
pixel: 192 177
pixel: 192 178
pixel: 192 179
pixel: 192 180
pixel: 192 181
pixel: 192 182
pixel: 192 183
pixel: 192 184
pixel: 192 185
pixel: 192 186
pixel: 192 187
pixel: 192 188
pixel: 192 189
pixel: 192 190
pixel: 192 191
pixel: 192 192
pixel: 192 193
pixel: 192 194
pixel: 192 195
pixel: 192 196
pixel: 192 197
pixel: 192 198
pixel: 192 199
pixel: 193 0
pixel: 193 1
pixel: 193 2
pixel: 193 3
pixel: 193 4
pixel: 193 5
pixel: 193 6
pixel: 193 7
pixel: 193 8
pixel: 193 9
pixel: 193 10
pixel: 193 11
pixel: 193 12
pixel: 193 13
pixel: 193 14
pixel: 193 15
pixel: 193 16
pixel: 193 17
pixel: 193 18
pixel: 193 19
pixel: 193 20
pixel: 193 21
pixel: 193 22
pixel: 193 23
pixel: 193 24
pixel: 193 25
pixel: 193 26
pixel: 193 27
pixel: 193 28
pixel: 193 29
pixel: 193 30
pixel: 193 31
pixel: 193 32
pixel: 193 33
pixel: 193 34
pixel: 193 35
pixel: 193 36
pixel: 193 37
pixel: 193 38
pixel: 193 39
pixel: 193 40
pixel: 193 41
pixel: 193 42
pixel: 193 43
pixel: 193 44
pixel: 193 45
pixel: 193 46
pixel: 193 47
pixel: 193 48
pixel: 193 49
pixel: 193 50
pixel: 193 51
pixel: 193 52
pixel: 193 53
pixel: 193 54
pixel: 193 55
pixel: 193 56
pixel: 193 57
pixel: 193 58
pixel: 193 59
pixel: 193 60
pixel: 193 61
pixel: 193 62
pixel: 193 63
pixel: 193 64
pixel: 193 65
pixel: 193 66
pixel: 193 67
pixel: 193 68
pixel: 193 69
pixel: 193 70
pixel: 193 71
pixel: 193 72
pixel: 193 73
pixel: 193 74
pixel: 193 75
pixel: 193 76
pixel: 193 77
pixel: 193 78
pixel: 193 79
pixel: 193 80
pixel: 193 81
pixel: 193 82
pixel: 193 83
pixel: 193 84
pixel: 193 85
pixel: 193 86
pixel: 193 87
pixel: 193 88
pixel: 193 89
pixel: 193 90
pixel: 193 91
pixel: 193 92
pixel: 193 93
pixel: 193 94
pixel: 193 95
pixel: 193 96
pixel: 193 97
pixel: 193 98
pixel: 193 99
pixel: 193 100
pixel: 193 101
pixel: 193 102
pixel: 193 103
pixel: 193 104
pixel: 193 105
pixel: 193 106
pixel: 193 107
pixel: 193 108
pixel: 193 109
pixel: 193 110
pixel: 193 111
pixel: 193 112
pixel: 193 113
pixel: 193 114
pixel: 193 115
pixel: 193 116
pixel: 193 117
pixel: 193 118
pixel: 193 119
pixel: 193 120
pixel: 193 121
pixel: 193 122
pixel: 193 123
pixel: 193 124
pixel: 193 125
pixel: 193 126
pixel: 193 127
pixel: 193 128
pixel: 193 129
pixel: 193 130
pixel: 193 131
pixel: 193 132
pixel: 193 133
pixel: 193 134
pixel: 193 135
pixel: 193 136
pixel: 193 137
pixel: 193 138
pixel: 193 139
pixel: 193 140
pixel: 193 141
pixel: 193 142
pixel: 193 143
pixel: 193 144
pixel: 193 145
pixel: 193 146
pixel: 193 147
pixel: 193 148
pixel: 193 149
pixel: 193 150
pixel: 193 151
pixel: 193 152
pixel: 193 153
pixel: 193 154
pixel: 193 155
pixel: 193 156
pixel: 193 157
pixel: 193 158
pixel: 193 159
pixel: 193 160
pixel: 193 161
pixel: 193 162
pixel: 193 163
pixel: 193 164
pixel: 193 165
pixel: 193 166
pixel: 193 167
pixel: 193 168
pixel: 193 169
pixel: 193 170
pixel: 193 171
pixel: 193 172
pixel: 193 173
pixel: 193 174
pixel: 193 175
pixel: 193 176
pixel: 193 177
pixel: 193 178
pixel: 193 179
pixel: 193 180
pixel: 193 181
pixel: 193 182
pixel: 193 183
pixel: 193 184
pixel: 193 185
pixel: 193 186
pixel: 193 187
pixel: 193 188
pixel: 193 189
pixel: 193 190
pixel: 193 191
pixel: 193 192
pixel: 193 193
pixel: 193 194
pixel: 193 195
pixel: 193 196
pixel: 193 197
pixel: 193 198
pixel: 193 199
pixel: 194 0
pixel: 194 1
pixel: 194 2
pixel: 194 3
pixel: 194 4
pixel: 194 5
pixel: 194 6
pixel: 194 7
pixel: 194 8
pixel: 194 9
pixel: 194 10
pixel: 194 11
pixel: 194 12
pixel: 194 13
pixel: 194 14
pixel: 194 15
pixel: 194 16
pixel: 194 17
pixel: 194 18
pixel: 194 19
pixel: 194 20
pixel: 194 21
pixel: 194 22
pixel: 194 23
pixel: 194 24
pixel: 194 25
pixel: 194 26
pixel: 194 27
pixel: 194 28
pixel: 194 29
pixel: 194 30
pixel: 194 31
pixel: 194 32
pixel: 194 33
pixel: 194 34
pixel: 194 35
pixel: 194 36
pixel: 194 37
pixel: 194 38
pixel: 194 39
pixel: 194 40
pixel: 194 41
pixel: 194 42
pixel: 194 43
pixel: 194 44
pixel: 194 45
pixel: 194 46
pixel: 194 47
pixel: 194 48
pixel: 194 49
pixel: 194 50
pixel: 194 51
pixel: 194 52
pixel: 194 53
pixel: 194 54
pixel: 194 55
pixel: 194 56
pixel: 194 57
pixel: 194 58
pixel: 194 59
pixel: 194 60
pixel: 194 61
pixel: 194 62
pixel: 194 63
pixel: 194 64
pixel: 194 65
pixel: 194 66
pixel: 194 67
pixel: 194 68
pixel: 194 69
pixel: 194 70
pixel: 194 71
pixel: 194 72
pixel: 194 73
pixel: 194 74
pixel: 194 75
pixel: 194 76
pixel: 194 77
pixel: 194 78
pixel: 194 79
pixel: 194 80
pixel: 194 81
pixel: 194 82
pixel: 194 83
pixel: 194 84
pixel: 194 85
pixel: 194 86
pixel: 194 87
pixel: 194 88
pixel: 194 89
pixel: 194 90
pixel: 194 91
pixel: 194 92
pixel: 194 93
pixel: 194 94
pixel: 194 95
pixel: 194 96
pixel: 194 97
pixel: 194 98
pixel: 194 99
pixel: 194 100
pixel: 194 101
pixel: 194 102
pixel: 194 103
pixel: 194 104
pixel: 194 105
pixel: 194 106
pixel: 194 107
pixel: 194 108
pixel: 194 109
pixel: 194 110
pixel: 194 111
pixel: 194 112
pixel: 194 113
pixel: 194 114
pixel: 194 115
pixel: 194 116
pixel: 194 117
pixel: 194 118
pixel: 194 119
pixel: 194 120
pixel: 194 121
pixel: 194 122
pixel: 194 123
pixel: 194 124
pixel: 194 125
pixel: 194 126
pixel: 194 127
pixel: 194 128
pixel: 194 129
pixel: 194 130
pixel: 194 131
pixel: 194 132
pixel: 194 133
pixel: 194 134
pixel: 194 135
pixel: 194 136
pixel: 194 137
pixel: 194 138
pixel: 194 139
pixel: 194 140
pixel: 194 141
pixel: 194 142
pixel: 194 143
pixel: 194 144
pixel: 194 145
pixel: 194 146
pixel: 194 147
pixel: 194 148
pixel: 194 149
pixel: 194 150
pixel: 194 151
pixel: 194 152
pixel: 194 153
pixel: 194 154
pixel: 194 155
pixel: 194 156
pixel: 194 157
pixel: 194 158
pixel: 194 159
pixel: 194 160
pixel: 194 161
pixel: 194 162
pixel: 194 163
pixel: 194 164
pixel: 194 165
pixel: 194 166
pixel: 194 167
pixel: 194 168
pixel: 194 169
pixel: 194 170
pixel: 194 171
pixel: 194 172
pixel: 194 173
pixel: 194 174
pixel: 194 175
pixel: 194 176
pixel: 194 177
pixel: 194 178
pixel: 194 179
pixel: 194 180
pixel: 194 181
pixel: 194 182
pixel: 194 183
pixel: 194 184
pixel: 194 185
pixel: 194 186
pixel: 194 187
pixel: 194 188
pixel: 194 189
pixel: 194 190
pixel: 194 191
pixel: 194 192
pixel: 194 193
pixel: 194 194
pixel: 194 195
pixel: 194 196
pixel: 194 197
pixel: 194 198
pixel: 194 199
pixel: 195 0
pixel: 195 1
pixel: 195 2
pixel: 195 3
pixel: 195 4
pixel: 195 5
pixel: 195 6
pixel: 195 7
pixel: 195 8
pixel: 195 9
pixel: 195 10
pixel: 195 11
pixel: 195 12
pixel: 195 13
pixel: 195 14
pixel: 195 15
pixel: 195 16
pixel: 195 17
pixel: 195 18
pixel: 195 19
pixel: 195 20
pixel: 195 21
pixel: 195 22
pixel: 195 23
pixel: 195 24
pixel: 195 25
pixel: 195 26
pixel: 195 27
pixel: 195 28
pixel: 195 29
pixel: 195 30
pixel: 195 31
pixel: 195 32
pixel: 195 33
pixel: 195 34
pixel: 195 35
pixel: 195 36
pixel: 195 37
pixel: 195 38
pixel: 195 39
pixel: 195 40
pixel: 195 41
pixel: 195 42
pixel: 195 43
pixel: 195 44
pixel: 195 45
pixel: 195 46
pixel: 195 47
pixel: 195 48
pixel: 195 49
pixel: 195 50
pixel: 195 51
pixel: 195 52
pixel: 195 53
pixel: 195 54
pixel: 195 55
pixel: 195 56
pixel: 195 57
pixel: 195 58
pixel: 195 59
pixel: 195 60
pixel: 195 61
pixel: 195 62
pixel: 195 63
pixel: 195 64
pixel: 195 65
pixel: 195 66
pixel: 195 67
pixel: 195 68
pixel: 195 69
pixel: 195 70
pixel: 195 71
pixel: 195 72
pixel: 195 73
pixel: 195 74
pixel: 195 75
pixel: 195 76
pixel: 195 77
pixel: 195 78
pixel: 195 79
pixel: 195 80
pixel: 195 81
pixel: 195 82
pixel: 195 83
pixel: 195 84
pixel: 195 85
pixel: 195 86
pixel: 195 87
pixel: 195 88
pixel: 195 89
pixel: 195 90
pixel: 195 91
pixel: 195 92
pixel: 195 93
pixel: 195 94
pixel: 195 95
pixel: 195 96
pixel: 195 97
pixel: 195 98
pixel: 195 99
pixel: 195 100
pixel: 195 101
pixel: 195 102
pixel: 195 103
pixel: 195 104
pixel: 195 105
pixel: 195 106
pixel: 195 107
pixel: 195 108
pixel: 195 109
pixel: 195 110
pixel: 195 111
pixel: 195 112
pixel: 195 113
pixel: 195 114
pixel: 195 115
pixel: 195 116
pixel: 195 117
pixel: 195 118
pixel: 195 119
pixel: 195 120
pixel: 195 121
pixel: 195 122
pixel: 195 123
pixel: 195 124
pixel: 195 125
pixel: 195 126
pixel: 195 127
pixel: 195 128
pixel: 195 129
pixel: 195 130
pixel: 195 131
pixel: 195 132
pixel: 195 133
pixel: 195 134
pixel: 195 135
pixel: 195 136
pixel: 195 137
pixel: 195 138
pixel: 195 139
pixel: 195 140
pixel: 195 141
pixel: 195 142
pixel: 195 143
pixel: 195 144
pixel: 195 145
pixel: 195 146
pixel: 195 147
pixel: 195 148
pixel: 195 149
pixel: 195 150
pixel: 195 151
pixel: 195 152
pixel: 195 153
pixel: 195 154
pixel: 195 155
pixel: 195 156
pixel: 195 157
pixel: 195 158
pixel: 195 159
pixel: 195 160
pixel: 195 161
pixel: 195 162
pixel: 195 163
pixel: 195 164
pixel: 195 165
pixel: 195 166
pixel: 195 167
pixel: 195 168
pixel: 195 169
pixel: 195 170
pixel: 195 171
pixel: 195 172
pixel: 195 173
pixel: 195 174
pixel: 195 175
pixel: 195 176
pixel: 195 177
pixel: 195 178
pixel: 195 179
pixel: 195 180
pixel: 195 181
pixel: 195 182
pixel: 195 183
pixel: 195 184
pixel: 195 185
pixel: 195 186
pixel: 195 187
pixel: 195 188
pixel: 195 189
pixel: 195 190
pixel: 195 191
pixel: 195 192
pixel: 195 193
pixel: 195 194
pixel: 195 195
pixel: 195 196
pixel: 195 197
pixel: 195 198
pixel: 195 199
pixel: 196 0
pixel: 196 1
pixel: 196 2
pixel: 196 3
pixel: 196 4
pixel: 196 5
pixel: 196 6
pixel: 196 7
pixel: 196 8
pixel: 196 9
pixel: 196 10
pixel: 196 11
pixel: 196 12
pixel: 196 13
pixel: 196 14
pixel: 196 15
pixel: 196 16
pixel: 196 17
pixel: 196 18
pixel: 196 19
pixel: 196 20
pixel: 196 21
pixel: 196 22
pixel: 196 23
pixel: 196 24
pixel: 196 25
pixel: 196 26
pixel: 196 27
pixel: 196 28
pixel: 196 29
pixel: 196 30
pixel: 196 31
pixel: 196 32
pixel: 196 33
pixel: 196 34
pixel: 196 35
pixel: 196 36
pixel: 196 37
pixel: 196 38
pixel: 196 39
pixel: 196 40
pixel: 196 41
pixel: 196 42
pixel: 196 43
pixel: 196 44
pixel: 196 45
pixel: 196 46
pixel: 196 47
pixel: 196 48
pixel: 196 49
pixel: 196 50
pixel: 196 51
pixel: 196 52
pixel: 196 53
pixel: 196 54
pixel: 196 55
pixel: 196 56
pixel: 196 57
pixel: 196 58
pixel: 196 59
pixel: 196 60
pixel: 196 61
pixel: 196 62
pixel: 196 63
pixel: 196 64
pixel: 196 65
pixel: 196 66
pixel: 196 67
pixel: 196 68
pixel: 196 69
pixel: 196 70
pixel: 196 71
pixel: 196 72
pixel: 196 73
pixel: 196 74
pixel: 196 75
pixel: 196 76
pixel: 196 77
pixel: 196 78
pixel: 196 79
pixel: 196 80
pixel: 196 81
pixel: 196 82
pixel: 196 83
pixel: 196 84
pixel: 196 85
pixel: 196 86
pixel: 196 87
pixel: 196 88
pixel: 196 89
pixel: 196 90
pixel: 196 91
pixel: 196 92
pixel: 196 93
pixel: 196 94
pixel: 196 95
pixel: 196 96
pixel: 196 97
pixel: 196 98
pixel: 196 99
pixel: 196 100
pixel: 196 101
pixel: 196 102
pixel: 196 103
pixel: 196 104
pixel: 196 105
pixel: 196 106
pixel: 196 107
pixel: 196 108
pixel: 196 109
pixel: 196 110
pixel: 196 111
pixel: 196 112
pixel: 196 113
pixel: 196 114
pixel: 196 115
pixel: 196 116
pixel: 196 117
pixel: 196 118
pixel: 196 119
pixel: 196 120
pixel: 196 121
pixel: 196 122
pixel: 196 123
pixel: 196 124
pixel: 196 125
pixel: 196 126
pixel: 196 127
pixel: 196 128
pixel: 196 129
pixel: 196 130
pixel: 196 131
pixel: 196 132
pixel: 196 133
pixel: 196 134
pixel: 196 135
pixel: 196 136
pixel: 196 137
pixel: 196 138
pixel: 196 139
pixel: 196 140
pixel: 196 141
pixel: 196 142
pixel: 196 143
pixel: 196 144
pixel: 196 145
pixel: 196 146
pixel: 196 147
pixel: 196 148
pixel: 196 149
pixel: 196 150
pixel: 196 151
pixel: 196 152
pixel: 196 153
pixel: 196 154
pixel: 196 155
pixel: 196 156
pixel: 196 157
pixel: 196 158
pixel: 196 159
pixel: 196 160
pixel: 196 161
pixel: 196 162
pixel: 196 163
pixel: 196 164
pixel: 196 165
pixel: 196 166
pixel: 196 167
pixel: 196 168
pixel: 196 169
pixel: 196 170
pixel: 196 171
pixel: 196 172
pixel: 196 173
pixel: 196 174
pixel: 196 175
pixel: 196 176
pixel: 196 177
pixel: 196 178
pixel: 196 179
pixel: 196 180
pixel: 196 181
pixel: 196 182
pixel: 196 183
pixel: 196 184
pixel: 196 185
pixel: 196 186
pixel: 196 187
pixel: 196 188
pixel: 196 189
pixel: 196 190
pixel: 196 191
pixel: 196 192
pixel: 196 193
pixel: 196 194
pixel: 196 195
pixel: 196 196
pixel: 196 197
pixel: 196 198
pixel: 196 199
pixel: 197 0
pixel: 197 1
pixel: 197 2
pixel: 197 3
pixel: 197 4
pixel: 197 5
pixel: 197 6
pixel: 197 7
pixel: 197 8
pixel: 197 9
pixel: 197 10
pixel: 197 11
pixel: 197 12
pixel: 197 13
pixel: 197 14
pixel: 197 15
pixel: 197 16
pixel: 197 17
pixel: 197 18
pixel: 197 19
pixel: 197 20
pixel: 197 21
pixel: 197 22
pixel: 197 23
pixel: 197 24
pixel: 197 25
pixel: 197 26
pixel: 197 27
pixel: 197 28
pixel: 197 29
pixel: 197 30
pixel: 197 31
pixel: 197 32
pixel: 197 33
pixel: 197 34
pixel: 197 35
pixel: 197 36
pixel: 197 37
pixel: 197 38
pixel: 197 39
pixel: 197 40
pixel: 197 41
pixel: 197 42
pixel: 197 43
pixel: 197 44
pixel: 197 45
pixel: 197 46
pixel: 197 47
pixel: 197 48
pixel: 197 49
pixel: 197 50
pixel: 197 51
pixel: 197 52
pixel: 197 53
pixel: 197 54
pixel: 197 55
pixel: 197 56
pixel: 197 57
pixel: 197 58
pixel: 197 59
pixel: 197 60
pixel: 197 61
pixel: 197 62
pixel: 197 63
pixel: 197 64
pixel: 197 65
pixel: 197 66
pixel: 197 67
pixel: 197 68
pixel: 197 69
pixel: 197 70
pixel: 197 71
pixel: 197 72
pixel: 197 73
pixel: 197 74
pixel: 197 75
pixel: 197 76
pixel: 197 77
pixel: 197 78
pixel: 197 79
pixel: 197 80
pixel: 197 81
pixel: 197 82
pixel: 197 83
pixel: 197 84
pixel: 197 85
pixel: 197 86
pixel: 197 87
pixel: 197 88
pixel: 197 89
pixel: 197 90
pixel: 197 91
pixel: 197 92
pixel: 197 93
pixel: 197 94
pixel: 197 95
pixel: 197 96
pixel: 197 97
pixel: 197 98
pixel: 197 99
pixel: 197 100
pixel: 197 101
pixel: 197 102
pixel: 197 103
pixel: 197 104
pixel: 197 105
pixel: 197 106
pixel: 197 107
pixel: 197 108
pixel: 197 109
pixel: 197 110
pixel: 197 111
pixel: 197 112
pixel: 197 113
pixel: 197 114
pixel: 197 115
pixel: 197 116
pixel: 197 117
pixel: 197 118
pixel: 197 119
pixel: 197 120
pixel: 197 121
pixel: 197 122
pixel: 197 123
pixel: 197 124
pixel: 197 125
pixel: 197 126
pixel: 197 127
pixel: 197 128
pixel: 197 129
pixel: 197 130
pixel: 197 131
pixel: 197 132
pixel: 197 133
pixel: 197 134
pixel: 197 135
pixel: 197 136
pixel: 197 137
pixel: 197 138
pixel: 197 139
pixel: 197 140
pixel: 197 141
pixel: 197 142
pixel: 197 143
pixel: 197 144
pixel: 197 145
pixel: 197 146
pixel: 197 147
pixel: 197 148
pixel: 197 149
pixel: 197 150
pixel: 197 151
pixel: 197 152
pixel: 197 153
pixel: 197 154
pixel: 197 155
pixel: 197 156
pixel: 197 157
pixel: 197 158
pixel: 197 159
pixel: 197 160
pixel: 197 161
pixel: 197 162
pixel: 197 163
pixel: 197 164
pixel: 197 165
pixel: 197 166
pixel: 197 167
pixel: 197 168
pixel: 197 169
pixel: 197 170
pixel: 197 171
pixel: 197 172
pixel: 197 173
pixel: 197 174
pixel: 197 175
pixel: 197 176
pixel: 197 177
pixel: 197 178
pixel: 197 179
pixel: 197 180
pixel: 197 181
pixel: 197 182
pixel: 197 183
pixel: 197 184
pixel: 197 185
pixel: 197 186
pixel: 197 187
pixel: 197 188
pixel: 197 189
pixel: 197 190
pixel: 197 191
pixel: 197 192
pixel: 197 193
pixel: 197 194
pixel: 197 195
pixel: 197 196
pixel: 197 197
pixel: 197 198
pixel: 197 199
pixel: 198 0
pixel: 198 1
pixel: 198 2
pixel: 198 3
pixel: 198 4
pixel: 198 5
pixel: 198 6
pixel: 198 7
pixel: 198 8
pixel: 198 9
pixel: 198 10
pixel: 198 11
pixel: 198 12
pixel: 198 13
pixel: 198 14
pixel: 198 15
pixel: 198 16
pixel: 198 17
pixel: 198 18
pixel: 198 19
pixel: 198 20
pixel: 198 21
pixel: 198 22
pixel: 198 23
pixel: 198 24
pixel: 198 25
pixel: 198 26
pixel: 198 27
pixel: 198 28
pixel: 198 29
pixel: 198 30
pixel: 198 31
pixel: 198 32
pixel: 198 33
pixel: 198 34
pixel: 198 35
pixel: 198 36
pixel: 198 37
pixel: 198 38
pixel: 198 39
pixel: 198 40
pixel: 198 41
pixel: 198 42
pixel: 198 43
pixel: 198 44
pixel: 198 45
pixel: 198 46
pixel: 198 47
pixel: 198 48
pixel: 198 49
pixel: 198 50
pixel: 198 51
pixel: 198 52
pixel: 198 53
pixel: 198 54
pixel: 198 55
pixel: 198 56
pixel: 198 57
pixel: 198 58
pixel: 198 59
pixel: 198 60
pixel: 198 61
pixel: 198 62
pixel: 198 63
pixel: 198 64
pixel: 198 65
pixel: 198 66
pixel: 198 67
pixel: 198 68
pixel: 198 69
pixel: 198 70
pixel: 198 71
pixel: 198 72
pixel: 198 73
pixel: 198 74
pixel: 198 75
pixel: 198 76
pixel: 198 77
pixel: 198 78
pixel: 198 79
pixel: 198 80
pixel: 198 81
pixel: 198 82
pixel: 198 83
pixel: 198 84
pixel: 198 85
pixel: 198 86
pixel: 198 87
pixel: 198 88
pixel: 198 89
pixel: 198 90
pixel: 198 91
pixel: 198 92
pixel: 198 93
pixel: 198 94
pixel: 198 95
pixel: 198 96
pixel: 198 97
pixel: 198 98
pixel: 198 99
pixel: 198 100
pixel: 198 101
pixel: 198 102
pixel: 198 103
pixel: 198 104
pixel: 198 105
pixel: 198 106
pixel: 198 107
pixel: 198 108
pixel: 198 109
pixel: 198 110
pixel: 198 111
pixel: 198 112
pixel: 198 113
pixel: 198 114
pixel: 198 115
pixel: 198 116
pixel: 198 117
pixel: 198 118
pixel: 198 119
pixel: 198 120
pixel: 198 121
pixel: 198 122
pixel: 198 123
pixel: 198 124
pixel: 198 125
pixel: 198 126
pixel: 198 127
pixel: 198 128
pixel: 198 129
pixel: 198 130
pixel: 198 131
pixel: 198 132
pixel: 198 133
pixel: 198 134
pixel: 198 135
pixel: 198 136
pixel: 198 137
pixel: 198 138
pixel: 198 139
pixel: 198 140
pixel: 198 141
pixel: 198 142
pixel: 198 143
pixel: 198 144
pixel: 198 145
pixel: 198 146
pixel: 198 147
pixel: 198 148
pixel: 198 149
pixel: 198 150
pixel: 198 151
pixel: 198 152
pixel: 198 153
pixel: 198 154
pixel: 198 155
pixel: 198 156
pixel: 198 157
pixel: 198 158
pixel: 198 159
pixel: 198 160
pixel: 198 161
pixel: 198 162
pixel: 198 163
pixel: 198 164
pixel: 198 165
pixel: 198 166
pixel: 198 167
pixel: 198 168
pixel: 198 169
pixel: 198 170
pixel: 198 171
pixel: 198 172
pixel: 198 173
pixel: 198 174
pixel: 198 175
pixel: 198 176
pixel: 198 177
pixel: 198 178
pixel: 198 179
pixel: 198 180
pixel: 198 181
pixel: 198 182
pixel: 198 183
pixel: 198 184
pixel: 198 185
pixel: 198 186
pixel: 198 187
pixel: 198 188
pixel: 198 189
pixel: 198 190
pixel: 198 191
pixel: 198 192
pixel: 198 193
pixel: 198 194
pixel: 198 195
pixel: 198 196
pixel: 198 197
pixel: 198 198
pixel: 198 199
pixel: 199 0
pixel: 199 1
pixel: 199 2
pixel: 199 3
pixel: 199 4
pixel: 199 5
pixel: 199 6
pixel: 199 7
pixel: 199 8
pixel: 199 9
pixel: 199 10
pixel: 199 11
pixel: 199 12
pixel: 199 13
pixel: 199 14
pixel: 199 15
pixel: 199 16
pixel: 199 17
pixel: 199 18
pixel: 199 19
pixel: 199 20
pixel: 199 21
pixel: 199 22
pixel: 199 23
pixel: 199 24
pixel: 199 25
pixel: 199 26
pixel: 199 27
pixel: 199 28
pixel: 199 29
pixel: 199 30
pixel: 199 31
pixel: 199 32
pixel: 199 33
pixel: 199 34
pixel: 199 35
pixel: 199 36
pixel: 199 37
pixel: 199 38
pixel: 199 39
pixel: 199 40
pixel: 199 41
pixel: 199 42
pixel: 199 43
pixel: 199 44
pixel: 199 45
pixel: 199 46
pixel: 199 47
pixel: 199 48
pixel: 199 49
pixel: 199 50
pixel: 199 51
pixel: 199 52
pixel: 199 53
pixel: 199 54
pixel: 199 55
pixel: 199 56
pixel: 199 57
pixel: 199 58
pixel: 199 59
pixel: 199 60
pixel: 199 61
pixel: 199 62
pixel: 199 63
pixel: 199 64
pixel: 199 65
pixel: 199 66
pixel: 199 67
pixel: 199 68
pixel: 199 69
pixel: 199 70
pixel: 199 71
pixel: 199 72
pixel: 199 73
pixel: 199 74
pixel: 199 75
pixel: 199 76
pixel: 199 77
pixel: 199 78
pixel: 199 79
pixel: 199 80
pixel: 199 81
pixel: 199 82
pixel: 199 83
pixel: 199 84
pixel: 199 85
pixel: 199 86
pixel: 199 87
pixel: 199 88
pixel: 199 89
pixel: 199 90
pixel: 199 91
pixel: 199 92
pixel: 199 93
pixel: 199 94
pixel: 199 95
pixel: 199 96
pixel: 199 97
pixel: 199 98
pixel: 199 99
pixel: 199 100
pixel: 199 101
pixel: 199 102
pixel: 199 103
pixel: 199 104
pixel: 199 105
pixel: 199 106
pixel: 199 107
pixel: 199 108
pixel: 199 109
pixel: 199 110
pixel: 199 111
pixel: 199 112
pixel: 199 113
pixel: 199 114
pixel: 199 115
pixel: 199 116
pixel: 199 117
pixel: 199 118
pixel: 199 119
pixel: 199 120
pixel: 199 121
pixel: 199 122
pixel: 199 123
pixel: 199 124
pixel: 199 125
pixel: 199 126
pixel: 199 127
pixel: 199 128
pixel: 199 129
pixel: 199 130
pixel: 199 131
pixel: 199 132
pixel: 199 133
pixel: 199 134
pixel: 199 135
pixel: 199 136
pixel: 199 137
pixel: 199 138
pixel: 199 139
pixel: 199 140
pixel: 199 141
pixel: 199 142
pixel: 199 143
pixel: 199 144
pixel: 199 145
pixel: 199 146
pixel: 199 147
pixel: 199 148
pixel: 199 149
pixel: 199 150
pixel: 199 151
pixel: 199 152
pixel: 199 153
pixel: 199 154
pixel: 199 155
pixel: 199 156
pixel: 199 157
pixel: 199 158
pixel: 199 159
pixel: 199 160
pixel: 199 161
pixel: 199 162
pixel: 199 163
pixel: 199 164
pixel: 199 165
pixel: 199 166
pixel: 199 167
pixel: 199 168
pixel: 199 169
pixel: 199 170
pixel: 199 171
pixel: 199 172
pixel: 199 173
pixel: 199 174
pixel: 199 175
pixel: 199 176
pixel: 199 177
pixel: 199 178
pixel: 199 179
pixel: 199 180
pixel: 199 181
pixel: 199 182
pixel: 199 183
pixel: 199 184
pixel: 199 185
pixel: 199 186
pixel: 199 187
pixel: 199 188
pixel: 199 189
pixel: 199 190
pixel: 199 191
pixel: 199 192
pixel: 199 193
pixel: 199 194
pixel: 199 195
pixel: 199 196
pixel: 199 197
pixel: 199 198
pixel: 199 199
