#
#
#

mtllib simple_dragon_z.mtl


#
#  网格
#
g  网格

v -15.639287 -15.050554 -92.599953
v -13.526881 -15.470686 -91.182167
v -16.192938 -12.974245 -91.742020
v -18.521826 -11.303661 -95.170601
v -13.715486 -13.448579 -92.541672
v -14.827689 -12.516823 -92.446854
v -9.904777 -12.918262 -91.648849
v -13.392142 -10.658576 -91.642838
v -13.235641 -10.291347 -93.127350
v -11.456424 -11.110430 -93.087097
v -12.407355 -8.245975 -92.918472
v 9.022656 19.510386 -88.681496
v 4.713093 18.219486 -88.827423
v 8.555230 16.866867 -88.726494
v 5.775515 21.949608 -88.583923
v 7.959904 19.932613 -89.746155
v 7.844685 15.778821 -90.227455
v 10.542501 -16.134949 -88.354950
v 12.071575 -13.822400 -88.184265
v 6.404783 -12.381173 -89.545898
v -8.023700 -9.988235 -93.036804
v -17.723951 -9.679305 -95.832893
v 7.855616 -15.973455 -90.497131
v 12.764503 15.447029 -88.863838
v 12.023126 -11.622593 -89.274887
v -13.394134 -11.599593 -95.261559
v 6.309456 13.668103 -88.912621
v 15.366597 17.481680 -89.103065
v 13.839414 19.301363 -88.927780
v 12.366617 21.559031 -89.187523
v 25.684698 -13.723823 -85.534958
v 29.701460 -14.649752 -85.662155
v 27.629793 -12.096194 -85.515976
v 8.842145 -10.015415 -89.264496
v 7.308904 -9.971128 -90.162590
v -18.284206 -12.896759 -96.086372
v 10.762477 12.896307 -89.249374
v -9.962025 -9.695873 -94.393349
v 12.594948 -15.679243 -91.861107
v 21.720663 -13.156937 -87.968330
v -12.344434 -8.521149 -94.659004
v 17.652252 19.932274 -89.427452
v 16.301338 22.009497 -88.319092
v 12.715899 25.181959 -88.685402
v 28.398745 -14.208796 -86.954056
v 21.342316 -10.437322 -88.295906
v 5.470548 -3.689599 -91.345833
v 15.801104 13.954611 -89.838310
v 5.056661 -11.622251 -92.290588
v 20.646738 -5.246695 -87.621864
v -15.241252 -5.240193 -95.332832
v -17.579885 -6.866894 -95.563873
v 9.115406 -9.705408 -91.196922
v -9.145542 11.972808 -93.598839
v -8.227237 6.378982 -94.408279
v 1.590876 3.961197 -91.990021
v 27.602797 -12.088198 -87.034660
v -16.271231 14.220983 -95.935417
v -16.564863 7.693033 -95.490829
v -8.226351 14.322363 -94.165077
v 11.059831 20.473528 -91.170486
v 3.640900 -8.912604 -92.294968
v -12.089079 -3.481836 -94.444344
v -19.696877 1.406882 -96.329895
v -15.265969 3.637864 -95.787743
v -13.244594 8.135515 -95.356148
v 16.260851 22.358665 -90.530983
v -20.452633 8.169970 -96.464607
v 24.569313 -6.186450 -88.044952
v 8.400373 -5.163433 -91.425949
v -0.980005 -3.347313 -92.957901
v -4.095864 2.911407 -93.172745
v -1.534143 10.566390 -93.043152
v 9.471309 13.635609 -90.543678
v 8.377316 13.847285 -90.461082
v 29.380577 -11.167625 -87.619408
v -7.926718 -5.529129 -94.609352
v -17.870714 -5.095900 -97.053329
v 5.327456 -0.177910 -92.031357
v 9.548801 13.573028 -90.518913
v 11.615393 11.658208 -90.478355
v 9.641863 13.576130 -90.420410
v 8.398718 16.764256 -92.021782
v 17.025396 16.415413 -89.980560
v -21.010975 -0.738441 -97.959557
v 15.324574 -6.902855 -90.550247
v 14.806056 11.952705 -89.758934
v 28.031565 -11.943395 -88.559753
v -1.054092 27.188429 -93.357910
v 6.160761 23.687592 -92.364853
v -0.153718 27.343212 -92.629982
v 21.197762 -12.964683 -90.148949
v -10.615570 -14.373562 -96.120300
v -23.172794 4.539947 -98.237358
v -22.278214 10.662951 -98.477631
v -11.876606 5.410089 -97.939232
v -5.718998 -11.675227 -96.621414
v 11.855344 25.261337 -92.630562
v -24.265532 -15.658604 -99.851990
v 31.276033 -14.711180 -87.141800
v 11.148473 6.823592 -91.586021
v 7.924021 10.241035 -92.468369
v 22.975803 -1.877407 -89.962189
v 16.917517 11.165522 -90.923485
v -2.487558 14.347234 -95.171776
v -1.247099 -6.429216 -94.634178
v -19.138458 -15.149935 -100.428802
v 12.760509 -5.974805 -91.537071
v 15.956903 7.296053 -90.509468
v 24.299723 13.971859 -90.859764
v 23.960991 17.423004 -90.035995
v 29.296577 -14.027195 -88.688576
v 25.129435 -14.200031 -91.047356
v 22.881855 -10.748051 -89.887383
v -12.494781 16.471848 -96.937416
v 26.012407 16.418949 -90.053474
v 11.473079 -3.678532 -93.869675
v -5.502995 0.966633 -96.199745
v 2.032327 10.096051 -94.451599
v -22.108198 13.980656 -100.222183
v 5.683965 14.583623 -93.268364
v 4.208769 -13.742573 -94.524727
v 20.786549 10.728054 -90.131775
v 19.525591 15.787131 -91.116928
v 6.771272 2.620874 -94.320236
v 16.130907 2.648009 -91.076714
v 11.736589 21.794855 -92.185051
v 26.230040 -6.963415 -89.531357
v 6.219847 18.243048 -93.217697
v 21.843643 21.980961 -90.480072
v 6.021307 23.689747 -93.559036
v 16.299719 -4.750995 -92.527054
v 6.391377 9.095344 -93.562599
v 25.476465 21.277723 -90.089172
v -14.545058 -16.252605 -98.578362
v -25.030010 -12.538629 -102.067879
v -19.940744 15.657413 -99.620506
v 25.124674 19.555267 -91.342300
v 15.656567 23.433598 -92.026917
v 9.188326 -16.219181 -93.447441
v -17.347668 -6.893497 -99.419357
v 10.594315 3.661150 -94.225418
v 19.815744 -15.559607 -91.614464
v 27.545074 -11.780091 -90.484398
v -9.631665 0.346194 -98.545708
v -11.926003 4.116219 -98.861298
v -9.312912 5.723927 -97.523010
v 11.170568 22.183899 -94.028862
v -8.827497 17.906841 -96.842270
v 23.177250 1.785358 -90.312714
v 20.064194 10.987661 -90.771133
v 19.807167 11.107121 -90.634514
v 18.306099 12.480657 -91.509995
v 11.456769 28.874762 -92.944626
v 29.104313 -12.253528 -89.592461
v 20.294897 7.742492 -91.350510
v 19.828007 10.989874 -90.795921
v 19.827209 10.986334 -90.832397
v -4.512006 16.921577 -96.183899
v -12.609674 17.539532 -97.850952
v -16.935101 17.293215 -98.907425
v 22.016987 10.443398 -90.611481
v 20.057964 10.943324 -90.994972
v 8.750774 22.662542 -93.176865
v -25.388067 7.199295 -100.989624
v 8.297268 5.716857 -93.915680
v 2.191985 12.055161 -94.977676
v -1.566180 15.733641 -95.485031
v 8.803908 22.626007 -93.182167
v 8.837341 22.610481 -93.196312
v 4.708902 9.576365 -94.728256
v 8.991367 22.585381 -93.428024
v 16.846092 -1.771223 -92.604706
v 12.459659 1.256770 -94.380333
v -7.949959 4.742224 -96.935883
v -8.782923 -16.285761 -99.587830
v -3.063680 -3.880337 -95.874901
v -7.939055 4.628270 -96.975540
v -7.896054 4.630083 -96.913734
v 22.730146 12.264618 -91.744545
v -0.399963 -9.310812 -97.148727
v -3.054355 -3.921031 -95.939224
v -3.038671 -3.953076 -95.919594
v -3.062029 -3.902352 -95.921005
v -2.484239 -5.249173 -97.628952
v -3.514860 -3.154402 -97.395142
v 29.085550 -2.563808 -90.643623
v -8.065838 6.101307 -99.034126
v -7.880506 4.584661 -96.944138
v -7.488255 4.388141 -97.009583
v -25.415754 9.866900 -101.321671
v -23.743332 12.084188 -100.811211
v -24.309032 2.485309 -101.572273
v -19.904297 -3.041345 -100.707001
v 19.520817 9.927060 -93.008881
v 27.814514 10.764813 -91.415375
v 14.522520 23.754234 -94.251411
v 7.609604 16.203323 -95.464233
v 26.907835 1.831835 -91.040359
v 5.963448 6.357246 -94.969971
v -6.098422 -5.296585 -98.305954
v -28.062786 8.605947 -100.760094
v -26.800047 2.080321 -101.895790
v -28.486578 5.995187 -101.849190
v 19.259911 16.032059 -92.231880
v -1.158376 13.654826 -96.201797
v -5.892831 15.987560 -96.970032
v 8.169669 3.940531 -94.849541
v 28.806339 19.690922 -91.979279
v 16.426334 -15.026703 -94.877441
v -19.038761 14.628029 -100.205154
v -19.725725 -10.237569 -101.420723
v -31.996429 6.730310 -103.918999
v 21.415743 16.962406 -91.786713
v 21.434839 17.040607 -91.781647
v 21.885860 16.841404 -91.782578
v 21.397579 16.862158 -91.719818
v 29.223942 13.065878 -92.057770
v 21.822435 16.921978 -91.838165
v 21.515430 16.876961 -91.736702
v 24.932129 23.028784 -93.650314
v 21.769924 16.934765 -91.799370
v 10.140252 20.969103 -95.353279
v 13.529763 -14.954409 -94.289810
v -27.775993 -15.094919 -103.908073
v 9.803280 0.072973 -94.832924
v 17.912046 11.869657 -94.916283
v 21.690798 16.945375 -91.852005
v 21.902704 16.947433 -91.846695
v 30.805017 -5.872949 -91.648521
v -26.389946 11.088178 -102.870117
v 21.996862 17.082531 -91.870178
v 21.429594 17.073378 -91.992119
v 19.809402 17.582203 -93.381287
v 21.470552 17.114065 -92.002983
v -23.480560 9.429537 -101.624031
v 30.192364 16.922634 -91.302856
v 28.093533 17.984833 -92.621658
v 21.889133 17.071587 -92.115631
v 21.604889 17.078671 -92.013481
v 21.531919 17.098518 -92.027122
v -21.895144 -2.071932 -102.124237
v 13.948298 -1.517929 -94.713760
v -5.227648 2.837047 -98.582787
v -11.585761 7.613776 -100.813332
v -34.752831 7.684058 -104.966438
v -32.903000 11.296848 -103.641304
v -30.507236 12.494886 -103.071640
v 19.080107 11.953441 -92.739456
v 19.139877 11.989887 -92.776070
v 9.561743 8.182194 -95.931931
v -0.576638 11.520673 -98.866524
v 19.118471 12.050148 -92.845284
v -6.536981 15.009625 -99.683983
v 27.632576 12.805890 -92.815079
v -16.740553 14.102196 -101.744873
v 32.485989 19.905132 -90.742950
v -24.423248 -15.439289 -105.315063
v 25.730633 -15.520407 -93.512199
v 26.985184 3.852625 -93.292709
v -26.346987 13.816449 -103.458519
v 19.435436 12.105186 -93.017914
v 19.426762 12.054890 -93.050888
v 4.853711 -15.011595 -98.032043
v 9.162752 -1.777979 -95.921860
v 19.273624 12.077106 -92.930206
v 19.906357 12.925549 -96.638397
v 13.100947 -2.537498 -94.835121
v -35.769547 9.773054 -105.273628
v 8.067362 12.756902 -96.352989
v -5.442895 -8.649175 -98.231056
v -23.446106 0.672130 -102.825714
v -22.867149 2.741360 -102.314766
v -5.434300 -8.711217 -98.223190
v -5.454444 -8.639804 -98.240753
v -5.414466 -8.729926 -98.264336
v -24.283583 5.025852 -102.057640
v -24.271606 5.040989 -102.074135
v -24.247103 4.962656 -102.088562
v -24.964638 6.468865 -102.810242
v -24.293003 5.046127 -102.051956
v 22.700966 7.051455 -94.990097
v 25.926805 20.249969 -92.704369
v -6.383474 -9.003984 -99.870346
v -5.437376 -8.682638 -98.245384
v -24.214069 4.648656 -102.206062
v -24.205690 4.789902 -102.154755
v -24.208038 4.641717 -102.199875
v -24.284348 5.049606 -102.099495
v 11.431490 -15.234726 -96.143059
v -24.198780 4.608242 -102.214767
v -24.189451 4.173791 -102.352013
v -24.470734 0.418697 -104.067101
v -24.199795 4.639405 -102.199516
v -29.933132 14.941940 -104.419228
v -27.930368 12.054099 -104.160599
v 15.154912 0.578245 -95.137817
v -28.418879 6.030041 -103.339905
v 5.656479 19.413130 -96.524605
v -18.237305 -5.886908 -101.918610
v 1.572953 17.860701 -97.427673
v 26.861889 18.547773 -94.186844
v 3.231140 14.023341 -97.217644
v 1.853999 21.647583 -97.272453
v -34.944283 14.053950 -105.948128
v 18.054173 17.064541 -95.973389
v 29.949867 -0.930844 -93.679810
v 5.128103 3.581525 -98.367043
v 28.946745 14.047102 -93.722778
v 34.789074 19.221964 -90.968292
v 31.614672 21.512791 -92.193016
v 7.215627 21.730518 -97.295235
v 30.710669 -10.170671 -93.008873
v -18.584970 -8.199574 -102.861313
v -18.020651 -3.696701 -101.601761
v 14.300471 22.835493 -95.491783
v 19.582249 22.572897 -96.156349
v -7.156349 -12.450871 -101.457481
v 19.052784 15.821342 -95.585838
v 10.231980 -16.042089 -99.406273
v -22.206215 -10.042247 -104.406639
v -32.823658 10.965247 -105.147652
v -13.283607 -14.981670 -101.421234
v -30.244011 -3.113558 -105.559059
v -27.693823 -4.917165 -105.153854
v -25.407511 3.468065 -105.090332
v 23.797213 11.643648 -94.268394
v 22.134476 15.446911 -93.397873
v 21.958494 15.385543 -93.481049
v 35.132591 22.439886 -91.834038
v 11.723594 -14.825579 -95.669670
v -24.959486 -9.871897 -103.215179
v 7.623031 -1.194456 -98.678543
v -5.858431 7.951982 -100.431526
v 21.971600 15.382234 -93.582497
v 22.008453 15.413731 -93.596054
v 6.901971 16.379452 -97.592964
v -15.577947 -14.935495 -101.510948
v -20.038696 3.125512 -103.483040
v 1.965159 7.525415 -99.100639
v 7.583876 14.831734 -97.720757
v 22.943581 15.047131 -94.728745
v 21.928764 15.401360 -93.624435
v 34.905628 20.902079 -92.558960
v 10.749970 21.876146 -97.102737
v 11.662914 -14.815481 -95.877342
v 11.617514 -14.829105 -95.904228
v 11.536146 -14.814499 -96.114655
v -10.435784 -3.516671 -101.074097
v 23.106758 15.073457 -95.304726
v 30.762299 16.345871 -92.386002
v 11.630851 -14.822920 -95.922630
v -30.545731 -0.678235 -107.435486
v -30.563622 12.316036 -104.941299
v 11.658768 -14.819515 -95.927963
v -14.342580 -13.490737 -101.814545
v -15.918715 -7.413163 -102.338188
v 8.714254 12.798624 -97.442490
v 32.301514 13.917760 -92.325249
v 30.279877 14.483734 -92.409042
v 11.665207 -14.810911 -96.108162
v 2.418152 -11.625662 -99.273224
v -0.021428 -5.676716 -99.912140
v 11.582753 -14.855118 -96.192490
v -8.644476 -6.394565 -101.449814
v 10.946771 -3.651543 -98.651329
v 32.713432 18.193750 -92.439430
v 9.299962 25.012798 -96.655205
v 11.973211 -15.365021 -97.563156
v 11.607341 -14.841919 -96.219444
v 25.631069 11.685311 -96.762253
v 27.808191 22.196682 -93.883972
v -13.965123 -5.501921 -102.074043
v 18.467821 8.393986 -96.412170
v 34.933434 11.690408 -92.710365
v 35.050430 10.433612 -91.326248
v 34.761452 14.332828 -92.646935
v -16.825125 10.878113 -103.026863
v 20.216482 -16.097567 -97.055313
v 15.784758 -15.075193 -96.903175
v 11.929051 -14.930773 -97.036659
v -14.054006 -13.674218 -101.931984
v 28.574076 -12.424924 -96.209679
v -27.542225 -11.296830 -105.373528
v -14.777440 4.483330 -102.661438
v -0.384595 -0.694211 -100.342003
v 24.831770 20.987667 -94.697441
v 30.576679 -6.975831 -95.580505
v -11.899473 -15.452946 -102.385269
v 17.609886 1.024899 -97.528679
v 16.731764 4.278083 -97.564156
v 37.928070 12.379975 -93.098213
v 31.419146 13.331244 -93.241852
v -6.245088 -9.176963 -100.389656
v -6.292344 -9.322940 -100.346634
v -6.409047 -9.138288 -100.421150
v -6.350837 -9.023585 -100.427795
v 12.261332 13.742325 -97.500160
v 13.698602 11.513450 -97.015732
v 30.085928 13.793051 -92.938797
v 11.851372 18.989864 -97.390297
v -23.381821 -15.910152 -107.365646
v -16.585573 -9.773321 -102.667290
v -6.332000 -9.213818 -100.393661
v -5.545760 -9.972404 -101.304115
v -6.277880 -8.936997 -100.393204
v -6.344680 -9.110120 -100.419701
v 30.258757 13.970326 -93.050522
v -12.568404 -14.913891 -102.095642
v -16.914648 -15.198307 -102.698593
v -13.414811 -15.573496 -101.680115
v -13.843350 -13.576829 -102.098434
v -14.313647 -13.255388 -102.081207
v -13.920951 -13.403887 -102.268646
v -14.087066 -13.185997 -102.185425
v -5.863811 -8.225661 -100.919189
v 16.401363 -3.239329 -98.153999
v -6.613646 10.756287 -100.870125
v 30.268435 13.957932 -93.090508
v 30.224897 13.989543 -93.067017
v 33.011269 20.624323 -93.911896
v 12.359757 23.901945 -97.972229
v -16.920624 -15.184111 -102.773155
v -16.945980 -15.183773 -102.781052
v -16.919495 -15.190727 -102.733566
v -16.609995 -15.095293 -102.921059
v -12.640332 -14.930418 -102.500061
v -13.841628 -13.530784 -102.206741
v -14.175744 -13.121976 -102.232704
v -14.295646 -13.029120 -102.228218
v 30.231453 13.993730 -93.123878
v 30.309772 13.995822 -93.091583
v -17.001390 -15.183899 -103.033096
v -13.746114 -13.651122 -102.170036
v -13.811677 -13.566742 -102.195892
v -14.535344 -12.852549 -102.422256
v -17.100460 -8.974015 -103.554169
v -23.199114 -5.244267 -105.533722
v 15.100121 21.745892 -97.104568
v -13.678254 -13.670776 -102.708672
v 12.464856 11.711653 -97.681076
v -10.237623 -16.238321 -102.790581
v -14.939965 -12.148046 -102.876518
v 32.223751 23.327877 -93.763771
v -12.847075 -15.266489 -102.890823
v 29.518953 -4.292420 -96.672569
v 24.389698 -15.207804 -96.984116
v -16.240618 -14.782509 -104.567566
v 1.392632 2.551748 -100.205391
v 29.026340 14.154706 -95.763031
v 13.866007 17.495026 -97.387863
v -20.272415 -7.608166 -104.601196
v -29.586407 -9.175681 -108.563576
v -5.871475 -12.195580 -101.845184
v 34.047405 15.285368 -93.790405
v 27.237307 13.268982 -96.268219
v 15.303572 19.134247 -97.648849
v -12.341223 -15.108973 -103.050270
v -12.645852 -13.123069 -102.594193
v -12.338337 -7.800303 -103.448959
v 29.232079 -9.972858 -96.592461
v 36.078003 14.663145 -94.353836
v -12.348079 -15.093592 -102.850327
v -12.360106 -15.062052 -102.910088
v -14.506036 -10.842829 -106.501778
v -5.666457 -13.780450 -101.573074
v -5.648570 -13.720714 -101.580093
v -5.665624 -13.740527 -101.575768
v 31.635042 11.791120 -97.236519
v 16.465134 12.078805 -97.740814
v 27.609362 20.589417 -96.008400
v -15.449801 -14.351688 -104.541908
v -3.819668 -14.437605 -101.438293
v -5.705710 -13.790284 -101.593040
v -5.815521 -13.823433 -101.651939
v -3.260907 -12.330756 -102.054504
v 20.308535 15.675614 -97.268944
v 19.011715 20.476704 -97.187866
v 7.885842 -14.801344 -99.861084
v 25.161728 2.588577 -96.741241
v 22.196434 21.740828 -96.883438
v -11.656731 -4.850723 -104.925827
v 3.426098 -9.199199 -100.651344
v -6.060437 -11.782590 -102.892906
v -7.419850 -7.952915 -104.652657
v -14.771842 -6.026939 -106.698952
v 21.898594 17.026905 -97.578552
v 30.812500 22.210447 -95.712685
v 4.913624 -3.411776 -100.575478
v 23.080372 19.907001 -96.901146
v 33.328041 22.635227 -96.983269
v -13.077691 -15.197298 -103.808464
v -13.131051 -15.187986 -103.825470
v -24.724463 -1.490948 -107.843925
v 28.897779 -1.288766 -95.995491
v 28.138105 17.819925 -96.813858
v 7.671593 -6.266977 -100.465096
v 27.140007 13.394326 -97.253609
v -19.239964 -8.496755 -108.701263
v 20.946146 11.589478 -98.209618
v -3.914336 -14.140272 -103.180305
v -9.138045 -12.996650 -103.800209
v -7.210172 -13.376888 -103.036415
v -10.428099 -14.729477 -104.446693
v -7.267488 -13.528655 -103.054695
v 5.941006 -14.421537 -100.689644
v -7.594990 -13.784525 -103.153992
v -28.250256 -1.774594 -109.021309
v 31.732117 19.402409 -96.336594
v 4.924686 -16.046129 -101.710251
v -15.572606 -2.174308 -106.358696
v -12.333959 0.084147 -105.138351
v -13.357814 6.215318 -103.850647
v 6.617115 -14.693058 -100.652565
v 6.893901 -14.998125 -100.540184
v -13.395858 -9.467149 -105.902626
v 39.603195 16.733824 -95.083313
v 18.585268 -14.203119 -99.617889
v 6.729622 -14.549679 -100.561028
v 6.967117 -14.542313 -100.533073
v 5.687987 -13.920168 -100.791565
v -13.987184 1.233214 -107.193932
v -19.228569 -16.064453 -108.244225
v 6.816946 -15.165611 -100.631866
v 12.362553 -14.447746 -100.938423
v 6.623789 -14.934475 -100.624573
v 6.151650 -15.070152 -100.807495
v 6.248505 -14.768055 -100.676857
v 6.872900 -14.897501 -100.595291
v 6.877808 -15.098736 -100.762260
v 6.707540 -14.872578 -100.688362
v 7.217868 -14.820400 -100.571793
v 6.609645 -14.863432 -100.728371
v 6.282194 -14.751879 -100.782188
v 5.982011 -14.829824 -100.789200
v 5.202451 -14.015234 -101.009323
v 6.702411 -14.469414 -100.600792
v 7.977655 -15.950998 -100.617928
v 6.407132 -15.262070 -100.814484
v 6.553148 -15.150328 -100.767868
v 5.919696 -14.875061 -100.831100
v 6.017919 -14.838526 -100.923485
v 5.649478 -14.624445 -101.033730
v -14.056384 -7.958606 -106.146027
v 12.083818 -6.357691 -100.291679
v 27.977921 19.777411 -98.230446
v 6.296731 -15.186611 -100.883102
v 5.861209 -15.058620 -101.056679
v 6.119109 -15.278421 -101.022430
v 6.326298 -15.241259 -100.981453
v 5.972290 -15.092163 -101.057800
v 5.965975 -15.087320 -101.060753
v 22.088961 -2.323754 -98.861267
v -15.221511 2.190433 -105.925354
v 27.335539 11.612688 -98.058853
v -25.376232 -13.493415 -109.848999
v -9.685395 -12.392617 -104.659164
v 5.759160 -8.967606 -102.783295
v 36.206512 12.754668 -97.217438
v 31.205387 13.829588 -96.176895
v 29.933619 14.351416 -97.005783
v 34.038750 15.339311 -96.068413
v 7.955748 -9.971760 -100.744858
v -1.953939 -12.233310 -103.694481
v 3.612769 -12.002193 -103.667999
v -1.132489 -15.367294 -102.896530
v -14.728492 -7.886800 -105.726883
v -14.566625 -8.434627 -105.935837
v -14.552098 -8.106221 -105.685173
v -14.645507 -8.054927 -105.784523
v -14.706065 -7.928931 -105.791618
v -14.749246 -7.921422 -105.827911
v 29.420418 18.884748 -97.600571
v -16.588768 -10.121133 -108.250961
v -15.066030 -7.418489 -106.012497
v -13.448627 -4.649721 -105.665565
v -13.013152 -4.429332 -105.638885
v -13.580136 -4.414695 -105.721519
v -13.964309 -4.521889 -105.937004
v -13.194280 -4.238548 -105.596840
v -13.070046 -4.462367 -105.579742
v -13.606359 -3.794950 -105.674355
v -13.239648 -3.917328 -105.708305
v -14.033715 -10.048148 -106.631927
v -13.813561 -8.878094 -106.057716
v -13.605847 -4.633013 -105.748070
v -13.700015 -3.951085 -105.762558
v -13.780580 -3.944153 -105.805206
v -13.779756 -3.900231 -105.809669
v -13.807225 -3.904902 -105.817474
v -2.564745 -13.673495 -104.798691
v -11.195496 -6.079406 -107.717659
v 25.321726 -8.422536 -98.770943
v -11.947299 -3.313738 -106.061508
v 18.099806 -3.962560 -100.925430
v -13.589240 -4.618522 -105.774422
v -15.711621 -4.678036 -107.338242
v -13.778897 -3.930954 -105.810577
v 31.640570 10.868785 -98.812828
v 15.954565 -11.944154 -100.652046
v -15.096320 -6.974253 -106.295998
v -14.747746 -7.124859 -106.205917
v -14.808795 -6.917493 -106.204811
v -26.733269 -9.039584 -111.150085
v -12.109111 -13.489482 -106.141876
v 8.179260 -11.168874 -102.656311
v -14.788873 -7.044175 -106.228485
v -14.754378 -7.156885 -106.223351
v -14.693706 -7.087409 -106.344498
v -15.013141 -6.844733 -106.438454
v 33.602123 13.661012 -97.807709
v 23.044727 -13.938349 -99.042084
v -13.421933 -9.201543 -106.161316
v -15.128074 -7.073209 -106.569962
v -13.870309 -8.506664 -106.264984
v -17.405481 -1.915376 -108.621422
v -14.717727 -8.998066 -107.826164
v -15.030787 -7.020150 -106.526001
v -14.865668 -7.191227 -106.500366
v -14.647115 -7.331076 -106.414513
v -13.494428 -9.040941 -106.294502
v -13.351727 -9.236136 -106.253830
v -14.116267 -8.209682 -106.408035
v -13.862857 -8.505774 -106.345123
v -14.425706 -7.837625 -106.482521
v -14.487973 -7.748822 -106.480339
v -14.536542 -7.675612 -106.479828
v -14.560647 -7.640372 -106.480103
v -14.630584 -7.502676 -106.464516
v -14.563226 -7.633574 -106.478683
v -14.707805 -7.368318 -106.460838
v -14.960507 -6.954031 -106.566429
v -15.080039 -6.903263 -106.548965
v -15.009965 -6.909313 -106.582359
v -12.164907 -10.781659 -106.122566
v -12.960992 -9.696143 -106.263634
v 12.204629 -8.103486 -102.286827
v -15.237288 -6.700462 -106.807381
v -14.994210 -6.794578 -106.863716
v -18.154751 -13.779859 -109.453072
v -2.761475 -14.448627 -106.795174
v -12.755099 -11.550093 -106.324478
v -12.861892 -11.483725 -106.390549
v -12.940576 -9.714804 -106.263542
v -15.313710 -7.209216 -107.162155
v -11.866698 -12.736678 -106.827477
v -12.771611 -11.563547 -106.363403
v -12.857562 -11.472696 -106.381767
v -14.474633 -9.184955 -106.763016
v -14.534888 -9.193457 -106.777863
v -15.324370 -6.496291 -106.877983
v -12.180223 0.518919 -107.019020
v -14.369296 -9.290393 -106.779755
v -14.054574 -9.463877 -106.857964
v -14.029614 -8.209335 -106.759804
v -14.215936 -7.974406 -106.766281
v -14.277398 -7.896904 -106.768219
v -14.300607 -7.867569 -106.770691
v -14.289277 -7.882013 -106.769798
v -14.398305 -7.743931 -106.780098
v -14.382060 -7.764675 -106.777718
v -14.457852 -7.667892 -106.788399
v -14.477881 -7.642185 -106.791786
v -14.446553 -7.682399 -106.786606
v -14.541541 -7.560102 -106.802498
v -14.540805 -7.561182 -106.802353
v -14.537124 -7.565954 -106.801590
v -14.619985 -7.458231 -106.817101
v -14.592141 -7.494499 -106.811775
v -14.690314 -7.364764 -106.830795
v -14.662576 -7.401921 -106.825348
v -14.690169 -7.365083 -106.830765
v -14.798152 -7.217033 -106.852043
v -15.029468 -6.826958 -106.883621
v -14.785113 -7.233644 -106.849365
v -15.019721 -6.875162 -106.887566
v -15.062741 -6.813711 -106.892143
v -15.093005 -6.766964 -106.891113
v -15.245955 -6.655329 -106.934608
v -15.238820 -6.717422 -106.950500
v -15.297563 -6.610354 -106.933617
v -15.654723 -6.499763 -107.255531
v -8.375463 -15.236618 -106.633125
v 19.613075 -16.017244 -100.531761
v -13.281644 -9.200819 -106.635941
v -13.145934 -9.428098 -106.632050
v -13.276940 -9.207561 -106.635307
v -13.358657 -9.084419 -106.644104
v -13.373805 -9.065138 -106.647354
v -13.359353 -9.085751 -106.645248
v -13.439122 -8.974926 -106.658127
v -13.420110 -9.000377 -106.654655
v -13.476060 -8.924918 -106.664742
v -13.519996 -8.866827 -106.673172
v -13.519185 -8.867909 -106.673004
v -13.515502 -8.872619 -106.672256
v -13.582505 -8.784619 -106.685364
v -13.604999 -8.755350 -106.689835
v -13.628901 -8.724236 -106.694542
v -13.647408 -8.700120 -106.698235
v -13.697289 -8.635471 -106.708031
v -13.702804 -8.628156 -106.709206
v -13.770715 -8.540536 -106.722031
v -13.777795 -8.531373 -106.723434
v -13.766322 -8.546264 -106.721367
v -13.816939 -8.480914 -106.730545
v -13.876273 -8.404876 -106.740280
v -13.861934 -8.423201 -106.738342
v -13.938565 -8.325208 -106.749046
v -14.049724 -8.184011 -106.760544
v -13.919978 -8.348943 -106.746857
v -14.222899 -7.965625 -106.766380
v -14.053214 -8.179555 -106.760735
v -14.384223 -7.761812 -106.778404
v -13.281102 -9.201773 -106.635971
v -13.439351 -8.974545 -106.658127
v -13.688872 -8.646354 -106.706398
v -13.863849 -8.420783 -106.738350
v -22.982796 -6.751197 -110.329155
v -8.622864 -12.873330 -106.483749
v 4.713597 -14.494474 -104.642525
v -12.611197 -15.401417 -109.243073
v 25.259022 -11.489844 -100.067360
v -15.478793 -7.249589 -107.504044
v -14.546475 -8.248309 -107.409439
v -14.988429 -7.860257 -107.366974
v -15.105325 -7.640787 -107.355972
v -15.110227 -7.402186 -107.533607
v -15.114223 -7.602153 -107.401535
v -15.428321 -7.273243 -107.476532
v -15.453824 -7.266812 -107.482849
v 16.336203 -11.771647 -102.599617
v -14.980424 -7.858310 -107.384987
v -15.356807 -7.471360 -107.515099
v -15.365281 -7.432240 -107.498665
v -15.369735 -7.465670 -107.521500
v 24.866013 -15.818108 -101.625687
v 18.370817 -7.423281 -101.309654
v -12.533244 -2.998517 -108.084503
v -16.277435 -5.487927 -109.937103
v -15.290009 -7.929865 -107.834274
v -15.343751 -7.843948 -107.821449
v -15.222074 -7.848628 -107.886749
v -15.282666 -7.751637 -107.903549
v -15.290313 -7.815594 -107.899193
v 8.546068 -15.993523 -104.256607
v 21.966917 -8.907242 -100.904831
v -2.711935 -12.201550 -106.416481
v -0.233482 -15.253609 -105.637924
v 9.728534 -12.625973 -103.937370
v -11.027450 -12.920602 -107.624107
v 18.992809 -15.953630 -103.396599
v 17.212740 -14.314280 -102.688759
v 16.879871 -8.487313 -103.516876
v -13.459531 -1.738615 -109.808578
v 23.845516 -10.225267 -102.873222
v -12.307225 -6.152620 -109.760574
v 15.336369 -14.942616 -104.548538
v 20.791656 -9.135399 -103.884499
v 17.457865 -13.509525 -104.493134
v 24.020845 -11.674942 -104.295662
v 21.284607 -13.737805 -104.622147
v 23.788822 -10.087490 -105.033676
vn -0.668741 -0.500157 0.550118
vn -0.668742 -0.510061 0.540945
vn -0.698763 -0.477902 0.532297
vn -0.913631 -0.363963 0.181132
vn -0.883436 -0.413585 0.220203
vn -0.912256 -0.326199 0.247755
vn 0.387536 -0.643229 -0.660358
vn 0.416406 -0.723731 -0.550291
vn 0.457955 -0.611321 -0.645417
vn 0.491676 0.588146 0.642136
vn 0.490458 0.560737 0.667102
vn 0.496231 0.587426 0.639285
vn 0.515184 0.350921 0.781946
vn 0.527470 0.340700 0.778267
vn 0.503268 0.363982 0.783734
vn -0.107492 -0.347565 0.931474
vn -0.160453 -0.348695 0.923400
vn -0.116121 -0.341120 0.932820
vn -0.194534 -0.383468 0.902834
vn -0.208867 -0.375028 0.903177
vn -0.103974 -0.368172 0.923926
vn 0.613389 0.764701 0.197449
vn 0.611278 0.755819 0.234687
vn 0.598650 0.767659 0.228732
vn 0.434199 0.753574 0.493555
vn 0.454303 0.772921 0.442948
vn 0.452708 0.762245 0.462643
vn -0.801425 0.597737 -0.020672
vn -0.810993 0.585033 0.005130
vn -0.868698 0.494052 -0.035723
vn -0.034213 0.923525 0.382010
vn 0.007307 0.931071 0.364764
vn -0.060365 0.946972 0.315595
vn 0.291620 -0.562000 -0.774024
vn 0.323399 -0.546439 -0.772540
vn 0.320010 -0.540965 -0.777786
vn 0.047246 -0.065165 0.996755
vn -0.019418 -0.079259 0.996665
vn 0.069612 -0.144835 0.987004
vn 0.108922 -0.020160 0.993846
vn 0.061472 0.018987 0.997928
vn 0.091423 0.018493 0.995640
vn -0.615417 -0.771109 0.163258
vn -0.641285 -0.751650 0.154195
vn -0.633816 -0.762026 0.132643
vn -0.287718 -0.805661 0.517812
vn -0.266640 -0.817282 0.510836
vn -0.283793 -0.811036 0.511549
vn -0.218725 0.074477 0.972940
vn -0.193499 0.121096 0.973598
vn -0.250868 0.115783 0.961072
vn 0.150374 -0.025890 0.988290
vn 0.109993 -0.029964 0.993481
vn 0.031192 -0.126415 0.991487
vn -0.566945 0.532502 0.628503
vn -0.472249 0.679428 0.561569
vn -0.543243 0.607855 0.579137
vn -0.459605 0.591325 0.662645
vn -0.491968 0.551153 0.673942
vn -0.426354 0.625625 0.653311
vn -0.307700 0.841647 0.443791
vn -0.279709 0.828622 0.484922
vn -0.241835 0.832532 0.498404
vn -0.691205 -0.498601 0.523100
vn -0.762579 -0.468251 0.446334
vn -0.742815 -0.494088 0.451779
vn -0.305341 -0.793895 0.525831
vn -0.222374 -0.805595 0.549152
vn -0.241604 -0.823591 0.513153
vn -0.054375 0.531520 0.845299
vn -0.073528 0.524868 0.848002
vn -0.067837 0.535535 0.841784
vn 0.680877 -0.710981 -0.175820
vn 0.688576 -0.697079 -0.199860
vn 0.647907 -0.702975 -0.293330
vn -0.147723 0.705580 0.693062
vn -0.244938 0.712581 0.657444
vn -0.174564 0.732028 0.658530
vn 0.170442 -0.033252 0.984806
vn 0.203672 -0.104155 0.973483
vn 0.171397 0.017746 0.985042
vn 0.248246 0.117307 0.961568
vn 0.245375 0.125219 0.961307
vn 0.268533 0.160046 0.949882
vn 0.082170 -0.017777 0.996460
vn 0.138837 -0.067549 0.988009
vn 0.089448 -0.024200 0.995698
vn 0.629981 -0.735227 -0.250130
vn 0.644382 -0.728502 -0.232501
vn 0.662303 -0.703408 -0.258016
vn -0.542864 0.500875 0.674109
vn -0.545566 0.505133 0.668729
vn -0.562329 0.445055 0.696931
vn 0.184002 0.253925 0.949561
vn 0.183887 0.201107 0.962155
vn 0.168311 0.200964 0.965031
vn -0.914908 -0.344190 0.210895
vn -0.898321 -0.395239 0.191850
vn -0.906934 -0.377995 0.185986
vn 0.050113 -0.025678 0.998413
vn 0.017033 -0.125876 0.991900
vn 0.152747 -0.135991 0.978864
vn 0.182910 -0.076093 0.980181
vn 0.161909 0.022975 0.986538
vn 0.171788 -0.027755 0.984743
vn 0.181645 -0.245679 0.952180
vn 0.148027 -0.242268 0.958851
vn 0.236005 -0.238936 0.941919
vn 0.207121 0.059232 0.976521
vn 0.173452 0.035439 0.984204
vn 0.180698 0.046319 0.982447
vn 0.329031 -0.894784 -0.301829
vn 0.276811 -0.856462 -0.435716
vn 0.314045 -0.913730 -0.257824
vn -0.552146 0.135703 -0.822630
vn -0.551493 0.119701 -0.825547
vn -0.539080 0.110764 -0.834939
vn 0.011614 -0.994777 -0.101408
vn -0.006370 -0.998523 -0.053949
vn 0.018200 -0.996365 -0.083225
vn 0.078142 -0.008465 0.996906
vn 0.110877 -0.042266 0.992935
vn 0.068666 -0.067136 0.995378
vn 0.587320 -0.792415 -0.164723
vn 0.560422 -0.813042 -0.157768
vn 0.543278 -0.822383 -0.168925
vn -0.902462 0.424881 -0.070977
vn -0.935461 0.348971 -0.055962
vn -0.924505 0.361356 -0.121296
vn -0.711087 -0.631162 0.309822
vn -0.703364 -0.645512 0.297646
vn -0.677282 -0.658171 0.328785
vn -0.263238 -0.959538 -0.099959
vn -0.296067 -0.954052 -0.046147
vn -0.234773 -0.963798 -0.126389
vn 0.291692 0.309604 0.905020
vn 0.192879 0.229086 0.954105
vn 0.185130 0.195513 0.963069
vn -0.176045 0.545286 0.819556
vn -0.115159 0.549007 0.827846
vn -0.126848 0.510525 0.850455
vn -0.322162 0.802690 0.501897
vn -0.335839 0.764496 0.550235
vn -0.354318 0.833707 0.423547
vn 0.291526 0.226482 0.929365
vn 0.305224 0.281549 0.909708
vn 0.234220 0.253274 0.938613
vn 0.342710 -0.330169 0.879510
vn 0.323163 -0.313403 0.892941
vn 0.337197 -0.291658 0.895117
vn -0.915245 -0.382375 0.126946
vn -0.894918 -0.409130 0.178144
vn -0.902326 -0.400995 0.158148
vn 0.359168 0.932572 -0.036172
vn 0.385152 0.922244 -0.033515
vn 0.416797 0.908983 -0.005395
vn -0.048385 -0.180059 0.982465
vn 0.011959 -0.203643 0.978972
vn 0.009943 -0.193545 0.981041
vn 0.088089 -0.172099 0.981133
vn 0.039750 -0.162135 0.985968
vn 0.156765 -0.194599 0.968275
vn 0.475744 0.837148 -0.269908
vn 0.465397 0.837956 -0.285018
vn 0.503647 0.809987 -0.300434
vn -0.124190 0.070475 0.989753
vn -0.106292 0.141522 0.984212
vn -0.153381 0.080169 0.984910
vn 0.788015 0.531697 -0.310371
vn 0.749065 0.573749 -0.331229
vn 0.743956 0.547872 -0.382577
vn 0.509618 0.831556 0.220918
vn 0.481930 0.845831 0.228723
vn 0.504972 0.842773 0.186381
vn -0.273365 -0.224034 0.935457
vn -0.310801 -0.218814 0.924945
vn -0.250241 -0.182616 0.950805
vn 0.945923 0.303690 0.114025
vn 0.927107 0.356133 0.116798
vn 0.962611 0.253336 0.095918
vn -0.325995 0.097529 0.940327
vn -0.312054 0.068782 0.947571
vn -0.317920 0.082402 0.944530
vn -0.187072 0.394715 0.899558
vn -0.178935 0.428275 0.885755
vn -0.227470 0.450346 0.863392
vn -0.610138 0.134975 -0.780713
vn -0.618357 0.128591 -0.775306
vn -0.627340 0.118922 -0.769612
vn 0.295482 0.021162 0.955114
vn 0.288475 0.015384 0.957364
vn 0.295029 -0.014436 0.955379
vn 0.291935 -0.953516 0.074707
vn 0.284355 -0.958656 0.010996
vn 0.313821 -0.948255 0.048253
vn -0.232187 -0.092578 0.968255
vn -0.151382 -0.082136 0.985057
vn -0.219671 -0.089116 0.971495
vn -0.810585 0.111779 0.574854
vn -0.803214 0.072645 0.591244
vn -0.815975 0.087093 0.571489
vn -0.282066 -0.057214 0.957687
vn -0.268492 -0.055059 0.961707
vn -0.250128 -0.064020 0.966094
vn -0.307300 -0.122038 0.943755
vn -0.263527 -0.022977 0.964378
vn -0.253191 0.013890 0.967317
vn -0.144354 0.168346 0.975101
vn -0.082720 0.163541 0.983063
vn -0.140859 0.133932 0.980929
vn -0.300125 -0.241538 0.922813
vn -0.310250 -0.229425 0.922556
vn -0.274912 -0.234726 0.932377
vn 0.119291 -0.503543 0.855695
vn 0.110614 -0.541190 0.833594
vn 0.093336 -0.533061 0.840913
vn 0.696367 0.700537 0.155952
vn 0.699338 0.695960 0.162992
vn 0.714537 0.688047 0.126601
vn -0.904585 -0.395313 0.159542
vn -0.897771 -0.419913 0.132965
vn -0.889465 -0.440441 0.121916
vn -0.106445 0.006518 0.994297
vn -0.053931 0.058150 0.996850
vn -0.084175 0.067149 0.994186
vn -0.228890 -0.208785 0.950799
vn -0.252861 -0.259788 0.931972
vn -0.298988 -0.208352 0.931233
vn -0.505729 0.225074 -0.832814
vn -0.532124 0.204931 -0.821491
vn -0.508259 0.175678 -0.843096
vn 0.331006 -0.788103 -0.518969
vn 0.332798 -0.781885 -0.527164
vn 0.333208 -0.784656 -0.522768
vn 0.204440 -0.168262 0.964309
vn 0.242805 -0.137673 0.960256
vn 0.215060 -0.134692 0.967268
vn 0.306010 0.305061 0.901829
vn 0.268596 0.299956 0.915359
vn 0.288578 0.255005 0.922873
vn -0.348542 -0.061600 0.935267
vn -0.329538 -0.049563 0.942841
vn -0.245284 -0.120033 0.961992
vn -0.169504 -0.070082 0.983034
vn -0.174850 -0.076464 0.981621
vn -0.200245 -0.080077 0.976468
vn -0.240426 0.098647 0.965642
vn -0.242268 0.125364 0.962076
vn -0.213126 0.103964 0.971478
vn 0.028933 0.143188 0.989272
vn -0.026162 0.196873 0.980080
vn 0.035829 0.196566 0.979836
vn -0.300279 -0.891409 -0.339445
vn -0.299391 -0.916896 -0.263945
vn -0.252612 -0.907269 -0.336228
vn 0.398849 0.175663 0.900034
vn 0.466021 0.211368 0.859155
vn 0.537079 0.162445 0.827742
vn -0.640291 0.001775 0.768130
vn -0.655921 0.019228 0.754585
vn -0.645902 0.090298 0.758061
vn 0.097289 0.139382 0.985448
vn 0.027733 0.187398 0.981893
vn 0.039174 0.212966 0.976274
vn -0.005396 0.092799 0.995670
vn 0.057008 0.159408 0.985565
vn 0.030136 0.129185 0.991162
vn 0.129069 -0.063925 0.989573
vn 0.163600 -0.034533 0.985922
vn 0.149789 -0.041987 0.987826
vn -0.575504 0.599153 0.556607
vn -0.566588 0.569109 0.595897
vn -0.560730 0.560385 0.609549
vn 0.385374 0.233100 0.892834
vn 0.421319 0.192497 0.886248
vn 0.430163 0.192770 0.881930
vn -0.294551 0.077725 0.952470
vn -0.245381 0.134972 0.959985
vn -0.269224 0.078243 0.959894
vn -0.442287 -0.775281 -0.450912
vn -0.418896 -0.694832 -0.584580
vn -0.452120 -0.723176 -0.522115
vn -0.690171 -0.722915 0.032512
vn -0.795029 -0.513203 0.323343
vn -0.426525 -0.903500 0.041991
vn -0.767559 -0.062875 -0.637887
vn -0.753782 -0.058816 -0.654487
vn -0.749703 -0.049222 -0.659942
vn -0.624942 0.073621 -0.777192
vn -0.613924 0.055988 -0.787377
vn -0.615204 0.096490 -0.782441
vn -0.673964 0.738545 0.018008
vn -0.691398 0.722474 -0.000665
vn -0.652141 0.757450 -0.031334
vn -0.027782 0.992441 0.119539
vn -0.067097 0.990850 0.117112
vn -0.043110 0.995256 0.087218
vn 0.295077 -0.657263 0.693495
vn 0.365791 -0.645168 0.670788
vn 0.343470 -0.655096 0.672961
vn -0.212835 -0.893742 -0.394875
vn 0.008148 -0.972718 -0.231849
vn -0.311791 -0.876488 -0.366818
vn 0.570579 0.403161 0.715472
vn 0.575937 0.510284 0.638675
vn 0.889427 0.131254 0.437826
vn -0.958333 0.235970 0.160986
vn -0.589909 0.390744 0.706630
vn -0.785632 0.225799 0.576018
vn 0.741384 0.663495 -0.100618
vn 0.746863 0.663170 0.049007
vn 0.649025 0.446266 -0.616128
vn 0.779078 0.556046 -0.289570
vn 0.487254 0.822862 -0.292372
vn 0.746584 0.608631 -0.268665
vn 0.657422 0.132388 0.741801
vn 0.671703 0.127148 0.729828
vn 0.658361 0.116291 0.743665
vn -0.618126 -0.485652 -0.618113
vn -0.409568 -0.477459 -0.777359
vn -0.564054 -0.428485 -0.705864
vn -0.234597 -0.938883 0.251919
vn -0.394175 -0.854193 -0.339086
vn -0.338419 -0.909996 0.239540
vn 0.032510 0.964769 -0.261083
vn 0.494161 0.742459 -0.452282
vn 0.272420 0.957386 0.095916
vn -0.928938 -0.147359 -0.339646
vn -0.937050 -0.111835 -0.330801
vn -0.937369 -0.182748 -0.296552
vn 0.484691 -0.290287 0.825111
vn 0.499456 -0.263541 0.825282
vn 0.496324 -0.298924 0.815050
vn -0.009641 0.922431 -0.386042
vn -0.020167 0.918666 -0.394521
vn -0.071200 0.908989 -0.410694
vn -0.689505 -0.340731 0.639128
vn -0.683324 -0.342665 0.644709
vn -0.663439 -0.301911 0.684616
vn 0.103922 0.278777 0.954716
vn 0.093090 0.309805 0.946232
vn 0.122492 0.365720 0.922629
vn -0.816508 0.574571 -0.056416
vn -0.827056 0.561115 0.033610
vn -0.872572 0.487872 -0.024465
vn -0.635955 0.586852 0.501165
vn -0.615846 0.555049 0.559155
vn -0.660018 0.585914 0.470193
vn -0.289400 -0.137198 0.947325
vn -0.310259 -0.096919 0.945699
vn -0.304018 -0.103741 0.947001
vn -0.272416 0.187256 0.943782
vn -0.224889 0.149605 0.962831
vn -0.290319 0.174908 0.940809
vn 0.230695 0.059563 0.971201
vn 0.183166 0.156711 0.970511
vn 0.239056 0.118742 0.963718
vn 0.112768 0.763359 0.636056
vn 0.087100 0.754879 0.650054
vn 0.108867 0.777873 0.618919
vn -0.683427 -0.285958 0.671682
vn -0.679270 -0.321367 0.659784
vn -0.714065 -0.293041 0.635797
vn 0.246638 0.953539 0.173012
vn 0.240885 0.958829 0.150407
vn 0.287960 0.941718 0.173914
vn -0.418464 -0.521370 -0.743680
vn -0.514094 -0.459927 -0.723999
vn -0.455557 -0.606344 -0.651778
vn -0.476354 -0.782559 0.400860
vn -0.423941 -0.758545 0.494856
vn -0.425428 -0.683077 0.593647
vn -0.122852 -0.989144 -0.080629
vn -0.125640 -0.990575 -0.054561
vn -0.077159 -0.995323 -0.058118
vn 0.015879 -0.420838 0.906997
vn 0.041042 -0.420897 0.906180
vn 0.026956 -0.425270 0.904665
vn -0.667241 -0.051430 0.743064
vn -0.667307 -0.063432 0.742077
vn -0.668586 -0.046327 0.742190
vn -0.806568 0.130463 0.576566
vn -0.786228 0.202993 0.583643
vn -0.810852 0.164987 0.561514
vn -0.236763 0.567102 0.788885
vn -0.293617 0.559881 0.774805
vn -0.340460 0.502317 0.794836
vn -0.728371 -0.237812 0.642590
vn -0.746458 -0.218653 0.628483
vn -0.751532 -0.219823 0.621994
vn -0.409060 -0.783855 0.467163
vn -0.405079 -0.777108 0.481678
vn -0.408386 -0.794080 0.450176
vn -0.348661 0.904853 -0.244289
vn -0.377879 0.887707 -0.263028
vn -0.393566 0.886132 -0.244695
vn -0.496156 0.864790 -0.077245
vn -0.539900 0.840506 -0.045356
vn -0.484939 0.871770 -0.069646
vn 0.567262 -0.142253 0.811158
vn 0.580168 -0.168185 0.796943
vn 0.606555 -0.197255 0.770182
vn 0.458517 -0.092029 0.883908
vn 0.469595 -0.096362 0.877607
vn 0.469962 -0.103061 0.876649
vn 0.115415 0.073322 0.990607
vn 0.165205 0.239268 0.956796
vn 0.139049 0.158044 0.977593
vn -0.242662 -0.675976 0.695825
vn -0.313314 -0.669922 0.673081
vn -0.307443 -0.664775 0.680847
vn 0.261988 0.202269 0.943636
vn 0.264105 0.265171 0.927326
vn 0.281460 0.203017 0.937851
vn 0.033110 -0.166814 0.985432
vn 0.089349 -0.115201 0.989316
vn 0.090585 -0.137202 0.986393
vn -0.630101 0.369190 0.683134
vn -0.585235 0.366200 0.723462
vn -0.624528 0.347252 0.699558
vn 0.486762 -0.433386 0.758446
vn 0.464134 -0.401123 0.789734
vn 0.477693 -0.431539 0.765234
vn -0.512852 -0.229857 0.827133
vn -0.539637 -0.199765 0.817854
vn -0.550269 -0.180122 0.815328
vn -0.604137 -0.005149 0.796864
vn -0.605747 -0.066744 0.792853
vn -0.628356 -0.035867 0.777099
vn 0.902931 0.404912 0.144090
vn 0.849029 0.520701 0.089548
vn 0.882315 0.454188 0.123425
vn 0.363043 -0.927524 -0.088872
vn 0.371006 -0.924377 -0.088781
vn 0.363842 -0.926869 -0.092373
vn -0.568816 0.739290 0.360416
vn -0.554128 0.743456 0.374453
vn -0.544021 0.749295 0.377622
vn -0.074838 -0.930018 0.359812
vn 0.083717 -0.867461 0.490411
vn -0.022119 -0.876604 0.480703
vn 0.231140 0.597603 0.767753
vn 0.283823 0.606858 0.742407
vn 0.265020 0.559615 0.785236
vn -0.076441 0.046724 0.995979
vn -0.083846 0.018747 0.996302
vn -0.072048 0.035410 0.996772
vn 0.359739 0.531527 0.766855
vn 0.365283 0.524417 0.769126
vn 0.353051 0.533617 0.768510
vn 0.238281 0.254852 0.937162
vn 0.268024 0.231955 0.935072
vn 0.290839 0.194293 0.936837
vn 0.307677 0.296851 0.903999
vn 0.344656 0.297627 0.890298
vn 0.320807 0.304804 0.896759
vn -0.681795 -0.410045 0.605820
vn -0.666268 -0.383518 0.639532
vn -0.659763 -0.392822 0.640628
vn 0.215116 -0.894495 0.391924
vn 0.152417 -0.907973 0.390325
vn 0.285694 -0.897399 0.336237
vn 0.223316 0.935920 0.272366
vn 0.228230 0.907633 0.352298
vn 0.201680 0.944179 0.260484
vn -0.216390 -0.304501 0.927607
vn -0.184271 -0.311704 0.932140
vn -0.201019 -0.237682 0.950315
vn 0.257405 0.112882 0.959688
vn 0.278442 0.051413 0.959076
vn 0.244451 0.053619 0.968178
vn 0.328148 -0.039537 0.943799
vn 0.258597 -0.018424 0.965810
vn 0.267059 -0.027651 0.963283
vn 0.275679 0.038224 0.960489
vn 0.306715 0.076833 0.948695
vn 0.264986 0.067459 0.961890
vn -0.380004 -0.590374 -0.712078
vn -0.389224 -0.544416 -0.743045
vn -0.441963 -0.586181 -0.679014
vn -0.226132 -0.956258 -0.185565
vn -0.197292 -0.956528 -0.214778
vn -0.226433 -0.960694 -0.160609
vn 0.138471 -0.987067 -0.080775
vn 0.055722 -0.995915 -0.071055
vn 0.087594 -0.996149 -0.003809
vn 0.239242 -0.896974 0.371753
vn 0.232612 -0.914139 0.332025
vn 0.225487 -0.912480 0.341374
vn 0.271180 0.960767 0.058203
vn 0.304396 0.950357 -0.064526
vn 0.282032 0.959386 0.006021
vn 0.304252 0.051336 0.951207
vn 0.301720 0.048745 0.952150
vn 0.258701 -0.008824 0.965917
vn -0.158317 0.719956 0.675722
vn -0.122185 0.741622 0.659596
vn -0.144042 0.730574 0.667468
vn 0.112719 -0.743195 0.659512
vn 0.113405 -0.730598 0.673324
vn 0.100232 -0.696174 0.710842
vn 0.583171 0.388748 0.713293
vn 0.614114 0.431359 0.660904
vn 0.601458 0.383462 0.700860
vn -0.862006 -0.347993 0.368574
vn -0.856560 -0.339119 0.388978
vn -0.836769 -0.392077 0.382221
vn 0.834713 0.199539 -0.513263
vn 0.871704 0.207091 -0.444124
vn 0.789354 0.273678 -0.549564
vn -0.109789 -0.992402 0.055549
vn -0.142245 -0.988406 0.053097
vn -0.125621 -0.989303 0.074149
vn -0.713380 -0.563578 0.416494
vn -0.714036 -0.550967 0.431958
vn -0.694922 -0.570744 0.437419
vn 0.499859 0.553117 0.666485
vn 0.552383 0.554749 0.622195
vn 0.518928 0.564488 0.641925
vn -0.650520 0.510074 0.562715
vn -0.675932 0.478858 0.560188
vn -0.666383 0.492735 0.559594
vn -0.501241 -0.027497 0.864871
vn -0.531284 -0.036897 0.846390
vn -0.489445 -0.002834 0.872030
vn 0.195596 0.297588 0.934443
vn 0.348237 0.373937 0.859594
vn 0.344881 0.293616 0.891542
vn -0.669909 -0.460103 0.582690
vn -0.677895 -0.445539 0.584767
vn -0.675654 -0.479376 0.560081
vn 0.566004 0.311983 0.763090
vn 0.564262 0.325192 0.758853
vn 0.565889 0.340275 0.750988
vn -0.172995 -0.945449 0.276040
vn -0.161387 -0.977068 0.138900
vn -0.158558 -0.963062 0.217651
vn 0.103557 -0.933268 0.343927
vn 0.097038 -0.903857 0.416684
vn 0.099141 -0.876445 0.471184
vn 0.623895 0.438412 0.646954
vn 0.633088 0.419291 0.650688
vn 0.618057 0.426954 0.660088
vn -0.221920 -0.156203 0.962472
vn -0.144714 -0.168261 0.975062
vn -0.166996 -0.195980 0.966284
vn 0.113747 0.153534 0.981575
vn 0.114384 0.114626 0.986802
vn 0.126872 0.217494 0.967781
vn 0.494401 0.379609 -0.781962
vn 0.519854 0.461303 -0.718993
vn 0.541265 0.415329 -0.731118
vn 0.766107 0.460331 0.448526
vn 0.782176 0.464208 0.415587
vn 0.792115 0.447790 0.414774
vn 0.621508 0.319706 0.715203
vn 0.627026 0.330496 0.705415
vn 0.633358 0.317576 0.705693
vn -0.652018 0.017214 0.758008
vn -0.607343 0.053262 0.792653
vn -0.566236 0.037925 0.823370
vn 0.166201 0.545251 0.821632
vn 0.161398 0.521823 0.837647
vn 0.099538 0.510631 0.854019
vn -0.374501 0.762117 0.528135
vn -0.362496 0.764240 0.533417
vn -0.365886 0.759493 0.537864
vn -0.480535 -0.876713 -0.021425
vn -0.453891 -0.891046 0.004436
vn -0.492751 -0.869326 -0.038321
vn -0.290053 -0.954786 0.065213
vn -0.299798 -0.952557 0.052503
vn -0.288664 -0.955491 0.060904
vn -0.597225 0.727197 0.338388
vn -0.602913 0.731321 0.318850
vn -0.583949 0.741843 0.329656
vn -0.671852 -0.138518 0.727618
vn -0.658052 -0.179064 0.731372
vn -0.656770 -0.169565 0.734780
vn 0.182408 0.903863 0.386986
vn 0.182674 0.877093 0.444228
vn 0.145661 0.895376 0.420814
vn -0.863297 0.501226 0.059089
vn -0.869811 0.489042 0.065313
vn -0.875438 0.480159 0.055283
vn 0.155076 0.534453 0.830850
vn 0.154692 0.467040 0.870600
vn 0.129798 0.576251 0.806900
vn -0.280315 -0.641234 0.714312
vn -0.306433 -0.620273 0.722053
vn -0.259950 -0.650210 0.713900
vn -0.852145 0.287540 0.437228
vn -0.835540 0.339185 0.432233
vn -0.845930 0.321832 0.425237
vn 0.693031 -0.437869 0.572694
vn 0.668164 -0.582856 0.462424
vn 0.765397 -0.513457 0.387981
vn 0.014666 0.763550 0.645582
vn 0.003659 0.765399 0.643546
vn 0.037818 0.802913 0.594895
vn 0.262754 0.176869 0.948513
vn 0.231106 0.085565 0.969159
vn 0.255029 0.154591 0.954495
vn -0.345786 0.816404 0.462512
vn -0.333966 0.824042 0.457626
vn -0.317976 0.815720 0.483210
vn 0.285564 -0.541288 0.790861
vn 0.355529 -0.656347 0.665438
vn 0.240410 -0.542610 0.804846
vn -0.352008 0.788480 0.504370
vn -0.365596 0.776823 0.512724
vn -0.359632 0.798721 0.482400
vn 0.159307 0.921483 -0.354247
vn 0.153302 0.959110 -0.237920
vn 0.156518 0.917908 -0.364620
vn -0.325624 -0.596709 0.733422
vn -0.320535 -0.602530 0.730900
vn -0.343556 -0.607527 0.716157
vn -0.750513 0.567492 0.338648
vn -0.767666 0.534728 0.353207
vn -0.753982 0.571475 0.323926
vn -0.815599 -0.382557 0.434106
vn -0.817349 -0.389560 0.424479
vn -0.817134 -0.402462 0.412695
vn -0.986437 -0.133260 -0.095828
vn -0.983321 -0.152462 -0.099170
vn -0.980188 -0.151565 -0.127515
vn -0.756608 -0.443468 0.480500
vn -0.756386 -0.457756 0.467269
vn -0.747245 -0.473592 0.466193
vn 0.047230 -0.638405 0.768251
vn 0.031508 -0.603463 0.796768
vn 0.106399 -0.597121 0.795063
vn 0.243920 0.969680 0.014961
vn 0.258205 0.965406 0.036359
vn 0.282183 0.958884 0.030242
vn 0.653707 -0.447052 0.610583
vn 0.649434 -0.409845 0.640517
vn 0.655048 -0.448983 0.607722
vn 0.722213 0.516483 0.460058
vn 0.715144 0.530069 0.455626
vn 0.718547 0.525889 0.455117
vn 0.719618 0.409447 0.560806
vn 0.724341 0.425352 0.542592
vn 0.722001 0.410845 0.556705
vn 0.771495 -0.348217 0.532485
vn 0.768825 -0.318322 0.554599
vn 0.771227 -0.328303 0.545368
vn 0.127121 -0.982443 0.136550
vn 0.100285 -0.982413 0.157504
vn 0.093448 -0.985162 0.143957
vn -0.142538 0.610585 0.779018
vn -0.195269 0.520379 0.831309
vn -0.198594 0.583874 0.787180
vn -0.502002 -0.535162 0.679408
vn -0.508348 -0.528111 0.680206
vn -0.501553 -0.523822 0.688516
vn 0.287350 0.797442 0.530581
vn 0.270875 0.774756 0.571297
vn 0.271710 0.809266 0.520829
vn -0.053714 0.356777 0.932644
vn -0.087081 0.328079 0.940628
vn -0.066055 0.313211 0.947384
vn -0.836390 0.510973 0.198389
vn -0.830163 0.526765 0.182616
vn -0.837391 0.505955 0.206847
vn -0.026823 0.183774 0.982603
vn -0.032297 0.157586 0.986977
vn -0.013053 0.189636 0.981768
vn -0.052541 0.145453 0.987969
vn -0.006636 0.134600 0.990878
vn -0.014480 0.155636 0.987708
vn 0.508581 -0.610028 0.607628
vn 0.486477 -0.592639 0.641965
vn 0.485486 -0.589232 0.645840
vn 0.102992 -0.952964 -0.285049
vn -0.027556 -0.956603 -0.290090
vn -0.183906 -0.959622 -0.212848
vn 0.005264 -0.562563 -0.826738
vn 0.036199 -0.592465 -0.804782
vn 0.079715 -0.559614 -0.824910
vn -0.647166 0.498645 0.576654
vn -0.673509 0.498539 0.545752
vn -0.607141 0.519544 0.601210
vn 0.403167 0.442901 0.800809
vn 0.425769 0.428905 0.796719
vn 0.408206 0.463854 0.786262
vn -0.042091 0.214316 0.975857
vn -0.107823 0.059324 0.992399
vn -0.027432 0.111073 0.993434
vn -0.532446 -0.635774 0.558832
vn -0.503699 -0.652489 0.566167
vn -0.523596 -0.640937 0.561290
vn 0.767578 0.388110 0.510092
vn 0.841729 0.371511 0.391755
vn 0.836955 0.376559 0.397126
vn 0.630970 0.420910 0.651699
vn 0.639239 0.424484 0.641238
vn 0.656256 0.417833 0.628286
vn -0.032992 -0.231317 0.972319
vn -0.059922 -0.166625 0.984198
vn -0.051315 -0.134660 0.989562
vn 0.396072 0.076861 0.914997
vn 0.361684 0.058161 0.930485
vn 0.371464 0.076130 0.925321
vn -0.235596 0.081053 -0.968465
vn -0.877476 0.465812 0.114255
vn -0.323284 0.791912 -0.518037
vn -0.656755 -0.643930 0.392463
vn 0.846094 -0.485225 0.220638
vn 0.704522 -0.384934 -0.596216
vn 0.963787 0.099084 0.247581
vn 0.855990 0.483732 -0.182439
vn 0.560319 -0.792348 0.241303
vn 0.069814 0.885048 -0.460236
vn 0.388102 0.867583 -0.310928
vn 0.035961 0.912242 -0.408069
vn -0.050570 0.382272 0.922665
vn -0.018966 0.404776 0.914219
vn 0.008934 0.422483 0.906327
vn -0.229836 0.729001 0.644773
vn -0.225446 0.744817 0.628030
vn -0.245591 0.739208 0.627102
vn 0.237592 -0.244348 0.940130
vn 0.300666 -0.170846 0.938302
vn 0.210115 -0.189574 0.959121
vn -0.473706 0.332938 0.815325
vn 0.233302 0.392369 0.889728
vn -0.210401 -0.799199 -0.563038
vn 0.121576 -0.025967 -0.992242
vn -0.142782 -0.661513 -0.736216
vn -0.238859 -0.588430 -0.772461
vn -0.032129 0.938149 -0.344738
vn 0.360493 0.928960 0.084133
vn -0.107977 0.964776 -0.239894
vn 0.207521 0.978140 0.013334
vn 0.279674 0.958310 0.058512
vn 0.252713 0.956636 0.144859
vn -0.424142 0.330863 0.842990
vn -0.383545 0.357538 0.851504
vn -0.447107 0.350852 0.822799
vn -0.267171 0.729022 0.630196
vn -0.294456 0.739743 0.605041
vn -0.292915 0.754528 0.587272
vn -0.417986 -0.907883 0.032199
vn -0.434101 -0.900659 0.019209
vn -0.435939 -0.899939 -0.008217
vn -0.852758 0.128923 0.506144
vn -0.876383 0.131013 0.463452
vn -0.859211 0.145956 0.490360
vn -0.479612 -0.466318 0.743316
vn -0.500485 -0.391578 0.772128
vn -0.470953 -0.413776 0.779097
vn -0.281316 -0.954360 -0.100288
vn -0.278849 -0.955483 -0.096416
vn -0.313964 -0.947845 0.054916
vn 0.165086 0.251676 0.953628
vn 0.232479 0.254680 0.938665
vn 0.207861 0.255354 0.944240
vn 0.416365 0.894866 0.160794
vn 0.397107 0.893894 0.207992
vn 0.385360 0.903492 0.187616
vn -0.377027 -0.923269 0.073657
vn -0.354870 -0.931692 0.077570
vn -0.341779 -0.937257 0.068822
vn -0.435361 -0.843222 0.315335
vn -0.323104 -0.830399 0.453917
vn -0.383176 -0.833894 0.397237
vn -0.362872 -0.895845 0.256487
vn -0.434790 -0.855082 0.282474
vn -0.391885 -0.844215 0.365687
vn 0.412467 0.748497 -0.519253
vn 0.459402 0.747802 -0.479314
vn 0.464322 0.772306 -0.433530
vn 0.305605 0.291732 0.906365
vn 0.312927 0.299629 0.901276
vn 0.314189 0.294333 0.902582
vn -0.388660 -0.918090 0.077802
vn -0.642134 -0.764405 0.057870
vn -0.400499 -0.915672 0.033843
vn 0.178258 0.808395 -0.561001
vn -0.031899 0.784506 -0.619300
vn 0.038355 0.675405 -0.736449
vn -0.020899 -0.992247 0.122510
vn -0.074959 -0.984607 0.157896
vn -0.033907 -0.972869 0.228857
vn 0.233163 0.310365 0.921579
vn 0.238486 0.329863 0.913408
vn 0.246031 0.290424 0.924729
vn -0.322734 -0.941226 -0.099678
vn -0.351342 -0.935427 -0.039184
vn -0.306275 -0.948904 -0.075999
vn -0.287680 -0.952432 -0.100569
vn -0.197568 -0.969165 -0.147262
vn -0.283342 -0.953051 -0.106827
vn -0.471335 -0.875474 -0.106714
vn -0.460922 -0.872253 -0.163476
vn -0.485719 -0.841502 -0.236540
vn 0.519418 0.460835 0.719608
vn 0.584836 0.452126 0.673460
vn 0.519916 0.417127 0.745448
vn 0.458863 -0.271619 0.845971
vn 0.449735 -0.244295 0.859103
vn 0.521573 -0.318201 0.791650
vn -0.349533 -0.906177 -0.238056
vn -0.227774 -0.938328 -0.260113
vn -0.300433 -0.902686 -0.308056
vn -0.452120 0.546463 -0.704958
vn -0.465501 0.436322 -0.770021
vn -0.316499 0.461987 -0.828490
vn 0.401728 -0.843055 0.357594
vn -0.142155 0.907528 -0.395202
vn -0.094056 0.868222 -0.487180
vn -0.363547 -0.335782 -0.868956
vn -0.317307 -0.349322 -0.881641
vn -0.345140 -0.376064 -0.859915
vn -0.476288 -0.428940 0.767568
vn -0.463304 -0.459861 0.757546
vn -0.452068 -0.445722 0.772636
vn -0.625118 -0.530715 0.572336
vn -0.577037 -0.541881 0.611059
vn -0.604001 -0.571665 0.555321
vn -0.723114 -0.661853 0.197629
vn -0.710124 -0.665055 0.231138
vn -0.684014 -0.700390 0.203908
vn -0.102427 0.369727 0.923477
vn -0.011504 0.379155 0.925262
vn -0.089626 0.357585 0.929570
vn -0.599299 -0.770488 -0.217231
vn -0.600635 -0.777328 -0.187078
vn -0.576340 -0.798239 -0.175063
vn 0.555524 -0.682091 0.475548
vn 0.557847 -0.672356 0.486563
vn 0.536762 -0.683731 0.494367
vn -0.811835 -0.422463 0.403050
vn -0.855636 -0.385107 0.345803
vn -0.843824 -0.376966 0.381912
vn -0.975104 0.107541 -0.193924
vn -0.943345 -0.276165 -0.183937
vn -0.914697 -0.103986 -0.390533
vn 0.602564 0.295634 -0.741295
vn 0.884356 0.318217 -0.341543
vn 0.467858 0.499360 -0.729211
vn 0.339248 0.313146 0.887046
vn 0.309217 0.326039 0.893355
vn 0.369575 0.294753 0.881212
vn -0.277177 -0.542055 -0.793315
vn -0.255866 -0.625954 -0.736691
vn -0.172868 -0.575485 -0.799333
vn -0.193166 -0.617932 -0.762133
vn -0.167217 -0.612412 -0.772651
vn -0.237960 -0.612697 -0.753642
vn -0.786188 0.032984 0.617107
vn -0.793284 -0.012792 0.608717
vn -0.814629 -0.016116 0.579758
vn -0.812484 -0.543196 0.211679
vn -0.819890 -0.533786 0.207008
vn -0.813219 -0.537596 0.222856
vn -0.869387 -0.231383 0.436610
vn -0.866352 -0.291016 0.405887
vn -0.889747 -0.267114 0.370136
vn 0.855447 0.340829 -0.389931
vn 0.849482 0.351943 -0.393085
vn 0.838406 0.325491 -0.437186
vn -0.709438 -0.605598 0.360484
vn -0.744172 -0.561771 0.361415
vn -0.697969 -0.604512 0.383932
vn -0.971803 -0.173780 -0.159374
vn -0.968324 -0.212708 -0.130782
vn -0.961136 -0.236714 -0.142067
vn -0.723940 -0.662855 0.191136
vn -0.757699 -0.634562 0.152390
vn -0.765759 -0.604055 0.220750
vn -0.594008 -0.733143 0.331145
vn -0.615859 -0.724195 0.310257
vn -0.590637 -0.709451 0.384482
vn -0.924608 -0.379605 0.031626
vn -0.908393 -0.409582 0.084054
vn -0.905636 -0.421264 0.048581
vn -0.912806 -0.407926 -0.019539
vn -0.948057 -0.317007 -0.026371
vn -0.910670 -0.411111 -0.040848
vn -0.924992 -0.378165 -0.037154
vn -0.948012 -0.310588 -0.069337
vn -0.947886 -0.317095 -0.031037
vn 0.296707 0.189471 0.935984
vn 0.301133 0.201856 0.931973
vn 0.289591 0.200486 0.935918
vn -0.905205 -0.409700 -0.112915
vn -0.930938 -0.349624 -0.105438
vn -0.934368 -0.346119 -0.084604
vn -0.948594 -0.310440 0.061610
vn -0.649284 -0.592396 0.476967
vn -0.768638 -0.639682 0.001645
vn -0.645147 -0.650813 0.400285
vn -0.288422 -0.799861 0.526341
vn -0.418178 -0.775528 0.472951
vn 0.446123 0.800781 -0.399654
vn 0.819726 0.572208 -0.025056
vn 0.812077 0.580744 0.057166
vn -0.675423 -0.599099 0.429981
vn -0.748531 -0.123354 0.651525
vn -0.575109 -0.372910 0.728140
vn 0.928049 0.328618 -0.175315
vn 0.896454 0.150505 -0.416795
vn 0.711747 0.546031 0.441889
vn -0.753616 -0.358349 -0.551043
vn -0.518738 -0.483234 -0.705263
vn -0.567626 -0.221156 -0.793026
vn -0.838559 0.090877 0.537178
vn -0.836964 0.063867 0.543518
vn -0.842395 0.062385 0.535238
vn -0.586812 -0.748154 -0.309706
vn -0.648562 -0.709674 -0.275191
vn -0.632698 -0.734523 -0.245296
vn -0.793009 0.409647 0.450917
vn -0.789218 0.391738 0.472944
vn -0.797668 0.399158 0.452105
vn 0.112695 0.881729 0.458097
vn 0.086282 0.884494 0.458504
vn 0.155852 0.889589 0.429351
vn -0.888356 -0.457702 0.036503
vn -0.900139 -0.434965 0.023575
vn -0.891107 -0.453569 -0.014281
vn -0.839222 -0.510899 -0.186248
vn -0.747580 -0.620881 -0.235860
vn -0.815589 -0.529351 -0.233668
vn 0.846585 0.519529 0.115686
vn 0.840598 0.507165 0.190204
vn 0.831002 0.544542 0.113618
vn 0.916709 0.394605 0.062700
vn 0.935144 0.352043 0.039642
vn 0.924531 0.370468 0.089418
vn -0.808003 -0.577593 0.116262
vn -0.782865 -0.600305 0.163574
vn -0.849157 -0.527703 -0.021496
vn -0.519024 0.160369 0.839581
vn -0.494509 0.091586 0.864334
vn -0.548886 0.165175 0.819415
vn -0.821277 -0.565433 0.076082
vn -0.838944 -0.540658 0.062146
vn -0.837881 -0.542676 0.058798
vn 0.904337 0.424956 0.039846
vn 0.943806 0.327017 0.047850
vn 0.889777 0.346116 0.297490
vn -0.452641 -0.811153 -0.370333
vn -0.638203 -0.727335 -0.252350
vn -0.782542 -0.598986 -0.169831
vn -0.632930 -0.669396 -0.388983
vn -0.677380 -0.602219 -0.422478
vn -0.781175 -0.554144 -0.287558
vn -0.462710 -0.777572 -0.425771
vn -0.534034 -0.725405 -0.434276
vn -0.533283 -0.732067 -0.423894
vn 0.618341 0.695546 0.365882
vn 0.614132 0.716335 0.331219
vn 0.536365 0.771926 0.341237
vn -0.165260 -0.385258 0.907891
vn -0.104980 -0.434864 0.894356
vn -0.176397 -0.409510 0.895090
vn 0.763753 0.522283 0.379344
vn 0.760177 0.526385 0.380853
vn 0.765114 0.513871 0.387992
vn 0.111357 -0.612683 0.782444
vn 0.146974 -0.585306 0.797380
vn 0.126278 -0.619453 0.774811
vn -0.658756 -0.421893 0.622934
vn -0.668535 -0.391796 0.632105
vn -0.672989 -0.404365 0.619334
vn -0.908879 -0.326022 0.260092
vn -0.910461 -0.305728 0.278552
vn -0.908383 -0.305420 0.285586
vn -0.942751 -0.215707 0.254346
vn -0.928740 -0.248067 0.275509
vn -0.941831 -0.241806 0.233419
vn 0.304987 0.133239 0.942990
vn 0.279562 0.135316 0.950544
vn 0.279423 0.134318 0.950727
vn 0.297537 -0.714969 0.632686
vn 0.221364 -0.760396 0.610570
vn 0.223448 -0.743697 0.630069
vn 0.381928 0.026499 0.923812
vn 0.373295 0.039926 0.926853
vn 0.385659 0.002389 0.922638
vn -0.388070 0.070321 -0.918943
vn -0.381527 0.027098 -0.923960
vn -0.389165 0.103517 -0.915333
vn 0.102847 0.873297 -0.476209
vn 0.184923 0.911912 -0.366359
vn 0.149325 0.902237 -0.404562
vn 0.344228 0.937392 0.052939
vn 0.355469 0.932988 0.056361
vn 0.336406 0.941528 0.018880
vn 0.289773 0.117986 0.949795
vn 0.288168 0.109083 0.951347
vn 0.286067 0.107491 0.952161
vn -0.666375 -0.721756 0.187117
vn -0.665540 -0.735640 -0.126060
vn -0.715389 -0.646246 0.265677
vn -0.807853 0.330894 0.487732
vn -0.811065 0.391843 0.434319
vn -0.805657 0.365479 0.466199
vn -0.845231 -0.035164 -0.533243
vn -0.823929 -0.048720 -0.564594
vn -0.855324 -0.027638 -0.517356
vn 0.591284 -0.407153 -0.696139
vn 0.594513 -0.424545 -0.682874
vn 0.604265 -0.392972 -0.693136
vn 0.356675 0.286197 0.889311
vn 0.356642 0.313997 0.879894
vn 0.361444 0.302169 0.882073
vn 0.823744 0.201036 0.530123
vn 0.883268 0.253098 0.394688
vn 0.837209 0.256212 0.483152
vn -0.198001 0.024336 -0.979900
vn -0.202817 0.092651 -0.974824
vn -0.221932 -0.029988 -0.974601
vn 0.828113 0.449399 0.335065
vn 0.833679 0.433755 0.341813
vn 0.849375 0.425726 0.311959
vn 0.097960 -0.203121 0.974241
vn 0.102878 -0.272634 0.956602
vn 0.121269 -0.218583 0.968254
vn -0.642918 -0.322478 0.694740
vn -0.681454 -0.268876 0.680681
vn -0.699607 -0.273300 0.660195
vn 0.390026 0.895422 0.214710
vn 0.408189 0.900905 0.147484
vn 0.451130 0.875909 0.171069
vn 0.409110 0.487285 -0.771480
vn 0.387815 0.433333 -0.813524
vn 0.403831 0.477467 -0.780350
vn 0.291388 0.516256 -0.805340
vn 0.262655 0.504017 -0.822787
vn 0.187883 0.503249 -0.843469
vn 0.212103 0.487712 -0.846847
vn 0.201278 0.492461 -0.846740
vn 0.214870 0.502092 -0.837696
vn 0.060148 0.776694 0.626999
vn 0.033130 0.757020 0.652551
vn 0.024938 0.786037 0.617676
vn 0.355850 0.281485 0.891144
vn 0.320701 0.236499 0.917180
vn 0.366674 0.259564 0.893407
vn 0.312965 0.172512 0.933966
vn 0.346525 0.166717 0.923107
vn 0.326470 0.148373 0.933489
vn 0.358335 0.412012 0.837760
vn 0.336011 0.421487 0.842286
vn 0.364665 0.423099 0.829462
vn 0.140619 -0.989695 0.027036
vn 0.249504 -0.967688 0.036435
vn 0.222207 -0.974726 0.023097
vn -0.662042 0.747797 -0.049991
vn -0.664881 0.745352 -0.048830
vn -0.645849 0.758655 -0.085571
vn -0.847187 -0.530513 0.028813
vn -0.851316 -0.524426 0.015424
vn -0.862801 -0.503414 0.046349
vn 0.322027 0.425367 -0.845790
vn 0.378802 0.395078 -0.836912
vn 0.337007 0.437804 -0.833519
vn 0.221773 0.394799 -0.891600
vn 0.207455 0.407621 -0.889274
vn 0.224250 0.388288 -0.893837
vn -0.747298 -0.182238 -0.639011
vn -0.738486 -0.133560 -0.660909
vn -0.755868 -0.122015 -0.643254
vn 0.580317 -0.358698 -0.731142
vn 0.565385 -0.371054 -0.736653
vn 0.573751 -0.271646 -0.772669
vn -0.667993 -0.537374 0.514795
vn -0.655288 -0.580007 0.483930
vn -0.676375 -0.506452 0.534812
vn -0.067278 -0.228199 0.971287
vn -0.053646 -0.235537 0.970384
vn -0.049207 -0.221662 0.973881
vn -0.163878 0.563173 -0.809926
vn -0.166240 0.571903 -0.803300
vn -0.173178 0.565588 -0.806300
vn 0.279369 0.561371 0.778983
vn 0.278255 0.545285 0.790721
vn 0.233586 0.562928 0.792812
vn 0.835365 0.538817 -0.108824
vn 0.811462 0.538394 -0.227292
vn 0.818095 0.542810 -0.189940
vn 0.178281 -0.893879 0.411335
vn 0.166445 -0.888858 0.426882
vn 0.150723 -0.896154 0.417362
vn -0.292783 0.673824 -0.678410
vn -0.318721 0.641501 -0.697777
vn -0.280599 0.657325 -0.699420
vn 0.372379 0.209833 0.904049
vn 0.361981 0.224273 0.904805
vn 0.371131 0.217436 0.902764
vn -0.643926 -0.289015 0.708399
vn -0.637249 -0.306727 0.706988
vn -0.685971 -0.305755 0.660271
vn 0.523948 0.449885 -0.723244
vn 0.573787 0.453495 -0.681990
vn 0.539317 0.472224 -0.697239
vn 0.032260 0.210712 -0.977016
vn -0.332749 0.086451 -0.939044
vn 0.178253 0.215347 -0.960131
vn 0.048473 -0.547889 -0.835146
vn -0.274752 -0.480583 -0.832797
vn -0.083982 -0.635185 -0.767780
vn 0.632176 0.057558 0.772684
vn 0.032974 0.137386 0.989969
vn -0.059564 0.773985 0.630396
vn 0.420780 0.081485 0.903496
vn 0.416365 0.106098 0.902986
vn 0.474826 0.120023 0.871857
vn -0.158055 -0.701789 -0.694630
vn -0.217743 -0.689280 -0.691000
vn -0.290069 -0.711376 -0.640160
vn 0.170309 -0.735816 0.655416
vn 0.218013 -0.607045 0.764177
vn 0.228148 -0.561002 0.795755
vn 0.458170 -0.871899 -0.172835
vn 0.365873 -0.903749 -0.222203
vn 0.457217 -0.869973 -0.184660
vn 0.311249 0.272129 0.910532
vn 0.215887 0.369545 0.903786
vn 0.219350 0.338202 0.915153
vn -0.173496 -0.306757 -0.935841
vn -0.204657 -0.118146 -0.971677
vn -0.371212 -0.359348 -0.856195
vn 0.162618 0.458526 0.873676
vn 0.395554 0.767714 0.504134
vn 0.314993 0.794237 0.519584
vn 0.214621 0.914119 0.343981
vn 0.252081 0.908096 0.334391
vn 0.248657 0.911629 0.327266
vn 0.914922 0.160490 0.370351
vn 0.913605 0.157693 0.374779
vn 0.927979 0.102162 0.358355
vn -0.937651 -0.339663 0.073746
vn -0.900685 -0.425265 0.088976
vn -0.919797 -0.382907 0.085769
vn -0.887662 -0.457035 0.056356
vn -0.921039 -0.385431 0.055941
vn -0.898919 -0.434577 0.055567
vn -0.013288 0.720968 -0.692841
vn -0.192299 0.617318 -0.762850
vn 0.088118 0.531715 -0.842327
vn -0.325526 -0.499510 -0.802822
vn -0.243396 -0.342152 -0.907574
vn -0.261808 -0.116065 -0.958115
vn 0.611088 -0.433606 -0.662237
vn 0.238040 -0.373849 -0.896423
vn 0.461152 -0.450699 -0.764336
vn -0.842960 0.466548 -0.267864
vn -0.843338 0.471655 -0.257533
vn -0.828845 0.503783 -0.243349
vn -0.912425 0.384654 0.139725
vn -0.907977 0.396223 0.136328
vn -0.914166 0.395962 0.086684
vn -0.378064 0.017788 -0.925609
vn -0.399223 0.007852 -0.916820
vn -0.387463 0.008117 -0.921849
vn -0.860381 0.325208 0.392408
vn -0.839813 0.283512 0.462963
vn -0.834795 0.416717 0.359810
vn 0.644673 0.392456 0.656029
vn 0.651658 0.449748 0.610794
vn 0.687171 0.402040 0.605111
vn 0.445699 0.153009 0.882009
vn 0.462249 0.177261 0.868852
vn 0.480306 0.131804 0.867141
vn -0.240738 0.078472 -0.967413
vn -0.226671 0.053423 -0.972505
vn -0.256952 0.083219 -0.962834
vn -0.183429 -0.574569 -0.797637
vn -0.197169 -0.608226 -0.768886
vn -0.181339 -0.626123 -0.758344
vn 0.639128 -0.763571 0.092056
vn 0.731317 -0.650184 0.206001
vn 0.766753 -0.639147 0.059832
vn -0.181156 0.402672 -0.897239
vn -0.187112 0.393285 -0.900175
vn -0.218054 0.437461 -0.872399
vn -0.098293 -0.844222 -0.526904
vn -0.206952 -0.791437 -0.575150
vn -0.221944 -0.906584 -0.358952
vn 0.342109 0.939654 0.003509
vn 0.601114 0.739273 -0.303542
vn 0.630676 0.472988 0.615248
vn -0.215326 0.851338 0.478392
vn -0.315563 0.914347 -0.253752
vn -0.033129 0.985926 -0.163869
vn 0.107719 -0.793639 0.598777
vn 0.286074 -0.480187 0.829206
vn 0.455507 -0.645060 0.613523
vn 0.600390 -0.711080 0.365920
vn 0.380928 -0.693018 0.612062
vn 0.479995 -0.572132 0.665034
vn -0.008488 -0.998501 -0.054080
vn -0.099424 -0.981723 0.162281
vn -0.094451 -0.990605 0.098895
vn 0.132050 0.924486 0.357615
vn 0.165324 0.836811 0.521934
vn 0.164741 0.892530 0.419823
vn 0.186575 0.935595 0.299751
vn 0.185508 0.925114 0.331287
vn 0.167302 0.937475 0.305206
vn 0.621358 -0.089608 0.778386
vn 0.624445 -0.088921 0.775990
vn 0.629228 -0.082528 0.772827
vn -0.116926 0.850509 0.512799
vn -0.161271 0.785214 0.597855
vn -0.177184 0.814907 0.551845
vn -0.194130 0.509885 -0.838052
vn -0.262254 0.532886 -0.804522
vn -0.263458 0.526860 -0.808090
vn -0.110691 -0.165957 0.979901
vn -0.018998 -0.182657 0.982993
vn -0.002300 -0.026913 0.999635
vn -0.771345 0.438316 0.461417
vn -0.721714 0.542233 0.430248
vn -0.617539 0.637408 0.460821
vn -0.330603 -0.521195 -0.786802
vn -0.170659 -0.245366 -0.954291
vn -0.240186 -0.391046 -0.888478
vn -0.317417 -0.319197 -0.892950
vn -0.465222 -0.239975 -0.852045
vn -0.128252 -0.429320 -0.894000
vn 0.319631 0.053691 0.946020
vn 0.249261 0.184115 0.950774
vn 0.297286 0.186159 0.936464
vn 0.965014 -0.165316 0.203516
vn 0.997164 -0.009270 0.074691
vn 0.984418 -0.172687 -0.033182
vn -0.282914 0.958905 0.021449
vn -0.445320 0.880859 0.160556
vn -0.445331 0.816505 -0.367423
vn 0.292852 -0.795388 -0.530655
vn 0.487520 -0.650984 -0.581846
vn 0.301547 -0.775655 -0.554462
vn 0.051496 -0.985031 -0.164507
vn -0.104306 -0.938457 -0.329269
vn -0.075358 -0.946848 -0.312730
vn 0.329945 0.238357 -0.913413
vn 0.309829 0.234525 -0.921414
vn 0.327568 0.254065 -0.910028
vn -0.206515 0.372046 -0.904949
vn -0.214065 0.408262 -0.887411
vn -0.107272 0.351937 -0.929856
vn 0.122304 -0.991095 -0.052649
vn 0.156414 -0.987368 -0.025259
vn 0.177231 -0.983999 0.018292
vn -0.163405 -0.603673 -0.780307
vn -0.138616 -0.577999 -0.804178
vn -0.128078 -0.602548 -0.787739
vn -0.996335 0.065564 -0.054940
vn -0.989711 0.105849 -0.096274
vn -0.966992 0.227518 0.114725
vn 0.135813 -0.917984 -0.372640
vn 0.124913 -0.979577 -0.157561
vn 0.184137 -0.917374 -0.352871
vn 0.372765 -0.885310 -0.277979
vn 0.421401 -0.864023 -0.275474
vn 0.376167 -0.882731 -0.281575
vn -0.389493 0.654437 -0.648080
vn -0.230661 0.804849 -0.546821
vn -0.358051 0.734910 -0.575941
vn 0.128581 -0.115193 -0.984986
vn 0.108488 -0.177835 -0.978062
vn 0.109504 -0.249437 -0.962180
vn -0.418382 0.697154 -0.582179
vn -0.399946 0.671244 -0.624079
vn -0.487380 0.745891 -0.453990
vn -0.129329 0.904851 0.405609
vn -0.115973 0.968579 0.220011
vn -0.084297 0.940140 0.330197
vn 0.146105 0.988209 0.045784
vn 0.365770 0.921299 -0.131991
vn 0.142057 0.933323 0.329739
vn 0.256263 0.904850 0.339965
vn 0.194303 0.923544 0.330623
vn 0.140523 0.826407 0.545257
vn -0.431283 0.901477 -0.036534
vn -0.046966 0.972525 0.228014
vn -0.475381 0.682224 0.555503
vn -0.562832 0.825510 -0.041872
vn -0.142019 0.941858 0.304522
vn -0.264623 0.917570 0.296716
vn -0.175250 -0.975925 0.129839
vn -0.100183 -0.992141 0.074968
vn -0.051831 -0.997697 -0.043752
vn -0.020493 -0.955375 -0.294684
vn 0.003826 -0.963277 -0.268482
vn 0.035935 -0.987903 -0.150849
vn -0.784861 -0.472471 0.400955
vn -0.728059 -0.513161 0.454528
vn -0.725157 -0.516561 0.455315
vn -0.680807 -0.437346 0.587562
vn -0.675807 -0.454232 0.580482
vn -0.686519 -0.443009 0.576571
vn -0.729936 -0.536464 -0.423556
vn -0.703919 -0.577129 -0.414028
vn -0.720037 -0.534585 -0.442454
vn 0.988679 -0.077462 0.128507
vn 0.994015 0.029931 0.105066
vn 0.999169 -0.025561 0.031741
vn -0.194120 0.968401 -0.156579
vn 0.002283 0.985602 0.169064
vn -0.164706 0.975849 0.143494
vn 0.044150 -0.968359 -0.245624
vn -0.106850 -0.905517 -0.410636
vn 0.023540 -0.972727 -0.230757
vn -0.280056 -0.957523 0.068688
vn -0.171324 -0.979591 0.105119
vn -0.116174 -0.989683 -0.083857
vn -0.891938 -0.340486 -0.297517
vn -0.917364 -0.314543 -0.243938
vn -0.906265 -0.308457 -0.289030
vn -0.532126 -0.524920 0.664304
vn -0.568372 -0.512013 0.644047
vn -0.582201 -0.507263 0.635395
vn -0.685661 -0.038770 0.726888
vn -0.654404 -0.083878 0.751478
vn -0.684022 -0.013775 0.729331
vn -0.442748 0.384542 0.810001
vn -0.444579 0.384541 0.808998
vn -0.440113 0.393111 0.807319
vn 0.512329 -0.833391 0.207313
vn 0.555985 -0.508947 0.657155
vn 0.772326 -0.488362 0.406221
vn 0.045235 -0.852278 -0.521129
vn 0.042355 -0.865407 -0.499277
vn 0.110632 -0.878640 -0.464491
vn -0.162343 -0.971663 -0.171801
vn -0.135731 -0.977366 -0.162277
vn -0.142734 -0.977234 -0.156971
vn 0.158018 -0.877327 -0.453132
vn 0.165917 -0.882081 -0.440914
vn 0.177951 -0.867730 -0.464088
vn -0.727812 -0.377224 -0.572706
vn -0.727281 -0.389022 -0.565442
vn -0.737368 -0.399586 -0.544628
vn 0.581195 0.748777 -0.318663
vn 0.592084 0.742326 -0.313669
vn 0.572922 0.747497 -0.336168
vn 0.676588 0.691099 0.254187
vn 0.675844 0.706907 0.208607
vn 0.695032 0.670401 0.259795
vn 0.910772 0.181810 0.370728
vn 0.724167 0.668931 0.167669
vn 0.920385 0.229695 0.316437
vn 0.504871 0.823178 -0.259774
vn 0.519371 0.814533 -0.258439
vn 0.503507 0.824432 -0.258442
vn 0.418424 0.903024 0.097314
vn 0.412826 0.905631 0.096986
vn 0.431968 0.896610 0.097432
vn -0.249292 0.856962 -0.451076
vn -0.262511 0.863472 -0.430702
vn -0.273006 0.849733 -0.451022
vn -0.280931 0.776942 0.563417
vn -0.297598 0.755429 0.583749
vn -0.301129 0.767236 0.566277
vn -0.048983 -0.995295 0.083601
vn -0.047682 -0.995514 0.081725
vn -0.065525 -0.993633 0.091648
vn 0.234723 -0.866667 0.440220
vn 0.239432 -0.889603 0.388946
vn 0.229064 -0.870355 0.435903
vn 0.629815 -0.035535 0.775932
vn 0.639364 -0.088361 0.763811
vn 0.606774 -0.085263 0.790288
vn 0.636849 0.619327 0.459192
vn 0.641094 0.597443 0.481726
vn 0.641512 0.620766 0.450679
vn -0.219768 0.332492 -0.917143
vn -0.241301 0.395729 -0.886100
vn -0.297804 0.349838 -0.888215
vn 0.836435 0.127798 0.532958
vn 0.794833 0.200320 0.572811
vn 0.774575 0.170553 0.609052
vn 0.729549 -0.498248 0.468517
vn 0.709730 -0.656715 0.254969
vn 0.524139 -0.805615 0.276159
vn 0.752943 -0.485345 0.444430
vn 0.813358 -0.378216 0.442042
vn 0.714862 -0.663758 0.219995
vn 0.489227 -0.774188 0.401609
vn 0.511177 -0.761710 0.398115
vn 0.506898 -0.772157 0.383182
vn 0.558570 0.769749 -0.309008
vn 0.572410 0.754495 -0.321067
vn 0.511019 0.795866 -0.324742
vn 0.276227 0.912493 -0.301754
vn 0.276752 0.921741 -0.271664
vn 0.261591 0.914395 -0.308954
vn 0.022645 0.783902 -0.620471
vn 0.032477 0.804624 -0.592895
vn 0.063404 0.807582 -0.586337
vn 0.073324 -0.987643 -0.138511
vn 0.054253 -0.985861 -0.158536
vn 0.077819 -0.985159 -0.152989
vn -0.504220 -0.857563 0.101722
vn -0.502743 -0.858455 0.101511
vn -0.549713 -0.823667 0.139239
vn 0.351638 0.326359 -0.877406
vn 0.351396 0.309979 -0.883422
vn 0.348466 0.308597 -0.885065
vn -0.343822 -0.617020 -0.707865
vn -0.309649 -0.845949 -0.434152
vn -0.282533 -0.848963 -0.446584
vn 0.182367 0.921234 0.343614
vn 0.720063 0.667041 0.191224
vn 0.600507 0.168853 0.781588
vn -0.280664 -0.946182 0.161142
vn -0.375222 -0.922277 0.092807
vn -0.310255 -0.941964 0.128242
vn 0.205500 -0.977056 -0.055954
vn 0.065607 -0.997677 0.018334
vn 0.132348 -0.991147 0.010545
vn 0.650052 0.701190 0.292856
vn 0.611841 0.757419 0.227962
vn 0.705609 0.679700 0.200309
vn 0.007438 0.776380 0.630221
vn -0.027773 0.779908 0.625277
vn -0.020138 0.785164 0.618960
vn 0.450541 0.391532 0.802319
vn 0.408419 0.383063 0.828527
vn 0.420355 0.420418 0.804083
vn -0.600068 -0.059360 0.797744
vn -0.572982 -0.139660 0.807581
vn -0.571573 -0.099454 0.814501
vn 0.308822 0.834376 0.456558
vn 0.205709 0.777732 0.593984
vn 0.174683 0.806046 0.565488
vn -0.770694 -0.117067 -0.626359
vn -0.857147 -0.282671 -0.430576
vn -0.756526 -0.460590 -0.464247
vn 0.758220 -0.637735 -0.135633
vn 0.790991 -0.568424 -0.226334
vn 0.728321 -0.669068 -0.147977
vn 0.002998 -0.997232 -0.074290
vn -0.030703 -0.998265 -0.050250
vn -0.056836 -0.996568 -0.060187
vn -0.919641 -0.005774 -0.392718
vn -0.920286 0.027228 -0.390298
vn -0.919437 0.020926 -0.392680
vn 0.017307 -0.816790 -0.576675
vn 0.024852 -0.817321 -0.575647
vn 0.004569 -0.815843 -0.578255
vn 0.020217 -0.930364 -0.366080
vn 0.103569 -0.933797 -0.342486
vn 0.023085 -0.932606 -0.360158
vn 0.926349 0.109267 0.360470
vn 0.920874 0.155077 0.357691
vn 0.945812 0.124919 0.299725
vn -0.564532 0.306225 0.766505
vn -0.548619 0.327277 0.769355
vn -0.539129 0.356062 0.763256
vn -0.683182 0.123128 0.719793
vn -0.738929 0.161421 0.654162
vn -0.770011 0.168138 0.615477
vn -0.898613 -0.437571 -0.032039
vn -0.913567 -0.404940 0.037667
vn -0.895880 -0.441661 -0.048325
vn -0.307354 0.125968 -0.943221
vn -0.340343 0.159074 -0.926748
vn -0.285538 0.081109 -0.954929
vn -0.384226 -0.896127 -0.222096
vn -0.269537 -0.939110 -0.213126
vn -0.284665 -0.928150 -0.239801
vn 0.366613 -0.928478 -0.059363
vn 0.401974 -0.914804 -0.039378
vn 0.390575 -0.914339 -0.106933
vn -0.037240 -0.977709 -0.206636
vn 0.053123 -0.989810 -0.132117
vn -0.003313 -0.978366 -0.206853
vn -0.760710 -0.239018 -0.603482
vn -0.769290 -0.255684 -0.585507
vn -0.758062 -0.241614 -0.605775
vn 0.732162 0.384905 0.561949
vn 0.733684 0.328282 0.594928
vn 0.750998 0.327263 0.573499
vn 0.365087 -0.559009 -0.744460
vn 0.385945 -0.568783 -0.726314
vn 0.398467 -0.569230 -0.719167
vn -0.773869 -0.165669 -0.611294
vn -0.901484 -0.131921 -0.412218
vn -0.833776 -0.202099 -0.513783
vn 0.945691 0.061413 0.319214
vn 0.956100 0.145505 0.254362
vn 0.980313 0.131661 0.147143
vn -0.854368 -0.061443 -0.516023
vn -0.933915 0.032260 -0.356036
vn -0.794520 -0.257025 -0.550160
vn 0.968543 0.143184 0.203525
vn 0.925309 0.024160 0.378445
vn 0.651154 0.758441 0.027675
vn 0.880788 0.058670 0.469863
vn 0.674597 -0.111955 0.729647
vn 0.842675 0.094671 0.530034
vn -0.791353 -0.605223 0.086396
vn -0.910454 -0.397211 -0.115314
vn -0.872927 -0.483948 -0.061577
vn 0.916299 0.323190 -0.236527
vn 0.925122 0.229774 -0.302247
vn 0.967011 0.135716 -0.215570
vn 0.810070 0.504248 0.299199
vn 0.815861 0.483929 0.316518
vn 0.827272 0.472408 0.304058
vn 0.522250 -0.424475 0.739646
vn 0.470403 -0.472136 0.745526
vn 0.473763 -0.429128 0.769024
vn 0.922729 -0.290986 0.252782
vn 0.901583 -0.329934 0.279807
vn 0.932745 -0.260734 0.249006
vn 0.976913 0.167965 -0.132017
vn 0.899178 0.264990 -0.348225
vn 0.912419 0.184346 -0.365387
vn -0.934772 0.248979 0.253397
vn -0.940606 0.321539 0.108965
vn -0.897497 0.400572 0.184501
vn 0.955845 0.077296 0.283525
vn 0.968009 0.114580 0.223227
vn 0.966079 0.190999 0.173813
vn -0.747861 -0.498348 0.438580
vn -0.866407 -0.496936 -0.048919
vn -0.935549 -0.142956 0.322972
vn -0.987197 -0.120446 -0.104568
vn -0.968557 -0.225118 -0.105920
vn -0.953214 0.177790 -0.244488
vn 0.713934 0.313040 -0.626342
vn 0.732350 0.306386 -0.608104
vn 0.736916 0.279669 -0.615419
vn 0.822881 0.288883 -0.489299
vn 0.556575 0.413267 -0.720718
vn 0.617882 0.545153 -0.566595
vn -0.373551 0.175278 -0.910899
vn -0.113876 0.504737 -0.855729
vn -0.252456 0.226900 -0.940629
vn 0.932749 0.224059 -0.282447
vn 0.985447 0.154670 0.070511
vn 0.767727 0.607637 -0.203402
vn -0.272869 -0.248227 -0.929476
vn -0.937169 0.149555 -0.315194
vn -0.521232 -0.360890 -0.773353
vn 0.936675 0.289075 0.197675
vn 0.692954 0.707670 0.137901
vn 0.551166 0.789153 -0.271023
vn 0.545768 0.696480 0.465889
vn 0.136358 0.849540 0.509596
vn 0.797315 0.316429 0.513966
vn 0.318673 0.946965 0.041280
vn 0.658227 0.373930 -0.653386
vn 0.875025 0.480854 -0.055773
vn 0.856788 0.515120 -0.023797
vn 0.694450 0.717648 0.052165
vn 0.973928 0.127194 -0.187844
vn -0.790621 -0.172015 -0.587647
vn -0.490077 -0.458006 -0.741657
vn -0.859329 0.022175 -0.510942
vn 0.626516 0.277047 -0.728507
vn 0.483318 0.402747 -0.777302
vn -0.092547 0.255390 -0.962398
vn 0.817279 0.540196 -0.200606
vn 0.857191 -0.514998 -0.001223
vn 0.927387 0.251074 0.277337
vn 0.925155 0.350335 -0.146128
vn 0.931087 0.203357 -0.302858
vn 0.947046 0.301747 -0.109783
vn 0.799767 0.467918 -0.376065
vn 0.794746 0.483514 -0.366870
vn 0.799548 0.459898 -0.386286
vn 0.950739 -0.271450 0.149698
vn 0.613974 -0.247369 0.749563
vn 0.709204 -0.648432 0.276704
vn 0.307303 -0.947570 -0.087611
vn 0.270199 -0.953581 -0.132951
vn 0.292276 -0.952131 -0.089561
vn 0.967696 0.043168 0.248397
vn 0.928257 0.156373 0.337472
vn 0.964560 0.048375 0.259390
vn 0.733110 0.479552 -0.482265
vn 0.500585 0.765134 -0.404951
vn 0.080558 0.904346 -0.419129
vn -0.980216 -0.115258 -0.160908
vn -0.982494 0.055745 0.177760
vn -0.882023 -0.461001 -0.097538
vn -0.764424 0.209099 -0.609863
vn -0.646134 0.245467 -0.722673
vn -0.529833 0.254130 -0.809132
vn 0.911120 -0.005043 -0.412110
vn 0.852892 0.404115 -0.330554
vn 0.821041 0.199175 -0.534996
vn 0.040285 0.708108 -0.704954
vn 0.088657 0.613401 -0.784780
vn 0.318312 0.376864 -0.869857
vn 0.906245 0.287745 -0.309714
vn 0.936584 0.132647 -0.324369
vn 0.836222 0.153431 -0.526489
vn 0.889569 0.370783 -0.266809
vn -0.742775 -0.576569 0.340373
vn -0.678029 -0.208797 0.704755
vn -0.527983 -0.425561 0.734937
vn -0.528066 -0.424765 0.735337
vn -0.455357 -0.637439 0.621548
vn 0.613301 0.786660 -0.070908
vn 0.858350 0.478934 -0.184002
vn 0.933951 0.325315 -0.148003
vn 0.428451 0.430113 -0.794627
vn 0.157858 0.450598 -0.878659
vn 0.442681 0.283880 -0.850556
vn 0.346112 0.450585 -0.822909
vn 0.589402 0.253576 -0.767010
vn 0.369487 0.451885 -0.811960
vn -0.549135 0.523337 -0.651589
vn -0.539479 -0.521100 0.661375
vn 0.435642 -0.886084 -0.158336
vn 0.937067 0.158246 -0.311229
vn 0.962367 0.143244 -0.230936
vn 0.842422 0.469707 -0.264007
vn 0.569554 0.338955 -0.748810
vn 0.586294 0.465349 -0.663106
vn 0.787096 0.423760 -0.448228
vn 0.624393 0.760996 0.176124
vn 0.612819 0.760213 0.215708
vn 0.621710 0.752287 0.218039
vn 0.610437 0.414783 0.674775
vn 0.589810 0.376223 0.714549
vn 0.577602 0.379258 0.722869
vn 0.060446 0.921641 0.383307
vn 0.099525 0.913214 0.395139
vn 0.080435 0.916540 0.391771
vn 0.394952 0.553462 -0.733275
vn 0.439779 0.499841 -0.746159
vn 0.451842 0.522831 -0.722832
vn -0.505257 -0.262439 -0.822095
vn -0.551489 -0.188999 -0.812490
vn -0.511887 -0.249819 -0.821926
vn -0.766646 -0.479332 -0.427194
vn -0.743005 -0.513213 -0.429600
vn -0.814489 -0.379491 -0.438855
vn 0.382204 0.276190 -0.881838
vn 0.432070 0.325700 -0.840972
vn 0.397009 0.424608 -0.813690
vn 0.956509 0.235644 -0.171937
vn 0.945927 0.153204 -0.285921
vn 0.936176 0.066058 -0.345268
vn -0.197862 -0.978845 -0.052084
vn -0.144446 -0.989494 -0.006045
vn -0.239724 -0.962539 -0.126692
vn -0.287639 -0.912678 -0.290315
vn -0.256571 -0.916464 -0.307026
vn -0.268381 -0.905182 -0.329571
vn 0.044586 0.622828 0.781088
vn -0.039054 0.655885 0.753850
vn 0.111850 0.505388 0.855613
vn -0.342189 0.181189 0.921996
vn -0.336216 0.163773 0.927436
vn -0.335052 0.136059 0.932324
vn 0.030158 -0.997268 0.067430
vn -0.008953 -0.999958 -0.001913
vn 0.023678 -0.999618 -0.014226
vn -0.729964 -0.629915 0.265253
vn -0.743942 -0.584156 0.324518
vn -0.750455 -0.596606 0.284391
vn -0.352694 0.169214 0.920312
vn -0.336979 0.190070 0.922127
vn -0.316399 0.212013 0.924631
vn 0.087556 -0.963451 -0.253170
vn 0.054617 -0.935826 -0.348204
vn 0.094949 -0.939066 -0.330364
vn 0.923451 -0.327257 -0.200355
vn 0.924684 -0.311831 -0.218450
vn 0.894614 -0.355634 -0.270535
vn -0.914491 -0.403116 -0.034685
vn -0.909288 -0.412944 0.051704
vn -0.871075 -0.490822 -0.017932
vn 0.504947 0.361164 -0.783957
vn 0.536663 0.452164 -0.712419
vn 0.522133 0.410689 -0.747470
vn -0.348614 0.608346 -0.713010
vn -0.434093 0.579498 -0.689743
vn -0.362395 0.588310 -0.722884
vn 0.009146 0.939878 -0.341387
vn 0.022551 0.933781 -0.357134
vn 0.020538 0.932818 -0.359763
vn -0.287167 -0.381370 0.878688
vn -0.266350 -0.314251 0.911210
vn -0.284866 -0.391971 0.874763
vn -0.277753 -0.100729 0.955357
vn -0.294659 -0.083273 0.951967
vn -0.323417 -0.093085 0.941667
vn 0.956696 0.283763 0.064895
vn 0.946056 0.306388 0.105376
vn 0.957051 0.283166 0.062211
vn 0.945333 0.132420 -0.298012
vn 0.944285 0.155011 -0.290340
vn 0.934376 0.156558 -0.320048
vn -0.872807 -0.281423 -0.398760
vn -0.859018 -0.301156 -0.413996
vn -0.855187 -0.317292 -0.409856
vn 0.059610 -0.669751 0.740189
vn 0.024582 -0.655921 0.754429
vn 0.089842 -0.623963 0.776272
vn -0.412901 -0.037809 -0.909991
vn -0.511435 -0.072113 -0.856291
vn -0.481177 -0.067605 -0.874013
vn -0.477620 0.484964 0.732590
vn -0.490514 0.483223 0.725184
vn -0.494549 0.500233 0.710766
vn 0.817956 -0.501781 -0.281359
vn 0.790193 -0.549223 -0.271937
vn 0.817199 -0.542633 -0.194252
vn -0.018614 -0.989736 -0.141691
vn -0.044086 -0.987646 -0.150370
vn -0.070584 -0.976151 -0.205299
vn 0.837763 0.384323 0.387877
vn 0.835643 0.378146 0.398379
vn 0.858646 0.356289 0.368491
vn 0.885956 0.341703 -0.313563
vn 0.883518 0.328727 -0.333669
vn 0.877139 0.340732 -0.338422
vn 0.413822 0.507239 0.755950
vn 0.378264 0.493768 0.783013
vn 0.381281 0.494168 0.781296
vn 0.183298 -0.315675 0.930995
vn 0.167288 -0.238730 0.956568
vn 0.208648 -0.367965 0.906128
vn -0.368170 0.634257 0.679830
vn -0.376903 0.622957 0.685469
vn -0.343691 0.693317 0.633395
vn 0.009026 0.959241 0.282444
vn -0.005761 0.943947 0.330046
vn 0.010964 0.941064 0.338051
vn 0.658304 -0.637929 0.399603
vn 0.661283 -0.649141 0.375926
vn 0.621111 -0.671415 0.404257
vn -0.755698 -0.653447 0.043902
vn -0.756904 -0.652815 0.030481
vn -0.763385 -0.645384 0.026905
vn 0.787645 -0.243769 0.565855
vn 0.788346 -0.245874 0.563965
vn 0.793784 -0.251782 0.553636
vn -0.875606 0.482971 0.007272
vn -0.876082 0.482162 -0.000281
vn -0.871149 0.490244 0.027572
vn 0.106697 -0.054617 -0.992790
vn 0.024292 0.022744 -0.999446
vn 0.103077 0.001292 -0.994673
vn 0.143802 0.047064 -0.988487
vn 0.091683 0.016729 -0.995648
vn 0.165166 -0.016107 -0.986134
vn -0.556890 0.541365 -0.629919
vn -0.534869 0.587182 -0.607563
vn -0.505683 0.558188 -0.657807
vn -0.491747 0.788180 -0.370077
vn -0.464759 0.809189 -0.359460
vn -0.469496 0.811118 -0.348799
vn -0.101786 0.865516 -0.490430
vn -0.089274 0.869614 -0.485594
vn -0.066563 0.872926 -0.483290
vn 0.251354 0.967833 -0.010975
vn 0.219654 0.975366 0.020308
vn 0.217752 0.975689 -0.024786
vn 0.993850 -0.053507 -0.096947
vn 0.989326 -0.122996 -0.078136
vn 0.991035 -0.086190 -0.102079
vn 0.233452 0.201466 -0.951268
vn 0.136553 0.145278 -0.979922
vn 0.153058 0.157337 -0.975612
vn 0.640668 0.094024 -0.762039
vn 0.613658 0.058613 -0.787393
vn 0.639125 0.070128 -0.765899
vn 0.901899 -0.077612 -0.424916
vn 0.917966 -0.039570 -0.394680
vn 0.901460 -0.040204 -0.430990
vn -0.615069 -0.434849 -0.657720
vn -0.589413 -0.457197 -0.666005
vn -0.595426 -0.443915 -0.669632
vn 0.236820 0.970806 0.038109
vn 0.234967 0.971823 0.018746
vn 0.220495 0.970336 -0.099144
vn 0.808999 0.587737 -0.009291
vn 0.842394 0.538158 0.027552
vn 0.802112 0.597168 0.002664
vn -0.181800 -0.980926 -0.068805
vn -0.191398 -0.979375 -0.064746
vn -0.236330 -0.968658 -0.076490
vn 0.911611 -0.407777 -0.051791
vn 0.903541 -0.427833 -0.023922
vn 0.903096 -0.428356 -0.030456
vn -0.476969 0.843833 0.245858
vn -0.477671 0.827738 0.294415
vn -0.437021 0.868747 0.233005
vn -0.420197 0.863673 -0.278395
vn -0.402509 0.883673 -0.238972
vn -0.417563 0.878195 -0.233267
vn -0.158758 -0.917536 -0.364587
vn -0.126233 -0.924938 -0.358546
vn -0.151733 -0.929813 -0.335298
vn -0.660065 -0.297928 0.689603
vn -0.663482 -0.315112 0.678599
vn -0.660245 -0.323139 0.677980
vn 0.198826 -0.517919 0.832003
vn 0.208393 -0.501497 0.839687
vn 0.195931 -0.519689 0.831585
vn -0.044976 0.696176 -0.716461
vn 0.011637 0.707494 -0.706623
vn -0.019699 0.702708 -0.711206
vn 0.447449 0.057672 -0.892448
vn 0.442601 0.051791 -0.895222
vn 0.408445 0.049103 -0.911461
vn -0.389521 -0.920859 0.017099
vn -0.407034 -0.912018 0.050464
vn -0.449321 -0.893009 0.025382
vn 0.016473 -0.267463 0.963427
vn -0.198446 -0.747673 0.633723
vn 0.191862 -0.654755 0.731084
vn -0.295968 -0.948826 0.110144
vn -0.235700 -0.970114 0.057661
vn -0.112615 -0.965446 0.235017
vn 0.341408 0.270135 0.900260
vn 0.312514 0.264925 0.912223
vn 0.329274 0.307089 0.892903
vn -0.497196 0.765170 -0.409036
vn -0.499894 0.761077 -0.413361
vn -0.494715 0.768500 -0.405789
vn -0.091193 -0.993850 -0.062825
vn -0.020584 -0.999503 -0.023889
vn -0.061241 -0.996189 -0.062110
vn 0.581359 0.434927 0.687648
vn 0.582100 0.372735 0.722654
vn 0.573821 0.440485 0.690437
vn 0.881548 0.436778 -0.179157
vn 0.902926 0.396793 -0.165167
vn 0.889083 0.413079 -0.197223
vn -0.433622 -0.407983 -0.803443
vn -0.447777 -0.405237 -0.797044
vn -0.458847 -0.411511 -0.787476
vn 0.666848 -0.202776 -0.717075
vn 0.767414 -0.168916 -0.618501
vn 0.670349 -0.191191 -0.716992
vn 0.755655 -0.211181 -0.619990
vn 0.774538 -0.190958 -0.603014
vn 0.703382 -0.215808 -0.677260
vn -0.022360 0.969329 -0.244746
vn 0.074864 0.946547 -0.313757
vn 0.322803 0.946460 -0.003397
vn 0.714591 -0.682643 -0.152830
vn 0.676660 -0.719096 -0.158216
vn 0.672948 -0.681446 -0.287700
vn -0.564849 0.815019 0.129186
vn -0.583076 0.799875 0.142204
vn -0.570968 0.811166 0.126515
vn -0.433005 -0.846143 0.310722
vn -0.431286 -0.839722 0.329938
vn -0.431449 -0.838355 0.333186
vn -0.013704 -0.948237 -0.317268
vn 0.007523 -0.942843 -0.333154
vn -0.019927 -0.938355 -0.345098
vn -0.606775 0.027768 -0.794388
vn -0.605374 0.019563 -0.795701
vn -0.622180 0.044512 -0.781608
vn 0.770600 0.512575 -0.378738
vn 0.782778 0.504738 -0.364003
vn 0.784947 0.510246 -0.351435
vn 0.114561 -0.192750 -0.974538
vn 0.099255 -0.181497 -0.978370
vn 0.093672 -0.180982 -0.979015
vn -0.102822 -0.672247 -0.733152
vn -0.085850 -0.701636 -0.707345
vn -0.082527 -0.687629 -0.721357
vn 0.331145 0.936217 -0.117644
vn 0.072956 0.997201 0.016329
vn 0.332949 0.876938 -0.346590
vn 0.391631 0.918764 0.049982
vn 0.269191 0.938267 0.217233
vn 0.153961 0.986053 0.063211
vn 0.508242 -0.820025 -0.263150
vn 0.619084 -0.716562 -0.321361
vn 0.160043 -0.915239 -0.369761
vn -0.057967 -0.974222 -0.218016
vn -0.447668 -0.892856 -0.048998
vn -0.332735 -0.942809 0.019948
vn 0.370811 0.919225 0.132383
vn 0.064454 0.975408 0.210770
vn -0.061910 0.964151 0.258030
vn -0.341491 0.916946 0.206384
vn -0.446242 0.885109 0.132103
vn -0.359022 0.923287 0.136544
vn 0.427986 -0.762524 -0.485166
vn 0.411373 -0.769817 -0.488010
vn 0.424607 -0.733566 -0.530650
vn -0.345223 0.912222 0.220617
vn -0.402240 0.889314 0.217543
vn -0.462543 0.871625 0.162247
vn -0.001548 -0.999904 0.013789
vn -0.023445 -0.999723 -0.001917
vn -0.086255 -0.995562 -0.037627
vn 0.010259 0.988647 -0.149904
vn 0.102088 0.993801 0.044029
vn -0.156755 0.987337 0.024376
vn 0.791983 -0.598965 -0.118338
vn 0.829282 -0.558732 -0.010496
vn 0.782901 -0.589881 -0.197753
vn 0.070197 -0.995291 0.066839
vn 0.308444 -0.947462 -0.084722
vn 0.183906 -0.982379 -0.033317
vn -0.991698 0.049690 0.118600
vn -0.986248 0.064963 0.151971
vn -0.989610 0.032477 0.140059
vn 0.725281 0.394816 -0.563993
vn 0.726255 0.378906 -0.573570
vn 0.735581 0.396759 -0.549093
vn -0.495026 -0.437490 0.750701
vn -0.474138 -0.437860 0.763853
vn -0.432310 -0.422511 0.796613
vn -0.508320 -0.372449 -0.776461
vn -0.497898 -0.392577 -0.773293
vn -0.507191 -0.367564 -0.779521
vn 0.595341 -0.794406 0.120368
vn -0.018428 -0.996913 -0.076320
vn -0.111232 -0.988989 0.097610
vn -0.314480 -0.939830 0.133497
vn -0.139572 -0.979974 0.142024
vn -0.022615 -0.997303 -0.069828
vn 0.404829 0.913343 0.043801
vn 0.618718 0.642828 0.451619
vn 0.390994 0.918183 -0.063750
vn 0.063179 -0.953269 0.295444
vn -0.163172 -0.981963 -0.095514
vn -0.194091 -0.979696 0.050245
vn 0.150455 0.983863 -0.096834
vn 0.265119 0.963749 -0.029998
vn 0.085708 0.992726 -0.084556
vn 0.219124 0.967861 -0.123412
vn 0.264265 0.962690 -0.058244
vn 0.040715 0.997837 -0.051611
vn -0.281897 -0.958816 0.034732
vn -0.285764 -0.958291 0.004239
vn -0.307104 -0.951625 0.009876
vn -0.569364 -0.812380 0.125952
vn -0.578708 -0.815263 0.021041
vn -0.589974 -0.802959 0.084773
vn 0.830824 0.016056 -0.556303
vn 0.822248 0.155380 -0.547508
vn 0.799740 0.090572 -0.593476
vn -0.603818 0.685661 0.406538
vn -0.797825 0.529810 0.287708
vn -0.417487 0.660635 0.623912
vn -0.399449 0.899344 -0.177823
vn -0.227753 0.936546 0.266477
vn -0.547387 0.830665 -0.101796
vn -0.690371 0.700414 0.181131
vn -0.669012 0.649813 0.360784
vn -0.782452 0.593798 0.187544
vn -0.992655 0.072201 0.097072
vn -0.991194 0.060690 0.117687
vn -0.993591 0.055603 0.098415
vn -0.942798 0.288540 -0.166962
vn -0.938342 0.301917 -0.168404
vn -0.959748 0.273859 -0.062328
vn 0.072274 -0.341016 -0.937275
vn 0.091542 -0.342087 -0.935199
vn 0.036899 -0.325713 -0.944748
vn -0.963507 0.266341 -0.026768
vn -0.966633 0.255235 0.021792
vn -0.977709 0.178424 -0.110679
vn 0.524547 -0.845788 0.097436
vn 0.537597 -0.840146 0.071727
vn 0.515584 -0.850280 0.105812
vn -0.058534 -0.998021 0.022957
vn -0.049364 -0.995030 0.086477
vn -0.113321 -0.993379 0.018898
vn 0.532425 -0.808179 0.251734
vn 0.929251 -0.246117 0.275535
vn 0.994472 0.029997 -0.100627
vn 0.374544 -0.675406 -0.635251
vn -0.018285 -0.799048 -0.600989
vn 0.296827 -0.954464 0.029878
vn -0.629928 0.587934 -0.507469
vn -0.513143 0.802421 -0.304639
vn -0.599750 0.651943 -0.463972
vn 0.965410 -0.211403 -0.152619
vn 0.991084 0.008816 -0.132946
vn 0.805472 -0.506550 -0.307607
vn 0.103483 -0.994475 -0.017605
vn 0.176407 -0.983707 -0.034643
vn 0.007124 -0.999130 -0.041087
vn -0.103803 -0.358793 -0.927627
vn -0.030258 -0.339717 -0.940041
vn -0.084029 -0.306921 -0.948018
vn -0.619848 0.717564 0.317631
vn -0.588618 0.729044 0.349319
vn -0.620553 0.713860 0.324528
vn -0.260440 0.237519 -0.935818
vn -0.253286 0.295899 -0.921027
vn -0.301941 0.086954 -0.949353
vn -0.766304 0.530693 0.362136
vn -0.773198 0.528340 0.350745
vn -0.800596 0.471604 0.369642
vn 0.972845 0.151981 -0.174567
vn 0.965722 0.166418 -0.199214
vn 0.967010 0.147316 -0.207823
vn 0.248275 -0.258197 -0.933645
vn 0.282106 -0.261787 -0.922975
vn 0.327520 -0.242746 -0.913130
vn -0.863271 -0.499831 -0.070222
vn -0.861614 -0.506593 -0.031390
vn -0.855483 -0.517829 0.001307
vn -0.811005 -0.431132 -0.395469
vn -0.798425 -0.510859 -0.318652
vn -0.807354 -0.411205 -0.423190
vn 0.178889 0.364542 0.913842
vn 0.189128 0.336093 0.922644
vn 0.126190 0.310886 0.942033
vn 0.067694 -0.997550 0.017638
vn 0.028498 -0.996800 -0.074689
vn -0.028111 -0.997626 0.062860
vn -0.790125 -0.577040 -0.206705
vn -0.741162 -0.629021 -0.234547
vn -0.759656 -0.607612 -0.231797
vn -0.776110 -0.379575 -0.503563
vn -0.785017 -0.367260 -0.498866
vn -0.774707 -0.379977 -0.505418
vn 0.909207 0.267133 0.319346
vn 0.910482 0.254529 0.325941
vn 0.900979 0.270143 0.339500
vn 0.947432 -0.167683 0.272496
vn 0.876894 -0.394758 0.274269
vn 0.867735 -0.330444 0.371273
vn -0.088202 -0.992213 -0.087938
vn -0.003180 -0.998838 -0.048091
vn 0.013897 -0.998349 -0.055728
vn 0.846067 0.225597 -0.482987
vn 0.868187 0.244395 -0.431883
vn 0.854768 0.259745 -0.449337
vn 0.328750 0.900161 -0.285717
vn 0.283859 0.902943 -0.322673
vn 0.322323 0.904996 -0.277649
vn 0.038122 -0.770912 -0.635800
vn 0.022279 -0.759183 -0.650496
vn 0.037130 -0.781627 -0.622640
vn 0.342464 0.165215 -0.924891
vn 0.358442 0.146767 -0.921943
vn 0.369831 0.151530 -0.916659
vn 0.651556 -0.538756 0.534057
vn 0.620141 -0.711485 0.330476
vn 0.505655 -0.713173 0.485487
vn -0.246827 0.688173 0.682272
vn -0.277254 0.680068 0.678703
vn -0.273957 0.680037 0.680071
vn -0.064945 0.927897 0.367138
vn -0.039060 0.921587 0.386203
vn -0.014476 0.948372 0.316828
vn -0.392184 -0.401040 0.827864
vn -0.457694 -0.351723 0.816582
vn -0.420339 -0.350149 0.837085
vn 0.038174 -0.150137 0.987928
vn -0.203103 -0.459434 0.864679
vn -0.127464 0.248699 0.960157
vn 0.198865 -0.926757 0.318706
vn 0.201232 -0.977237 0.067190
vn -0.110963 -0.993645 0.018868
vn 0.179636 -0.787854 0.589081
vn -0.184940 -0.860581 0.474549
vn -0.014715 -0.457957 0.888853
vn -0.531097 0.846338 -0.040593
vn -0.589794 0.763055 -0.264368
vn -0.354194 0.934894 0.022800
vn 0.148190 -0.969450 0.195464
vn 0.182550 -0.957857 0.221777
vn 0.281141 -0.922820 0.263370
vn -0.050289 0.473928 -0.879126
vn -0.149217 0.483655 -0.862446
vn -0.148993 0.470460 -0.869752
vn 0.797612 0.481571 -0.363186
vn 0.795502 0.484575 -0.363819
vn 0.779438 0.515555 -0.355921
vn -0.319487 -0.947153 -0.028791
vn -0.346035 -0.936576 -0.055554
vn -0.303290 -0.952245 -0.035274
vn 0.401345 0.915261 0.034922
vn 0.435882 0.899344 -0.034459
vn 0.429729 0.902528 -0.027855
vn -0.286979 0.014811 -0.957822
vn -0.288449 0.039415 -0.956684
vn -0.305250 0.042166 -0.951338
vn -0.071872 0.697623 0.712851
vn -0.051888 0.684952 0.726738
vn -0.062224 0.689672 0.721443
vn 0.225113 0.974099 -0.021343
vn -0.114684 0.984039 0.136071
vn 0.214070 0.795349 -0.567093
vn -0.808730 0.483053 -0.335581
vn -0.808517 0.483443 -0.335534
vn -0.819356 0.573271 -0.004126
vn 0.277785 0.883790 0.376498
vn 0.565356 0.621210 -0.542652
vn 0.771088 0.613830 0.169220
vn -0.151266 0.250073 -0.956338
vn -0.162420 0.220817 -0.961696
vn -0.161315 0.183124 -0.969764
vn 0.515257 0.786664 -0.340104
vn 0.484139 0.810651 -0.329324
vn 0.463462 0.817952 -0.340819
vn -0.051485 -0.835506 -0.547064
vn -0.052828 -0.820167 -0.569680
vn -0.056049 -0.850498 -0.522983
vn 0.316631 -0.435479 0.842676
vn 0.332517 -0.454211 0.826514
vn 0.349341 -0.460375 0.816098
vn 0.125228 0.358323 0.925161
vn 0.153905 0.394005 0.906131
vn 0.145431 0.396855 0.906287
vn 0.106108 0.472729 -0.874796
vn 0.119673 0.497992 -0.858884
vn 0.111883 0.505346 -0.855633
vn 0.702936 -0.395209 0.591347
vn 0.693504 -0.431984 0.576578
vn 0.715179 -0.409651 0.566308
vn 0.016782 0.982710 -0.184390
vn -0.022160 0.993167 -0.114575
vn -0.017378 0.982577 -0.185040
vn -0.261902 -0.963632 0.053117
vn -0.238372 -0.970761 0.028327
vn -0.237772 -0.970603 0.037333
vn 0.068353 -0.996942 0.037881
vn -0.129200 -0.991509 0.014731
vn -0.075610 -0.996960 -0.018811
vn 0.946295 -0.315928 0.068672
vn 0.813615 -0.542140 0.210036
vn 0.831870 -0.224289 0.507629
vn -0.508316 -0.844832 -0.166953
vn -0.437714 -0.852512 -0.285710
vn -0.379646 -0.923043 -0.062126
vn -0.734342 -0.504732 -0.453858
vn -0.736098 -0.518138 -0.435537
vn -0.653848 -0.568990 -0.498732
vn 0.632306 -0.753280 0.180992
vn 0.623329 -0.757550 0.193855
vn 0.627230 -0.759814 0.171073
vn -0.814687 0.352432 0.460518
vn -0.830010 0.318769 0.457679
vn -0.828582 0.342379 0.442977
vn 0.723582 0.497569 -0.478387
vn 0.711443 0.497528 -0.496301
vn 0.714456 0.500800 -0.488622
vn -0.787665 -0.280735 -0.548427
vn -0.798627 -0.306526 -0.517915
vn -0.789984 -0.259833 -0.555349
vn 0.848334 0.288560 -0.443918
vn 0.821826 0.291764 -0.489363
vn 0.825412 0.270954 -0.495256
vn -0.670044 -0.356282 -0.651233
vn -0.689553 -0.355032 -0.631244
vn -0.698333 -0.338616 -0.630611
vn 0.839573 0.460054 -0.288907
vn 0.832204 0.426090 -0.354801
vn 0.855577 0.414897 -0.309593
vn 0.121573 0.377831 0.917858
vn 0.120995 0.364129 0.923456
vn 0.122013 0.375729 0.918662
vn -0.051054 -0.136422 -0.989334
vn -0.043044 -0.092142 -0.994815
vn -0.071688 -0.124760 -0.989594
vn 0.948558 0.192398 -0.251439
vn 0.953303 0.211962 -0.215139
vn 0.961153 0.221916 -0.164127
vn -0.076746 -0.978940 0.189176
vn -0.064526 -0.978012 0.198315
vn -0.119361 -0.969617 0.213530
vn 0.997499 -0.029668 0.064153
vn 0.999006 -0.020164 0.039763
vn 0.998976 -0.032860 0.031090
vn 0.634952 0.768338 -0.080572
vn 0.630070 0.771868 -0.085045
vn 0.660597 0.744585 -0.095945
vn -0.418336 0.417907 -0.806442
vn -0.428078 0.394192 -0.813241
vn -0.467938 0.375824 -0.799869
vn 0.673299 -0.644952 0.361532
vn 0.678125 -0.644884 0.352522
vn 0.674257 -0.656322 0.338553
vn 0.284311 -0.352122 -0.891727
vn 0.282737 -0.361014 -0.888667
vn 0.279071 -0.380800 -0.881539
vn -0.330116 0.629013 0.703823
vn -0.309965 0.626062 0.715519
vn -0.279297 0.622371 0.731196
vn -0.326306 -0.945200 -0.010994
vn -0.298212 -0.951849 -0.071083
vn -0.318689 -0.946802 -0.044753
vn -0.620692 -0.118596 -0.775033
vn -0.582110 -0.115208 -0.804907
vn -0.616732 -0.135815 -0.775369
vn -0.430594 -0.368991 -0.823671
vn -0.462603 -0.354677 -0.812529
vn -0.477948 -0.381956 -0.790996
vn -0.702360 -0.453931 -0.548304
vn -0.698649 -0.471617 -0.538021
vn -0.701248 -0.453332 -0.550219
vn -0.456603 0.147219 -0.877405
vn -0.416616 0.164602 -0.894056
vn -0.433820 0.174443 -0.883951
vn -0.490983 -0.234184 -0.839103
vn -0.537777 -0.227445 -0.811828
vn -0.511891 -0.199219 -0.835631
vn 0.050821 -0.826582 -0.560517
vn 0.049900 -0.822260 -0.566920
vn 0.036369 -0.824842 -0.564192
vn 0.236727 0.797040 -0.555596
vn 0.194457 0.830435 -0.522077
vn 0.183657 0.804388 -0.565005
vn 0.158163 -0.983701 0.085534
vn 0.145521 -0.984340 0.099489
vn 0.118459 -0.987075 0.107933
vn 0.860684 -0.474485 0.184630
vn 0.861611 -0.459484 0.215639
vn 0.845716 -0.495334 0.198519
vn 0.979084 -0.069952 0.191051
vn 0.979919 -0.186508 0.070517
vn 0.772442 -0.533976 0.343806
vn 0.881828 -0.324781 0.341901
vn 0.903189 -0.329729 0.274825
vn 0.822951 -0.308168 0.477268
vn 0.460642 0.315508 -0.829617
vn -0.000841 0.417394 -0.908725
vn 0.327639 0.242861 -0.913056
vn 0.245235 -0.130067 -0.960699
vn -0.059869 -0.164393 -0.984576
vn -0.018568 -0.407671 -0.912940
vn -0.775734 -0.407388 -0.481946
vn -0.813320 -0.392790 -0.429216
vn -0.784752 -0.338459 -0.519240
vn -0.317853 -0.421012 -0.849540
vn -0.348028 -0.411112 -0.842534
vn -0.408678 -0.420054 -0.810270
vn 0.115867 -0.291462 -0.949539
vn 0.011198 -0.221225 -0.975158
vn 0.100376 -0.339008 -0.935414
vn 0.476973 -0.296375 0.827441
vn 0.284441 -0.813070 0.507948
vn -0.219367 -0.311499 0.924579
vn -0.689572 0.621077 -0.372496
vn -0.938227 0.019370 -0.345477
vn -0.811265 0.446370 -0.377627
vn -0.308204 -0.604676 -0.734423
vn -0.296973 -0.609438 -0.735114
vn -0.293554 -0.614855 -0.731969
vn -0.163664 0.019432 -0.986325
vn -0.170134 0.064349 -0.983318
vn -0.159435 0.047519 -0.986064
vn 0.983121 -0.173725 0.057379
vn 0.978384 -0.206782 -0.002567
vn 0.993947 -0.006570 0.109661
vn -0.232830 -0.964305 0.126117
vn -0.210932 -0.968515 0.132237
vn -0.190991 -0.980835 0.038532
vn 0.545118 -0.777126 -0.314518
vn 0.491115 -0.791335 -0.364136
vn 0.505041 -0.796689 -0.331993
vn -0.124842 -0.315204 -0.940777
vn -0.102614 -0.324475 -0.940312
vn -0.083554 -0.233823 -0.968682
vn -0.838734 0.319120 0.441233
vn -0.825081 0.338555 0.452352
vn -0.825958 0.332650 0.455123
vn -0.286879 -0.371672 0.882927
vn -0.599172 -0.192262 0.777192
vn 0.088497 -0.460650 0.883159
vn 0.742215 -0.459704 0.487637
vn 0.426566 -0.443803 0.788087
vn 0.787998 -0.101081 0.607323
vn 0.223754 0.335121 0.915220
vn -0.590138 -0.067593 0.804468
vn -0.427712 0.758348 0.491905
vn -0.889803 -0.281270 -0.359358
vn -0.873983 -0.390052 -0.289851
vn -0.539039 -0.486073 -0.687874
vn 0.024485 -0.916322 -0.399692
vn 0.081434 -0.593315 0.800841
vn 0.445019 -0.840034 0.310325
vn 0.983428 0.111855 0.142682
vn 0.977237 -0.129241 0.168237
vn 0.969785 0.082970 0.229418
vn -0.342135 -0.066422 0.937300
vn -0.392284 -0.041055 0.918928
vn -0.343418 0.055382 0.937548
vn 0.832159 0.409555 0.373868
vn 0.864952 0.384168 0.322913
vn 0.846478 0.429218 0.315035
vn 0.837668 -0.394721 -0.377501
vn 0.809815 -0.441757 -0.386072
vn 0.846236 -0.397367 -0.354941
vn -0.370233 0.876073 0.308908
vn -0.240430 0.927443 0.286432
vn -0.469460 0.812414 0.345819
vn 0.633856 -0.773333 -0.013543
vn 0.785231 -0.318545 0.530982
vn 0.820203 -0.522465 0.233016
vn -0.133571 0.172940 -0.975833
vn -0.135455 0.121737 -0.983276
vn -0.142326 0.194359 -0.970550
vn -0.200962 0.732543 -0.650380
vn -0.145231 0.683360 -0.715491
vn -0.182495 0.703674 -0.686687
vn -0.738338 -0.419384 -0.528180
vn -0.701625 -0.518343 -0.488921
vn -0.681771 -0.366234 -0.633293
vn -0.201655 -0.921574 0.331719
vn -0.206828 -0.946344 0.248303
vn -0.175507 -0.933233 0.313485
vn -0.846302 -0.088802 0.525250
vn -0.830180 -0.202941 0.519246
vn -0.887690 -0.104244 0.448486
vn -0.446128 -0.442661 -0.777831
vn -0.587116 -0.637611 -0.498746
vn -0.158246 -0.987368 -0.007849
vn -0.710523 -0.262449 -0.652899
vn -0.734504 -0.400322 -0.547948
vn -0.661891 -0.273599 -0.697886
vn -0.665459 0.214030 -0.715092
vn -0.654745 0.348500 -0.670713
vn -0.363229 -0.020458 -0.931475
vn -0.552597 -0.324018 -0.767886
vn -0.320979 -0.393807 -0.861330
vn -0.415283 -0.445139 -0.793342
vn -0.724439 -0.444638 -0.526768
vn -0.699869 -0.537957 -0.469878
vn -0.728087 -0.599888 -0.331699
vn -0.925657 -0.355931 -0.128342
vn -0.824785 0.550443 0.129395
vn -0.994055 0.016501 0.107618
vn 0.913037 0.396082 0.097373
vn 0.886160 0.413443 0.209249
vn 0.477816 0.845811 0.237267
vn -0.026166 0.318572 0.947537
vn -0.016226 0.355740 0.934444
vn 0.083993 0.211823 0.973692
vn -0.230154 -0.971450 0.057562
vn -0.262514 -0.802470 0.535844
vn -0.171234 -0.901965 0.396407
vn 0.778518 0.250472 0.575477
vn 0.793303 0.057702 0.606086
vn 0.692605 0.091888 0.715440
vn 0.629317 0.036464 -0.776293
vn 0.105295 0.144985 -0.983815
vn 0.539943 -0.423581 -0.727352
vn -0.840533 0.137719 -0.523963
vn -0.799140 0.452656 -0.395573
vn -0.924398 0.325878 -0.198222
vn -0.802880 0.526151 0.280265
vn -0.995276 0.095143 -0.019328
vn -0.732374 0.592000 0.336398
vn -0.771291 0.636436 -0.007685
vn -0.928295 0.256709 -0.269014
vn -0.717351 0.695782 -0.035969
vn 0.462700 0.703847 0.538988
vn 0.450043 0.672581 0.587449
vn 0.423294 0.744810 0.515829
vn -0.065107 0.978780 -0.194297
vn -0.067082 0.972584 -0.222664
vn -0.087810 0.980175 -0.177612
vn 0.949234 0.225878 -0.218939
vn 0.943362 0.263894 -0.201069
vn 0.940975 0.237412 -0.241251
vn -0.249446 0.070996 -0.965783
vn -0.238662 0.029062 -0.970668
vn -0.302404 0.050261 -0.951854
vn 0.328897 0.331254 -0.884363
vn 0.364646 0.295221 -0.883107
vn 0.330067 0.294932 -0.896700
vn -0.588339 0.599212 -0.542957
vn -0.421342 0.904634 0.064100
vn -0.548375 0.766151 -0.335107
vn 0.734860 -0.268707 0.622718
vn -0.215651 -0.462734 -0.859867
vn 0.363001 -0.405417 0.838968
vn 0.604652 0.694783 -0.389451
vn 0.567747 0.744754 -0.350720
vn 0.656796 0.670619 -0.344803
vn 0.411864 0.811232 -0.415056
vn 0.287108 0.867804 -0.405566
vn 0.327029 0.833916 -0.444562
vn 0.021711 -0.690478 -0.723027
vn 0.014518 -0.584973 -0.810923
vn 0.019442 -0.609541 -0.792516
vn 0.440412 0.885960 0.145297
vn 0.432857 0.898358 0.074749
vn 0.434504 0.894660 0.103871
vn 0.375601 -0.924472 -0.065381
vn 0.215080 -0.973160 0.081859
vn 0.539725 -0.778813 -0.319604
vn -0.746031 -0.601510 0.285698
vn -0.447090 -0.843271 0.298337
vn -0.584228 -0.671806 -0.455361
vn 0.300590 0.923319 -0.239014
vn 0.180449 0.916755 -0.356368
vn 0.203747 0.906969 -0.368639
vn -0.230762 -0.916276 0.327396
vn 0.109016 0.974421 0.196518
vn 0.063725 0.980765 0.184498
vn 0.283638 0.956554 0.067488
vn 0.056690 0.986273 0.155087
vn 0.115413 0.979884 0.162810
vn 0.071121 0.984571 0.159882
vn 0.628561 -0.543461 0.556382
vn 0.726237 -0.330396 0.602842
vn 0.802534 -0.391566 0.450128
vn -0.045762 -0.943170 -0.329145
vn 0.054916 -0.943487 -0.326828
vn 0.037300 -0.937893 -0.344914
vn -0.882854 -0.467805 -0.041569
vn -0.501501 -0.802594 0.323016
vn -0.527327 -0.824618 0.204771
vn -0.698314 -0.320194 -0.640182
vn -0.581442 -0.729833 -0.359539
vn -0.651312 -0.579187 -0.490240
vn 0.679973 0.538404 0.497753
vn 0.463422 0.460899 0.756843
vn 0.590440 0.483627 0.646131
vn -0.787044 -0.060720 -0.613901
vn -0.695808 -0.522852 -0.492420
vn -0.510504 -0.774865 -0.372785
vn -0.787354 -0.054311 0.614104
vn -0.747566 -0.145957 0.647952
vn -0.811655 -0.192210 0.551608
vn 0.723163 0.592829 0.354386
vn 0.740022 0.339604 0.580549
vn 0.551222 0.544543 0.632161
vn -0.929673 -0.340828 0.139800
vn -0.783861 -0.592672 -0.185209
vn -0.903569 -0.414929 -0.106756
vn 0.101371 0.644625 0.757748
vn 0.576892 0.609926 0.543310
vn 0.670103 0.417892 0.613456
vn -0.184355 -0.115328 0.976070
vn -0.376114 0.102197 0.920920
vn -0.324466 0.032821 0.945328
vn -0.249008 0.888650 -0.385093
vn -0.211793 0.919579 -0.330935
vn -0.268067 0.911156 -0.312944
vn 0.020863 -0.856678 0.515429
vn 0.154037 -0.921794 0.355765
vn 0.025493 -0.901690 0.431631
vn 0.019807 0.855700 0.517093
vn -0.464266 0.292697 0.835934
vn 0.145298 0.674646 0.723700
vn 0.822853 -0.361233 0.438661
vn 0.979038 -0.126645 0.159519
vn 0.929105 -0.368429 -0.031992
vn 0.075899 -0.586163 -0.806631
vn 0.008340 -0.600676 -0.799449
vn -0.040689 -0.571992 -0.819250
vn 0.600738 -0.675201 -0.428039
vn 0.375200 -0.503162 -0.778494
vn -0.193015 -0.708290 -0.679022
vn 0.528490 0.412886 0.741770
vn 0.827413 0.371940 0.420770
vn 0.834253 -0.058605 0.548258
vn 0.556684 0.823747 0.107445
vn 0.940739 0.323268 -0.102509
vn 0.977413 0.205093 0.050995
vn -0.559695 -0.818823 -0.127558
vn -0.201370 -0.963027 -0.178967
vn -0.603308 -0.792795 -0.086572
vn 0.338311 0.835048 -0.433868
vn 0.068460 0.965250 -0.252201
vn 0.363898 0.619951 -0.695154
vn -0.148107 0.985318 0.084932
vn 0.122251 0.974018 0.190640
vn 0.003194 0.991988 0.126288
vn 0.382503 0.374610 0.844606
vn 0.496926 0.263165 0.826927
vn 0.215692 0.059508 0.974647
vn -0.528816 0.772051 0.352550
vn -0.514988 0.743964 0.425800
vn -0.496748 0.769557 0.401278
vn 0.478465 -0.876891 0.046177
vn 0.852681 -0.502763 -0.141997
vn 0.881120 -0.379097 -0.282688
vn -0.969737 0.099591 0.222916
vn -0.938831 -0.269214 0.214757
vn 0.544868 0.816725 -0.189942
vn -0.835914 -0.510710 0.201054
vn -0.803758 -0.594479 0.023845
vn -0.660056 -0.750361 0.035833
vn -0.086137 0.960219 0.265630
vn -0.085915 0.960260 0.265556
vn -0.086154 0.960193 0.265721
vn -0.034829 0.998970 -0.029088
vn 0.060149 0.997981 -0.020380
vn -0.126516 0.991568 -0.028032
vn 0.156482 -0.987594 -0.013100
vn 0.173329 -0.984450 -0.028539
vn 0.205315 -0.977672 0.044753
vn -0.727774 -0.471044 -0.498460
vn -0.798158 -0.409543 -0.441835
vn -0.792110 -0.363652 -0.490224
vn 0.574423 0.598316 0.558620
vn 0.724820 0.505067 0.468554
vn 0.585950 0.413147 0.697117
vn 0.116937 0.556572 0.822528
vn 0.387015 0.404515 0.828605
vn 0.088369 0.396346 0.913838
vn 0.707497 0.466882 0.530536
vn 0.643124 0.582618 0.496938
vn 0.675052 0.571627 0.466420
vn -0.668181 -0.721874 -0.180090
vn -0.681504 -0.648875 -0.338399
vn -0.785725 -0.529347 -0.320044
vn 0.823073 0.552578 0.131182
vn 0.813653 0.482052 0.324953
vn 0.840621 0.524324 0.135800
vn -0.764504 -0.578815 -0.283736
vn -0.739608 -0.582045 -0.337938
vn -0.799415 -0.462045 -0.383992
vn 0.620322 0.230490 -0.749717
vn 0.688363 0.044461 -0.724002
vn 0.831281 0.076752 -0.550527
vn -0.783396 -0.418371 -0.459626
vn -0.800649 -0.315820 -0.509136
vn -0.831037 -0.304842 -0.465240
vn -0.789895 -0.037405 0.612100
vn -0.817078 -0.051106 0.574257
vn -0.780487 -0.020938 0.624822
vn -0.802444 -0.433693 0.409871
vn -0.747678 -0.550840 0.370880
vn -0.773111 -0.525775 0.354769
vn 0.966693 0.085225 -0.241333
vn 0.975377 0.057395 -0.212946
vn 0.962153 0.098146 -0.254222
vn 0.136346 -0.550699 0.823493
vn 0.140646 -0.540408 0.829565
vn 0.178926 -0.466644 0.866158
vn -0.763457 0.377690 -0.523911
vn -0.798651 0.325671 -0.506059
vn -0.794611 0.343687 -0.500472
vn 0.129366 -0.160391 -0.978539
vn 0.183536 -0.142473 -0.972634
vn 0.170378 -0.102429 -0.980041
vn 0.345734 -0.937278 0.044468
vn 0.251041 -0.963607 0.091865
vn 0.355906 -0.930156 0.090231
vn -0.570945 0.815307 0.096416
vn -0.581297 0.786359 0.209124
vn -0.613106 0.774470 0.155873
vn 0.690080 0.723008 0.032382
vn 0.496246 0.772027 0.397132
vn 0.063341 0.971214 0.229632
vn 0.223996 -0.872493 -0.434260
vn 0.155645 -0.952844 -0.260504
vn 0.228932 -0.942790 -0.242359
vn -0.197099 0.892738 -0.405181
vn -0.370946 0.905890 -0.204357
vn -0.518850 0.520234 -0.678345
vn 0.873075 -0.100504 0.477115
vn 0.572329 0.524591 -0.630273
vn -0.619939 -0.767039 0.165308
vn 0.192092 0.981278 0.013955
vn 0.167621 0.985198 0.035896
vn 0.190269 0.980613 0.046857
vn 0.292047 -0.867309 -0.403092
vn 0.307207 -0.845138 -0.437454
vn 0.348462 -0.861861 -0.368470
vn -0.151973 0.166396 -0.974277
vn -0.136232 0.167747 -0.976372
vn -0.148121 0.167981 -0.974599
vn 0.264565 -0.948590 0.173729
vn 0.226613 -0.965070 0.131475
vn 0.215418 -0.963357 0.159808
vn 0.244374 -0.966205 0.082031
vn 0.095412 -0.994421 -0.044981
vn 0.247532 -0.967776 -0.046237
vn 0.748855 0.582800 0.315531
vn 0.756502 0.649621 0.075482
vn 0.793041 0.599052 -0.110557
vn -0.854917 -0.511264 -0.087900
vn -0.836182 -0.547951 -0.023428
vn -0.855307 -0.468533 -0.221192
vn 0.667723 0.662567 0.339338
vn 0.658986 0.751330 -0.035227
vn 0.682726 0.726572 -0.077317
vn -0.814795 -0.574921 -0.074669
vn -0.815344 -0.566790 -0.118166
vn -0.791164 -0.585645 -0.176294
vn -0.824342 -0.365963 -0.431893
vn -0.718206 -0.507087 -0.476490
vn -0.741448 -0.483834 -0.464930
vn 0.326754 0.446418 0.833032
vn 0.337810 0.444988 0.829379
vn 0.348712 0.361739 0.864607
vn -0.747586 0.298138 -0.593488
vn -0.759430 0.288795 -0.582979
vn -0.778768 0.256436 -0.572504
vn 0.110956 -0.988937 -0.098452
vn 0.085250 -0.983536 -0.159339
vn 0.008702 -0.991140 -0.132534
vn -0.611395 -0.256101 0.748737
vn -0.651217 -0.318361 0.688885
vn -0.634694 -0.341034 0.693441
vn 0.190398 0.337798 -0.921760
vn 0.185383 0.349220 -0.918520
vn 0.174879 0.349253 -0.920565
vn 0.069821 0.316883 -0.945891
vn -0.307108 0.305854 -0.901187
vn -0.207134 0.116566 -0.971343
vn 0.569783 -0.244454 -0.784595
vn 0.426678 -0.378874 -0.821219
vn 0.514368 -0.408772 -0.753878
vn 0.182575 0.909951 -0.372364
vn 0.343640 0.646140 -0.681480
vn 0.389187 0.705449 -0.592348
vn 0.852284 -0.484821 -0.196369
vn 0.836413 -0.504678 -0.213806
vn 0.843151 -0.505603 -0.182925
vn -0.830153 -0.514323 -0.215218
vn -0.897763 -0.395322 -0.194276
vn -0.840524 -0.512670 -0.175184
vn 0.652908 0.486205 -0.580789
vn 0.690737 0.450721 -0.565449
vn 0.644532 0.504164 -0.574801
vn 0.711490 0.553148 0.433369
vn 0.691845 0.605727 0.392996
vn 0.728177 0.561472 0.393074
vn -0.756503 -0.649308 0.078117
vn -0.735978 -0.675066 0.051194
vn -0.675583 -0.732795 0.081229
vn 0.363254 -0.014448 -0.931578
vn 0.324432 -0.071125 -0.943231
vn 0.358750 -0.009834 -0.933382
vn 0.335886 0.294417 -0.894706
vn 0.318963 0.291590 -0.901797
vn 0.294605 0.260475 -0.919435
vn 0.765666 -0.576713 -0.284883
vn 0.640295 -0.579354 -0.504352
vn 0.667768 -0.666210 -0.332039
vn 0.733321 0.559148 0.386774
vn 0.697993 0.620489 0.357491
vn 0.686246 0.643834 0.338444
vn 0.724151 0.660870 -0.197121
vn 0.724634 0.648895 -0.232036
vn 0.779844 0.591099 -0.206021
vn -0.957794 -0.215140 0.190643
vn -0.956664 -0.208650 0.203125
vn -0.944950 -0.235501 0.227178
vn 0.645588 0.447360 0.618939
vn 0.594075 0.506124 0.625231
vn 0.614407 0.489876 0.618486
vn -0.827866 -0.560298 -0.026515
vn -0.847101 -0.524192 -0.087420
vn -0.889404 -0.449482 -0.083230
vn 0.206217 -0.041340 -0.977633
vn 0.153782 -0.098669 -0.983166
vn 0.140837 -0.097331 -0.985237
vn 0.556753 0.097905 -0.824888
vn 0.540793 0.071259 -0.838132
vn 0.542843 0.091251 -0.834862
vn 0.212482 -0.938204 -0.273175
vn 0.215477 -0.939340 -0.266854
vn 0.293694 -0.923744 -0.245846
vn -0.044098 0.216148 -0.975364
vn -0.056524 0.130593 -0.989823
vn -0.080686 0.148165 -0.985666
vn -0.243325 0.760987 0.601408
vn -0.269615 0.795384 0.542838
vn -0.256875 0.800166 0.541987
vn 0.703131 -0.701961 0.113392
vn 0.712023 -0.685765 0.150828
vn 0.771562 -0.621684 0.134913
vn -0.841215 -0.538705 -0.046410
vn -0.843343 -0.504771 -0.184336
vn -0.809077 -0.571685 -0.136277
vn 0.860622 0.035225 0.508024
vn 0.887708 -0.002647 0.460399
vn 0.883665 0.041365 0.466289
vn -0.230106 -0.038284 0.972412
vn -0.192914 -0.070104 0.978708
vn -0.137096 -0.055982 0.988975
vn 0.992082 0.101795 -0.073565
vn 0.997382 0.049669 -0.052552
vn 0.995043 0.052487 -0.084469
vn -0.449681 -0.094499 -0.888176
vn -0.490114 -0.119376 -0.863445
vn -0.441783 -0.111823 -0.890126
vn 0.165759 0.011592 -0.986098
vn 0.126489 0.035716 -0.991325
vn 0.123414 -0.032271 -0.991830
vn 0.135696 -0.120315 -0.983418
vn 0.166769 -0.160821 -0.972792
vn 0.154748 -0.160173 -0.974883
vn 0.441379 0.523744 -0.728613
vn 0.431510 0.527688 -0.731672
vn 0.454252 0.510109 -0.730373
vn -0.240749 0.916596 -0.319206
vn -0.262081 0.915519 -0.305184
vn -0.277894 0.910612 -0.305876
vn -0.133179 0.102137 -0.985815
vn -0.150393 0.100489 -0.983506
vn -0.120960 0.049497 -0.991423
vn 0.257376 -0.959301 -0.116189
vn 0.240209 -0.966922 -0.085804
vn 0.206818 -0.974157 -0.090799
vn 0.246369 -0.969150 -0.007175
vn 0.360297 -0.931680 -0.046467
vn 0.243660 -0.965983 -0.086637
vn 0.134626 0.290792 -0.947268
vn 0.093739 0.316113 -0.944079
vn 0.110681 0.267054 -0.957305
vn 0.810889 0.362685 -0.459259
vn 0.806991 0.343401 -0.480459
vn 0.831512 0.323230 -0.451786
vn -0.012039 -0.005443 -0.999913
vn -0.035485 0.011131 -0.999308
vn -0.051341 0.008781 -0.998643
vn 0.689559 0.721370 -0.064289
vn 0.707481 0.693913 -0.133997
vn 0.701423 0.707815 -0.083695
vn 0.029255 -0.999249 0.025396
vn 0.005290 -0.999966 0.006307
vn -0.022152 -0.999686 0.011720
vn 0.858399 0.402782 -0.317677
vn 0.816761 0.501614 -0.285103
vn 0.804769 0.471084 -0.361146
vn -0.796530 -0.504523 0.333160
vn -0.742711 -0.602440 0.292310
vn -0.811911 -0.506841 0.289678
vn 0.256726 0.242080 -0.935676
vn 0.175121 0.239743 -0.954911
vn 0.140088 0.221368 -0.965076
vn 0.204310 0.978066 0.040542
vn 0.172792 0.982437 0.070433
vn 0.170956 0.984906 0.027085
vn -0.037452 0.003237 -0.999293
vn -0.046480 0.013265 -0.998831
vn -0.044902 -0.044839 -0.997985
vn -0.576031 -0.707055 -0.410196
vn -0.559084 -0.725339 -0.401632
vn -0.586236 -0.708611 -0.392679
vn -0.616681 0.555687 0.557599
vn -0.674071 0.529184 0.515356
vn -0.649576 0.535176 0.540035
vn -0.932349 -0.311028 0.184355
vn -0.925766 -0.351720 0.138746
vn -0.941954 -0.243602 0.231043
vn 0.235738 0.239366 -0.941876
vn 0.218760 0.229710 -0.948355
vn 0.254684 0.231903 -0.938806
vn -0.114926 -0.090025 -0.989286
vn -0.077096 -0.138743 -0.987323
vn -0.065721 -0.080077 -0.994620
vn -0.038273 -0.854455 0.518113
vn -0.002832 -0.840895 0.541191
vn -0.029359 -0.852463 0.521963
vn -0.588083 -0.345693 -0.731201
vn -0.591726 -0.337707 -0.731993
vn -0.593561 -0.333405 -0.732480
vn 0.509779 -0.328453 0.795138
vn 0.526429 -0.299523 0.795712
vn 0.505617 -0.324042 0.799593
vn -0.008544 0.469757 0.882754
vn -0.065792 0.453333 0.888910
vn -0.033435 0.557327 0.829620
vn 0.220824 0.829316 -0.513294
vn 0.094718 0.873028 -0.478384
vn 0.152834 0.844084 -0.513969
vn 0.232947 -0.395756 -0.888320
vn 0.071744 -0.362846 -0.929083
vn 0.185611 -0.378884 -0.906640
vn -0.191506 0.045317 -0.980445
vn -0.168240 0.031847 -0.985232
vn -0.229751 0.048834 -0.972024
vn -0.364123 -0.922593 0.127427
vn -0.430626 -0.899996 0.067588
vn -0.440415 -0.893457 0.088140
vn 0.941774 0.031524 0.334764
vn 0.962158 0.072883 0.262566
vn 0.978161 0.044752 0.202972
vn -0.699650 -0.466063 0.541549
vn -0.698242 -0.455591 0.552173
vn -0.718107 -0.503493 0.480434
vn -0.335009 -0.562491 0.755892
vn -0.490941 -0.242816 0.836670
vn -0.528274 -0.157098 0.834414
vn -0.436672 0.437332 -0.786167
vn -0.426806 0.430000 -0.795573
vn -0.399549 0.411028 -0.819400
vn 0.180504 0.662481 -0.727005
vn 0.206751 0.701480 -0.682041
vn 0.193215 0.662428 -0.723780
vn -0.172424 0.624587 -0.761683
vn -0.169176 0.601972 -0.780391
vn -0.143884 0.632787 -0.760840
vn 0.542953 0.204047 -0.814596
vn 0.501827 0.210281 -0.839018
vn 0.506489 0.212075 -0.835759
vn 0.535636 0.295762 0.790961
vn 0.531937 0.347268 0.772301
vn 0.531391 0.370900 0.761615
vn -0.236578 0.191758 -0.952502
vn -0.251136 0.205788 -0.945824
vn -0.162169 0.194624 -0.967379
vn 0.227312 -0.972310 -0.054249
vn 0.253022 -0.964346 -0.077569
vn 0.208137 -0.976175 -0.061336
vn -0.466391 -0.879770 0.092110
vn -0.354472 -0.926931 0.123075
vn -0.402095 -0.915556 0.008712
vn 0.943473 -0.243996 -0.224333
vn 0.945373 -0.276225 -0.173116
vn 0.934357 -0.295166 -0.199634
vn -0.386737 0.820384 0.421193
vn -0.371680 0.827148 0.421521
vn -0.343099 0.836553 0.427157
vn 0.450564 0.799679 0.396869
vn 0.496990 0.790056 0.358905
vn 0.597384 0.733038 0.325250
vn 0.618896 0.415557 -0.666544
vn 0.674592 0.299484 -0.674711
vn 0.649464 0.347570 -0.676307
vn -0.617192 -0.624138 0.479088
vn -0.491526 -0.677935 0.546631
vn -0.621945 -0.510127 0.594100
vn -0.726340 -0.304707 -0.616104
vn -0.653509 -0.211407 -0.726796
vn -0.743615 -0.142440 -0.653259
vn 0.097226 -0.242713 0.965214
vn -0.032361 -0.435494 0.899610
vn -0.207152 0.646015 0.734679
vn -0.195219 0.224617 0.954692
vn -0.223682 0.267211 0.937318
vn -0.212924 0.214361 0.953264
vn -0.204377 0.774350 0.598842
vn -0.181105 0.771616 0.609762
vn -0.142399 0.803353 0.578227
vn 0.238341 -0.723533 -0.647838
vn 0.341216 -0.644242 -0.684488
vn 0.335402 -0.747220 -0.573732
vn -0.690690 -0.298320 -0.658750
vn -0.844947 0.464757 -0.264698
vn -0.981373 -0.003865 0.192072
vn 0.580356 0.807296 -0.107053
vn 0.512271 0.848959 0.129792
vn 0.709824 0.689308 0.144929
vn -0.998531 -0.041239 -0.035152
vn -0.934024 -0.106044 -0.341108
vn -0.977972 0.019152 -0.207854
vn -0.997797 -0.066251 0.003478
vn -0.958104 -0.189849 0.214460
vn -0.980325 0.117848 -0.158351
vn 0.889547 -0.389474 0.238781
vn 0.948372 -0.288631 0.131461
vn 0.969307 -0.230579 0.085304
vn -0.018987 0.181552 0.983198
vn -0.061831 0.181077 0.981523
vn -0.049582 -0.075159 0.995938
vn 0.175254 -0.788596 -0.589408
vn 0.728724 -0.151189 -0.667910
vn 0.769865 0.618034 -0.159190
vn 0.013195 -0.998299 -0.056787
vn -0.003363 -0.997934 -0.064153
vn 0.021953 -0.999360 -0.028255
vn 0.043961 -0.957679 -0.284462
vn 0.023153 -0.934752 -0.354546
vn 0.074240 -0.939676 -0.333912
vn -0.353641 0.712944 0.605515
vn -0.370100 0.713282 0.595193
vn -0.321976 0.726002 0.607661
vn 0.479102 -0.136231 -0.867123
vn 0.241438 0.108548 -0.964326
vn 0.410419 -0.002104 -0.911895
vn -0.294778 0.820512 -0.489761
vn -0.290581 0.822351 -0.489184
vn -0.292710 0.840162 -0.456563
vn 0.363316 -0.899114 0.244123
vn 0.536665 -0.828541 0.159721
vn 0.434956 -0.890419 0.134044
vn -0.532265 -0.783406 -0.320889
vn -0.248674 -0.924469 -0.288995
vn -0.288568 -0.893765 -0.343384
vn -0.017751 -0.956824 -0.290124
vn -0.009473 -0.947376 -0.319984
vn -0.036976 -0.940906 -0.336642
vn 0.058523 0.124137 -0.990538
vn 0.058326 0.124036 -0.990562
vn 0.058735 0.124128 -0.990526
vn -0.422410 0.214645 0.880623
vn -0.107393 0.150623 0.982741
vn -0.065499 -0.390969 0.918070
vn 0.155265 0.588737 0.793273
vn 0.026347 0.273120 0.961619
vn -0.571660 -0.164861 0.803757
vn -0.148742 -0.293426 -0.944339
vn -0.210159 0.661738 0.719678
vn -0.945237 0.243115 0.217766
vn 0.273582 -0.925126 0.263238
vn 0.571276 -0.817264 0.075646
vn 0.224740 0.161483 0.960945
vn 0.115424 0.285525 0.951395
vn 0.418154 0.136189 0.898109
vn -0.497202 -0.731375 0.466777
vn -0.175075 0.673140 0.718492
vn 0.528350 -0.755289 -0.387796
vn 0.655729 0.742959 -0.134280
vn -0.053520 0.632998 0.772301
vn 0.722292 0.439243 0.534190
vn 0.283277 -0.044600 0.958000
vn 0.259177 0.003274 0.965824
vn 0.218302 -0.030699 0.975398
vn -0.153827 0.287784 -0.945261
vn -0.114859 0.274060 -0.954829
vn -0.121075 0.278188 -0.952865
vn 0.596052 0.232576 0.768525
vn 0.202298 0.243153 0.948658
vn -0.009048 0.360036 0.932895
vn -0.772308 0.625399 0.111429
vn -0.416418 0.819766 0.393167
vn -0.450423 0.869360 0.203304
vn 0.975286 0.219238 -0.027436
vn 0.971680 0.236049 -0.010933
vn 0.975780 0.218109 0.016771
vn 0.271705 -0.960095 0.066286
vn 0.248735 -0.968474 0.013721
vn 0.228310 -0.972858 0.037716
vn 0.384144 0.918966 0.089074
vn 0.305338 0.947534 0.094589
vn 0.279492 0.957348 0.073274
vn -0.217716 0.546753 -0.808493
vn -0.236436 0.579526 -0.779902
vn -0.215479 0.526039 -0.822710
vn 0.058602 -0.957811 0.281360
vn 0.053887 -0.960808 0.271928
vn 0.044383 -0.971015 0.234863
vn -0.400410 -0.774381 -0.489904
vn -0.405158 -0.772141 -0.489536
vn -0.403666 -0.772976 -0.489451
vn -0.668735 -0.743402 0.012105
vn -0.789825 -0.613331 -0.001263
vn -0.785053 -0.608923 0.113598
vn -0.458524 -0.561175 0.689085
vn -0.312163 -0.533742 0.785922
vn -0.158095 -0.711628 0.684537
vn -0.310155 -0.555152 0.771758
vn -0.181629 -0.658799 0.730065
vn -0.482396 -0.447228 0.753181
vn 0.446629 0.342662 -0.826501
vn 0.445752 0.336959 -0.829315
vn 0.412186 0.350182 -0.841116
vn 0.723277 0.587623 -0.362724
vn 0.723752 0.591555 -0.355310
vn 0.717603 0.588117 -0.373047
vn 0.503563 0.605744 -0.616035
vn 0.517971 0.590341 -0.619035
vn 0.503855 0.614102 -0.607461
vn 0.232704 0.865783 -0.443022
vn 0.241721 0.916722 -0.318106
vn 0.273407 0.911616 -0.306929
vn 0.147355 0.924086 -0.352636
vn 0.131048 0.932278 -0.337171
vn 0.151745 0.908304 -0.389816
vn -0.083859 0.277660 0.957012
vn -0.105933 0.207419 0.972500
vn -0.140483 0.237231 0.961242
vn -0.664615 0.578858 0.472451
vn -0.671999 0.550153 0.495730
vn -0.656464 0.535874 0.530937
vn 0.964045 0.262673 -0.040258
vn 0.963846 0.266360 -0.007329
vn 0.961178 0.273084 -0.039522
vn -0.094970 0.596536 -0.796948
vn -0.134595 0.592886 -0.793959
vn -0.080887 0.583331 -0.808197
vn 0.780713 0.282317 -0.557481
vn 0.760301 0.419080 -0.496301
vn 0.774081 0.268740 -0.573216
vn -0.265843 -0.954719 -0.133563
vn -0.320763 -0.937238 -0.136736
vn -0.271185 -0.958897 -0.083517
vn -0.152148 0.113999 -0.981761
vn -0.116548 0.098184 -0.988320
vn -0.183342 0.136786 -0.973486
vn -0.213787 0.523669 -0.824661
vn -0.205011 0.515936 -0.831733
vn -0.223231 0.562268 -0.796255
vn -0.486558 -0.868239 -0.097071
vn -0.495018 -0.854263 -0.158718
vn -0.529407 -0.840506 -0.115233
vn -0.557498 -0.595381 -0.578548
vn -0.558626 -0.524934 -0.642169
vn -0.520454 -0.528630 -0.670581
vn -0.514919 -0.454333 -0.726939
vn -0.521032 -0.413120 -0.746899
vn -0.530098 -0.418201 -0.737634
vn -0.643465 -0.269836 -0.716339
vn -0.648722 -0.283128 -0.706398
vn -0.641172 -0.279345 -0.714748
vn 0.218349 -0.055478 -0.974293
vn 0.173468 -0.092236 -0.980511
vn 0.192122 -0.061992 -0.979411
vn -0.110901 0.046865 -0.992726
vn -0.089149 0.026599 -0.995663
vn -0.105342 0.090747 -0.990287
vn -0.080295 0.294064 -0.952407
vn -0.012706 0.248144 -0.968640
vn -0.036364 0.276424 -0.960348
vn -0.179527 -0.953087 -0.243710
vn -0.164086 -0.945255 -0.282080
vn -0.163536 -0.953138 -0.254527
vn 0.109007 0.941535 0.318795
vn 0.153596 0.928484 0.338122
vn 0.099797 0.957599 0.270267
vn 0.638184 0.768746 -0.041845
vn 0.620742 0.783534 -0.027439
vn 0.639097 0.759637 -0.120447
vn -0.701506 0.500960 0.506882
vn -0.694157 0.516238 0.501641
vn -0.671416 0.519257 0.528746
vn -0.036002 -0.997379 -0.062767
vn -0.093899 -0.986269 -0.135852
vn -0.061413 -0.994555 -0.084191
vn -0.309684 0.915724 -0.256019
vn -0.249110 0.923853 -0.290587
vn -0.239490 0.910191 -0.337930
vn -0.250208 0.968184 0.003942
vn -0.265006 0.964136 -0.014597
vn -0.257463 0.965822 -0.029998
vn 0.631750 -0.757576 -0.164231
vn 0.623392 -0.768170 -0.145936
vn 0.620470 -0.762884 -0.181725
vn -0.540284 -0.114130 -0.833707
vn -0.473688 -0.087822 -0.876303
vn -0.538969 -0.070730 -0.839351
vn -0.168754 0.024748 -0.985347
vn -0.202902 0.015052 -0.979083
vn -0.212568 0.035083 -0.976516
vn 0.190876 0.596258 -0.779770
vn 0.169189 0.595234 -0.785539
vn 0.212591 0.611765 -0.761937
vn -0.166042 0.206929 -0.964163
vn -0.156924 0.163108 -0.974048
vn -0.123233 0.194702 -0.973090
vn 0.024905 0.099145 -0.994761
vn 0.029674 0.093228 -0.995203
vn 0.017970 0.053360 -0.998414
vn 0.847048 -0.521936 -0.100464
vn 0.860019 -0.498584 -0.108542
vn 0.830674 -0.537973 -0.143411
vn -0.420006 -0.872131 -0.250962
vn -0.118697 -0.191739 0.974242
vn 0.226730 0.011074 0.973895
vn 0.398761 0.916885 0.017652
vn 0.322475 0.892066 -0.316588
vn -0.587323 -0.789027 0.180245
vn -0.216024 -0.885654 0.411037
vn -0.449475 -0.755238 0.477062
vn -0.214575 0.937028 -0.275565
vn 0.512280 0.844770 0.154702
vn 0.106049 0.993805 -0.033246
vn -0.246435 -0.967238 -0.061001
vn -0.478012 -0.864342 -0.156260
vn -0.360900 -0.932600 -0.002863
vn 0.023612 -0.201761 -0.979150
vn -0.018490 -0.161030 -0.986776
vn -0.061737 -0.174992 -0.982632
vn 0.971584 0.226062 -0.070145
vn 0.963704 0.253981 -0.082268
vn 0.970897 0.224456 -0.083539
vn 0.762177 0.537715 -0.360483
vn 0.752356 0.547669 -0.366086
vn 0.764299 0.522011 -0.378617
vn 0.327627 -0.884150 0.333076
vn 0.380512 -0.876261 0.295598
vn 0.327343 -0.891947 0.311893
vn 0.376213 0.926040 -0.030237
vn 0.407220 0.913329 0.001115
vn 0.338930 0.939492 -0.049811
vn 0.507139 0.860096 -0.055185
vn 0.207724 0.859673 -0.466705
vn 0.193765 0.844674 -0.498980
vn 0.461416 -0.191176 -0.866341
vn -0.170623 -0.093147 -0.980924
vn 0.158312 -0.195184 -0.967905
vn -0.533298 -0.745612 0.399570
vn -0.576149 -0.733531 0.360534
vn -0.771471 -0.568253 0.286218
vn -0.364810 -0.929186 -0.059397
vn -0.172423 -0.818680 0.547754
vn -0.179150 -0.983048 0.039013
vn 0.813512 0.511015 -0.277599
vn 0.846367 0.477720 -0.235471
vn 0.827885 0.496688 -0.260590
vn 0.669371 0.628302 0.396458
vn 0.584613 0.677622 0.446157
vn 0.635977 0.644379 0.424627
vn -0.453285 0.766983 -0.454169
vn -0.457507 0.770412 -0.444018
vn -0.429237 0.784115 -0.448240
vn 0.148747 0.129045 -0.980419
vn 0.554128 -0.221198 -0.802505
vn 0.502788 0.007890 -0.864374
vn -0.232221 0.381964 0.894526
vn -0.564789 0.289344 0.772848
vn -0.020959 0.538715 0.842228
vn 0.939889 0.267308 -0.212496
vn 0.955548 0.237444 -0.174781
vn 0.963442 0.206506 -0.170687
vn 0.404913 0.393376 -0.825410
vn 0.419459 0.415027 -0.807345
vn 0.432638 0.402907 -0.806530
vn 0.373395 0.919316 0.124235
vn 0.346310 0.931647 0.110014
vn 0.370032 0.921839 0.115279
vn 0.366013 0.925846 0.094041
vn 0.347746 0.933100 0.091630
vn 0.360526 0.929650 0.075973
vn -0.120068 0.927449 -0.354150
vn -0.143660 0.934391 -0.325999
vn -0.102553 0.941941 -0.319733
vn 0.798810 0.284247 -0.530194
vn 0.736905 0.381637 -0.557965
vn 0.801187 0.332434 -0.497581
vn -0.372796 0.891498 -0.257399
vn -0.350962 0.908073 -0.228535
vn -0.384193 0.887480 -0.254511
vn -0.148581 -0.825251 0.544871
vn -0.120218 -0.787533 0.604433
vn -0.082388 -0.830738 0.550533
vn -0.825439 -0.093821 -0.556639
vn -0.849974 -0.189960 -0.491386
vn -0.885725 -0.151170 -0.438907
vn 0.705311 0.708486 0.024168
vn 0.671024 0.741380 0.009085
vn 0.667416 0.742256 0.060098
vn -0.992317 -0.098251 -0.075194
vn -0.992899 -0.109354 -0.046838
vn -0.993610 -0.075336 -0.084050
vn 0.102469 0.265593 -0.958624
vn 0.087635 0.258343 -0.962070
vn 0.074059 0.307072 -0.948801
vn 0.946332 0.016618 -0.322769
vn 0.942933 0.047333 -0.329601
vn 0.945693 -0.027480 -0.323898
vn 0.077475 -0.859013 0.506058
vn 0.050903 -0.843707 0.534385
vn 0.053991 -0.860518 0.506551
vn 0.153970 -0.955193 0.252782
vn 0.156179 -0.954663 0.253429
vn 0.137762 -0.954730 0.263652
vn 0.962113 -0.270852 0.031272
vn 0.920754 -0.390106 0.005405
vn 0.973693 -0.181918 0.137215
vn 0.832349 -0.417712 -0.364296
vn 0.875963 -0.376963 -0.300979
vn 0.866598 -0.372632 -0.331894
vn 0.554966 0.811499 -0.182979
vn 0.481582 0.844772 -0.233322
vn 0.671814 0.665866 -0.324481
vn -0.351270 -0.556961 0.752598
vn -0.299442 -0.648983 0.699397
vn -0.451914 -0.637877 0.623608
vn -0.224194 0.892652 -0.391035
vn -0.169020 0.867957 -0.466993
vn -0.118467 0.851150 -0.511379
vn -0.528941 -0.745141 0.406186
vn -0.470958 -0.755567 0.455321
vn -0.494426 -0.798568 0.343266
vn 0.274101 -0.822190 0.498872
vn 0.309938 -0.901000 0.303542
vn 0.128087 -0.964497 0.230955
vn -0.578230 -0.323003 0.749212
vn -0.542397 -0.356717 0.760630
vn -0.474034 -0.172781 0.863388
vn 0.834323 -0.464071 -0.297563
vn 0.849652 -0.431395 -0.303298
vn 0.864999 -0.417851 -0.277810
vn -0.588070 -0.273688 0.761097
vn -0.658051 -0.155767 0.736686
vn -0.561839 -0.258683 0.785761
vn 0.528027 -0.059593 -0.847134
vn 0.526478 -0.060991 -0.847998
vn 0.546565 -0.095560 -0.831947
vn 0.488593 -0.190366 -0.851492
vn 0.489482 -0.188869 -0.851314
vn 0.486280 -0.191265 -0.852613
vn 0.662547 -0.360487 -0.656568
vn 0.538482 -0.429663 -0.724863
vn 0.595153 -0.461972 -0.657552
vn 0.456939 -0.033658 -0.888861
vn 0.409811 -0.126208 -0.903397
vn 0.461512 -0.075977 -0.883875
vn 0.445166 0.453342 -0.772210
vn 0.443536 0.387352 -0.808229
vn 0.606217 0.510407 -0.609907
vn 0.249848 0.626568 -0.738233
vn 0.256052 0.608123 -0.751414
vn 0.251958 0.615538 -0.746747
vn -0.334081 0.714149 -0.615128
vn -0.318045 0.725645 -0.610153
vn -0.318407 0.711497 -0.626410
vn 0.445450 -0.877777 0.176300
vn 0.444926 -0.850172 0.281512
vn 0.438286 -0.866073 0.240462
vn -0.442913 -0.491163 0.750058
vn -0.483927 -0.387744 0.784518
vn -0.472049 -0.310576 0.825053
vn 0.947617 -0.241014 -0.209606
vn 0.951683 -0.250547 -0.177554
vn 0.934731 -0.283570 -0.214165
vn 0.110263 -0.972063 0.207210
vn 0.123189 -0.968622 0.215859
vn 0.130010 -0.975409 0.177972
vn -0.433387 -0.080223 0.897630
vn -0.520988 -0.079931 0.849814
vn -0.522521 0.001376 0.852625
vn -0.592354 -0.251268 0.765494
vn -0.589666 -0.274878 0.759431
vn -0.616994 -0.279393 0.735702
vn 0.963603 0.264762 0.037013
vn 0.958638 0.282470 0.034976
vn 0.960810 0.274450 0.039002
vn -0.219842 -0.302201 0.927547
vn -0.176657 -0.357250 0.917150
vn -0.240193 -0.291530 0.925914
vn -0.153821 -0.124302 -0.980249
vn -0.180607 -0.147126 -0.972489
vn -0.136416 -0.119455 -0.983423
vn -0.650025 -0.228183 0.724844
vn -0.661065 -0.271937 0.699317
vn -0.682678 -0.244778 0.688501
vn -0.316452 0.635273 0.704476
vn -0.392140 0.613519 0.685435
vn -0.376993 0.613189 0.694172
vn -0.087409 0.908894 -0.407763
vn -0.067734 0.904438 -0.421192
vn -0.150430 0.880034 -0.450457
vn 0.265379 0.383951 -0.884396
vn 0.205225 0.450814 -0.868705
vn 0.342019 0.360708 -0.867706
vn 0.422673 -0.065123 0.903939
vn 0.475159 -0.132282 0.869900
vn 0.459254 -0.130627 0.878648
vn 0.171481 -0.827180 -0.535134
vn 0.130371 -0.843821 -0.520547
vn 0.122854 -0.819828 -0.559275
vn 0.356018 -0.360338 -0.862211
vn 0.200999 0.039479 -0.978796
vn 0.074122 -0.307038 -0.948806
vn 0.087818 -0.149468 -0.984859
vn 0.094044 -0.176587 -0.979782
vn 0.153715 0.222130 -0.962824
vn 0.931254 0.268141 -0.246712
vn 0.937070 0.240528 -0.253072
vn 0.934226 0.260122 -0.244046
vn 0.885227 0.221342 -0.409122
vn 0.936634 0.235332 -0.259490
vn 0.946648 0.227094 -0.228662
vn -0.132173 -0.889116 0.438182
vn -0.136739 -0.895291 0.423978
vn -0.161356 -0.875065 0.456317
vn 0.255104 -0.958797 -0.125025
vn 0.251454 -0.962185 -0.104742
vn 0.201638 -0.973933 -0.103902
vn -0.147317 0.298272 -0.943044
vn -0.208856 0.280654 -0.936810
vn -0.155418 0.233211 -0.959926
vn 0.085633 -0.972890 0.214832
vn 0.064060 -0.965722 0.251551
vn 0.087205 -0.976708 0.196052
vn -0.677693 -0.255171 0.689652
vn -0.674833 -0.234094 0.699857
vn -0.649173 -0.204786 0.732555
vn -0.288163 -0.674295 -0.679918
vn -0.241385 -0.650015 -0.720565
vn -0.247621 -0.642209 -0.725432
vn -0.357254 -0.192666 0.913920
vn -0.446135 -0.118876 0.887036
vn -0.233848 -0.127772 0.963841
vn -0.356638 -0.213270 0.909574
vn -0.292179 -0.364957 0.883990
vn -0.352912 -0.369987 0.859397
vn -0.135951 -0.213576 0.967421
vn -0.326349 -0.381940 0.864649
vn -0.297119 -0.384737 0.873898
vn -0.988953 -0.147283 0.016749
vn -0.830462 0.317765 -0.457556
vn -0.930908 0.268229 -0.247918
vn 0.681128 0.732058 0.012480
vn 0.456578 0.840465 -0.291815
vn 0.724123 0.504882 -0.469829
vn 0.403649 0.514674 0.756424
vn 0.793022 0.137510 0.593470
vn 0.388216 0.705978 0.592354
vn 0.838827 0.351425 0.415775
vn 0.724691 0.111992 0.679913
vn 0.251560 -0.538929 -0.803911
vn 0.702336 0.212097 -0.679514
vn 0.014322 -0.119123 -0.992776
vn -0.816058 -0.475405 0.328693
vn -0.835056 -0.521444 0.175436
vn 0.153676 -0.260181 -0.953252
vn -0.002806 -0.276593 -0.960983
vn 0.195368 -0.285020 -0.938400
vn 0.083203 0.995916 0.035062
vn 0.181383 0.842440 0.507340
vn -0.137767 0.884594 0.445549
vn 0.074323 -0.238933 -0.968188
vn 0.261802 -0.077318 -0.962020
vn 0.512230 0.622751 -0.591440
vn -0.956149 0.274386 0.102429
vn -0.948689 0.156284 -0.274891
vn -0.879845 0.339766 -0.332312
vn 0.082270 0.994766 0.060595
vn 0.405269 0.871536 0.276011
vn -0.123556 0.730980 0.671120
vn 0.490552 0.692729 -0.528664
vn 0.626388 0.237352 -0.742498
vn 0.061914 -0.982975 -0.172995
vn 0.056637 -0.980328 -0.189075
vn -0.018328 -0.581292 -0.813489
vn -0.547133 -0.412414 0.728395
vn -0.540453 -0.454415 0.708109
vn -0.566091 -0.434649 0.700443
vn -0.441605 -0.636702 0.632135
vn -0.152409 -0.607368 0.779663
vn -0.456130 -0.663670 0.592864
vn -0.358800 -0.385540 0.850071
vn -0.330354 -0.400934 0.854470
vn -0.481914 -0.282952 0.829275
vn -0.572323 -0.345348 0.743762
vn -0.590761 -0.330878 0.735881
vn -0.575679 -0.331210 0.747592
vn 0.133635 -0.043106 -0.990093
vn 0.154738 -0.148978 -0.976659
vn 0.038152 0.601428 -0.798016
vn 0.461747 0.779085 0.424047
vn 0.569203 0.780008 -0.259991
vn 0.538908 0.812080 0.223840
vn -0.245985 -0.170633 0.954136
vn -0.282675 0.121694 0.951465
vn -0.186480 0.136284 0.972960
vn -0.770423 -0.574467 -0.276470
vn 0.667173 0.608606 -0.429510
vn 0.626776 0.310560 -0.714636
vn -0.403775 -0.484689 0.775914
vn -0.411791 -0.468744 0.781477
vn -0.278609 -0.560145 0.780137
vn -0.169035 -0.403764 0.899112
vn -0.301558 -0.385338 0.872111
vn -0.197638 -0.400370 0.894787
vn 0.036102 0.276497 -0.960336
vn 0.191068 0.225802 -0.955252
vn 0.303993 0.065248 -0.950437
vn -0.242442 -0.497630 0.832818
vn -0.117345 -0.072244 0.990460
vn 0.087803 -0.173584 0.980897
vn 0.882995 -0.363185 0.297350
vn 0.735855 0.606593 0.300935
vn 0.676744 0.235746 0.697454
vn 0.476022 0.550188 -0.686072
vn 0.246964 -0.017270 -0.968871
vn 0.031550 -0.226788 -0.973433
vn -0.013207 0.529682 0.848093
vn -0.015206 0.529907 0.847919
vn 0.137096 0.295565 0.945434
vn -0.646247 -0.563744 0.514352
vn -0.607633 -0.596143 0.524782
vn -0.613756 -0.640545 0.461525
vn -0.641009 -0.349659 -0.683261
vn 0.079375 0.238555 -0.967880
vn -0.721958 0.397248 -0.566542
vn -0.384279 -0.308768 0.870053
vn -0.355809 -0.308756 0.882083
vn -0.375847 -0.325891 0.867487
vn -0.269577 -0.170860 0.947700
vn -0.287929 -0.186088 0.939398
vn -0.288709 -0.155693 0.944673
vn -0.385085 -0.657661 0.647450
vn -0.391603 -0.667199 0.633634
vn -0.392180 -0.647044 0.653857
vn -0.347667 -0.483184 0.803530
vn -0.324693 -0.518513 0.791024
vn -0.530897 -0.358865 0.767700
vn -0.455655 0.082254 0.886348
vn -0.486310 0.151264 0.860594
vn -0.618748 0.473452 0.626892
vn -0.138148 -0.250867 0.958113
vn 0.201657 -0.000149 0.979456
vn -0.131948 -0.216701 0.967280
vn -0.113517 0.942976 0.312905
vn -0.051667 0.945682 0.320960
vn -0.027056 0.873270 0.486484
vn -0.674864 -0.669585 -0.310184
vn -0.810341 -0.343411 -0.474780
vn -0.687260 -0.581980 -0.434710
vn 0.145081 -0.062045 -0.987473
vn 0.232032 -0.226139 -0.946056
vn 0.329288 -0.070936 -0.941561
vn -0.508726 -0.156773 0.846534
vn -0.476087 -0.438128 0.762486
vn -0.487236 -0.295409 0.821787
vn 0.017280 0.637496 -0.770260
vn -0.024466 0.424966 -0.904879
vn -0.118019 0.724862 -0.678710
vn 0.511839 0.513232 -0.688923
vn 0.191869 0.698734 -0.689171
vn 0.610854 0.676681 -0.411047
vn 0.203457 0.037270 -0.978374
vn -0.039849 -0.058058 -0.997518
vn 0.246902 -0.059171 -0.967232
vn 0.488557 0.613565 0.620363
vn 0.107919 0.515673 0.849962
vn -0.192373 0.477342 0.857402
vn -0.070701 -0.374500 -0.924528
vn 0.524681 -0.469823 -0.709913
vn 0.131096 0.008703 -0.991331
vn -0.394032 -0.202640 0.896479
vn -0.263352 -0.145873 0.953607
vn -0.357090 -0.319660 0.877670
vn -0.414503 0.910030 0.005785
vn 0.037783 0.998812 -0.030774
vn 0.060791 0.997333 0.040380
vn -0.396116 0.896448 -0.198678
vn -0.280365 0.706563 -0.649742
vn -0.296435 0.947839 -0.117165
vn 0.097149 -0.753993 -0.649659
vn 0.219107 -0.350005 -0.910763
vn 0.368395 -0.284369 -0.885110
vn -0.706234 0.037101 0.707006
vn -0.282286 -0.730624 0.621694
vn -0.211054 -0.607898 0.765451
vn 0.337026 0.923083 0.185284
vn 0.289639 0.661285 0.691962
vn -0.252975 0.714875 0.651888
vn 0.829042 0.214652 -0.516346
vn 0.785864 0.240309 -0.569798
vn 0.769241 0.071176 -0.634982
vn 0.443133 0.346143 -0.826933
vn 0.617998 0.269101 -0.738690
vn 0.557026 0.559429 -0.613809
vn 0.675848 0.027134 0.736542
vn 0.477239 0.401639 0.781619
vn 0.593079 0.455199 0.664117
vn -0.455324 -0.673058 0.582814
vn -0.459424 -0.685511 0.564804
vn -0.458254 -0.693943 0.555379
vn -0.890485 -0.272916 0.364079
vn -0.943794 -0.191607 0.269331
vn -0.931482 -0.204553 0.300832
vn -0.032502 0.647645 -0.761248
vn -0.084049 0.667980 -0.739418
vn -0.067260 0.635473 -0.769188
vn -0.177945 -0.030624 -0.983564
vn -0.176439 -0.278657 -0.944044
vn -0.184552 -0.094010 -0.978316
vn 0.203945 0.952625 0.225637
vn 0.152340 0.959133 0.238446
vn 0.124499 0.957740 0.259297
vn 0.123941 -0.835465 -0.535384
vn 0.156650 -0.834589 -0.528130
vn 0.084579 -0.832193 -0.547998
vn 0.032411 -0.122186 -0.991978
vn -0.012485 0.214046 -0.976744
vn -0.198811 0.364324 -0.909804
vn 0.390148 -0.613416 -0.686663
vn 0.491154 -0.713408 -0.499817
vn -0.100904 -0.435580 -0.894477
vn 0.308481 0.922603 0.231612
vn 0.657093 0.744709 0.116776
vn 0.601534 0.668147 -0.437877
vn -0.654868 -0.287611 -0.698876
vn -0.872758 -0.443005 0.205037
vn -0.757058 -0.271816 -0.594121
vn -0.057114 0.934302 -0.351877
vn -0.068816 0.884141 -0.462125
vn -0.231490 0.972837 0.000318
vn 0.668221 0.465988 -0.579945
vn 0.303102 0.260844 -0.916564
vn 0.322254 0.504945 -0.800739
vn 0.363463 0.544991 -0.755566
vn 0.412194 0.632227 -0.656038
vn 0.227052 0.526160 -0.819514
vn 0.641508 0.466260 -0.609155
vn 0.528462 0.358080 -0.769745
vn 0.656977 0.284647 -0.698110
vn -0.630664 -0.514075 0.581369
vn -0.652951 -0.503240 0.566043
vn -0.626556 -0.515531 0.584513
vn -0.349745 -0.561936 0.749604
vn -0.336081 -0.481700 0.809330
vn -0.278629 -0.455986 0.845247
vn 0.446998 0.653106 -0.611266
vn 0.320142 0.751075 -0.577405
vn 0.368415 0.521515 -0.769605
vn -0.308176 -0.271528 0.911757
vn -0.460069 -0.101028 0.882116
vn -0.216678 -0.031730 0.975727
vn 0.129896 -0.707837 0.694330
vn 0.455251 -0.824830 0.335264
vn 0.116882 -0.909294 0.399402
vn 0.727016 0.681353 -0.084889
vn 0.751977 0.652721 0.092113
vn 0.759353 0.650400 -0.019057
vn 0.425283 -0.085056 -0.901055
vn 0.326117 0.491723 -0.807376
vn 0.175173 -0.034339 -0.983939
vn -0.190894 -0.101887 -0.976309
vn -0.108995 -0.143541 -0.983624
vn 0.212224 -0.082661 -0.973719
vn -0.538856 -0.823924 0.175450
vn -0.867736 -0.263594 0.421370
vn -0.462034 -0.826417 0.321806
vn -0.143260 -0.827236 0.543284
vn -0.638104 -0.468095 0.611319
vn 0.147094 -0.672207 0.725604
vn 0.316012 0.948620 -0.016016
vn 0.489678 0.865984 -0.101426
vn 0.322034 0.892298 -0.316385
vn 0.385345 -0.668259 0.636348
vn -0.402382 0.187787 0.896005
vn 0.160183 -0.051019 0.985768
vn -0.252004 -0.299696 0.920150
vn -0.370470 -0.251016 0.894283
vn -0.335884 -0.274515 0.901012
vn 0.165858 0.402971 -0.900059
vn 0.104941 0.388757 -0.915344
vn 0.102969 0.396950 -0.912046
vn -0.437396 0.556598 -0.706317
vn -0.609700 0.601124 -0.516639
vn -0.545700 0.614190 -0.570071
vn -0.089396 0.233687 -0.968194
vn -0.095657 0.290392 -0.952115
vn -0.102762 0.259323 -0.960308
vn 0.105697 0.542706 -0.833246
vn 0.128909 0.547358 -0.826911
vn 0.120995 0.560980 -0.818939
vn -0.173692 0.518826 -0.837048
vn -0.221814 0.442564 -0.868870
vn -0.149455 0.624405 -0.766669
vn -0.063155 0.634850 0.770050
vn 0.065583 0.558930 0.826617
vn 0.470528 0.311361 0.825625
vn -0.275274 -0.915464 -0.293514
vn -0.407616 -0.532299 -0.741961
vn -0.584220 -0.669178 -0.459225
vn -0.402883 0.187093 0.895925
vn -0.315644 0.095296 0.944080
vn -0.380910 -0.168192 0.909186
vn 0.421123 0.308400 0.852962
vn 0.386784 0.219492 0.895668
vn 0.381285 0.624186 0.681919
vn -0.696945 -0.676930 -0.236714
vn -0.716210 -0.668081 -0.201768
vn -0.685765 -0.699388 -0.201452
vn -0.027986 0.636150 -0.771058
vn -0.051270 0.629736 -0.775116
vn -0.019657 0.653007 -0.757097
vn -0.541036 -0.118230 -0.832647
vn -0.506327 -0.071928 -0.859337
vn -0.522010 -0.096783 -0.847431
vn -0.522570 0.851592 0.041364
vn -0.529615 0.845409 0.069218
vn -0.497874 0.865242 0.058970
vn -0.431302 0.827682 -0.359055
vn -0.569299 0.771685 -0.283551
vn -0.462901 0.790608 -0.400826
vn -0.377999 -0.838826 0.391775
vn -0.421383 -0.815321 0.397100
vn -0.433398 -0.813883 0.386989
vn 0.401801 0.537246 -0.741568
vn 0.378963 0.538415 -0.752659
vn 0.433985 0.544065 -0.718088
vn 0.496735 0.522650 -0.692886
vn 0.563282 0.453154 -0.690916
vn 0.554760 0.447102 -0.701670
vn -0.342461 0.260076 -0.902818
vn -0.314424 0.240187 -0.918394
vn -0.296182 0.271234 -0.915810
vn -0.880826 -0.029472 0.472522
vn -0.856851 -0.022062 0.515091
vn -0.863484 -0.027737 0.503613
vn 0.263399 -0.956981 -0.121688
vn 0.224977 -0.965229 -0.133110
vn 0.230150 -0.966975 -0.109498
vn 0.134658 0.969708 0.203799
vn 0.329716 0.925936 0.184200
vn 0.240368 0.949289 0.202664
vn -0.273761 0.961767 0.007702
vn -0.245639 0.969335 0.007120
vn -0.241746 0.970339 0.000057
vn -0.057707 0.113900 -0.991815
vn -0.102082 0.106837 -0.989022
vn -0.111938 0.103866 -0.988272
vn 0.833881 0.461768 0.302345
vn 0.794533 0.504066 0.338578
vn 0.819132 0.483832 0.308106
vn -0.138748 0.932277 -0.334078
vn -0.136868 0.952795 -0.271013
vn -0.210769 0.947952 -0.238670
vn 0.906476 -0.413428 -0.085897
vn 0.897272 -0.429298 -0.102985
vn 0.906068 -0.414431 -0.085370
vn 0.776958 -0.446508 0.443809
vn 0.775692 -0.480685 0.408955
vn 0.741044 -0.517602 0.427716
vn -0.946094 0.221068 -0.236717
vn -0.947583 0.196270 -0.252119
vn -0.943248 0.210255 -0.257054
vn 0.853483 0.498636 -0.151423
vn 0.863153 0.491104 -0.117400
vn 0.869503 0.448914 -0.206010
vn -0.356010 0.376990 -0.855065
vn -0.283793 0.382765 -0.879177
vn -0.309906 0.406642 -0.859419
vn 0.415165 -0.576929 0.703414
vn 0.407654 -0.583555 0.702341
vn 0.394972 -0.588612 0.705360
vn 0.128204 0.282188 0.950754
vn 0.106413 0.304870 0.946430
vn 0.145502 0.340433 0.928943
vn -0.837036 -0.532398 -0.126187
vn -0.838517 -0.529721 -0.127611
vn -0.834389 -0.538153 -0.119108
vn -0.869421 -0.451449 0.200750
vn -0.825167 -0.404615 0.394189
vn -0.764889 -0.485825 0.422989
vn 0.066708 0.428699 -0.900981
vn 0.326434 0.596321 -0.733377
vn -0.101961 0.458605 -0.882771
vn -0.855344 -0.510375 -0.088904
vn -0.994226 -0.056334 -0.091325
vn -0.943573 -0.323912 -0.068932
vn -0.636064 -0.738176 0.224763
vn -0.526978 -0.843045 0.107564
vn -0.623065 -0.771075 0.131277
vn 0.439733 0.240797 -0.865247
vn 0.455867 0.250138 -0.854176
vn 0.442883 0.262284 -0.857357
vn -0.311319 0.944106 -0.108369
vn -0.419490 0.907742 0.005684
vn -0.395538 0.917513 -0.041476
vn -0.304892 0.952386 0.001034
vn -0.288242 0.957557 0.001166
vn -0.284132 0.958781 -0.002993
vn 0.125545 -0.774778 -0.619643
vn 0.149303 -0.835611 -0.528642
vn 0.155443 -0.806326 -0.570681
vn 0.140858 0.938014 -0.316683
vn 0.104667 0.941681 -0.319817
vn 0.139888 0.929599 -0.340995
vn 0.803116 0.102457 -0.586947
vn 0.835324 0.060141 -0.546458
vn 0.832547 0.072650 -0.549170
vn 0.828521 -0.315144 0.462858
vn 0.475081 -0.519328 0.710349
vn 0.793540 -0.244889 0.557067
vn 0.009479 0.983390 0.181255
vn -0.000140 0.981525 0.191334
vn 0.140821 0.940925 0.307945
vn 0.870009 0.345580 -0.351652
vn 0.983108 0.183005 -0.002859
vn 0.782538 0.405502 0.472442
vn 0.788947 0.188494 -0.584836
vn 0.885891 -0.029346 -0.462964
vn 0.907469 0.398372 -0.133417
vn 0.836744 0.538745 0.098053
vn 0.663167 0.487743 0.567730
vn 0.759933 0.638870 0.119774
vn -0.658066 -0.337441 0.673114
vn -0.464330 -0.853741 0.235633
vn -0.906877 -0.392501 0.153354
vn 0.027392 -0.997345 0.067476
vn 0.002519 -0.999993 0.002882
vn 0.018303 -0.997414 0.069496
vn -0.821651 -0.406740 0.399314
vn -0.716073 -0.373555 0.589658
vn -0.767151 -0.455237 0.451927
vn 0.199882 0.220078 0.954784
vn -0.138505 0.334542 0.932147
vn 0.807935 0.589246 0.005491
vn -0.413815 -0.696591 0.586104
vn 0.427656 -0.873943 0.230943
vn 0.049083 -0.995447 0.081705
vn -0.038392 0.106510 0.993570
vn -0.139101 0.090528 0.986132
vn -0.134878 0.335336 0.932394
vn -0.457021 -0.111746 0.882409
vn -0.555591 0.042087 0.830390
vn -0.715485 -0.037865 0.697602
vn 0.355098 0.272760 -0.894152
vn 0.223320 -0.079194 -0.971523
vn 0.237594 0.081964 -0.967900
vn 0.534786 0.307154 0.787185
vn 0.181992 0.327828 0.927043
vn 0.326711 0.301194 0.895847
vn 0.322861 -0.749535 -0.577891
vn 0.315936 -0.815647 -0.484670
vn 0.315010 -0.814854 -0.486602
vn 0.612278 0.491858 -0.619025
vn 0.583373 0.468865 -0.663206
vn 0.561600 0.475150 -0.677376
vn 0.295878 0.266967 0.917161
vn 0.604897 0.162543 0.779537
vn 0.548354 0.181808 0.816243
vn -0.941767 -0.306271 0.138829
vn -0.883671 -0.409497 0.226799
vn -0.885104 -0.382804 0.264672
vn 0.520562 0.664991 0.535539
vn 0.649932 0.495166 0.576541
vn 0.543681 0.642526 0.539974
vn 0.825390 -0.088228 -0.557626
vn 0.784962 -0.060179 -0.616614
vn 0.778383 -0.076156 -0.623154
vn -0.340446 0.414788 0.843829
vn -0.415780 0.279048 0.865598
vn -0.426952 0.358484 0.830181
vn 0.092863 0.848743 0.520588
vn -0.073011 0.874707 0.479121
vn 0.021566 0.900986 0.433313
vn -0.178881 -0.091247 0.979630
vn -0.174618 -0.071064 0.982068
vn -0.291271 0.088011 0.952583
vn 0.016316 0.287249 -0.957717
vn -0.089446 0.453759 -0.886624
vn -0.178543 0.206967 -0.961919
vn -0.496788 -0.090107 0.863182
vn -0.588965 -0.151801 0.793773
vn -0.672654 0.066885 0.736928
vn 0.842085 0.224989 0.490176
vn 0.643927 0.374956 0.666908
vn 0.776252 0.428322 0.462572
vn -0.596907 -0.582537 -0.551682
vn -0.094003 -0.365027 -0.926239
vn -0.472838 -0.283253 -0.834381
vn -0.575469 -0.489612 0.655069
vn -0.573445 -0.182257 0.798713
vn -0.549624 -0.321821 0.770937
vn -0.689113 -0.174849 0.703243
vn -0.610374 -0.232907 0.757098
vn -0.587901 -0.517058 0.622111
vn -0.729113 -0.186617 0.658459
vn -0.682708 -0.097875 0.724106
vn -0.702792 -0.301487 0.644352
vn 0.159722 -0.851280 0.499812
vn 0.023508 -0.900650 0.433910
vn 0.008357 -0.832140 0.554503
vn 0.418695 0.347240 -0.839118
vn 0.427694 0.330330 -0.841403
vn 0.429620 0.347109 -0.833632
vn 0.465877 -0.838570 -0.282416
vn 0.414969 -0.854403 -0.312725
vn 0.401535 -0.872074 -0.279744
vn -0.407917 -0.848513 -0.337089
vn -0.426320 -0.801859 -0.418657
vn -0.473882 -0.825303 -0.307101
vn -0.004112 0.999791 -0.020049
vn -0.014939 0.999861 0.007439
vn -0.019392 0.999808 0.002752
vn 0.575953 -0.382189 -0.722641
vn 0.567103 -0.371560 -0.735077
vn 0.563259 -0.371037 -0.738289
vn 0.571548 -0.054441 -0.818761
vn 0.594727 -0.063722 -0.801398
vn 0.594382 -0.057019 -0.802159
vn 0.755781 0.654809 0.004502
vn 0.757248 0.652115 0.036338
vn 0.808993 0.586971 -0.031552
vn -0.474866 0.788263 -0.391337
vn -0.438449 0.818037 -0.372261
vn -0.442996 0.817804 -0.367357
vn -0.503603 -0.286573 0.815021
vn -0.508155 -0.307668 0.804437
vn -0.508791 -0.369137 0.777733
vn -0.714913 0.034933 0.698340
vn -0.758203 -0.035015 0.651077
vn -0.754157 -0.061929 0.653767
vn 0.563941 -0.757893 0.327976
vn 0.690721 -0.558037 0.459890
vn 0.854175 -0.516835 0.057150
vn -0.645687 -0.226692 0.729177
vn -0.572064 -0.242146 0.783650
vn -0.675280 -0.119602 0.727799
vn -0.166554 0.950745 0.261428
vn -0.118202 0.992947 0.009187
vn 0.109179 0.992175 -0.060571
vn 0.023598 -0.028655 -0.999311
vn 0.053069 -0.536175 -0.842437
vn 0.202311 -0.089131 -0.975257
vn -0.555356 0.004786 0.831599
vn -0.669021 -0.210920 0.712688
vn -0.665023 -0.003341 0.746815
vn -0.460830 0.782296 0.419104
vn -0.159739 0.439538 0.883906
vn -0.108277 0.723161 0.682139
vn 0.178876 -0.078048 -0.980771
vn 0.053167 -0.718879 -0.693099
vn 0.152134 -0.257769 -0.954154
vn 0.106504 -0.665306 -0.738935
vn 0.043637 -0.954866 -0.293815
vn 0.350872 -0.698916 -0.623221
vn -0.314626 0.193889 0.929203
vn 0.306499 -0.935196 -0.177387
vn 0.003388 0.965147 0.261686
vn 0.098210 -0.028128 0.994768
vn 0.205431 0.501095 0.840656
vn 0.301669 0.128948 0.944652
vn -0.819753 -0.202882 0.535577
vn -0.489757 -0.415001 0.766755
vn -0.504574 -0.391051 0.769730
vn -0.223032 0.553658 -0.802321
vn -0.287351 0.520250 -0.804219
vn -0.220391 0.484162 -0.846767
vn 0.676940 -0.736016 -0.005755
vn 0.595948 -0.802352 0.032822
vn 0.647715 -0.761424 -0.026423
vn -0.031979 -0.502022 -0.864263
vn -0.039051 -0.475799 -0.878687
vn -0.030019 -0.466927 -0.883786
vn -0.971244 -0.225963 0.075010
vn -0.976638 -0.213321 0.025920
vn -0.969970 -0.242938 0.011781
vn -0.346988 -0.193795 0.917629
vn -0.521695 -0.379211 0.764221
vn -0.209564 -0.006451 0.977774
vn -0.799737 0.029816 -0.599610
vn -0.824182 0.018781 -0.566014
vn -0.822739 0.014476 -0.568234
vn -0.678377 0.470872 0.563989
vn -0.711716 0.410773 0.569847
vn -0.696864 0.449511 0.558856
vn 0.917252 0.079131 -0.390367
vn 0.844025 -0.136301 -0.518694
vn 0.657134 -0.267741 -0.704620
vn -0.959035 0.071236 0.274186
vn -0.761581 -0.410283 0.501659
vn -0.425794 0.583243 0.691756
vn -0.715006 -0.677095 0.174093
vn -0.210678 -0.559191 0.801823
vn -0.324731 -0.938193 0.119764
vn 0.671107 0.148114 -0.726414
vn 0.121308 0.781616 -0.611851
vn 0.275681 0.525696 -0.804763
vn 0.913853 -0.402288 -0.055115
vn 0.947102 -0.203770 0.247941
vn 0.940331 0.332096 0.074093
vn 0.657416 0.558075 -0.506316
vn 0.574568 0.724929 -0.379933
vn 0.336474 0.856909 -0.390502
vn -0.420780 -0.197495 -0.885404
vn -0.173269 -0.552031 -0.815622
vn -0.210243 -0.479885 -0.851767
vn -0.939664 0.041672 -0.339551
vn -0.965523 -0.188904 -0.179109
vn -0.984433 -0.151270 -0.089491
vn 0.358947 -0.328859 -0.873504
vn 0.207940 -0.305171 -0.929318
vn 0.194109 -0.202304 -0.959893
vn 0.235503 -0.267862 -0.934231
vn 0.033573 -0.216500 -0.975705
vn 0.011886 -0.248923 -0.968450
vn -0.117257 -0.394014 0.911594
vn -0.157488 -0.388790 0.907766
vn -0.105668 -0.373367 0.921646
vn -0.326409 0.668416 0.668339
vn -0.369476 0.626152 0.686601
vn -0.375021 0.660048 0.650919
vn 0.098489 -0.812358 -0.574782
vn 0.120486 -0.775793 -0.619377
vn 0.144988 -0.812205 -0.565067
vn 0.666708 0.715424 -0.208973
vn 0.693941 0.694801 -0.188936
vn 0.678426 0.705529 -0.204859
vn 0.041205 0.981488 -0.187041
vn 0.060566 0.984869 -0.162373
vn 0.058970 0.987667 -0.145042
vn -0.945077 -0.300286 -0.129062
vn -0.796561 -0.037980 0.603364
vn -0.673128 -0.432855 0.599612
vn 0.374465 0.672716 0.638145
vn 0.398988 0.583319 0.707494
vn 0.373203 0.619628 0.690493
vn 0.060943 -0.464795 -0.883318
vn -0.120254 -0.651161 -0.749352
vn 0.418949 -0.486570 -0.766637
vn -0.262641 0.397894 -0.879034
vn -0.266485 0.399128 -0.877315
vn -0.323228 0.432191 -0.841864
vn -0.294495 0.814944 0.499139
vn -0.464221 0.829657 0.310112
vn -0.377662 0.858879 0.345974
vn 0.744983 0.267652 -0.611034
vn 0.526185 0.300912 -0.795350
vn 0.671620 0.269597 -0.690105
vn -0.228584 0.578163 -0.783247
vn -0.223373 0.553678 -0.802213
vn -0.226432 0.568379 -0.790995
vn 0.924991 0.060200 -0.375191
vn 0.932818 0.025873 -0.359416
vn 0.930127 0.099281 -0.353563
vn 0.119430 -0.877702 -0.464085
vn 0.075806 -0.867755 -0.491176
vn 0.047262 -0.875718 -0.480504
vn 0.126209 -0.985815 -0.110636
vn 0.139739 -0.982912 -0.119820
vn 0.139495 -0.982727 -0.121608
vn -0.975197 0.201444 0.091713
vn -0.974993 0.138717 0.173629
vn -0.984328 0.174501 0.025458
vn 0.386130 0.591760 0.707619
vn 0.615237 0.418352 0.668180
vn 0.330088 0.426187 0.842263
vn -0.666918 0.720500 -0.189999
vn -0.656583 0.742874 -0.130528
vn -0.774230 0.314312 -0.549342
vn -0.998050 0.060055 -0.017018
vn -0.999898 0.014154 0.001709
vn -0.997624 -0.054465 0.042195
vn 0.921781 -0.062287 -0.382675
vn 0.628026 0.628700 -0.458606
vn 0.721901 0.689451 -0.059294
vn 0.609973 0.154526 -0.777210
vn 0.291453 0.178476 -0.939788
vn 0.533817 0.156182 -0.831052
vn 0.152228 -0.042196 0.987444
vn -0.204777 -0.103661 0.973304
vn -0.151457 0.011462 0.988397
vn -0.372657 0.893882 0.249200
vn -0.632434 0.765346 0.119467
vn -0.593670 0.793227 0.135452
vn -0.447972 -0.825517 0.343283
vn -0.072934 -0.842931 0.533056
vn 0.317189 -0.876229 0.362786
vn 0.922137 0.225203 0.314558
vn 0.877882 0.029380 0.477976
vn 0.789744 0.035014 0.612436
vn -0.734586 -0.033400 0.677693
vn -0.751270 -0.096041 0.652970
vn -0.808019 -0.001439 0.589155
vn -0.604659 -0.105344 0.789487
vn -0.682326 -0.155169 0.714391
vn -0.702834 -0.214509 0.678241
vn 0.038712 0.676143 0.735753
vn -0.055788 0.631442 0.773414
vn -0.017279 0.679398 0.733567
vn 0.217778 0.530567 0.819189
vn 0.182176 0.517155 0.836279
vn 0.171057 0.505781 0.845533
vn -0.407701 0.833632 -0.372610
vn -0.420489 0.845632 -0.328778
vn -0.437866 0.832108 -0.340396
vn 0.569873 0.769957 -0.287073
vn 0.598216 0.754122 -0.270994
vn 0.575241 0.773251 -0.266797
vn -0.385014 -0.800022 0.460139
vn -0.522528 -0.787554 0.326685
vn -0.522673 -0.706282 0.477471
vn -0.855152 -0.366139 0.366956
vn -0.908466 -0.318818 0.270268
vn -0.894790 -0.337367 0.292462
vn 0.629144 0.472214 0.617407
vn 0.371189 0.797525 0.475575
vn 0.733602 0.538762 0.414203
vn 0.810201 0.578852 -0.092223
vn 0.687176 0.726399 0.011582
vn 0.711188 0.616660 -0.337552
vn 0.337089 0.278867 0.899224
vn 0.284727 0.238806 0.928387
vn 0.290753 0.330692 0.897834
vn -0.904054 -0.029084 0.426428
vn -0.895730 0.035184 0.443204
vn -0.894055 -0.010322 0.447838
vn 0.039583 -0.552357 -0.832668
vn 0.094252 -0.496303 -0.863018
vn 0.056639 -0.539611 -0.840007
vn 0.583323 -0.611877 -0.534173
vn 0.571806 -0.622832 -0.533964
vn 0.586723 -0.621195 -0.519494
vn 0.474239 -0.302244 -0.826889
vn 0.495408 -0.326420 -0.804998
vn 0.490278 -0.335090 -0.804576
vn 0.738092 -0.184721 -0.648921
vn 0.741169 -0.178924 -0.647035
vn 0.728054 -0.197179 -0.656550
vn -0.966184 0.077969 0.245784
vn -0.931950 0.128537 0.339039
vn -0.980804 0.089437 0.173277
vn -0.885866 -0.459132 0.066619
vn -0.950068 -0.304811 0.066797
vn -0.916135 -0.398725 0.041423
vn -0.660719 -0.669089 -0.340251
vn -0.740741 -0.659347 -0.128703
vn -0.733050 -0.670542 0.114069
vn 0.453861 0.012553 -0.890984
vn 0.386288 0.376846 -0.841884
vn 0.351154 -0.471049 -0.809199
vn -0.323204 0.219236 0.920584
vn -0.216861 0.248281 0.944102
vn -0.311938 0.243803 0.918289
vn -0.829566 0.557707 0.027988
vn -0.828485 0.504900 -0.242258
vn -0.487210 0.696325 -0.527028
vn -0.311941 0.662649 0.680874
vn 0.308783 0.320743 0.895420
vn -0.333428 0.176957 0.926019
vn -0.270723 0.920941 -0.280314
vn -0.264043 0.915503 -0.303538
vn -0.258497 0.917693 -0.301692
vn -0.242665 0.503226 -0.829383
vn -0.221635 0.487184 -0.844707
vn -0.234960 0.516239 -0.823584
vn 0.638380 0.715930 -0.282691
vn 0.673493 0.683994 -0.280285
vn 0.650245 0.723149 -0.232890
vn -0.757413 -0.643574 -0.110173
vn -0.760441 -0.647906 -0.044137
vn -0.785232 -0.612316 -0.092088
vn -0.536100 -0.718282 -0.443473
vn -0.657529 -0.403004 -0.636587
vn -0.930006 -0.186371 -0.316789
vn 0.816904 0.436098 0.377474
vn 0.506047 0.499470 0.703168
vn 0.680005 0.631727 0.372176
vn -0.611772 0.657983 -0.439083
vn -0.644070 0.648354 -0.405970
vn -0.631129 0.638986 -0.439741
vn 0.554224 0.502836 0.663318
vn 0.568302 0.491972 0.659543
vn 0.616672 0.498441 0.609322
vn -0.732575 -0.620871 -0.279021
vn -0.819802 -0.447391 -0.357444
vn -0.804951 -0.493448 -0.329488
vn 0.839178 0.531026 0.117437
vn 0.865499 0.442406 0.234922
vn 0.832474 0.487579 0.263160
vn 0.250294 0.621464 0.742385
vn 0.249154 0.548446 0.798204
vn 0.290023 0.595850 0.748899
vn -0.934176 -0.345122 -0.090586
vn -0.969869 -0.219708 -0.105274
vn -0.981286 -0.191315 0.021809
vn 0.960269 0.202345 -0.192197
vn 0.987903 0.100725 -0.117910
vn 0.950523 0.252967 -0.180313
vn 0.170939 -0.185732 -0.967617
vn -0.783304 -0.165129 0.599306
vn -0.621705 -0.482738 0.616804
vn -0.762905 -0.516399 0.388985
vn -0.743698 -0.559963 0.365176
vn -0.772867 -0.501499 0.388813
vn 0.777224 0.461497 -0.427718
vn 0.777208 0.486282 -0.399346
vn 0.757111 0.537225 -0.371716
vn -0.621968 -0.310700 -0.718764
vn -0.546584 -0.276520 -0.790432
vn -0.703371 -0.349301 -0.619078
vn 0.726565 0.400276 -0.558465
vn 0.485025 0.688967 -0.538587
vn 0.680791 0.434636 -0.589588
vn -0.659969 -0.431413 0.615080
vn -0.818959 -0.366852 0.441277
vn -0.643508 -0.418974 0.640592
vn 0.858952 0.461980 -0.220852
vn 0.823945 0.563505 -0.059811
vn 0.831332 0.445479 -0.332318
vn 0.897329 0.438089 -0.053651
vn 0.604736 0.387013 -0.696072
vn 0.574187 0.380419 -0.724977
vn 0.346845 0.323282 -0.880447
vn -0.552587 0.251789 0.794513
vn 0.485324 0.161147 -0.859356
vn -0.734500 -0.381763 0.561041
vn -0.794625 -0.267459 0.545010
vn -0.804118 -0.203737 0.558467
vn 0.594347 0.555934 -0.581110
vn 0.759462 0.468137 -0.451735
vn 0.775495 0.526877 -0.347863
vn 0.729013 0.504878 -0.462210
vn 0.594667 0.427032 -0.681186
vn 0.731944 0.129599 -0.668926
vn 0.771667 0.518756 0.367998
vn 0.260843 0.589759 0.764294
vn 0.451747 0.721305 0.525017
vn 0.926931 -0.216623 0.306388
vn 0.939269 0.222952 0.260896
vn 0.967021 0.211197 0.142360
vn 0.732833 0.316376 -0.602380
vn 0.594420 0.116577 -0.795660
vn 0.813534 0.495833 -0.303830
vn -0.827047 -0.222330 -0.516297
vn -0.741485 0.146547 -0.654770
vn -0.943980 0.241348 -0.225062
vn 0.806944 -0.345289 0.479184
vn 0.760174 -0.636657 -0.129626
vn 0.468518 -0.731117 0.495942
vn -0.915558 -0.326324 -0.235089
vn -0.942327 -0.299681 0.149031
vn -0.867657 -0.425459 -0.257206
vn -0.254127 0.894697 -0.367338
vn 0.048973 0.918563 -0.392229
vn -0.369757 0.885371 -0.281777
vn 0.500254 0.853687 -0.144788
vn 0.782863 0.566802 -0.256631
vn 0.728696 0.555570 0.400430
vn -0.668112 -0.718939 -0.191711
vn -0.831789 -0.516602 -0.203098
vn -0.609044 -0.364159 -0.704594
vn -0.592182 -0.362068 0.719880
vn -0.572276 -0.368237 0.732736
vn -0.601808 -0.356534 0.714640
vn 0.035895 -0.998280 0.046352
vn 0.032711 -0.997842 0.056927
vn -0.009217 -0.999570 0.027836
vn 0.243091 -0.870326 -0.428299
vn 0.251369 -0.863764 -0.436721
vn 0.236211 -0.868626 -0.435538
vn 0.579841 -0.287881 -0.762174
vn 0.618804 -0.273614 -0.736354
vn 0.612442 -0.188184 -0.767790
vn 0.119142 0.029940 -0.992426
vn -0.757994 -0.509174 -0.407660
vn -0.713301 -0.535184 0.452525
vn -0.867633 -0.354851 -0.348273
vn -0.776585 -0.494204 -0.390739
vn -0.775829 -0.504538 -0.378856
vn -0.935573 -0.155355 -0.317124
vn 0.768137 0.520649 0.372678
vn 0.730556 0.500328 0.464713
vn 0.783476 0.514730 0.348165
vn 0.809413 0.512261 0.287121
vn -0.557475 0.655124 -0.509935
vn -0.594879 0.654420 -0.466749
vn -0.603984 0.642580 -0.471481
vn -0.804711 -0.556013 -0.208063
vn -0.959326 -0.281891 0.015209
vn -0.848890 -0.508769 -0.143316
vn 0.893004 0.412450 -0.180079
vn 0.772337 0.633650 0.044536
vn 0.843459 0.531489 -0.078079
vn 0.172787 -0.731176 0.659945
vn 0.208414 0.211244 -0.954955
vn -0.866759 -0.477449 -0.144120
vn 0.058022 -0.990654 0.123446
vn 0.802659 0.516884 -0.297606
vn 0.802222 0.498105 -0.329137
vn 0.026307 0.943821 -0.329408
vn -0.556705 -0.627628 0.544208
vn -0.666117 -0.427979 0.610838
vn -0.000855 0.060823 -0.998148
vn -0.547101 -0.327236 0.770453
vn -0.778545 -0.457165 0.429962
vn -0.567251 -0.681247 0.462741
vn -0.733163 -0.426363 0.529799
vn -0.736105 -0.363266 0.571128
vn -0.326228 -0.464415 0.823343
vn -0.658214 -0.406917 0.633382
vn -0.610369 -0.305304 0.730916
vn -0.722254 -0.381308 0.577021
vn -0.370508 -0.362315 0.855250
vn -0.674962 -0.508251 0.534890
vn -0.498325 -0.091303 0.862169
vn -0.191719 0.019291 0.981260
vn -0.253855 -0.012408 0.967163
vn -0.551963 -0.475281 0.685161
vn -0.664973 -0.433699 0.608043
vn -0.581366 -0.232121 0.779829
vn -0.077282 0.542973 0.836187
vn -0.049955 0.287242 0.956555
vn -0.204367 0.172041 0.963658
vn -0.085539 0.003252 0.996330
vn -0.559456 0.132202 0.818249
vn -0.227279 0.507032 0.831422
vn -0.692548 0.501525 0.518508
vn -0.249913 0.501643 0.828190
vn -0.480195 0.092736 0.872246
vn -0.322788 0.780375 0.535558
vn -0.768106 0.480685 0.423030
vn -0.465958 0.593464 0.656265
vn -0.212301 -0.664790 -0.716228
vn -0.129203 -0.920207 -0.369493
vn 0.160150 -0.446126 -0.880524
vn -0.519449 -0.854301 0.018482
vn -0.066877 -0.991969 -0.107359
vn -0.217155 -0.930041 -0.296424
vn 0.330393 0.943063 0.038369
vn 0.775723 0.620929 0.112699
vn 0.708946 0.507820 0.489402
vn -0.108975 0.863411 0.492591
vn -0.395110 0.101455 0.913014
vn -0.423426 0.579249 0.696549
vn -0.527059 -0.842559 0.110919
vn -0.753592 -0.543239 -0.370122
vn -0.732440 -0.680071 -0.032179
vn 0.768637 -0.639200 -0.024902
vn 0.618401 -0.775742 -0.125716
vn 0.735263 -0.677205 -0.027941
vn -0.609252 0.718602 0.335297
vn -0.665948 0.556252 0.497089
vn -0.743889 0.649591 0.157037
vn -0.053168 0.815573 -0.576207
vn -0.068822 0.828463 -0.555799
vn -0.116185 0.840526 -0.529166
vn 0.626837 -0.460076 -0.628812
vn 0.655900 -0.428287 -0.621583
vn 0.635813 -0.407701 -0.655379
vn 0.461818 -0.669837 -0.581414
vn 0.466198 -0.727224 -0.503790
vn 0.487613 -0.661262 -0.570058
vn 0.478379 -0.662125 -0.576840
vn 0.438886 -0.711458 -0.548823
vn 0.454989 -0.688565 -0.564680
vn 0.105946 -0.986769 0.122728
vn 0.099229 -0.992147 0.076141
vn 0.107793 -0.988802 0.103206
vn 0.625611 0.104073 -0.773162
vn 0.671773 -0.048084 -0.739195
vn 0.518170 0.187628 -0.834443
vn 0.147947 -0.631208 -0.761372
vn -0.435146 -0.888351 -0.146566
vn -0.496702 -0.384585 -0.778062
vn 0.662214 0.431123 0.612866
vn 0.661623 0.474035 0.580987
vn 0.554192 0.375516 0.742872
vn 0.638684 0.672501 -0.373933
vn -0.204275 -0.501334 0.840795
vn 0.679197 0.670783 -0.297897
vn -0.786019 -0.549653 -0.282941
vn -0.788236 -0.549319 -0.277366
vn -0.901248 -0.361571 -0.238786
vn -0.763030 -0.348356 0.544456
vn -0.858289 -0.440388 0.263435
vn -0.828706 -0.517829 -0.212369
vn -0.755797 -0.172713 0.631618
vn -0.048358 -0.835900 0.546747
vn -0.529597 -0.225089 0.817840
vn -0.340575 -0.507607 0.791419
vn -0.564164 -0.248466 0.787390
vn -0.391402 -0.441440 0.807425
vn -0.981908 -0.089060 0.167108
vn -0.991313 -0.041712 0.124733
vn -0.993781 -0.025801 0.108319
vn 0.379943 0.156487 -0.911677
vn 0.400660 0.198529 -0.894459
vn 0.363487 0.161848 -0.917433
vn -0.729496 -0.641095 0.238397
vn -0.695382 -0.666755 0.268107
vn -0.653313 -0.672058 0.348597
vn 0.806176 0.177637 -0.564380
vn 0.168288 0.393945 -0.903596
vn 0.724745 0.445884 -0.525293
vn 0.966329 0.100624 -0.236819
vn 0.100980 0.477861 -0.872612
vn 0.559940 0.338267 -0.756335
vn -0.864442 -0.354196 0.356770
vn -0.956234 -0.284353 -0.068990
vn -0.923463 0.106096 0.368728
vn -0.106416 0.087423 0.990471
vn -0.548316 0.107762 0.829299
vn -0.265999 -0.364950 0.892220
vn -0.731406 -0.666543 0.144100
vn -0.699434 -0.673468 0.239234
vn -0.766294 -0.560580 0.313915
vn -0.507445 0.641420 0.575396
vn -0.457703 0.432895 0.776601
vn 0.148946 0.235230 0.960459
vn 0.375724 0.209799 -0.902672
vn 0.666220 0.354218 -0.656262
vn 0.630229 -0.407971 -0.660583
vn -0.695965 -0.565842 0.442103
vn -0.569876 -0.656770 0.493857
vn -0.623579 -0.717361 0.310713
vn -0.966697 -0.253271 0.036759
vn -0.975446 -0.218422 -0.028224
vn -0.985820 -0.143422 0.087114
vn -0.939388 -0.342452 0.016649
vn -0.947734 -0.318922 0.009422
vn -0.943838 -0.328746 0.033089
vn -0.989626 0.104392 0.098704
vn -0.987691 0.136988 0.075498
vn -0.965922 0.230725 0.117306
vn -0.920293 0.185010 -0.344721
vn -0.959588 0.280030 0.027833
vn -0.979773 0.116747 -0.162525
vn 0.650447 0.758005 0.048458
vn 0.810745 0.563859 0.157340
vn 0.769343 0.622429 0.143853
vn 0.909526 0.016464 -0.415321
vn 0.970243 0.042615 -0.238352
vn 0.848040 0.098493 -0.520698
vn -0.878152 -0.431184 0.207192
vn -0.931768 -0.055276 0.358822
vn -0.845591 0.027698 0.533112
vn -0.674925 0.151262 -0.722216
vn -0.683675 0.174985 -0.708497
vn -0.670917 0.168551 -0.722122
vn 0.984720 0.055339 0.165116
vn 0.992519 0.030830 0.118136
vn 0.997386 0.047438 0.054508
vn 0.416076 0.704361 -0.575114
vn 0.425126 0.720252 -0.548184
vn 0.430565 0.698029 -0.572162
vn -0.812373 -0.348102 -0.467840
vn -0.830557 -0.245616 -0.499848
vn -0.820175 -0.312165 -0.479444
vn -0.690288 -0.435811 0.577556
vn -0.620711 -0.314184 0.718336
vn -0.852127 -0.457004 0.255004
vn 0.773281 0.490689 -0.401573
vn 0.362302 0.422842 -0.830627
vn 0.542507 0.214348 -0.812244
vn -0.915274 -0.325102 0.237870
vn -0.810453 -0.519938 0.269872
vn -0.926603 -0.370803 0.062548
vn -0.820801 -0.178785 0.542513
vn -0.783229 0.156172 0.601800
vn -0.852293 0.422412 0.308488
vn 0.283141 0.942773 0.176098
vn 0.130059 0.937672 -0.322267
vn 0.446627 0.740743 -0.501821
vn -0.677735 -0.560224 0.476261
vn -0.515254 -0.854374 0.067507
vn -0.641486 -0.761512 0.092704
vn 0.964386 -0.039357 -0.261555
vn 0.991444 -0.047165 0.121717
vn 0.922185 0.373550 0.100170
vn 0.663933 0.379107 0.644570
vn 0.723882 0.530252 0.441393
vn 0.409512 -0.075182 0.909201
vn -0.639837 -0.753752 -0.149887
vn -0.697868 -0.715375 0.034912
vn -0.652147 -0.757068 -0.039408
vn 0.044252 -0.984190 -0.171497
vn 0.098181 -0.995112 -0.010628
vn 0.222502 -0.973906 -0.044720
vn 0.820746 0.557772 0.123560
vn -0.814828 -0.547068 -0.191761
vn 0.825679 0.558370 0.080475
vn 0.829135 0.558800 -0.016706
vn -0.816281 -0.553067 -0.166743
vn -0.812374 -0.549082 -0.196362
vn 0.813661 0.551700 0.183254
vn -0.817488 -0.553054 -0.160764
vn 0.282744 0.266114 0.921542
vn 0.807811 0.549973 0.212065
vn -0.729098 -0.520239 -0.444710
vn -0.530286 -0.413069 -0.740385
vn -0.679022 -0.502573 -0.535116
vn -0.039432 0.066906 0.996980
vn 0.037497 0.140866 0.989318
vn 0.498829 0.409273 0.763980
vn -0.369840 -0.337841 -0.865495
vn -0.102801 0.054307 0.993218
vn -0.512054 -0.217555 0.830946
vn 0.528785 0.227094 -0.817811
vn 0.474238 0.195186 -0.858488
vn 0.475488 0.197970 -0.857157
vn 0.345914 0.167104 -0.923266
vn 0.346012 0.167004 -0.923247
vn 0.346111 0.166904 -0.923229
vn 0.607821 0.626247 -0.488229
vn 0.196097 0.369755 -0.908200
vn -0.050594 0.103679 -0.993323
vn -0.866817 0.023594 -0.498068
vn -0.718917 0.312860 -0.620706
vn -0.475813 -0.331844 -0.814544
vn -0.648715 -0.238326 -0.722751
vn -0.849060 -0.214173 -0.482935
vn -0.737975 -0.428692 -0.521167
vn 0.312295 0.514180 -0.798806
vn 0.260855 0.817464 -0.513524
vn 0.109967 0.669259 -0.734846
vn -0.240351 0.321556 0.915879
vn -0.347228 -0.754343 0.557135
vn -0.284297 -0.497758 0.819398
vn 0.441198 0.347565 -0.827371
vn 0.265219 0.283259 -0.921641
vn 0.384332 0.107480 -0.916917
vn -0.324169 -0.812580 -0.484384
vn -0.157114 -0.754115 -0.637673
vn -0.699598 -0.618669 -0.357508
vn 0.992928 0.102544 0.059816
vn 0.763604 -0.071415 0.641724
vn 0.919828 -0.008227 0.392236
vn 0.449208 0.393941 -0.801887
vn 0.331918 0.442615 -0.833020
vn 0.336511 0.349516 -0.874413
vn 0.739535 0.574850 -0.350194
vn 0.724619 0.615494 -0.309991
vn 0.738695 0.449854 -0.501957
vn 0.344189 0.554760 -0.757480
vn 0.578806 0.770268 -0.267714
vn 0.482819 0.526703 -0.699621
vn -0.606078 -0.793524 -0.054676
vn -0.677116 -0.556742 0.481200
vn -0.634854 -0.763875 -0.115998
vn 0.571407 0.784086 -0.242287
vn 0.850676 0.504475 -0.147835
vn 0.461160 0.858401 0.224676
vn 0.878519 -0.472011 0.073547
vn 0.732113 -0.567167 -0.377269
vn 0.764110 -0.636975 -0.101975
vn -0.720705 -0.128344 0.681258
vn -0.797626 0.088827 0.596576
vn -0.494104 0.118282 0.861319
vn 0.760818 -0.288009 -0.581555
vn 0.730185 -0.616195 -0.295186
vn 0.732752 -0.036493 -0.679517
vn -0.678729 -0.104089 0.726975
vn -0.707915 0.243419 0.663026
vn -0.353898 0.113815 0.928333
vn -0.876577 -0.197080 0.439058
vn -0.913064 -0.189435 0.361150
vn -0.882058 -0.230940 0.410659
vn 0.434189 0.878301 0.200170
vn 0.445100 0.872260 0.202606
vn 0.411600 0.890894 0.192078
vn 0.185797 -0.941391 0.281535
vn 0.180775 -0.943517 0.277662
vn 0.105388 -0.948810 0.297747
vn -0.052089 -0.621084 0.782012
vn -0.039425 -0.617546 0.785546
vn -0.014987 -0.632899 0.774089
vn 0.186621 -0.842647 -0.505093
vn 0.164618 -0.792024 -0.587877
vn 0.232352 -0.777451 -0.584451
vn -0.776531 -0.594741 0.208046
vn -0.753544 -0.648065 0.110377
vn -0.800936 -0.596713 0.049334
vn -0.812786 -0.573025 -0.104982
vn -0.826207 -0.529026 -0.193685
vn -0.839144 -0.543056 -0.030461
vn -0.668124 -0.356293 -0.653196
vn -0.682807 -0.331040 -0.651297
vn -0.667441 -0.346992 -0.658877
vn -0.712456 -0.387748 0.584857
vn 0.669992 0.371108 -0.642954
vn -0.691140 -0.371016 0.620219
vn -0.164191 0.699116 -0.695901
vn -0.033123 0.544367 -0.838193
vn 0.404023 0.247424 -0.880651
vn 0.714971 0.388528 -0.581259
vn -0.712548 -0.385824 0.586017
vn 0.699910 0.375277 -0.607695
vn -0.709271 -0.382848 0.591914
vn 0.604338 0.301941 -0.737297
vn 0.469676 0.194192 -0.861216
vn 0.696948 0.371102 -0.613634
vn -0.685659 -0.360343 0.632475
vn -0.666291 -0.348728 0.659125
vn 0.371535 0.121125 -0.920484
vn 0.471613 0.203494 -0.858004
vn -0.497043 -0.217902 0.839921
vn 0.614614 0.480781 0.625379
vn -0.655085 -0.493765 -0.571891
vn 0.414003 0.367147 0.832949
vn -0.834530 -0.535821 0.128283
vn -0.690542 -0.511952 -0.510937
vn 0.839157 0.541674 -0.049047
vn 0.838979 0.533283 -0.108276
vn -0.832433 -0.551428 -0.054612
vn 0.826524 0.553398 0.102998
vn 0.804868 0.550704 0.221161
vn 0.831388 0.551841 0.065317
vn -0.821731 -0.553756 -0.134583
vn 0.818606 0.552594 0.156603
vn -0.822401 -0.554041 -0.129209
vn -0.819478 -0.553588 -0.148309
vn 0.832607 0.553864 0.000037
vn 0.802215 0.543102 0.247976
vn -0.824073 -0.562388 -0.067998
vn -0.617279 -0.369224 -0.694723
vn -0.825009 -0.561779 -0.061352
vn -0.826582 -0.560551 -0.050452
vn 0.816032 0.552580 0.169550
vn 0.824219 0.547745 -0.143657
vn 0.814631 0.551877 0.178348
vn -0.829877 -0.557468 0.023075
vn 0.816551 0.552651 0.166798
vn -0.820264 -0.554042 -0.142143
vn -0.808946 -0.550506 -0.206277
vn 0.767990 0.535647 0.351104
vn -0.670759 -0.377894 0.638184
vn 0.767930 0.538583 0.346714
vn 0.224189 0.258482 0.939642
vn -0.766193 -0.536576 -0.353603
vn 0.017214 -0.105833 -0.994235
vn 0.142012 -0.029633 -0.989421
vn 0.149560 -0.027856 -0.988360
vn 0.380494 0.124896 -0.916311
vn -0.474347 -0.197188 0.857970
vn 0.473694 0.197079 -0.858355
vn 0.478385 0.198860 -0.855338
vn -0.536064 -0.197081 0.820850
vn -0.497829 0.207696 0.842038
vn -0.447689 -0.127466 0.885057
vn -0.568958 -0.065965 0.819716
vn -0.561346 -0.416650 0.715048
vn -0.694087 -0.164732 0.700790
vn -0.563204 0.267523 0.781814
vn -0.524258 -0.404397 0.749411
vn -0.544178 -0.377021 0.749484
vn -0.766935 -0.107783 0.632609
vn -0.569553 -0.205052 0.795967
vn -0.274292 -0.543689 0.793200
vn -0.476206 -0.198265 0.856691
vn -0.410658 -0.182884 0.893260
vn -0.455782 0.138163 0.879303
vn -0.231708 -0.143675 0.962117
vn -0.342673 -0.462192 0.817896
vn -0.373445 0.081986 0.924022
vn -0.794940 -0.437325 0.420497
vn -0.712585 -0.554585 0.429719
vn -0.809625 -0.391079 0.437681
vn -0.934608 -0.342677 0.095291
vn -0.827094 -0.547232 0.128269
vn -0.883573 -0.454564 -0.112560
vn -0.387893 0.206238 0.898334
vn -0.223112 -0.137104 0.965103
vn -0.948265 -0.056807 0.312356
vn 0.783960 0.519154 -0.340420
vn 0.749671 0.549352 -0.369061
vn 0.723901 0.596230 -0.347097
vn -0.247317 -0.816650 -0.521457
vn -0.242669 -0.811465 -0.531635
vn -0.262440 -0.821021 -0.507000
vn 0.028418 0.739214 -0.672871
vn 0.074706 0.739379 -0.669133
vn 0.031683 0.733023 -0.679465
vn -0.611564 -0.519052 -0.597139
vn -0.533353 -0.331187 -0.778363
vn -0.536876 -0.321769 -0.779890
vn 0.509944 0.859769 0.027449
vn 0.544778 0.823348 0.159108
vn 0.541340 0.840336 0.028051
vn 0.716463 0.389238 -0.578942
vn 0.662988 0.368105 -0.651878
vn -0.826007 -0.434198 0.359423
vn 0.709147 0.381756 -0.592768
vn -0.753235 -0.414289 0.510882
vn 0.711982 0.385358 -0.587010
vn -0.732472 -0.398776 0.551781
vn -0.689947 -0.368720 0.622911
vn -0.829226 -0.475865 0.293149
vn 0.712289 0.384865 -0.586961
vn -0.136134 0.020913 0.990470
vn 0.713054 0.388353 -0.583727
vn -0.820803 -0.488214 0.296529
vn -0.685784 -0.361746 0.631538
vn 0.701586 0.390374 -0.596141
vn 0.514356 0.224439 -0.827686
vn 0.307421 0.089335 -0.947371
vn -0.676730 -0.375862 0.633060
vn 0.714970 0.519716 0.467668
vn 0.615686 0.483938 0.621880
vn -0.213960 -0.250230 -0.944249
vn -0.830395 -0.552061 -0.075317
vn -0.813391 -0.538990 -0.218826
vn 0.698402 0.516343 0.495606
vn -0.759988 -0.435260 0.482666
vn -0.825207 -0.553570 -0.112225
vn -0.783989 -0.545331 -0.296608
vn -0.819499 -0.551275 -0.156582
vn -0.824602 -0.553868 -0.115164
vn 0.730493 0.541748 0.415800
vn 0.828495 0.553439 0.085445
vn 0.248218 0.123427 -0.960809
vn -0.828333 -0.555466 -0.072955
vn 0.823520 0.554835 0.118211
vn -0.765623 -0.200686 0.611184
vn -0.724046 -0.379701 0.575834
vn -0.823884 -0.264259 0.501381
vn -0.122045 -0.330111 0.936019
vn -0.049825 -0.472208 0.880078
vn -0.229597 -0.233369 0.944894
vn 0.264736 0.635192 -0.725566
vn 0.239434 0.617954 -0.748869
vn 0.281622 0.611235 -0.739649
vn 0.049314 -0.902465 0.427930
vn 0.004345 -0.913586 0.406623
vn -0.034580 -0.897341 0.439981
vn 0.447765 -0.262936 -0.854617
vn 0.327115 -0.198339 -0.923936
vn 0.414574 -0.249022 -0.875281
vn 0.893330 0.325693 0.309653
vn 0.886493 0.349004 0.303853
vn 0.892299 0.345780 0.290238
vn -0.938737 -0.314595 -0.140725
vn -0.943175 -0.291177 -0.160114
vn -0.940870 -0.286570 -0.180671
vn 0.159977 0.979986 -0.118471
vn 0.171759 0.980376 -0.096761
vn 0.112799 0.990834 -0.074321
vn -0.065177 -0.995822 0.063957
vn -0.014355 -0.987098 0.159471
vn -0.034728 -0.985885 0.163784
vn 0.762668 -0.307287 0.569132
vn 0.815487 -0.325927 0.478280
vn 0.832886 -0.331957 0.442839
vn -0.879375 -0.456377 0.135722
vn -0.832579 -0.532129 0.153786
vn -0.837452 -0.527417 0.143198
vn -0.884053 -0.409967 0.224448
vn -0.922593 -0.326148 0.206033
vn -0.928572 -0.303244 0.214004
vn -0.481708 0.722465 -0.495986
vn -0.469394 0.714360 -0.518998
vn -0.498905 0.699217 -0.512045
vn 0.634108 0.564967 -0.527938
vn 0.633411 0.561235 -0.532734
vn 0.617630 0.574644 -0.536951
vn 0.260079 0.357878 -0.896818
vn -0.031609 0.555458 -0.830943
vn -0.015569 0.299856 -0.953857
vn 0.372535 0.561677 -0.738740
vn 0.321238 0.496560 -0.806371
vn 0.411588 0.384667 -0.826212
vn -0.844513 -0.483676 -0.229903
vn -0.616285 -0.372545 -0.693832
vn -0.721983 -0.344425 -0.600093
vn -0.800598 -0.581995 0.142565
vn -0.825621 -0.390614 0.407150
vn -0.680096 -0.648853 0.341261
vn -0.909678 -0.415238 -0.007976
vn -0.955868 -0.196211 -0.218675
vn -0.942316 -0.310774 0.124336
vn -0.924863 -0.281891 -0.255276
vn -0.889410 -0.404838 -0.212265
vn -0.936325 -0.338829 -0.092146
vn 0.011779 -0.998611 -0.051362
vn 0.067357 -0.866132 -0.495255
vn -0.343471 -0.917569 0.200235
vn -0.299456 -0.912235 0.279559
vn -0.414080 -0.867170 -0.276684
vn -0.426635 -0.879422 0.211187
vn -0.597072 -0.801722 -0.027318
vn -0.642562 -0.757014 0.118510
vn -0.823612 -0.560435 0.087037
vn -0.917708 -0.359957 0.168060
vn 0.139573 -0.990043 -0.018292
vn -0.342480 -0.931069 -0.125766
vn -0.487044 0.170218 -0.856630
vn -0.256632 0.509283 -0.821445
vn -0.380511 0.301481 -0.874254
vn -0.071400 0.368716 -0.926796
vn -0.095057 0.343686 -0.934261
vn -0.082130 0.357156 -0.930427
vn -0.681786 -0.719593 -0.131735
vn -0.677158 -0.710640 -0.190912
vn -0.648720 -0.732556 -0.206212
vn 0.684224 0.586290 -0.433706
vn 0.218958 0.499367 -0.838266
vn 0.343841 0.454362 -0.821784
vn 0.475248 0.684602 0.552684
vn 0.855983 0.431604 0.284624
vn 0.915848 0.294128 0.273335
vn 0.849577 0.191663 0.491410
vn 0.674271 0.669290 0.312105
vn 0.506646 0.823953 0.253792
vn -0.783823 -0.241117 0.572262
vn -0.572343 -0.541072 0.616169
vn -0.665175 0.426902 0.612615
vn -0.304892 -0.508076 -0.805543
vn -0.839648 -0.288699 -0.460048
vn -0.762322 -0.377243 -0.525883
vn 0.919748 -0.017327 0.392126
vn 0.916580 0.280328 0.285128
vn 0.795715 0.431537 0.424986
vn -0.580237 -0.811326 -0.071235
vn -0.422789 -0.794562 -0.435799
vn -0.596245 -0.738243 -0.315420
vn -0.742410 -0.629440 0.229417
vn -0.804392 -0.593673 0.022489
vn -0.707533 -0.602180 0.369832
vn -0.997178 0.073739 0.014074
vn -0.998765 0.049650 0.001823
vn -0.998137 -0.037368 0.048221
vn -0.665380 -0.676024 0.316641
vn -0.706299 -0.605320 0.367054
vn -0.579926 -0.757248 0.300435
vn -0.722994 0.062159 0.688052
vn 0.443027 0.305274 -0.842932
vn 0.774335 0.315030 -0.548783
vn -0.433821 -0.335105 0.836363
vn -0.530831 -0.387291 0.753807
vn -0.429707 -0.343521 0.835072
vn -0.749988 -0.419982 0.511011
vn -0.729072 -0.434780 0.528602
vn -0.782210 -0.425768 0.454828
vn -0.823642 -0.445539 0.350869
vn -0.750528 -0.469409 0.465149
vn -0.865263 -0.431762 0.254758
vn -0.737766 -0.097861 -0.667926
vn -0.707291 -0.052146 -0.704997
vn -0.751046 -0.001320 -0.660249
vn 0.276055 -0.871562 0.405183
vn 0.262200 -0.877266 0.402065
vn 0.275708 -0.872271 0.403892
vn 0.600286 -0.789208 0.129645
vn 0.613049 -0.783651 0.100306
vn 0.621259 -0.782766 0.036253
vn 0.881805 0.439780 -0.170332
vn 0.509768 0.417551 -0.752189
vn 0.869353 0.364247 -0.333991
vn 0.650504 0.485025 -0.584461
vn 0.659169 0.440640 -0.609371
vn 0.715492 0.488606 -0.499335
vn -0.986424 0.066859 -0.149990
vn -0.868746 -0.337349 -0.362595
vn 0.923151 -0.327753 -0.200924
vn 0.878229 0.430392 -0.208509
vn 0.862084 0.345301 -0.370916
vn 0.882904 0.342442 -0.321270
vn 0.759585 0.365764 -0.537817
vn 0.703651 0.410457 -0.579999
vn 0.660890 0.385608 -0.643841
vn 0.278192 -0.809144 0.517586
vn 0.298540 -0.787755 0.538809
vn 0.247037 -0.820830 0.514986
vn -0.915472 -0.147927 0.374203
vn -0.971755 -0.124905 0.200229
vn -0.955400 -0.113176 0.272766
vn 0.457271 0.249631 -0.853573
vn 0.406138 0.284096 -0.868528
vn 0.447620 0.239651 -0.861513
vn 0.991479 0.030513 -0.126640
vn 0.997024 -0.029323 -0.071290
vn 0.990788 -0.015583 -0.134520
vn 0.636366 -0.731380 0.245197
vn 0.648594 -0.734821 0.198401
vn 0.641905 -0.726139 0.246334
vn 0.511873 0.202859 -0.834766
vn 0.491313 0.200114 -0.847683
vn 0.519024 0.189129 -0.833573
vn -0.882006 -0.404055 -0.242496
vn -0.806307 -0.547605 -0.223601
vn -0.922633 -0.380465 -0.063208
vn 0.619575 0.130196 0.774065
vn 0.417812 0.069694 0.905856
vn 0.709790 0.352362 0.609950
vn -0.769641 -0.399530 0.498025
vn -0.821970 -0.396730 0.408620
vn -0.828534 -0.378009 0.413086
vn -0.873702 -0.336644 0.351163
vn -0.890438 -0.277907 0.360399
vn -0.797305 -0.445204 0.407552
vn 0.780911 -0.320919 0.535900
vn 0.781847 -0.314132 0.538550
vn 0.792005 -0.292578 0.535841
vn -0.733142 -0.386725 -0.559416
vn -0.755536 -0.375159 -0.537049
vn -0.738997 -0.357809 -0.570838
vn 0.149785 0.228436 -0.961968
vn 0.265575 0.202257 -0.942636
vn 0.134947 0.208888 -0.968584
vn -0.075508 0.739084 0.669368
vn -0.148294 0.740078 0.655968
vn -0.195537 0.832056 0.519084
vn 0.161455 0.786994 0.595461
vn 0.518106 0.737646 0.432949
vn 0.463796 0.677241 0.571172
vn 0.549200 -0.758836 0.350066
vn 0.970279 -0.225801 0.087023
vn 0.560569 -0.808644 0.178486
vn 0.663360 -0.152619 0.732571
vn 0.910865 0.204820 0.358292
vn 0.901320 -0.055380 0.429600
vn -0.652133 0.754021 -0.078584
vn -0.682820 -0.191681 0.704993
vn -0.866450 -0.065326 0.494972
vn 0.269202 -0.947689 0.171511
vn 0.256287 -0.946155 0.197754
vn 0.236729 -0.951704 0.195494
vn 0.612296 0.398279 -0.682984
vn 0.574708 0.435703 -0.692730
vn 0.562542 0.434037 -0.703675
vn 0.391479 0.731976 -0.557634
vn 0.415602 0.703652 -0.576323
vn 0.392299 0.706046 -0.589576
vn -0.735418 0.057607 0.675160
vn -0.751105 -0.574243 0.325710
vn -0.908829 -0.130864 0.396111
vn -0.248560 -0.726067 -0.641127
vn 0.263466 -0.705360 -0.658068
vn 0.194916 -0.686082 -0.700928
vn 0.543660 -0.607460 -0.579159
vn 0.662260 -0.526130 -0.533478
vn 0.611959 -0.316880 -0.724633
vn -0.445544 0.093987 -0.890313
vn -0.382808 -0.178004 -0.906517
vn 0.432517 0.122419 -0.893277
vn 0.916838 -0.098965 -0.386800
vn 0.358155 -0.610033 -0.706813
vn 0.814663 -0.530437 0.234436
vn -0.976214 -0.183350 0.115709
vn -0.979827 -0.180934 0.084869
vn -0.981988 -0.168624 0.085234
vn -0.064275 0.838146 0.541645
vn -0.075914 0.883102 0.462999
vn -0.002705 0.820118 0.572189
vn -0.912761 -0.357261 -0.198070
vn -0.808345 -0.523145 0.269997
vn -0.888216 -0.295378 -0.351886
vn 0.931472 0.354197 -0.083086
vn 0.933971 0.351159 -0.066225
vn 0.943791 0.327545 -0.044425
vn 0.710186 0.578553 0.401139
vn 0.713821 0.531379 0.456176
vn 0.682510 0.581073 0.443323
vn 0.650099 0.075390 -0.756101
vn 0.600875 0.060762 -0.797030
vn 0.608087 0.121532 -0.784513
vn 0.105762 -0.094621 -0.989880
vn 0.094551 -0.119479 -0.988324
vn 0.133553 -0.139114 -0.981229
vn -0.940652 -0.338822 -0.019343
vn -0.932929 -0.351741 -0.076955
vn -0.948549 -0.315514 -0.026569
vn 0.103741 0.209982 -0.972186
vn 0.118706 0.194146 -0.973764
vn 0.072376 0.194376 -0.978253
vn 0.040076 0.756925 -0.652271
vn -0.027117 0.823148 -0.567180
vn 0.031382 0.779309 -0.625854
vn 0.358955 0.223053 -0.906310
vn 0.304981 0.270420 -0.913159
vn 0.279892 0.208215 -0.937180
vn 0.527666 0.111002 -0.842168
vn 0.569779 0.189161 -0.799731
vn 0.580545 0.150417 -0.800214
vn 0.063529 -0.997016 -0.043844
vn 0.040483 -0.998815 -0.027018
vn 0.052677 -0.996768 -0.060659
vn -0.039527 -0.580796 -0.813089
vn -0.052186 -0.593889 -0.802853
vn -0.065140 -0.582537 -0.810189
vn 0.602912 0.750686 -0.270124
vn 0.630026 0.729518 -0.266216
vn 0.595536 0.771386 -0.224276
vn -0.903143 -0.410511 0.125753
vn -0.901207 -0.393716 0.181144
vn -0.907494 -0.392191 0.150466
vn -0.474560 -0.853471 0.215361
vn -0.471079 -0.850418 0.234251
vn -0.443918 -0.873348 0.200500
vn 0.616447 0.254989 -0.744965
vn 0.665648 0.245829 -0.704614
vn 0.654212 0.260862 -0.709900
vn -0.204022 0.602378 -0.771696
vn -0.233778 0.671665 -0.703004
vn -0.252786 0.658895 -0.708489
vn 0.569303 -0.819177 -0.069592
vn 0.551113 -0.824724 -0.126903
vn 0.572077 -0.815185 -0.090564
vn -0.702256 -0.576452 -0.417779
vn -0.749536 -0.517335 -0.412989
vn -0.686574 -0.592113 -0.421923
vn -0.082000 0.111677 -0.990356
vn -0.121070 0.069502 -0.990208
vn -0.103047 0.097238 -0.989912
vn -0.412346 0.657502 -0.630604
vn -0.377092 0.682269 -0.626347
vn -0.391812 0.699609 -0.597520
vn -0.352488 -0.877707 -0.324626
vn -0.369254 -0.848179 -0.379794
vn -0.372153 -0.844928 -0.384186
vn -0.635221 0.612414 -0.470577
vn -0.455416 0.696334 -0.554721
vn -0.540892 0.646609 -0.537896
vn -0.054093 -0.384546 -0.921519
vn -0.034209 -0.345508 -0.937792
vn -0.028106 -0.361613 -0.931904
vn -0.774899 -0.601221 0.195100
vn -0.829115 -0.521563 0.201347
vn -0.842225 -0.509802 0.175382
vn -0.258972 0.246516 -0.933897
vn -0.231699 0.213542 -0.949060
vn -0.196112 0.205219 -0.958867
vn 0.600235 0.192261 -0.776372
vn 0.572595 0.170341 -0.801947
vn 0.611474 0.216111 -0.761180
vn -0.937140 -0.301195 0.176209
vn -0.919466 -0.329354 0.214729
vn -0.930512 -0.299632 0.210640
vn -0.132456 0.486608 -0.863521
vn -0.077639 0.429321 -0.899809
vn -0.095833 0.445792 -0.889992
vn 0.483322 0.210143 -0.849847
vn 0.452530 0.190051 -0.871262
vn 0.466690 0.190809 -0.863593
vn -0.569087 0.814927 -0.109699
vn -0.573915 0.816739 -0.059651
vn -0.572357 0.806420 -0.148639
vn 0.388275 0.795813 -0.464676
vn 0.428937 0.771555 -0.469804
vn 0.374635 0.796364 -0.474818
vn 0.208993 0.341630 -0.916303
vn 0.207362 0.305433 -0.929361
vn 0.198020 0.268686 -0.942654
vn 0.969338 0.041321 -0.242231
vn 0.969684 0.024020 -0.243177
vn 0.976575 0.042085 -0.211021
vn 0.060391 0.112325 -0.991835
vn 0.093082 0.079025 -0.992517
vn 0.030612 0.192922 -0.980736
vn 0.242051 0.041446 -0.969378
vn 0.206705 0.087262 -0.974504
vn 0.236659 0.028763 -0.971167
vn 0.938654 0.334483 -0.083966
vn 0.942820 0.316354 -0.104931
vn 0.944462 0.304370 -0.123899
vn 0.441342 -0.441746 -0.781075
vn 0.415178 -0.420974 -0.806479
vn 0.398930 -0.399093 -0.825578
vn 0.659303 0.747881 0.077421
vn 0.689218 0.718302 0.094978
vn 0.676460 0.733448 0.066745
vn -0.318202 0.823351 -0.469938
vn -0.281552 0.862303 -0.420907
vn -0.293002 0.830476 -0.473771
vn 0.527038 -0.302826 -0.794058
vn 0.482325 -0.244441 -0.841196
vn 0.519446 -0.291700 -0.803173
vn -0.682077 -0.572816 -0.454591
vn -0.718828 -0.560488 -0.411266
vn -0.677355 -0.557610 -0.479855
vn -0.666425 -0.745572 -0.000084
vn -0.708602 -0.702878 0.062013
vn -0.717171 -0.693263 0.071080
vn -0.081838 0.136376 -0.987271
vn -0.061320 0.090911 -0.993969
vn -0.107857 0.189547 -0.975930
vn 0.922324 0.250195 -0.294484
vn 0.931793 0.196750 -0.305044
vn 0.928027 0.210877 -0.307078
vn 0.945228 0.210999 -0.249043
vn 0.941480 0.204611 -0.267862
vn 0.943222 0.194107 -0.269545
vn -0.473437 0.284968 -0.833457
vn -0.487601 0.273694 -0.829058
vn -0.489493 0.280107 -0.825794
vn -0.110248 -0.360870 -0.926077
vn -0.122023 -0.409428 -0.904146
vn -0.123838 -0.371425 -0.920167
vn -0.775326 -0.319239 0.544937
vn -0.853336 -0.200763 0.481157
vn -0.798442 -0.262960 0.541611
vn -0.522722 -0.759879 0.386453
vn -0.447211 -0.752132 0.484045
vn -0.479055 -0.754525 0.448551
vn 0.179463 0.980624 -0.078546
vn 0.191435 0.977075 -0.093153
vn 0.131162 0.986225 -0.100781
vn 0.436478 0.874989 -0.209478
vn 0.367977 0.907317 -0.203393
vn 0.462206 0.870579 -0.168691
vn -0.500266 0.537601 -0.678763
vn -0.473796 0.608791 -0.636310
vn -0.520002 0.571830 -0.634514
vn -0.009439 0.004049 -0.999947
vn -0.010113 -0.010349 -0.999895
vn -0.068823 -0.040066 -0.996824
vn -0.925523 -0.014960 -0.378395
vn -0.901253 -0.017918 -0.432923
vn -0.863034 -0.017517 -0.504842
vn -0.182964 0.203678 -0.961790
vn -0.175574 0.209458 -0.961926
vn -0.208659 0.262559 -0.942085
vn 0.197474 -0.441424 -0.875299
vn 0.171392 -0.493164 -0.852886
vn 0.195212 -0.387827 -0.900823
vn 0.995038 -0.053911 -0.083619
vn 0.993064 0.023604 -0.115178
vn 0.992415 0.040306 -0.116139
vn 0.944509 0.305976 -0.119508
vn 0.922651 0.366723 -0.119281
vn 0.954111 0.288031 -0.081913
vn -0.180231 -0.513854 -0.838732
vn -0.163720 -0.520202 -0.838204
vn -0.168024 -0.531388 -0.830298
vn -0.135540 0.184440 -0.973453
vn -0.180591 0.222072 -0.958160
vn -0.138387 0.216339 -0.966461
vn 0.284564 -0.715372 -0.638174
vn 0.204403 -0.750852 -0.628046
vn 0.265022 -0.729844 -0.630152
vn 0.502649 -0.530088 -0.682898
vn 0.506845 -0.515092 -0.691222
vn 0.503699 -0.539490 -0.674713
vn -0.115024 0.221665 -0.968315
vn -0.085234 0.201992 -0.975671
vn -0.119464 0.205094 -0.971424
vn 0.368949 0.918867 0.139858
vn 0.361407 0.932352 -0.010196
vn 0.324305 0.943127 0.073053
vn 0.988938 0.131260 0.069087
vn 0.991392 0.106149 0.076641
vn 0.988057 0.154086 -0.001120
vn -0.582470 -0.434219 -0.687155
vn -0.555673 -0.484736 -0.675469
vn -0.633913 -0.471321 -0.613198
f 1//1 2//2 3//3
f 4//4 1//5 3//6
f 2//7 1//8 5//9
f 3//10 2//11 5//12
f 3//13 5//14 6//15
f 5//16 7//17 8//18
f 5//19 8//20 6//21
f 9//22 8//23 7//24
f 7//25 10//26 9//27
f 8//28 9//29 6//30
f 3//31 6//32 4//33
f 5//34 10//35 7//36
f 11//37 9//38 10//39
f 12//40 13//41 14//42
f 12//43 15//44 16//45
f 13//46 17//47 14//48
f 18//49 19//50 20//51
f 21//52 11//53 10//54
f 22//55 4//56 6//57
f 22//58 6//59 9//60
f 16//61 13//62 12//63
f 18//64 20//65 23//66
f 24//67 14//68 17//69
f 25//70 20//71 19//72
f 10//73 5//74 26//75
f 24//76 17//77 27//78
f 12//79 28//80 29//81
f 15//82 12//83 30//84
f 31//85 32//86 33//87
f 26//88 5//89 1//90
f 34//91 35//92 20//93
f 12//94 29//95 30//96
f 4//97 36//98 1//99
f 34//100 20//101 25//102
f 12//103 14//104 28//105
f 24//106 27//107 37//108
f 28//109 14//110 24//111
f 10//112 38//113 21//114
f 13//115 16//116 17//117
f 39//118 18//119 23//120
f 40//121 19//122 18//123
f 38//124 10//125 26//126
f 41//127 9//128 11//129
f 42//130 43//131 44//132
f 32//133 31//134 45//135
f 42//136 30//137 29//138
f 25//139 19//140 46//141
f 22//142 9//143 41//144
f 47//145 20//146 35//147
f 37//148 48//149 24//150
f 49//151 23//152 20//153
f 41//154 11//155 21//156
f 25//157 46//158 50//159
f 44//160 30//161 42//162
f 41//163 21//164 38//165
f 41//166 51//167 52//168
f 45//169 33//170 32//171
f 25//172 53//173 34//174
f 54//175 55//176 56//177
f 33//178 45//179 57//180
f 58//181 59//182 54//183
f 54//184 60//185 58//186
f 17//187 16//188 61//189
f 42//190 29//191 28//192
f 18//193 39//194 40//195
f 22//196 41//197 52//198
f 20//199 47//200 62//201
f 51//202 41//203 63//204
f 51//205 63//206 64//207
f 64//208 63//209 65//210
f 55//211 54//212 66//213
f 59//214 66//215 54//216
f 44//217 43//218 67//219
f 20//220 62//221 49//222
f 64//223 65//224 68//225
f 59//226 68//227 65//228
f 67//229 30//230 44//231
f 26//232 1//233 36//234
f 46//235 69//236 50//237
f 70//238 47//239 35//240
f 56//241 71//242 47//243
f 71//244 56//245 72//246
f 72//247 56//248 55//249
f 54//250 56//251 73//252
f 74//253 27//254 75//255
f 76//256 57//257 45//258
f 40//259 31//260 46//261
f 40//262 46//263 19//264
f 77//265 41//266 38//267
f 41//268 77//269 63//270
f 78//271 52//272 51//273
f 47//274 79//275 56//276
f 68//277 59//278 58//279
f 27//280 74//281 80//282
f 74//283 81//284 37//285
f 75//286 27//287 17//288
f 61//289 16//290 15//291
f 57//292 31//293 33//294
f 35//295 34//296 53//297
f 48//298 37//299 81//300
f 82//301 37//302 27//303
f 81//304 82//305 27//306
f 80//307 37//308 82//309
f 74//310 37//311 80//312
f 74//313 82//314 81//315
f 35//316 53//317 70//318
f 27//319 80//320 81//321
f 82//322 75//323 80//324
f 75//325 82//326 74//327
f 75//328 17//329 83//330
f 28//331 24//332 84//333
f 30//334 61//335 15//336
f 85//337 51//338 64//339
f 54//340 73//341 60//342
f 83//343 17//344 61//345
f 25//346 50//347 86//348
f 71//349 62//350 47//351
f 48//352 81//353 87//354
f 75//355 81//356 80//357
f 46//358 31//359 57//360
f 78//361 51//362 85//363
f 57//364 88//365 46//366
f 83//367 81//368 75//369
f 89//370 90//371 91//372
f 31//373 40//374 92//375
f 38//376 26//377 93//378
f 64//379 68//380 94//381
f 95//382 94//383 68//384
f 53//385 25//386 86//387
f 94//388 85//389 64//390
f 55//391 66//392 96//393
f 61//394 30//395 67//396
f 88//397 57//398 76//399
f 77//400 38//401 97//402
f 84//403 24//404 48//405
f 90//406 98//407 91//408
f 99//409 36//410 4//411
f 100//412 76//413 45//414
f 59//415 65//416 66//417
f 95//418 68//419 58//420
f 97//421 38//422 93//423
f 101//424 81//425 102//426
f 81//427 83//428 102//429
f 42//430 67//431 43//432
f 40//433 39//434 92//435
f 86//436 50//437 103//438
f 87//439 81//440 104//441
f 73//442 105//443 60//444
f 70//445 53//446 86//447
f 50//448 69//449 103//450
f 79//451 47//452 70//453
f 63//454 77//455 65//456
f 106//457 62//458 71//459
f 36//460 99//461 107//462
f 70//463 86//464 108//465
f 101//466 109//467 81//468
f 109//469 104//470 81//471
f 110//472 48//473 87//474
f 42//475 28//476 111//477
f 39//478 23//479 49//480
f 100//481 45//482 112//483
f 113//484 112//485 45//486
f 107//487 26//488 36//489
f 46//490 88//491 114//492
f 110//493 84//494 48//495
f 58//496 60//497 115//498
f 84//499 116//500 28//501
f 70//502 117//503 79//504
f 118//505 71//506 72//507
f 112//508 76//509 100//510
f 45//511 31//512 113//513
f 55//514 118//515 72//516
f 73//517 119//518 105//519
f 95//520 58//521 120//522
f 102//523 83//524 121//525
f 28//526 116//527 111//528
f 62//529 106//530 122//531
f 73//532 56//533 119//534
f 87//535 104//536 123//537
f 124//538 116//539 84//540
f 56//541 79//542 125//543
f 101//544 126//545 109//546
f 90//547 127//548 98//549
f 76//550 112//551 88//552
f 69//553 128//554 103//555
f 119//556 56//557 125//558
f 129//559 121//560 83//561
f 67//562 42//563 130//564
f 127//565 61//566 67//567
f 131//568 90//569 89//570
f 31//571 92//572 113//573
f 132//574 86//575 103//576
f 121//577 133//578 102//579
f 115//580 60//581 105//582
f 83//583 61//584 127//585
f 42//586 134//587 130//588
f 135//589 93//590 26//591
f 99//592 4//593 136//594
f 114//595 128//596 46//597
f 108//598 86//599 132//600
f 123//601 110//602 87//603
f 58//604 115//605 137//606
f 42//607 138//608 134//609
f 127//610 67//611 139//612
f 89//613 91//614 98//615
f 49//616 140//617 39//618
f 136//619 4//620 22//621
f 122//622 49//623 62//624
f 52//625 78//626 141//627
f 142//628 101//629 102//630
f 143//631 92//632 39//633
f 144//634 114//635 88//636
f 128//637 69//638 46//639
f 145//640 65//641 77//642
f 146//643 65//644 145//645
f 66//646 65//647 146//648
f 147//649 55//650 96//651
f 129//652 83//653 148//654
f 135//655 26//656 107//657
f 108//658 117//659 70//660
f 115//661 105//662 149//663
f 83//664 127//665 148//666
f 98//667 127//668 139//669
f 126//670 103//671 150//672
f 96//673 66//674 146//675
f 151//676 123//677 104//678
f 152//679 104//680 153//681
f 120//682 58//683 137//684
f 138//685 42//686 111//687
f 154//688 98//689 139//690
f 122//691 140//692 49//693
f 155//694 88//695 112//696
f 79//697 117//698 125//699
f 126//700 150//701 109//702
f 104//703 109//704 156//705
f 151//706 157//707 152//708
f 151//709 104//710 157//711
f 157//712 158//713 152//714
f 104//715 152//716 158//717
f 149//718 105//719 159//720
f 115//721 160//722 161//723
f 128//724 114//725 144//726
f 162//727 157//728 104//729
f 158//730 162//731 104//732
f 158//733 157//734 163//735
f 163//736 157//737 162//738
f 161//739 137//740 115//741
f 160//742 115//743 149//744
f 131//745 164//746 90//747
f 165//748 94//749 95//750
f 133//751 166//752 102//753
f 163//754 162//755 123//756
f 105//757 167//758 168//759
f 110//760 124//761 84//762
f 90//763 169//764 127//765
f 164//766 131//767 170//768
f 127//769 164//770 170//771
f 164//772 127//773 169//774
f 119//775 171//776 167//777
f 123//778 151//779 163//780
f 158//781 151//782 162//783
f 163//784 151//785 158//786
f 105//787 119//788 167//789
f 172//790 127//791 170//792
f 172//793 148//794 127//795
f 172//796 169//797 90//798
f 148//799 164//800 169//801
f 170//802 148//803 169//804
f 148//805 170//806 131//807
f 148//808 172//809 90//810
f 164//811 148//812 90//813
f 89//814 148//815 131//816
f 126//817 173//818 103//819
f 174//820 126//821 101//822
f 175//823 55//824 147//825
f 105//826 168//827 159//828
f 169//829 172//830 170//831
f 176//832 97//833 93//834
f 71//835 118//836 177//837
f 178//838 55//839 175//840
f 175//841 179//842 178//843
f 156//844 109//845 150//846
f 180//847 162//848 151//849
f 180//850 151//851 153//852
f 136//853 22//854 52//855
f 181//856 122//857 106//858
f 182//859 106//860 71//861
f 71//862 183//863 184//864
f 71//865 177//866 183//867
f 177//868 185//869 183//870
f 177//871 184//872 185//873
f 71//874 184//875 182//876
f 184//877 177//878 118//879
f 118//880 182//881 184//882
f 118//883 186//884 182//885
f 128//886 187//887 103//888
f 118//889 55//890 188//891
f 178//892 189//893 55//894
f 179//895 190//896 55//897
f 179//898 189//899 147//900
f 178//901 179//902 147//903
f 179//904 55//905 189//906
f 179//907 175//908 190//909
f 165//910 95//911 191//912
f 151//913 152//914 153//915
f 192//916 95//917 120//918
f 67//919 130//920 139//921
f 183//922 185//923 106//924
f 186//925 106//926 182//927
f 186//928 183//929 106//930
f 186//931 184//932 183//933
f 186//934 185//935 184//936
f 103//937 173//938 132//939
f 193//940 194//941 85//942
f 188//943 55//944 190//945
f 189//946 178//947 190//948
f 178//949 188//950 190//951
f 178//952 147//953 188//954
f 147//955 189//956 190//957
f 166//958 142//959 102//960
f 195//961 104//962 156//963
f 92//964 143//965 113//966
f 173//967 126//968 174//969
f 85//970 94//971 193//972
f 94//973 165//974 193//975
f 119//976 125//977 171//978
f 196//979 123//980 162//981
f 196//982 110//983 123//984
f 121//985 129//986 148//987
f 89//988 98//989 197//990
f 88//991 155//992 144//993
f 150//994 103//995 187//996
f 190//997 175//998 147//999
f 95//1000 192//1001 191//1002
f 133//1003 121//1004 198//1005
f 113//1006 155//1007 112//1008
f 150//1009 199//1010 156//1011
f 125//1012 200//1013 171//1014
f 89//1015 197//1016 148//1017
f 145//1018 77//1019 201//1020
f 202//1021 203//1022 165//1023
f 203//1024 202//1025 204//1026
f 110//1027 205//1028 124//1029
f 168//1030 206//1031 159//1032
f 159//1033 207//1034 149//1035
f 149//1036 207//1037 160//1038
f 108//1039 132//1040 117//1041
f 200//1042 125//1043 208//1044
f 202//1045 165//1046 191//1047
f 111//1048 116//1049 209//1050
f 140//1051 210//1052 39//1053
f 136//1054 52//1055 141//1056
f 194//1057 78//1058 85//1059
f 159//1060 206//1061 207//1062
f 161//1063 160//1064 211//1065
f 197//1066 98//1067 154//1068
f 155//1069 113//1070 144//1071
f 174//1072 101//1073 142//1074
f 193//1075 165//1076 203//1077
f 137//1078 161//1079 211//1080
f 138//1081 111//1082 209//1083
f 139//1084 197//1085 154//1086
f 176//1087 93//1088 135//1089
f 141//1090 212//1091 136//1092
f 150//1093 187//1094 199//1095
f 204//1096 202//1097 213//1098
f 168//1099 167//1100 206//1101
f 214//1102 215//1103 216//1104
f 124//1105 214//1106 216//1107
f 124//1108 217//1109 214//1110
f 110//1111 196//1112 218//1113
f 219//1114 216//1115 220//1116
f 205//1117 216//1118 217//1119
f 205//1120 217//1121 124//1122
f 216//1123 215//1124 217//1125
f 215//1126 220//1127 217//1128
f 217//1129 220//1130 214//1131
f 130//1132 134//1133 221//1134
f 201//1135 77//1136 97//1137
f 185//1138 181//1139 106//1140
f 194//1141 141//1142 78//1143
f 220//1144 216//1145 205//1146
f 220//1147 215//1148 222//1149
f 214//1150 220//1151 205//1152
f 198//1153 121//1154 148//1155
f 198//1156 148//1157 223//1158
f 224//1159 210//1160 140//1161
f 225//1162 99//1163 136//1164
f 125//1165 117//1166 226//1167
f 208//1168 125//1169 226//1170
f 166//1171 133//1172 142//1173
f 180//1174 196//1175 162//1176
f 227//1177 153//1178 104//1179
f 211//1180 192//1181 120//1182
f 219//1183 220//1184 228//1185
f 222//1186 216//1187 219//1188
f 228//1189 220//1190 222//1191
f 205//1192 228//1193 214//1194
f 219//1195 229//1196 222//1197
f 228//1198 222//1199 214//1200
f 222//1201 229//1202 214//1203
f 139//1204 130//1205 221//1206
f 128//1207 144//1208 230//1209
f 231//1210 202//1211 191//1212
f 211//1213 120//1214 137//1215
f 205//1216 219//1217 228//1218
f 216//1219 232//1220 229//1221
f 232//1222 216//1223 222//1224
f 232//1225 222//1226 215//1227
f 229//1228 232//1229 214//1230
f 214//1231 233//1232 215//1233
f 215//1234 233//1235 205//1236
f 215//1237 205//1238 234//1239
f 235//1240 232//1241 215//1242
f 167//1243 171//1244 200//1245
f 211//1246 236//1247 192//1248
f 124//1249 237//1250 116//1251
f 238//1252 124//1253 216//1254
f 239//1255 216//1256 229//1257
f 239//1258 229//1259 219//1260
f 239//1261 219//1262 205//1263
f 205//1264 240//1265 239//1266
f 241//1267 240//1268 205//1269
f 241//1270 205//1271 233//1272
f 232//1273 240//1274 214//1275
f 240//1276 241//1277 235//1278
f 214//1279 240//1280 235//1281
f 233//1282 235//1283 234//1284
f 233//1285 214//1286 235//1287
f 232//1288 235//1289 241//1290
f 215//1291 234//1292 235//1293
f 194//1294 193//1295 242//1296
f 174//1297 243//1298 173//1299
f 118//1300 188//1301 244//1302
f 245//1303 96//1304 146//1305
f 239//1306 240//1307 232//1308
f 241//1309 233//1310 234//1311
f 239//1312 232//1313 241//1314
f 244//1315 186//1316 118//1317
f 246//1318 213//1319 202//1320
f 246//1321 202//1322 247//1323
f 247//1324 202//1325 248//1326
f 153//1327 249//1328 250//1329
f 239//1330 238//1331 216//1332
f 239//1333 241//1334 234//1335
f 245//1336 147//1337 96//1338
f 142//1339 133//1340 251//1341
f 206//1342 167//1343 252//1344
f 104//1345 195//1346 227//1347
f 153//1348 250//1349 253//1350
f 207//1351 206//1352 254//1353
f 110//1354 255//1355 205//1356
f 256//1357 211//1358 160//1359
f 209//1360 116//1361 257//1362
f 258//1363 107//1364 225//1365
f 143//1366 259//1367 113//1368
f 187//1369 128//1370 230//1371
f 156//1372 199//1373 260//1374
f 236//1375 191//1376 192//1377
f 231//1378 261//1379 202//1380
f 262//1381 249//1382 263//1383
f 262//1384 250//1385 249//1386
f 262//1387 153//1388 253//1389
f 206//1390 252//1391 254//1392
f 160//1393 207//1394 254//1395
f 256//1396 160//1397 254//1398
f 99//1399 225//1400 107//1401
f 264//1402 140//1403 122//1404
f 200//1405 208//1406 265//1407
f 253//1408 263//1409 249//1410
f 263//1411 253//1412 250//1413
f 227//1414 249//1415 153//1416
f 253//1417 266//1418 262//1419
f 262//1420 267//1421 153//1422
f 117//1423 132//1424 268//1425
f 268//1426 226//1427 117//1428
f 269//1429 246//1430 247//1431
f 250//1432 262//1433 266//1434
f 250//1435 266//1436 263//1437
f 253//1438 249//1439 227//1440
f 180//1441 153//1442 267//1443
f 133//1444 198//1445 270//1446
f 124//1447 238//1448 237//1449
f 239//1450 234//1451 238//1452
f 97//1453 271//1454 201//1455
f 268//1456 132//1457 243//1458
f 243//1459 132//1460 173//1461
f 242//1462 193//1463 272//1464
f 236//1465 273//1466 191//1467
f 263//1468 266//1469 267//1470
f 253//1471 227//1472 267//1473
f 267//1474 266//1475 253//1476
f 251//1477 133//1478 270//1479
f 97//1480 274//1481 275//1482
f 97//1483 275//1484 271//1485
f 276//1486 275//1487 201//1488
f 271//1489 276//1490 201//1491
f 277//1492 278//1493 279//1494
f 280//1495 281//1496 277//1497
f 281//1498 279//1499 278//1500
f 281//1501 280//1502 279//1503
f 280//1504 231//1505 191//1506
f 195//1507 156//1508 282//1509
f 257//1510 116//1511 237//1512
f 134//1513 138//1514 283//1515
f 274//1516 284//1517 275//1518
f 274//1519 285//1520 284//1521
f 274//1522 276//1523 271//1524
f 271//1525 275//1526 285//1527
f 274//1528 271//1529 285//1530
f 208//1531 226//1532 265//1533
f 286//1534 287//1535 288//1536
f 279//1537 287//1538 277//1539
f 287//1540 280//1541 277//1542
f 289//1543 273//1544 279//1545
f 280//1546 289//1547 279//1548
f 277//1549 273//1550 278//1551
f 273//1552 289//1553 278//1554
f 281//1555 278//1556 289//1557
f 281//1558 191//1559 277//1560
f 191//1561 273//1562 277//1563
f 289//1564 191//1565 281//1566
f 280//1567 191//1568 289//1569
f 252//1570 167//1571 200//1572
f 263//1573 267//1574 262//1575
f 290//1576 224//1577 140//1578
f 276//1579 274//1580 97//1581
f 276//1582 284//1583 285//1584
f 276//1585 285//1586 275//1587
f 291//1588 292//1589 288//1590
f 292//1591 293//1592 288//1593
f 294//1594 291//1595 288//1596
f 293//1597 286//1598 288//1599
f 286//1600 291//1601 294//1602
f 286//1603 293//1604 291//1605
f 294//1606 273//1607 280//1608
f 287//1609 294//1610 288//1611
f 294//1612 287//1613 273//1614
f 286//1615 294//1616 280//1617
f 286//1618 280//1619 287//1620
f 279//1621 273//1622 287//1623
f 282//1624 156//1625 260//1626
f 295//1627 248//1628 296//1629
f 283//1630 138//1631 209//1632
f 268//1633 265//1634 226//1635
f 174//1636 142//1637 297//1638
f 291//1639 280//1640 273//1641
f 292//1642 291//1643 273//1644
f 293//1645 280//1646 291//1647
f 298//1648 204//1649 213//1650
f 147//1651 245//1652 188//1653
f 261//1654 248//1655 202//1656
f 198//1657 223//1658 299//1659
f 143//1660 39//1661 259//1662
f 300//1663 194//1664 242//1665
f 198//1666 299//1667 301//1668
f 302//1669 238//1670 234//1671
f 276//1672 97//1673 284//1674
f 300//1675 141//1676 194//1677
f 273//1678 293//1679 292//1680
f 296//1681 248//1682 261//1683
f 218//1684 255//1685 110//1686
f 270//1687 198//1688 303//1689
f 299//1690 223//1691 304//1692
f 221//1693 134//1694 283//1695
f 201//1696 275//1697 284//1698
f 185//1699 186//1700 244//1701
f 272//1702 193//1703 203//1704
f 297//1705 243//1706 174//1707
f 305//1708 247//1709 248//1710
f 234//1711 205//1712 306//1713
f 259//1714 39//1715 210//1716
f 199//1717 187//1718 307//1719
f 308//1720 200//1721 265//1722
f 205//1723 255//1724 309//1725
f 310//1726 257//1727 237//1728
f 209//1729 257//1730 311//1731
f 312//1732 304//1733 223//1734
f 259//1735 144//1736 113//1737
f 122//1738 181//1739 264//1740
f 230//1741 144//1742 313//1743
f 212//1744 141//1745 314//1746
f 273//1747 315//1748 242//1749
f 231//1750 280//1751 298//1752
f 236//1753 211//1754 256//1755
f 223//1756 148//1757 316//1758
f 316//1759 197//1760 317//1761
f 197//1762 139//1763 317//1764
f 284//1765 97//1766 318//1767
f 315//1768 300//1769 242//1770
f 273//1771 242//1772 272//1773
f 273//1774 272//1775 293//1776
f 297//1777 142//1778 251//1779
f 205//1780 309//1781 319//1782
f 319//1783 306//1784 205//1785
f 320//1786 140//1787 264//1788
f 318//1789 97//1790 176//1791
f 212//1792 321//1793 136//1794
f 269//1795 247//1796 322//1797
f 176//1798 135//1799 323//1800
f 324//1801 203//1802 204//1803
f 203//1804 325//1805 272//1806
f 298//1807 280//1808 326//1809
f 213//1810 246//1811 269//1812
f 327//1813 180//1814 267//1815
f 309//1816 328//1817 329//1818
f 319//1819 309//1820 329//1821
f 257//1822 310//1823 330//1824
f 148//1825 197//1826 316//1827
f 224//1828 331//1829 210//1830
f 332//1831 136//1832 321//1833
f 308//1834 265//1835 333//1836
f 334//1837 244//1838 188//1839
f 296//1840 231//1841 298//1842
f 261//1843 231//1844 296//1845
f 335//1846 328//1847 309//1848
f 336//1849 328//1850 335//1851
f 303//1852 198//1853 337//1854
f 258//1855 135//1856 107//1857
f 323//1858 135//1859 338//1860
f 339//1861 273//1862 236//1863
f 340//1864 252//1865 200//1866
f 296//1867 298//1868 213//1869
f 270//1870 303//1871 341//1872
f 342//1873 335//1874 309//1875
f 342//1876 319//1877 335//1878
f 336//1879 335//1880 343//1881
f 335//1882 329//1883 343//1884
f 335//1885 319//1886 329//1887
f 329//1888 328//1889 343//1890
f 310//1891 237//1892 344//1893
f 345//1894 223//1895 316//1896
f 331//1897 346//1898 210//1899
f 331//1900 224//1901 347//1902
f 347//1903 348//1904 331//1905
f 346//1906 331//1907 348//1908
f 314//1909 141//1910 300//1911
f 201//1912 349//1913 145//1914
f 324//1915 325//1916 203//1917
f 315//1918 273//1919 339//1920
f 336//1921 343//1922 342//1923
f 319//1924 342//1925 343//1926
f 336//1927 342//1928 350//1929
f 328//1930 336//1931 350//1932
f 328//1933 350//1934 343//1935
f 350//1936 319//1937 343//1938
f 337//1939 198//1940 301//1941
f 351//1942 237//1943 238//1944
f 290//1945 346//1946 224//1947
f 347//1948 224//1949 346//1950
f 347//1951 346//1952 352//1953
f 346//1954 348//1955 352//1956
f 324//1957 204//1958 353//1959
f 298//1960 353//1961 204//1962
f 213//1963 269//1964 322//1965
f 248//1966 295//1967 354//1968
f 290//1969 140//1970 320//1971
f 346//1972 355//1973 210//1974
f 355//1975 346//1976 290//1977
f 347//1978 352//1979 355//1980
f 290//1981 347//1982 355//1983
f 348//1984 347//1985 290//1986
f 348//1987 355//1988 352//1989
f 323//1990 338//1991 356//1992
f 314//1993 321//1994 212//1995
f 357//1996 300//1997 315//1998
f 268//1999 243//2000 297//2001
f 280//2002 293//2003 326//2004
f 296//2005 213//2006 322//2007
f 305//2008 322//2009 247//2010
f 358//2011 270//2012 341//2013
f 359//2014 360//2015 218//2016
f 361//2017 355//2018 348//2019
f 264//2020 181//2021 362//2022
f 181//2023 185//2024 363//2025
f 307//2026 187//2027 230//2028
f 290//2029 364//2030 348//2031
f 210//2032 355//2033 361//2034
f 201//2035 284//2036 365//2037
f 265//2038 268//2039 366//2040
f 334//2041 188//2042 245//2043
f 295//2044 296//2045 354//2046
f 367//2047 237//2048 351//2049
f 330//2050 311//2051 257//2052
f 312//2053 223//2054 345//2055
f 368//2056 345//2057 316//2058
f 290//2059 210//2060 364//2061
f 290//2062 369//2063 210//2064
f 361//2065 364//2066 210//2067
f 361//2068 370//2069 364//2070
f 348//2071 370//2072 361//2073
f 357//2074 314//2075 300//2076
f 340//2077 200//2078 308//2079
f 371//2080 196//2081 180//2082
f 248//2083 354//2084 305//2085
f 341//2086 303//2087 337//2088
f 283//2089 209//2090 372//2091
f 210//2092 369//2093 370//2094
f 370//2095 369//2096 364//2097
f 369//2098 348//2099 364//2100
f 357//2101 315//2102 373//2103
f 374//2104 195//2105 282//2106
f 375//2107 376//2108 196//2109
f 359//2110 218//2111 377//2112
f 218//2113 376//2114 377//2115
f 256//2116 254//2117 378//2118
f 344//2119 237//2120 367//2121
f 317//2122 139//2123 221//2124
f 379//2125 210//2126 380//2127
f 381//2128 210//2129 370//2130
f 381//2131 348//2132 369//2133
f 370//2134 348//2135 381//2136
f 382//2137 323//2138 356//2139
f 313//2140 144//2141 383//2142
f 384//2143 136//2144 332//2145
f 201//2146 365//2147 349//2148
f 363//2149 185//2150 244//2151
f 145//2152 349//2153 385//2154
f 244//2155 334//2156 386//2157
f 145//2158 385//2159 146//2160
f 196//2161 376//2162 218//2163
f 238//2164 367//2165 351//2166
f 387//2167 221//2168 283//2169
f 379//2170 259//2171 210//2172
f 230//2173 313//2174 388//2175
f 333//2176 265//2177 366//2178
f 256//2179 378//2180 236//2181
f 371//2182 180//2183 327//2184
f 354//2185 296//2186 322//2187
f 372//2188 209//2189 311//2190
f 389//2191 176//2192 323//2193
f 244//2194 386//2195 363//2196
f 373//2197 315//2198 339//2199
f 390//2200 297//2201 251//2202
f 236//2203 378//2204 339//2205
f 391//2206 251//2207 270//2208
f 376//2209 375//2210 392//2211
f 360//2212 359//2213 393//2214
f 302//2215 234//2216 306//2217
f 383//2218 144//2219 259//2220
f 318//2221 394//2222 395//2223
f 318//2224 395//2225 284//2226
f 396//2227 394//2228 318//2229
f 396//2230 397//2231 394//2232
f 362//2233 181//2234 363//2235
f 270//2236 398//2237 399//2238
f 322//2239 305//2240 354//2241
f 255//2242 400//2243 360//2244
f 360//2245 400//2246 218//2247
f 304//2248 401//2249 299//2250
f 304//2251 312//2252 401//2253
f 310//2254 344//2255 330//2256
f 135//2257 258//2258 402//2259
f 402//2260 338//2261 135//2262
f 403//2263 356//2264 338//2265
f 225//2266 136//2267 384//2268
f 404//2269 396//2270 318//2271
f 405//2272 404//2273 318//2274
f 404//2275 395//2276 394//2277
f 404//2278 405//2279 395//2280
f 394//2281 284//2282 404//2283
f 406//2284 284//2285 394//2286
f 394//2287 397//2288 407//2289
f 199//2290 307//2291 260//2292
f 146//2293 385//2294 245//2295
f 408//2296 255//2297 218//2298
f 218//2299 400//2300 408//2301
f 401//2302 337//2303 301//2304
f 299//2305 401//2306 301//2307
f 389//2308 323//2309 409//2310
f 410//2311 338//2312 402//2313
f 323//2314 382//2315 411//2316
f 412//2317 356//2318 413//2319
f 356//2320 412//2321 382//2322
f 414//2323 413//2324 415//2325
f 415//2326 413//2327 403//2328
f 356//2329 403//2330 413//2331
f 404//2332 284//2333 407//2334
f 284//2335 405//2336 407//2337
f 396//2338 404//2339 407//2340
f 394//2341 407//2342 405//2343
f 416//2344 406//2345 394//2346
f 406//2347 407//2348 397//2349
f 407//2350 406//2351 416//2352
f 406//2353 397//2354 396//2355
f 284//2356 406//2357 396//2358
f 416//2359 365//2360 284//2361
f 366//2362 268//2363 417//2364
f 195//2365 374//2366 227//2367
f 399//2368 391//2369 270//2370
f 254//2371 252//2372 418//2373
f 419//2374 255//2375 408//2376
f 419//2377 400//2378 255//2379
f 408//2380 420//2381 360//2382
f 393//2383 408//2384 360//2385
f 421//2386 367//2387 238//2388
f 316//2389 422//2390 368//2391
f 338//2392 410//2393 423//2394
f 338//2395 423//2396 411//2397
f 411//2398 402//2399 424//2400
f 411//2401 410//2401 402//2401
f 425//2402 411//2403 423//2404
f 411//2405 425//2406 410//2407
f 323//2408 411//2409 409//2410
f 426//2411 411//2412 424//2413
f 409//2414 412//2415 427//2416
f 382//2417 412//2418 409//2419
f 428//2420 413//2421 382//2422
f 412//2423 413//2424 428//2425
f 411//2426 382//2427 413//2428
f 414//2429 429//2430 413//2431
f 430//2432 429//2433 415//2434
f 430//2435 413//2436 429//2437
f 403//2438 430//2439 415//2440
f 321//2441 384//2442 332//2443
f 405//2444 284//2445 395//2446
f 396//2447 407//2448 416//2449
f 416//2450 284//2451 396//2452
f 334//2453 245//2454 378//2455
f 400//2456 420//2457 408//2458
f 419//2459 420//2460 400//2461
f 431//2462 408//2463 393//2464
f 393//2465 420//2466 431//2467
f 309//2468 360//2469 420//2470
f 309//2471 420//2472 432//2473
f 432//2474 420//2475 393//2476
f 387//2477 283//2478 372//2479
f 410//2480 433//2481 423//2482
f 424//2483 410//2484 425//2485
f 424//2486 433//2487 410//2488
f 424//2489 423//2490 426//2491
f 423//2492 424//2493 425//2494
f 433//2495 424//2496 402//2497
f 412//2498 434//2499 427//2500
f 409//2501 434//2502 382//2503
f 434//2504 435//2505 428//2506
f 382//2507 434//2508 428//2509
f 434//2510 412//2511 435//2512
f 412//2513 428//2514 414//2515
f 412//2516 414//2517 435//2518
f 415//2519 429//2520 436//2521
f 413//2522 430//2523 411//2524
f 411//2525 430//2526 436//2527
f 430//2528 403//2529 436//2530
f 338//2531 437//2532 403//2533
f 438//2534 272//2535 325//2536
f 268//2537 297//2538 390//2539
f 334//2540 378//2541 418//2542
f 358//2543 398//2544 270//2545
f 360//2546 309//2547 255//2548
f 420//2549 419//2550 431//2551
f 432//2552 408//2553 431//2554
f 419//2555 408//2556 432//2557
f 309//2558 432//2559 431//2560
f 342//2561 309//2562 350//2563
f 421//2564 238//2565 302//2566
f 439//2567 345//2568 368//2569
f 369//2570 290//2571 320//2572
f 433//2573 426//2574 423//2575
f 434//2576 409//2577 440//2578
f 427//2579 434//2580 440//2581
f 435//2582 440//2583 428//2584
f 440//2585 409//2586 428//2587
f 440//2588 436//2589 403//2590
f 338//2591 411//2592 437//2593
f 417//2594 268//2595 390//2596
f 375//2597 196//2598 371//2599
f 441//2600 399//2601 398//2602
f 254//2603 418//2604 378//2605
f 393//2606 419//2607 432//2608
f 419//2609 309//2610 431//2611
f 419//2612 393//2613 309//2614
f 318//2615 176//2616 442//2617
f 414//2618 440//2619 435//2620
f 409//2621 436//2622 414//2623
f 428//2624 409//2625 414//2626
f 440//2627 415//2628 436//2629
f 349//2630 373//2631 385//2632
f 252//2633 340//2634 418//2635
f 367//2636 421//2637 344//2638
f 443//2639 436//2640 409//2641
f 429//2642 414//2643 436//2644
f 411//2645 436//2646 443//2647
f 437//2648 411//2649 443//2650
f 403//2651 437//2652 443//2653
f 385//2654 373//2655 339//2656
f 245//2657 385//2658 378//2659
f 267//2660 227//2661 399//2662
f 345//2663 401//2664 312//2665
f 444//2666 311//2667 330//2668
f 409//2669 411//2670 445//2671
f 440//2672 414//2673 415//2674
f 394//2675 405//2676 416//2677
f 324//2678 384//2679 325//2680
f 307//2681 230//2682 446//2683
f 390//2684 251//2685 391//2686
f 385//2687 339//2688 378//2689
f 418//2690 340//2691 334//2692
f 399//2693 227//2694 374//2695
f 393//2696 359//2697 377//2698
f 401//2699 341//2700 337//2701
f 447//2702 259//2703 379//2704
f 433//2705 448//2706 426//2707
f 349//2708 365//2709 373//2710
f 272//2711 438//2712 293//2713
f 386//2714 334//2715 449//2716
f 316//2717 439//2718 422//2719
f 210//2720 381//2721 380//2722
f 409//2723 445//2724 443//2725
f 440//2726 403//2727 443//2728
f 340//2729 449//2730 334//2731
f 350//2732 309//2733 450//2734
f 451//2735 398//2736 341//2737
f 439//2738 368//2739 422//2740
f 321//2741 314//2742 452//2743
f 453//2744 384//2745 324//2746
f 391//2747 399//2748 374//2749
f 398//2750 358//2751 341//2752
f 381//2753 369//2754 380//2755
f 258//2756 225//2757 384//2758
f 454//2759 405//2760 318//2761
f 309//2762 393//2763 455//2764
f 319//2765 350//2766 456//2767
f 451//2768 341//2769 457//2770
f 401//2771 345//2772 457//2773
f 176//2774 389//2775 442//2776
f 458//2777 459//2778 409//2779
f 440//2780 445//2781 427//2782
f 443//2783 445//2784 440//2785
f 357//2786 373//2787 460//2788
f 365//2789 460//2790 373//2791
f 353//2792 298//2793 326//2794
f 308//2795 449//2796 340//2797
f 376//2798 392//2799 377//2800
f 341//2801 401//2802 457//2803
f 448//2804 433//2805 402//2806
f 427//2807 458//2808 409//2809
f 461//2810 313//2811 383//2812
f 314//2813 357//2814 452//2815
f 455//2816 377//2817 462//2818
f 330//2819 344//2820 421//2821
f 445//2822 389//2823 427//2824
f 459//2825 389//2826 409//2827
f 389//2828 459//2829 427//2830
f 384//2831 321//2832 438//2833
f 372//2834 311//2835 444//2836
f 445//2837 463//2838 389//2839
f 463//2840 427//2841 459//2842
f 463//2843 458//2844 427//2845
f 464//2846 459//2847 458//2848
f 464//2849 463//2850 459//2851
f 465//2852 426//2853 448//2854
f 466//2855 467//2856 454//2857
f 466//2858 454//2859 468//2860
f 469//2861 375//2862 371//2863
f 399//2864 441//2865 470//2866
f 377//2867 455//2868 393//2869
f 306//2870 319//2871 451//2872
f 471//2873 387//2874 372//2875
f 445//2876 458//2877 463//2878
f 463//2879 464//2880 389//2881
f 411//2882 426//2883 472//2884
f 467//2885 473//2886 474//2887
f 467//2888 466//2889 473//2890
f 474//2891 466//2892 468//2893
f 467//2894 474//2895 468//2896
f 475//2897 476//2898 467//2898
f 476//2899 454//2900 467//2901
f 468//2902 475//2903 467//2904
f 475//2905 468//2906 454//2907
f 325//2908 384//2909 438//2910
f 439//2911 457//2912 345//2913
f 473//2914 476//2915 474//2916
f 475//2917 474//2918 476//2919
f 438//2920 326//2921 293//2922
f 267//2923 399//2924 470//2925
f 451//2926 319//2927 477//2928
f 317//2929 478//2930 316//2931
f 380//2932 369//2933 320//2934
f 320//2935 264//2936 479//2937
f 458//2938 389//2939 464//2940
f 466//2941 475//2942 473//2943
f 475//2944 466//2945 474//2946
f 308//2947 333//2948 449//2949
f 282//2950 260//2951 480//2952
f 374//2953 282//2954 480//2955
f 316//2956 478//2957 439//2958
f 317//2959 221//2960 481//2961
f 321//2962 452//2963 438//2964
f 460//2965 365//2966 482//2967
f 446//2968 230//2969 388//2970
f 456//2971 350//2972 450//2973
f 481//2974 221//2975 387//2976
f 371//2977 327//2978 267//2979
f 398//2980 470//2981 441//2982
f 481//2983 478//2984 317//2985
f 442//2986 389//2987 458//2988
f 264//2989 362//2990 479//2991
f 479//2992 362//2993 483//2994
f 483//2995 362//2996 363//2997
f 333//2998 386//2999 449//3000
f 451//3001 477//3002 398//3003
f 439//3004 478//3005 457//3006
f 445//3007 411//3008 472//3009
f 454//3010 476//3011 484//3012
f 365//3013 416//3014 485//3015
f 486//3016 460//3017 482//3018
f 306//3019 451//3020 487//3021
f 372//3022 444//3023 488//3024
f 309//3025 455//3026 450//3027
f 383//3028 259//3029 447//3030
f 386//3031 483//3032 363//3033
f 489//3034 483//3035 386//3036
f 489//3037 386//3038 333//3039
f 477//3040 470//3041 398//3042
f 490//3043 478//3044 481//3045
f 491//3046 330//3047 421//3048
f 458//3049 445//3050 492//3051
f 445//3052 442//3052 492//3053
f 445//3054 448//3055 442//3056
f 493//3057 448//3058 445//3059
f 472//3060 493//3061 445//3062
f 475//3063 454//3064 473//3065
f 438//3066 494//3067 326//3068
f 480//3069 260//3070 495//3071
f 421//3072 302//3073 496//3074
f 444//3075 330//3076 491//3077
f 492//3078 448//3079 458//3080
f 493//3081 492//3082 442//3083
f 458//3084 493//3085 442//3086
f 493//3087 458//3088 448//3089
f 260//3090 307//3091 495//3092
f 377//3093 392//3094 462//3095
f 471//3096 372//3097 488//3098
f 492//3099 493//3100 472//3101
f 492//3102 472//3103 448//3104
f 485//3105 416//3106 405//3107
f 333//3108 497//3109 489//3110
f 319//3111 456//3112 477//3113
f 477//3114 456//3115 498//3116
f 387//3117 471//3118 490//3119
f 490//3120 481//3121 387//3122
f 488//3123 444//3124 491//3125
f 320//3126 379//3127 380//3128
f 426//3129 465//3130 472//3131
f 438//3132 452//3133 499//3134
f 453//3135 324//3136 353//3137
f 480//3138 391//3139 374//3140
f 405//3141 454//3142 485//3143
f 500//3144 267//3145 470//3146
f 496//3147 302//3148 306//3149
f 473//3150 501//3151 476//3152
f 318//3153 442//3154 502//3155
f 318//3156 473//3157 503//3158
f 473//3159 318//3160 504//3161
f 318//3162 505//3163 504//3164
f 318//3165 502//3166 505//3167
f 503//3168 454//3169 318//3170
f 479//3171 483//3172 506//3173
f 442//3174 504//3175 502//3176
f 507//3177 454//3178 502//3179
f 473//3180 505//3181 503//3182
f 473//3183 507//3184 505//3185
f 507//3186 504//3187 505//3188
f 505//3189 502//3190 503//3191
f 502//3192 454//3193 503//3194
f 326//3195 494//3196 508//3197
f 353//3198 326//3199 508//3200
f 421//3201 496//3202 509//3203
f 507//3204 473//3205 454//3206
f 388//3207 313//3208 461//3209
f 496//3210 306//3211 487//3212
f 502//3213 504//3214 507//3215
f 506//3216 483//3217 510//3218
f 484//3219 485//3220 454//3221
f 511//3222 512//3223 513//3224
f 451//3225 457//3226 487//3227
f 514//3228 515//3229 479//3230
f 448//3231 472//3232 465//3233
f 516//3234 357//3235 460//3236
f 497//3237 333//3238 366//3239
f 455//3240 462//3241 517//3242
f 447//3243 379//3244 518//3245
f 519//3246 506//3247 520//3248
f 521//3249 520//3250 506//3251
f 495//3252 307//3253 446//3254
f 522//3255 513//3256 512//3257
f 371//3258 267//3259 500//3260
f 375//3261 469//3262 392//3263
f 500//3264 470//3265 477//3266
f 402//3267 523//3268 448//3269
f 479//3270 515//3271 524//3272
f 525//3273 320//3274 479//3275
f 524//3276 515//3277 526//3278
f 526//3279 527//3280 524//3281
f 526//3282 528//3283 527//3284
f 515//3285 529//3286 530//3287
f 526//3288 515//3289 530//3290
f 530//3291 531//3292 526//3293
f 531//3294 514//3295 526//3295
f 515//3296 531//3297 529//3298
f 531//3299 515//3300 514//3299
f 514//3301 532//3302 529//3303
f 529//3304 531//3305 533//3306
f 514//3307 529//3308 533//3309
f 526//3310 514//3311 533//3312
f 533//3313 534//3314 526//3315
f 534//3316 479//3317 526//3317
f 479//3318 534//3319 514//3320
f 528//3321 479//3322 506//3323
f 528//3324 526//3325 479//3326
f 527//3327 528//3328 535//3329
f 535//3330 506//3331 510//3332
f 506//3333 514//3334 534//3335
f 528//3336 534//3337 536//3338
f 535//3339 528//3340 536//3341
f 528//3342 506//3342 534//3342
f 536//3343 506//3344 535//3344
f 532//3345 520//3346 537//3347
f 530//3348 532//3349 537//3350
f 532//3351 519//3352 520//3353
f 519//3354 514//3355 530//3356
f 537//3357 519//3358 530//3359
f 519//3360 532//3361 514//3362
f 537//3363 506//3364 519//3365
f 530//3366 514//3367 521//3368
f 514//3369 506//3370 537//3371
f 537//3372 520//3373 521//3374
f 537//3375 521//3376 514//3377
f 538//3378 479//3379 524//3380
f 524//3381 539//3382 538//3383
f 539//3384 524//3385 540//3386
f 539//3387 540//3388 527//3389
f 530//3390 540//3391 524//3392
f 524//3393 533//3394 530//3395
f 533//3396 524//3397 527//3398
f 541//3399 510//3400 527//3401
f 532//3402 530//3403 529//3404
f 530//3405 533//3406 531//3407
f 533//3408 527//3409 534//3410
f 540//3411 542//3412 527//3413
f 527//3414 542//3415 534//3416
f 541//3417 527//3418 535//3419
f 541//3420 535//3421 542//3422
f 535//3423 534//3424 542//3425
f 535//3426 543//3427 534//3428
f 543//3429 510//3430 541//3431
f 542//3432 543//3433 541//3434
f 543//3435 535//3436 510//3437
f 534//3438 543//3439 536//3440
f 506//3441 530//3442 521//3443
f 543//3444 530//3445 506//3446
f 460//3447 486//3448 544//3449
f 366//3450 417//3451 545//3452
f 546//3453 487//3454 457//3455
f 478//3456 490//3457 546//3458
f 518//3459 379//3460 320//3461
f 538//3462 539//3463 530//3464
f 530//3465 539//3466 547//3467
f 527//3468 538//3469 547//3470
f 527//3471 547//3472 539//3473
f 530//3474 547//3475 540//3476
f 540//3477 547//3478 542//3479
f 547//3480 548//3481 542//3482
f 542//3483 548//3484 543//3485
f 543//3486 506//3487 536//3488
f 510//3489 538//3490 527//3491
f 549//3492 547//3493 538//3494
f 538//3495 530//3496 550//3497
f 547//3498 549//3499 550//3500
f 550//3501 543//3502 547//3503
f 549//3504 551//3505 550//3506
f 551//3507 549//3508 548//3509
f 552//3510 551//3511 543//3512
f 551//3513 547//3514 543//3515
f 551//3516 548//3517 547//3518
f 543//3519 548//3520 552//3521
f 550//3522 530//3523 543//3524
f 480//3525 553//3526 391//3527
f 522//3528 554//3529 513//3530
f 500//3531 477//3532 555//3533
f 555//3534 477//3535 498//3536
f 546//3537 457//3538 478//3539
f 538//3540 550//3541 551//3542
f 552//3543 538//3544 551//3545
f 549//3546 538//3547 552//3548
f 552//3549 548//3550 549//3551
f 402//3552 258//3553 556//3554
f 545//3555 497//3556 366//3557
f 391//3558 553//3559 390//3560
f 498//3561 456//3562 450//3563
f 546//3564 471//3565 488//3566
f 442//3567 448//3568 523//3569
f 484//3570 476//3571 557//3572
f 489//3573 497//3574 558//3575
f 417//3576 390//3577 553//3578
f 554//3579 511//3580 513//3581
f 469//3582 559//3583 392//3584
f 560//3585 561//3586 450//3587
f 450//3588 455//3589 562//3590
f 545//3591 563//3592 497//3593
f 438//3594 499//3595 494//3596
f 490//3597 471//3598 546//3599
f 491//3600 421//3601 509//3602
f 564//3603 476//3604 501//3605
f 483//3606 489//3607 565//3608
f 462//3609 392//3610 559//3611
f 560//3612 450//3613 562//3614
f 479//3615 538//3616 525//3617
f 564//3618 501//3619 566//3620
f 556//3621 258//3622 384//3623
f 567//3624 568//3625 569//3626
f 567//3627 570//3628 568//3629
f 571//3630 570//3631 567//3632
f 572//3633 571//3634 567//3635
f 553//3636 480//3637 495//3638
f 561//3639 498//3640 450//3641
f 562//3642 455//3643 517//3644
f 573//3645 496//3646 487//3647
f 574//3648 357//3649 516//3650
f 563//3651 558//3652 497//3653
f 569//3654 568//3655 544//3656
f 544//3657 570//3658 569//3659
f 570//3660 571//3661 569//3662
f 569//3663 571//3664 575//3665
f 569//3666 575//3667 567//3668
f 575//3669 572//3670 567//3671
f 555//3672 371//3673 500//3674
f 570//3675 572//3676 568//3677
f 572//3678 570//3679 544//3680
f 572//3681 544//3682 571//3683
f 576//3684 577//3685 578//3686
f 576//3687 578//3688 579//3689
f 580//3690 581//3691 582//3692
f 583//3693 582//3694 581//3695
f 462//3696 562//3697 517//3698
f 516//3699 584//3700 574//3701
f 568//3702 585//3703 544//3704
f 575//3705 568//3706 572//3707
f 575//3708 571//3709 544//3710
f 388//3711 461//3712 446//3713
f 581//3714 576//3715 482//3716
f 581//3717 482//3718 577//3719
f 576//3720 581//3721 580//3722
f 580//3723 577//3724 576//3725
f 586//3726 576//3727 579//3728
f 583//3729 581//3730 577//3731
f 580//3732 583//3733 577//3734
f 580//3735 582//3736 587//3737
f 587//3738 588//3739 580//3740
f 587//3741 582//3742 589//3743
f 582//3744 590//3745 589//3746
f 446//3747 553//3748 495//3749
f 509//3750 496//3751 573//3752
f 501//3753 591//3754 566//3755
f 557//3756 476//3757 564//3758
f 484//3759 557//3760 592//3761
f 446//3762 461//3763 593//3764
f 594//3765 365//3766 485//3767
f 545//3768 417//3769 595//3770
f 486//3771 482//3772 576//3773
f 596//3774 486//3775 576//3776
f 486//3777 596//3778 586//3779
f 486//3780 586//3781 579//3782
f 577//3783 597//3784 578//3785
f 583//3786 580//3787 588//3788
f 590//3789 588//3790 587//3791
f 583//3792 590//3793 587//3794
f 590//3795 583//3796 598//3797
f 587//3798 589//3799 583//3800
f 598//3801 589//3802 590//3803
f 588//3804 590//3805 511//3806
f 511//3807 590//3808 582//3809
f 599//3810 555//3811 498//3812
f 600//3813 320//3814 525//3815
f 320//3816 600//3817 518//3818
f 483//3819 565//3820 510//3821
f 601//3822 602//3823 603//3824
f 604//3825 453//3826 353//3827
f 594//3828 482//3829 365//3830
f 576//3831 597//3832 596//3833
f 597//3834 586//3835 578//3836
f 597//3837 576//3838 586//3839
f 596//3840 579//3841 578//3842
f 586//3843 596//3844 578//3845
f 596//3846 597//3847 579//3848
f 588//3849 598//3850 583//3851
f 598//3852 588//3853 589//3854
f 511//3855 589//3856 588//3857
f 589//3858 511//3859 583//3860
f 512//3861 511//3862 594//3863
f 561//3864 560//3865 562//3866
f 504//3867 442//3868 605//3869
f 606//3870 558//3871 563//3872
f 452//3873 357//3874 499//3875
f 607//3876 608//3877 602//3878
f 609//3879 601//3880 575//3881
f 602//3882 601//3883 607//3884
f 558//3885 565//3886 489//3887
f 603//3888 610//3889 601//3890
f 577//3891 482//3892 597//3893
f 561//3894 611//3895 498//3896
f 591//3897 564//3898 566//3899
f 518//3900 612//3901 447//3902
f 501//3903 473//3904 504//3905
f 460//3906 613//3907 516//3908
f 575//3909 544//3910 602//3911
f 575//3912 602//3913 608//3914
f 601//3915 614//3916 575//3917
f 607//3918 603//3919 608//3920
f 603//3921 544//3922 608//3923
f 603//3924 602//3925 544//3926
f 608//3927 609//3928 575//3929
f 601//3930 609//3931 607//3932
f 609//3933 603//3934 607//3935
f 597//3936 486//3937 579//3938
f 597//3939 482//3940 583//3941
f 594//3942 583//3943 482//3944
f 582//3945 594//3946 511//3947
f 546//3948 488//3949 491//3950
f 574//3951 499//3952 357//3953
f 613//3954 460//3955 585//3956
f 544//3957 615//3958 460//3959
f 609//3960 608//3961 544//3962
f 603//3963 609//3964 610//3965
f 582//3966 583//3967 594//3968
f 616//3969 511//3970 554//3971
f 573//3972 487//3973 546//3974
f 383//3975 447//3976 612//3977
f 593//3978 461//3979 383//3980
f 485//3981 484//3982 592//3983
f 615//3984 585//3985 460//3986
f 568//3987 575//3988 617//3989
f 544//3990 618//3991 619//3992
f 544//3993 614//3994 618//3995
f 486//3996 620//3997 544//3998
f 614//3999 601//4000 618//4001
f 610//4002 609//4003 486//4004
f 595//4005 417//4006 553//4007
f 611//4008 599//4009 498//4010
f 562//4011 462//4012 559//4013
f 556//4014 384//4015 453//4016
f 621//4017 613//4018 585//4019
f 621//4020 585//4021 516//4022
f 606//4023 563//4024 545//4025
f 568//4026 516//4027 585//4028
f 613//4029 615//4030 622//4031
f 615//4032 613//4033 621//4034
f 615//4035 623//4036 585//4037
f 544//4038 624//4039 615//4040
f 623//4041 544//4042 585//4043
f 544//4044 625//4045 624//4046
f 625//4047 544//4048 626//4049
f 626//4050 544//4051 623//4052
f 625//4053 626//4054 627//4055
f 627//4056 626//4057 628//4058
f 627//4059 629//4060 630//4061
f 631//4062 629//4063 627//4064
f 631//4065 627//4066 628//4067
f 630//4068 629//4069 620//4070
f 629//4071 544//4072 620//4073
f 629//4074 631//4075 544//4076
f 609//4077 544//4078 619//4079
f 631//4080 614//4081 544//4082
f 609//4083 620//4084 486//4085
f 619//4086 618//4087 610//4088
f 619//4089 610//4090 486//4091
f 632//4092 610//4093 618//4094
f 618//4095 601//4096 633//4097
f 633//4098 610//4099 634//4100
f 634//4101 610//4102 632//4103
f 618//4104 633//4105 634//4106
f 511//4107 597//4108 583//4109
f 371//4110 555//4111 469//4112
f 525//4113 538//4114 510//4115
f 383//4116 612//4117 593//4118
f 635//4119 622//4120 636//4121
f 516//4122 613//4123 636//4124
f 516//4125 636//4126 622//4126
f 622//4127 621//4128 516//4129
f 637//4130 606//4131 545//4132
f 615//4133 624//4134 622//4135
f 615//4136 621//4137 623//4138
f 630//4139 625//4140 627//4141
f 630//4142 623//4143 625//4144
f 626//4145 630//4146 628//4147
f 630//4148 626//4149 623//4150
f 631//4151 628//4152 630//4153
f 631//4154 630//4155 620//4156
f 620//4157 609//4158 619//4159
f 619//4160 614//4161 631//4162
f 620//4163 619//4164 631//4165
f 632//4166 614//4167 619//4168
f 632//4169 486//4170 634//4171
f 486//4172 632//4173 619//4174
f 632//4175 638//4176 614//4177
f 638//4178 632//4179 618//4180
f 638//4181 639//4182 633//4183
f 638//4184 634//4185 639//4186
f 634//4187 638//4188 618//4189
f 638//4190 633//4191 601//4192
f 610//4193 633//4194 639//4195
f 610//4196 638//4197 601//4198
f 611//4199 561//4200 562//4201
f 491//4202 509//4203 573//4204
f 640//4205 442//4206 523//4207
f 605//4208 442//4209 640//4210
f 641//4211 501//4212 504//4213
f 642//4214 605//4215 643//4216
f 644//4217 635//4218 636//4219
f 622//4220 635//4221 644//4222
f 644//4223 636//4224 613//4225
f 644//4226 613//4227 622//4228
f 621//4229 622//4230 624//4231
f 624//4232 623//4233 621//4234
f 625//4235 623//4236 624//4237
f 614//4238 638//4239 645//4240
f 446//4241 593//4242 553//4243
f 646//4244 642//4245 647//4246
f 574//4247 647//4248 605//4249
f 574//4250 643//4251 647//4252
f 648//4253 643//4254 605//4255
f 647//4256 648//4257 605//4258
f 648//4259 647//4260 642//4261
f 642//4262 643//4263 574//4264
f 648//4265 642//4266 574//4267
f 516//4268 568//4269 649//4270
f 617//4271 650//4272 568//4273
f 645//4274 617//4275 575//4276
f 645//4277 575//4278 614//4279
f 486//4280 639//4281 634//4282
f 651//4283 610//4284 639//4285
f 597//4286 610//4287 651//4288
f 638//4289 610//4290 597//4291
f 604//4292 353//4293 508//4294
f 512//4295 594//4296 652//4297
f 611//4298 562//4299 559//4300
f 646//4301 605//4302 642//4303
f 584//4304 643//4305 648//4306
f 574//4307 584//4308 648//4309
f 584//4310 568//4311 650//4312
f 584//4313 516//4314 653//4315
f 516//4316 654//4317 653//4318
f 516//4319 649//4320 654//4321
f 649//4322 568//4323 584//4324
f 653//4325 649//4326 584//4327
f 649//4328 617//4329 654//4330
f 617//4331 649//4332 650//4333
f 655//4334 656//4334 657//4334
f 658//4335 656//4335 659//4335
f 658//4336 657//4336 656//4336
f 658//4337 660//4337 657//4337
f 660//4338 658//4338 661//4338
f 661//4339 662//4339 660//4339
f 663//4340 664//4340 660//4340
f 663//4341 660//4341 662//4341
f 665//4342 666//4342 662//4342
f 664//4343 665//4343 662//4343
f 665//4344 663//4344 667//4344
f 665//4345 664//4345 663//4345
f 667//4346 668//4346 665//4346
f 666//4347 665//4347 669//4347
f 670//4348 671//4348 669//4348
f 665//4349 670//4349 669//4349
f 670//4350 665//4350 668//4350
f 672//4351 671//4351 673//4351
f 671//4352 674//4352 673//4352
f 674//4353 670//4353 675//4353
f 674//4354 671//4354 670//4354
f 675//4355 676//4355 674//4355
f 674//4356 677//4357 486//4358
f 674//4359 676//4360 677//4361
f 638//4362 678//4363 677//4364
f 676//4365 638//4366 677//4367
f 638//4368 676//4369 645//4370
f 674//4371 486//4372 678//4373
f 639//4374 674//4375 678//4376
f 679//4377 678//4378 638//4379
f 638//4380 680//4381 679//4382
f 639//4383 678//4384 651//4385
f 651//4386 678//4387 679//4388
f 679//4389 681//4390 651//4391
f 651//4392 681//4393 638//4394
f 682//4395 681//4396 679//4397
f 651//4398 682//4399 486//4400
f 682//4401 638//4402 597//4403
f 638//4404 682//4405 651//4406
f 486//4407 597//4408 651//4409
f 511//4410 616//4411 597//4412
f 512//4413 652//4414 522//4415
f 683//4416 641//4417 504//4418
f 518//4419 684//4420 612//4421
f 646//4422 504//4423 605//4424
f 647//4425 643//4426 646//4427
f 584//4428 646//4429 643//4430
f 654//4431 646//4432 584//4433
f 685//4434 686//4435 687//4434
f 687//4436 688//4436 685//4436
f 653//4437 650//4438 649//4439
f 685//4440 689//4440 690//4440
f 689//4441 685//4441 688//4441
f 689//4442 691//4442 692//4442
f 691//4443 689//4443 688//4443
f 692//4444 691//4444 693//4444
f 694//4445 695//4445 693//4445
f 691//4446 694//4446 693//4446
f 694//4447 691//4447 696//4447
f 696//4448 697//4448 694//4448
f 695//4449 694//4449 698//4449
f 694//4450 699//4450 698//4450
f 699//4451 694//4451 697//4451
f 697//4452 700//4452 699//4452
f 699//4453 701//4453 702//4453
f 701//4454 699//4454 700//4454
f 703//4455 704//4455 702//4455
f 701//4456 703//4456 702//4456
f 703//4457 701//4457 705//4457
f 705//4458 706//4458 703//4458
f 703//4459 707//4459 704//4459
f 707//4460 706//4460 708//4460
f 707//4461 703//4461 706//4461
f 708//4462 709//4462 707//4462
f 707//4463 710//4463 711//4463
f 710//4464 707//4464 709//4464
f 711//4465 710//4465 655//4465
f 655//4466 712//4466 713//4466
f 656//4467 655//4467 710//4467
f 713//4468 656//4468 710//4468
f 656//4469 713//4469 712//4469
f 712//4470 655//4470 657//4470
f 712//4471 659//4471 656//4471
f 659//4472 712//4472 657//4472
f 714//4473 661//4473 658//4473
f 659//4474 714//4474 658//4474
f 714//4475 657//4475 660//4475
f 714//4476 659//4476 657//4476
f 661//4477 714//4477 662//4477
f 714//4478 660//4478 664//4478
f 714//4479 664//4479 662//4479
f 666//4480 667//4480 663//4480
f 662//4481 666//4481 663//4481
f 667//4482 666//4482 668//4482
f 668//4483 669//4483 671//4483
f 668//4484 666//4484 669//4484
f 668//4485 671//4485 672//4485
f 668//4486 672//4486 670//4486
f 670//4487 672//4487 673//4487
f 675//4488 670//4488 673//4488
f 675//4489 639//4489 676//4489
f 639//4490 673//4490 674//4490
f 639//4491 675//4491 673//4491
f 639//4492 486//4493 677//4494
f 639//4495 645//4496 676//4497
f 645//4498 677//4499 678//4500
f 645//4501 639//4502 677//4503
f 486//4504 680//4505 678//4506
f 680//4507 645//4508 678//4509
f 682//4510 680//4511 681//4512
f 681//4513 680//4514 638//4515
f 679//4516 486//4517 682//4518
f 485//4519 592//4520 594//4521
f 556//4522 523//4523 402//4524
f 564//4525 591//4526 557//4527
f 584//4528 650//4529 654//4530
f 650//4531 653//4532 654//4533
f 715//4534 687//4534 686//4535
f 715//4536 686//4536 685//4536
f 687//4537 715//4537 688//4537
f 715//4538 685//4538 690//4538
f 715//4539 690//4539 688//4539
f 690//4540 689//4540 692//4540
f 690//4541 692//4541 716//4541
f 716//4542 691//4542 688//4542
f 716//4543 688//4543 690//4543
f 716//4544 692//4544 693//4544
f 695//4545 696//4545 691//4545
f 716//4546 695//4546 691//4546
f 695//4547 716//4547 693//4547
f 696//4548 695//4548 697//4548
f 695//4549 698//4549 697//4549
f 697//4550 698//4550 700//4550
f 698//4551 699//4551 702//4551
f 698//4552 702//4552 717//4552
f 717//4553 701//4553 700//4553
f 717//4554 700//4554 698//4554
f 704//4555 705//4555 701//4555
f 717//4556 704//4556 701//4556
f 704//4557 717//4557 702//4557
f 705//4558 704//4558 706//4558
f 718//4559 708//4559 706//4559
f 704//4560 718//4560 706//4560
f 718//4561 704//4561 707//4561
f 708//4562 718//4562 709//4562
f 718//4563 707//4563 711//4563
f 718//4564 711//4564 709//4564
f 709//4565 711//4565 655//4565
f 709//4566 713//4566 710//4566
f 713//4567 709//4567 655//4567
f 645//4568 680//4569 682//4570
f 486//4571 679//4572 680//4573
f 508//4574 494//4575 719//4576
f 599//4577 469//4578 555//4579
f 573//4580 546//4581 491//4582
f 592//4583 557//4584 720//4585
f 510//4586 565//4587 721//4588
f 557//4589 591//4590 720//4591
f 722//4592 683//4593 504//4594
f 723//4595 593//4596 612//4597
f 646//4598 654//4599 617//4600
f 645//4601 682//4602 724//4603
f 637//4604 545//4605 595//4606
f 499//4607 719//4608 494//4609
f 725//4610 726//4611 645//4612
f 726//4613 617//4614 645//4615
f 727//4616 728//4617 725//4618
f 645//4619 727//4620 725//4621
f 727//4622 729//4623 617//4624
f 728//4625 729//4626 645//4627
f 645//4628 730//4629 728//4630
f 730//4631 645//4632 731//4633
f 645//4634 724//4635 731//4636
f 728//4637 730//4638 724//4639
f 728//4640 724//4641 682//4642
f 508//4643 719//4644 604//4645
f 732//4646 518//4647 600//4648
f 733//4649 725//4650 617//4651
f 726//4652 733//4653 727//4654
f 726//4655 725//4656 733//4657
f 727//4658 617//4659 726//4660
f 728//4661 733//4662 729//4663
f 728//4664 727//4665 733//4666
f 734//4667 729//4668 727//4669
f 734//4670 727//4671 645//4672
f 735//4673 736//4674 645//4675
f 645//4676 736//4677 734//4678
f 645//4679 729//4680 735//4681
f 731//4682 735//4683 730//4684
f 736//4685 735//4686 724//4687
f 735//4688 731//4689 724//4690
f 597//4691 728//4692 682//4693
f 599//4694 559//4695 469//4696
f 600//4697 525//4698 732//4699
f 733//4700 617//4701 729//4702
f 729//4703 734//4704 735//4705
f 736//4706 724//4707 734//4708
f 735//4709 734//4710 730//4711
f 730//4712 734//4713 724//4714
f 737//4715 612//4716 684//4717
f 504//4718 646//4719 722//4720
f 593//4721 738//4722 553//4723
f 652//4724 594//4725 739//4726
f 591//4727 501//4728 641//4729
f 595//4730 553//4731 738//4732
f 740//4733 741//4734 742//4735
f 742//4736 741//4737 743//4738
f 743//4739 725//4740 728//4741
f 743//4742 728//4743 744//4744
f 612//4745 737//4746 723//4747
f 556//4748 453//4749 604//4750
f 558//4751 606//4752 565//4753
f 741//4754 725//4755 743//4756
f 745//4757 742//4758 743//4759
f 728//4760 742//4761 744//4762
f 742//4763 745//4764 744//4765
f 728//4766 740//4767 742//4768
f 746//4769 525//4770 510//4771
f 747//4772 593//4773 723//4774
f 747//4775 738//4776 593//4777
f 725//4778 745//4779 617//4780
f 725//4781 741//4782 745//4783
f 741//4784 740//4785 745//4786
f 743//4787 617//4788 745//4789
f 744//4790 745//4791 740//4792
f 740//4793 728//4794 597//4795
f 748//4796 720//4797 591//4798
f 743//4799 744//4800 740//4801
f 594//4802 592//4803 739//4804
f 748//4805 591//4806 749//4807
f 605//4808 640//4809 574//4810
f 606//4811 637//4812 738//4813
f 617//4814 743//4815 740//4816
f 595//4817 738//4818 637//4819
f 606//4820 750//4821 565//4822
f 611//4823 559//4824 599//4825
f 720//4826 683//4827 751//4828
f 737//4829 684//4830 752//4831
f 640//4832 523//4833 556//4834
f 574//4835 719//4836 499//4837
f 740//4838 597//4839 616//4840
f 749//4841 591//4842 641//4843
f 683//4844 722//4845 751//4846
f 606//4847 738//4848 750//4849
f 525//4850 746//4851 732//4852
f 646//4853 617//4854 751//4855
f 748//4856 683//4857 720//4858
f 616//4859 554//4860 522//4861
f 510//4862 721//4863 746//4864
f 646//4865 751//4866 722//4867
f 556//4868 604//4869 640//4870
f 684//4871 518//4872 753//4873
f 748//4874 641//4875 683//4876
f 749//4877 641//4878 748//4879
f 518//4880 732//4881 753//4882
f 565//4883 750//4884 721//4885
f 574//4886 640//4887 719//4888
f 750//4889 738//4890 754//4891
f 738//4892 747//4893 754//4894
f 522//4895 652//4896 616//4897
f 755//4898 652//4899 739//4900
f 750//4901 746//4902 721//4903
f 719//4904 640//4905 604//4906
f 739//4907 592//4908 755//4909
f 732//4910 746//4911 754//4912
f 747//4913 723//4914 756//4915
f 616//4916 652//4917 755//4918
f 751//4919 757//4920 720//4921
f 751//4922 617//4923 740//4924
f 752//4925 684//4926 753//4927
f 754//4928 746//4929 750//4930
f 592//4931 720//4932 757//4933
f 755//4934 592//4935 757//4936
f 755//4937 740//4938 616//4939
f 757//4940 751//4941 740//4942
f 753//4943 732//4944 758//4945
f 753//4946 758//4947 752//4948
f 747//4949 759//4950 754//4951
f 747//4952 756//4953 759//4954
f 760//4955 758//4956 732//4957
f 755//4958 757//4959 740//4960
f 732//4961 754//4962 760//4963
f 759//4964 760//4965 754//4966
f 752//4967 758//4968 760//4969
f 737//4970 761//4971 723//4972
f 761//4973 756//4974 723//4975
f 760//4976 762//4977 752//4978
f 762//4979 760//4980 759//4981
f 737//4982 752//4983 762//4984
f 762//4985 761//4986 737//4987
f 759//4988 761//4989 762//4990
f 756//4991 763//4992 759//4993
f 756//4994 761//4995 763//4996
f 763//4997 761//4998 759//4999
